{
"type": "FeatureCollection",
"name": "curitiba_1km_osmnx_sidewalk_roads",
"crs": { "type": "name", "properties": { "name": "urn:ogc:def:crs:OGC:1.3:CRS84" } },
"features": [
{ "type": "Feature", "properties": { "highway": "service", "traffic_signals:direction": null, "crossing": null, "crossing_ref": null, "maxspeed": null, "traffic_signals": null, "traffic_signals:sound": null, "amenity": null, "addr:city": null, "addr:country": null, "addr:housenumber": null, "addr:street": null, "bicycle": null, "crossing:markings": null, "button_operated": null, "crossing:island": null, "name": null, "wheelchair": null, "addr:suburb": null, "brand": null, "brand:wikidata": null, "brand:wikipedia": null, "healthcare": null, "railway": null, "crossing:barrier": null, "capacity": null, "cuisine": null, "delivery": null, "internet_access": null, "opening_hours": null, "phone": null, "smoking": null, "takeaway": null, "website": null, "addr:postcode": null, "operator": null, "alt_name": null, "shop": null, "building": null, "name:en": null, "name:pt": null, "office": null, "old_name": null, "fee": null, "service:bicycle:bicycle": null, "service:bicycle:dealer": null, "service:bicycle:ebike": null, "service:bicycle:repair": null, "service:bicycle:sales": null, "direction": null, "stop": null, "bus": null, "public_transport": null, "brewery": null, "level": null, "microbrewery": null, "outdoor_seating": null, "payment:american_express": null, "payment:cards": null, "payment:credit_cards": null, "payment:cryptocurrencies": null, "payment:debit_cards": null, "payment:maestro": null, "payment:mastercard": null, "payment:notes": null, "payment:visa": null, "payment:visa_electron": null, "start_date": null, "network": null, "network:wikidata": null, "ref": null, "source": null, "bridge": null, "layer": null, "oneway": "yes", "lanes": null, "lit": null, "short_name": null, "surface": null, "admin_level": null, "boundary": null, "loc_name": null, "foot": null, "maxheight": null, "width": null, "sidewalk": null, "destination": null, "leisure": null, "email": null, "service:bicycle:cleaning": null, "service:bicycle:diy": null, "service:bicycle:pump": null, "service:bicycle:rental": null, "service:bicycle:retail": null, "service:bicycle:second_hand": null, "bus:lanes": null, "source:alt_name": null, "segregated": null, "service:bicycle:chain_tool": null, "not:operator:wikidata": null, "note": null, "barrier": null, "service": "parking_aisle", "branch": null, "contact:phone": null, "bin": null, "covered": null, "passenger_information_display": null, "shelter": null, "tactile_paving": null, "footway": null, "payment:cash": null, "payment:coins": null, "area": null, "addr:place": null, "access": null, "opening_hours:covid19": null, "addr:state": null, "cycleway": null, "incline": null, "hazard": null, "orientation": null, "parking": null, "type": null, "addr:district": null, "box_id": 1, "provider": "osmnx" }, "geometry": { "type": "LineString", "coordinates": [ [ -49.249744140587794, -25.429739373694435 ], [ -49.2495451, -25.4296727 ], [ -49.2495096, -25.4296758 ], [ -49.2494801, -25.4296903 ], [ -49.2494606, -25.4297285 ], [ -49.2494606, -25.429735988525323 ] ] } },
{ "type": "Feature", "properties": { "highway": "cycleway", "traffic_signals:direction": null, "crossing": null, "crossing_ref": null, "maxspeed": null, "traffic_signals": null, "traffic_signals:sound": null, "amenity": null, "addr:city": null, "addr:country": null, "addr:housenumber": null, "addr:street": null, "bicycle": "designated", "crossing:markings": null, "button_operated": null, "crossing:island": null, "name": null, "wheelchair": null, "addr:suburb": null, "brand": null, "brand:wikidata": null, "brand:wikipedia": null, "healthcare": null, "railway": null, "crossing:barrier": null, "capacity": null, "cuisine": null, "delivery": null, "internet_access": null, "opening_hours": null, "phone": null, "smoking": null, "takeaway": null, "website": null, "addr:postcode": null, "operator": null, "alt_name": null, "shop": null, "building": null, "name:en": null, "name:pt": null, "office": null, "old_name": null, "fee": null, "service:bicycle:bicycle": null, "service:bicycle:dealer": null, "service:bicycle:ebike": null, "service:bicycle:repair": null, "service:bicycle:sales": null, "direction": null, "stop": null, "bus": null, "public_transport": null, "brewery": null, "level": null, "microbrewery": null, "outdoor_seating": null, "payment:american_express": null, "payment:cards": null, "payment:credit_cards": null, "payment:cryptocurrencies": null, "payment:debit_cards": null, "payment:maestro": null, "payment:mastercard": null, "payment:notes": null, "payment:visa": null, "payment:visa_electron": null, "start_date": null, "network": null, "network:wikidata": null, "ref": null, "source": null, "bridge": null, "layer": null, "oneway": null, "lanes": null, "lit": null, "short_name": null, "surface": "asphalt", "admin_level": null, "boundary": null, "loc_name": null, "foot": "designated", "maxheight": null, "width": null, "sidewalk": null, "destination": null, "leisure": null, "email": null, "service:bicycle:cleaning": null, "service:bicycle:diy": null, "service:bicycle:pump": null, "service:bicycle:rental": null, "service:bicycle:retail": null, "service:bicycle:second_hand": null, "bus:lanes": null, "source:alt_name": null, "segregated": "no", "service:bicycle:chain_tool": null, "not:operator:wikidata": null, "note": null, "barrier": null, "service": null, "branch": null, "contact:phone": null, "bin": null, "covered": null, "passenger_information_display": null, "shelter": null, "tactile_paving": null, "footway": null, "payment:cash": null, "payment:coins": null, "area": null, "addr:place": null, "access": null, "opening_hours:covid19": null, "addr:state": null, "cycleway": null, "incline": null, "hazard": null, "orientation": null, "parking": null, "type": null, "addr:district": null, "box_id": 1, "provider": "osmnx" }, "geometry": { "type": "LineString", "coordinates": [ [ -49.2492305, -25.4296155 ], [ -49.2492745, -25.4296752 ], [ -49.249312292745444, -25.429734217896499 ] ] } },
{ "type": "Feature", "properties": { "highway": "tertiary", "traffic_signals:direction": null, "crossing": null, "crossing_ref": null, "maxspeed": null, "traffic_signals": null, "traffic_signals:sound": null, "amenity": null, "addr:city": null, "addr:country": null, "addr:housenumber": null, "addr:street": null, "bicycle": null, "crossing:markings": null, "button_operated": null, "crossing:island": null, "name": "Rua Padre Germano Mayer", "wheelchair": null, "addr:suburb": null, "brand": null, "brand:wikidata": null, "brand:wikipedia": null, "healthcare": null, "railway": null, "crossing:barrier": null, "capacity": null, "cuisine": null, "delivery": null, "internet_access": null, "opening_hours": null, "phone": null, "smoking": null, "takeaway": null, "website": null, "addr:postcode": null, "operator": null, "alt_name": null, "shop": null, "building": null, "name:en": null, "name:pt": null, "office": null, "old_name": null, "fee": null, "service:bicycle:bicycle": null, "service:bicycle:dealer": null, "service:bicycle:ebike": null, "service:bicycle:repair": null, "service:bicycle:sales": null, "direction": null, "stop": null, "bus": null, "public_transport": null, "brewery": null, "level": null, "microbrewery": null, "outdoor_seating": null, "payment:american_express": null, "payment:cards": null, "payment:credit_cards": null, "payment:cryptocurrencies": null, "payment:debit_cards": null, "payment:maestro": null, "payment:mastercard": null, "payment:notes": null, "payment:visa": null, "payment:visa_electron": null, "start_date": null, "network": null, "network:wikidata": null, "ref": null, "source": null, "bridge": null, "layer": null, "oneway": null, "lanes": null, "lit": null, "short_name": null, "surface": "asphalt", "admin_level": null, "boundary": null, "loc_name": null, "foot": null, "maxheight": null, "width": null, "sidewalk": null, "destination": null, "leisure": null, "email": null, "service:bicycle:cleaning": null, "service:bicycle:diy": null, "service:bicycle:pump": null, "service:bicycle:rental": null, "service:bicycle:retail": null, "service:bicycle:second_hand": null, "bus:lanes": null, "source:alt_name": null, "segregated": null, "service:bicycle:chain_tool": null, "not:operator:wikidata": null, "note": null, "barrier": null, "service": null, "branch": null, "contact:phone": null, "bin": null, "covered": null, "passenger_information_display": null, "shelter": null, "tactile_paving": null, "footway": null, "payment:cash": null, "payment:coins": null, "area": null, "addr:place": null, "access": null, "opening_hours:covid19": null, "addr:state": null, "cycleway": null, "incline": null, "hazard": null, "orientation": null, "parking": null, "type": null, "addr:district": null, "box_id": 1, "provider": "osmnx" }, "geometry": { "type": "LineString", "coordinates": [ [ -49.249195514198867, -25.429732823686479 ], [ -49.2491917, -25.4296872 ], [ -49.2491789, -25.4295654 ], [ -49.2491521, -25.429216 ] ] } },
{ "type": "Feature", "properties": { "highway": "service", "traffic_signals:direction": null, "crossing": null, "crossing_ref": null, "maxspeed": null, "traffic_signals": null, "traffic_signals:sound": null, "amenity": null, "addr:city": null, "addr:country": null, "addr:housenumber": null, "addr:street": null, "bicycle": null, "crossing:markings": null, "button_operated": null, "crossing:island": null, "name": null, "wheelchair": null, "addr:suburb": null, "brand": null, "brand:wikidata": null, "brand:wikipedia": null, "healthcare": null, "railway": null, "crossing:barrier": null, "capacity": null, "cuisine": null, "delivery": null, "internet_access": null, "opening_hours": null, "phone": null, "smoking": null, "takeaway": null, "website": null, "addr:postcode": null, "operator": null, "alt_name": null, "shop": null, "building": null, "name:en": null, "name:pt": null, "office": null, "old_name": null, "fee": null, "service:bicycle:bicycle": null, "service:bicycle:dealer": null, "service:bicycle:ebike": null, "service:bicycle:repair": null, "service:bicycle:sales": null, "direction": null, "stop": null, "bus": null, "public_transport": null, "brewery": null, "level": null, "microbrewery": null, "outdoor_seating": null, "payment:american_express": null, "payment:cards": null, "payment:credit_cards": null, "payment:cryptocurrencies": null, "payment:debit_cards": null, "payment:maestro": null, "payment:mastercard": null, "payment:notes": null, "payment:visa": null, "payment:visa_electron": null, "start_date": null, "network": null, "network:wikidata": null, "ref": null, "source": null, "bridge": null, "layer": null, "oneway": null, "lanes": null, "lit": null, "short_name": null, "surface": null, "admin_level": null, "boundary": null, "loc_name": null, "foot": null, "maxheight": null, "width": null, "sidewalk": null, "destination": null, "leisure": null, "email": null, "service:bicycle:cleaning": null, "service:bicycle:diy": null, "service:bicycle:pump": null, "service:bicycle:rental": null, "service:bicycle:retail": null, "service:bicycle:second_hand": null, "bus:lanes": null, "source:alt_name": null, "segregated": null, "service:bicycle:chain_tool": null, "not:operator:wikidata": null, "note": null, "barrier": null, "service": "parking_aisle", "branch": null, "contact:phone": null, "bin": null, "covered": null, "passenger_information_display": null, "shelter": null, "tactile_paving": null, "footway": null, "payment:cash": null, "payment:coins": null, "area": null, "addr:place": null, "access": null, "opening_hours:covid19": null, "addr:state": null, "cycleway": null, "incline": null, "hazard": null, "orientation": null, "parking": null, "type": null, "addr:district": null, "box_id": 1, "provider": "osmnx" }, "geometry": { "type": "LineString", "coordinates": [ [ -49.2489329, -25.4295589 ], [ -49.2487277, -25.4295964 ] ] } },
{ "type": "Feature", "properties": { "highway": "cycleway", "traffic_signals:direction": null, "crossing": "uncontrolled", "crossing_ref": null, "maxspeed": null, "traffic_signals": null, "traffic_signals:sound": null, "amenity": null, "addr:city": null, "addr:country": null, "addr:housenumber": null, "addr:street": null, "bicycle": "designated", "crossing:markings": null, "button_operated": null, "crossing:island": null, "name": null, "wheelchair": null, "addr:suburb": null, "brand": null, "brand:wikidata": null, "brand:wikipedia": null, "healthcare": null, "railway": null, "crossing:barrier": null, "capacity": null, "cuisine": null, "delivery": null, "internet_access": null, "opening_hours": null, "phone": null, "smoking": null, "takeaway": null, "website": null, "addr:postcode": null, "operator": null, "alt_name": null, "shop": null, "building": null, "name:en": null, "name:pt": null, "office": null, "old_name": null, "fee": null, "service:bicycle:bicycle": null, "service:bicycle:dealer": null, "service:bicycle:ebike": null, "service:bicycle:repair": null, "service:bicycle:sales": null, "direction": null, "stop": null, "bus": null, "public_transport": null, "brewery": null, "level": null, "microbrewery": null, "outdoor_seating": null, "payment:american_express": null, "payment:cards": null, "payment:credit_cards": null, "payment:cryptocurrencies": null, "payment:debit_cards": null, "payment:maestro": null, "payment:mastercard": null, "payment:notes": null, "payment:visa": null, "payment:visa_electron": null, "start_date": null, "network": null, "network:wikidata": null, "ref": null, "source": null, "bridge": null, "layer": null, "oneway": null, "lanes": null, "lit": null, "short_name": null, "surface": "asphalt", "admin_level": null, "boundary": null, "loc_name": null, "foot": "designated", "maxheight": null, "width": null, "sidewalk": null, "destination": null, "leisure": null, "email": null, "service:bicycle:cleaning": null, "service:bicycle:diy": null, "service:bicycle:pump": null, "service:bicycle:rental": null, "service:bicycle:retail": null, "service:bicycle:second_hand": null, "bus:lanes": null, "source:alt_name": null, "segregated": null, "service:bicycle:chain_tool": null, "not:operator:wikidata": null, "note": null, "barrier": null, "service": null, "branch": null, "contact:phone": null, "bin": null, "covered": null, "passenger_information_display": null, "shelter": null, "tactile_paving": null, "footway": null, "payment:cash": null, "payment:coins": null, "area": null, "addr:place": null, "access": null, "opening_hours:covid19": null, "addr:state": null, "cycleway": "crossing", "incline": null, "hazard": null, "orientation": null, "parking": null, "type": null, "addr:district": null, "box_id": 1, "provider": "osmnx" }, "geometry": { "type": "LineString", "coordinates": [ [ -49.2491097, -25.4294983 ], [ -49.2491789, -25.4295654 ], [ -49.2492305, -25.4296155 ] ] } },
{ "type": "Feature", "properties": { "highway": "residential", "traffic_signals:direction": null, "crossing": null, "crossing_ref": null, "maxspeed": "30", "traffic_signals": null, "traffic_signals:sound": null, "amenity": null, "addr:city": null, "addr:country": null, "addr:housenumber": null, "addr:street": null, "bicycle": null, "crossing:markings": null, "button_operated": null, "crossing:island": null, "name": "Avenida Visconde de Guarapuava", "wheelchair": null, "addr:suburb": null, "brand": null, "brand:wikidata": null, "brand:wikipedia": null, "healthcare": null, "railway": null, "crossing:barrier": null, "capacity": null, "cuisine": null, "delivery": null, "internet_access": null, "opening_hours": null, "phone": null, "smoking": null, "takeaway": null, "website": null, "addr:postcode": null, "operator": null, "alt_name": null, "shop": null, "building": null, "name:en": null, "name:pt": null, "office": null, "old_name": null, "fee": null, "service:bicycle:bicycle": null, "service:bicycle:dealer": null, "service:bicycle:ebike": null, "service:bicycle:repair": null, "service:bicycle:sales": null, "direction": null, "stop": null, "bus": null, "public_transport": null, "brewery": null, "level": null, "microbrewery": null, "outdoor_seating": null, "payment:american_express": null, "payment:cards": null, "payment:credit_cards": null, "payment:cryptocurrencies": null, "payment:debit_cards": null, "payment:maestro": null, "payment:mastercard": null, "payment:notes": null, "payment:visa": null, "payment:visa_electron": null, "start_date": null, "network": null, "network:wikidata": null, "ref": null, "source": null, "bridge": null, "layer": null, "oneway": "yes", "lanes": null, "lit": null, "short_name": null, "surface": "asphalt", "admin_level": null, "boundary": null, "loc_name": null, "foot": null, "maxheight": null, "width": null, "sidewalk": null, "destination": null, "leisure": null, "email": null, "service:bicycle:cleaning": null, "service:bicycle:diy": null, "service:bicycle:pump": null, "service:bicycle:rental": null, "service:bicycle:retail": null, "service:bicycle:second_hand": null, "bus:lanes": null, "source:alt_name": null, "segregated": null, "service:bicycle:chain_tool": null, "not:operator:wikidata": null, "note": null, "barrier": null, "service": null, "branch": null, "contact:phone": null, "bin": null, "covered": null, "passenger_information_display": null, "shelter": null, "tactile_paving": null, "footway": null, "payment:cash": null, "payment:coins": null, "area": null, "addr:place": null, "access": null, "opening_hours:covid19": null, "addr:state": null, "cycleway": null, "incline": null, "hazard": null, "orientation": null, "parking": null, "type": null, "addr:district": null, "box_id": 1, "provider": "osmnx" }, "geometry": { "type": "LineString", "coordinates": [ [ -49.2504611, -25.4297458 ], [ -49.2491521, -25.429216 ] ] } },
{ "type": "Feature", "properties": { "highway": "service", "traffic_signals:direction": null, "crossing": null, "crossing_ref": null, "maxspeed": null, "traffic_signals": null, "traffic_signals:sound": null, "amenity": null, "addr:city": null, "addr:country": null, "addr:housenumber": null, "addr:street": null, "bicycle": null, "crossing:markings": null, "button_operated": null, "crossing:island": null, "name": null, "wheelchair": null, "addr:suburb": null, "brand": null, "brand:wikidata": null, "brand:wikipedia": null, "healthcare": null, "railway": null, "crossing:barrier": null, "capacity": null, "cuisine": null, "delivery": null, "internet_access": null, "opening_hours": null, "phone": null, "smoking": null, "takeaway": null, "website": null, "addr:postcode": null, "operator": null, "alt_name": null, "shop": null, "building": null, "name:en": null, "name:pt": null, "office": null, "old_name": null, "fee": null, "service:bicycle:bicycle": null, "service:bicycle:dealer": null, "service:bicycle:ebike": null, "service:bicycle:repair": null, "service:bicycle:sales": null, "direction": null, "stop": null, "bus": null, "public_transport": null, "brewery": null, "level": null, "microbrewery": null, "outdoor_seating": null, "payment:american_express": null, "payment:cards": null, "payment:credit_cards": null, "payment:cryptocurrencies": null, "payment:debit_cards": null, "payment:maestro": null, "payment:mastercard": null, "payment:notes": null, "payment:visa": null, "payment:visa_electron": null, "start_date": null, "network": null, "network:wikidata": null, "ref": null, "source": null, "bridge": null, "layer": null, "oneway": null, "lanes": null, "lit": null, "short_name": null, "surface": null, "admin_level": null, "boundary": null, "loc_name": null, "foot": null, "maxheight": null, "width": null, "sidewalk": null, "destination": null, "leisure": null, "email": null, "service:bicycle:cleaning": null, "service:bicycle:diy": null, "service:bicycle:pump": null, "service:bicycle:rental": null, "service:bicycle:retail": null, "service:bicycle:second_hand": null, "bus:lanes": null, "source:alt_name": null, "segregated": null, "service:bicycle:chain_tool": null, "not:operator:wikidata": null, "note": null, "barrier": null, "service": "parking_aisle", "branch": null, "contact:phone": null, "bin": null, "covered": null, "passenger_information_display": null, "shelter": null, "tactile_paving": null, "footway": null, "payment:cash": null, "payment:coins": null, "area": null, "addr:place": null, "access": null, "opening_hours:covid19": null, "addr:state": null, "cycleway": null, "incline": null, "hazard": null, "orientation": null, "parking": null, "type": null, "addr:district": null, "box_id": 1, "provider": "osmnx" }, "geometry": { "type": "LineString", "coordinates": [ [ -49.2488897, -25.4294347 ], [ -49.2487103, -25.4294572 ] ] } },
{ "type": "Feature", "properties": { "highway": "service", "traffic_signals:direction": null, "crossing": null, "crossing_ref": null, "maxspeed": null, "traffic_signals": null, "traffic_signals:sound": null, "amenity": null, "addr:city": null, "addr:country": null, "addr:housenumber": null, "addr:street": null, "bicycle": null, "crossing:markings": null, "button_operated": null, "crossing:island": null, "name": null, "wheelchair": null, "addr:suburb": null, "brand": null, "brand:wikidata": null, "brand:wikipedia": null, "healthcare": null, "railway": null, "crossing:barrier": null, "capacity": null, "cuisine": null, "delivery": null, "internet_access": null, "opening_hours": null, "phone": null, "smoking": null, "takeaway": null, "website": null, "addr:postcode": null, "operator": null, "alt_name": null, "shop": null, "building": null, "name:en": null, "name:pt": null, "office": null, "old_name": null, "fee": null, "service:bicycle:bicycle": null, "service:bicycle:dealer": null, "service:bicycle:ebike": null, "service:bicycle:repair": null, "service:bicycle:sales": null, "direction": null, "stop": null, "bus": null, "public_transport": null, "brewery": null, "level": null, "microbrewery": null, "outdoor_seating": null, "payment:american_express": null, "payment:cards": null, "payment:credit_cards": null, "payment:cryptocurrencies": null, "payment:debit_cards": null, "payment:maestro": null, "payment:mastercard": null, "payment:notes": null, "payment:visa": null, "payment:visa_electron": null, "start_date": null, "network": null, "network:wikidata": null, "ref": null, "source": null, "bridge": null, "layer": null, "oneway": null, "lanes": null, "lit": null, "short_name": null, "surface": null, "admin_level": null, "boundary": null, "loc_name": null, "foot": null, "maxheight": null, "width": null, "sidewalk": null, "destination": null, "leisure": null, "email": null, "service:bicycle:cleaning": null, "service:bicycle:diy": null, "service:bicycle:pump": null, "service:bicycle:rental": null, "service:bicycle:retail": null, "service:bicycle:second_hand": null, "bus:lanes": null, "source:alt_name": null, "segregated": null, "service:bicycle:chain_tool": null, "not:operator:wikidata": null, "note": null, "barrier": null, "service": "parking_aisle", "branch": null, "contact:phone": null, "bin": null, "covered": null, "passenger_information_display": null, "shelter": null, "tactile_paving": null, "footway": null, "payment:cash": null, "payment:coins": null, "area": null, "addr:place": null, "access": null, "opening_hours:covid19": null, "addr:state": null, "cycleway": null, "incline": null, "hazard": null, "orientation": null, "parking": null, "type": null, "addr:district": null, "box_id": 1, "provider": "osmnx" }, "geometry": { "type": "LineString", "coordinates": [ [ -49.2491917, -25.4296872 ], [ -49.249138, -25.4296909 ], [ -49.2490603, -25.4296945 ], [ -49.2490315, -25.4296873 ], [ -49.2490073, -25.4296679 ], [ -49.2489329, -25.4295589 ], [ -49.2488897, -25.4294347 ], [ -49.2488446, -25.4293049 ], [ -49.2488028, -25.4291846 ], [ -49.2487921, -25.4291689 ], [ -49.24877, -25.429164 ], [ -49.2486714, -25.4291725 ] ] } },
{ "type": "Feature", "properties": { "highway": "residential", "traffic_signals:direction": null, "crossing": null, "crossing_ref": null, "maxspeed": "30", "traffic_signals": null, "traffic_signals:sound": null, "amenity": null, "addr:city": null, "addr:country": null, "addr:housenumber": null, "addr:street": null, "bicycle": null, "crossing:markings": null, "button_operated": null, "crossing:island": null, "name": "Avenida Visconde de Guarapuava", "wheelchair": null, "addr:suburb": null, "brand": null, "brand:wikidata": null, "brand:wikipedia": null, "healthcare": null, "railway": null, "crossing:barrier": null, "capacity": null, "cuisine": null, "delivery": null, "internet_access": null, "opening_hours": null, "phone": null, "smoking": null, "takeaway": null, "website": null, "addr:postcode": null, "operator": null, "alt_name": "Rua Visconde de Guarapuava", "shop": null, "building": null, "name:en": null, "name:pt": null, "office": null, "old_name": null, "fee": null, "service:bicycle:bicycle": null, "service:bicycle:dealer": null, "service:bicycle:ebike": null, "service:bicycle:repair": null, "service:bicycle:sales": null, "direction": null, "stop": null, "bus": null, "public_transport": null, "brewery": null, "level": null, "microbrewery": null, "outdoor_seating": null, "payment:american_express": null, "payment:cards": null, "payment:credit_cards": null, "payment:cryptocurrencies": null, "payment:debit_cards": null, "payment:maestro": null, "payment:mastercard": null, "payment:notes": null, "payment:visa": null, "payment:visa_electron": null, "start_date": null, "network": null, "network:wikidata": null, "ref": null, "source": null, "bridge": null, "layer": null, "oneway": "yes", "lanes": null, "lit": null, "short_name": null, "surface": "asphalt", "admin_level": null, "boundary": null, "loc_name": null, "foot": null, "maxheight": null, "width": null, "sidewalk": null, "destination": null, "leisure": null, "email": null, "service:bicycle:cleaning": null, "service:bicycle:diy": null, "service:bicycle:pump": null, "service:bicycle:rental": null, "service:bicycle:retail": null, "service:bicycle:second_hand": null, "bus:lanes": null, "source:alt_name": null, "segregated": null, "service:bicycle:chain_tool": null, "not:operator:wikidata": null, "note": null, "barrier": null, "service": null, "branch": null, "contact:phone": null, "bin": null, "covered": null, "passenger_information_display": null, "shelter": null, "tactile_paving": null, "footway": null, "payment:cash": null, "payment:coins": null, "area": null, "addr:place": null, "access": null, "opening_hours:covid19": null, "addr:state": null, "cycleway": null, "incline": null, "hazard": null, "orientation": null, "parking": null, "type": null, "addr:district": null, "box_id": 1, "provider": "osmnx" }, "geometry": { "type": "LineString", "coordinates": [ [ -49.249138, -25.4290764 ], [ -49.2504456, -25.4295937 ] ] } },
{ "type": "Feature", "properties": { "highway": "service", "traffic_signals:direction": null, "crossing": null, "crossing_ref": null, "maxspeed": null, "traffic_signals": null, "traffic_signals:sound": null, "amenity": null, "addr:city": null, "addr:country": null, "addr:housenumber": null, "addr:street": null, "bicycle": null, "crossing:markings": null, "button_operated": null, "crossing:island": null, "name": null, "wheelchair": null, "addr:suburb": null, "brand": null, "brand:wikidata": null, "brand:wikipedia": null, "healthcare": null, "railway": null, "crossing:barrier": null, "capacity": null, "cuisine": null, "delivery": null, "internet_access": null, "opening_hours": null, "phone": null, "smoking": null, "takeaway": null, "website": null, "addr:postcode": null, "operator": null, "alt_name": null, "shop": null, "building": null, "name:en": null, "name:pt": null, "office": null, "old_name": null, "fee": null, "service:bicycle:bicycle": null, "service:bicycle:dealer": null, "service:bicycle:ebike": null, "service:bicycle:repair": null, "service:bicycle:sales": null, "direction": null, "stop": null, "bus": null, "public_transport": null, "brewery": null, "level": null, "microbrewery": null, "outdoor_seating": null, "payment:american_express": null, "payment:cards": null, "payment:credit_cards": null, "payment:cryptocurrencies": null, "payment:debit_cards": null, "payment:maestro": null, "payment:mastercard": null, "payment:notes": null, "payment:visa": null, "payment:visa_electron": null, "start_date": null, "network": null, "network:wikidata": null, "ref": null, "source": null, "bridge": null, "layer": null, "oneway": null, "lanes": null, "lit": null, "short_name": null, "surface": null, "admin_level": null, "boundary": null, "loc_name": null, "foot": null, "maxheight": null, "width": null, "sidewalk": null, "destination": null, "leisure": null, "email": null, "service:bicycle:cleaning": null, "service:bicycle:diy": null, "service:bicycle:pump": null, "service:bicycle:rental": null, "service:bicycle:retail": null, "service:bicycle:second_hand": null, "bus:lanes": null, "source:alt_name": null, "segregated": null, "service:bicycle:chain_tool": null, "not:operator:wikidata": null, "note": null, "barrier": null, "service": "parking_aisle", "branch": null, "contact:phone": null, "bin": null, "covered": null, "passenger_information_display": null, "shelter": null, "tactile_paving": null, "footway": null, "payment:cash": null, "payment:coins": null, "area": null, "addr:place": null, "access": null, "opening_hours:covid19": null, "addr:state": null, "cycleway": null, "incline": null, "hazard": null, "orientation": null, "parking": null, "type": null, "addr:district": null, "box_id": 1, "provider": "osmnx" }, "geometry": { "type": "LineString", "coordinates": [ [ -49.2488446, -25.4293049 ], [ -49.2486995, -25.4293167 ] ] } },
{ "type": "Feature", "properties": { "highway": "residential", "traffic_signals:direction": null, "crossing": null, "crossing_ref": null, "maxspeed": null, "traffic_signals": null, "traffic_signals:sound": null, "amenity": null, "addr:city": null, "addr:country": null, "addr:housenumber": null, "addr:street": null, "bicycle": null, "crossing:markings": null, "button_operated": null, "crossing:island": null, "name": "Rua Presidente Rodrigo Otávio", "wheelchair": null, "addr:suburb": null, "brand": null, "brand:wikidata": null, "brand:wikipedia": null, "healthcare": null, "railway": null, "crossing:barrier": null, "capacity": null, "cuisine": null, "delivery": null, "internet_access": null, "opening_hours": null, "phone": null, "smoking": null, "takeaway": null, "website": null, "addr:postcode": null, "operator": null, "alt_name": null, "shop": null, "building": null, "name:en": null, "name:pt": null, "office": null, "old_name": null, "fee": null, "service:bicycle:bicycle": null, "service:bicycle:dealer": null, "service:bicycle:ebike": null, "service:bicycle:repair": null, "service:bicycle:sales": null, "direction": null, "stop": null, "bus": null, "public_transport": null, "brewery": null, "level": null, "microbrewery": null, "outdoor_seating": null, "payment:american_express": null, "payment:cards": null, "payment:credit_cards": null, "payment:cryptocurrencies": null, "payment:debit_cards": null, "payment:maestro": null, "payment:mastercard": null, "payment:notes": null, "payment:visa": null, "payment:visa_electron": null, "start_date": null, "network": null, "network:wikidata": null, "ref": null, "source": null, "bridge": null, "layer": null, "oneway": "no", "lanes": "2", "lit": null, "short_name": null, "surface": "asphalt", "admin_level": null, "boundary": null, "loc_name": null, "foot": null, "maxheight": null, "width": null, "sidewalk": null, "destination": null, "leisure": null, "email": null, "service:bicycle:cleaning": null, "service:bicycle:diy": null, "service:bicycle:pump": null, "service:bicycle:rental": null, "service:bicycle:retail": null, "service:bicycle:second_hand": null, "bus:lanes": null, "source:alt_name": null, "segregated": null, "service:bicycle:chain_tool": null, "not:operator:wikidata": null, "note": null, "barrier": null, "service": null, "branch": null, "contact:phone": null, "bin": null, "covered": null, "passenger_information_display": null, "shelter": null, "tactile_paving": null, "footway": null, "payment:cash": null, "payment:coins": null, "area": null, "addr:place": null, "access": null, "opening_hours:covid19": null, "addr:state": null, "cycleway": null, "incline": null, "hazard": null, "orientation": null, "parking": null, "type": null, "addr:district": null, "box_id": 1, "provider": "osmnx" }, "geometry": { "type": "LineString", "coordinates": [ [ -49.244978813545018, -25.429682480824034 ], [ -49.2449565, -25.4294513 ] ] } },
{ "type": "Feature", "properties": { "highway": "residential", "traffic_signals:direction": null, "crossing": null, "crossing_ref": null, "maxspeed": null, "traffic_signals": null, "traffic_signals:sound": null, "amenity": null, "addr:city": null, "addr:country": null, "addr:housenumber": null, "addr:street": null, "bicycle": null, "crossing:markings": null, "button_operated": null, "crossing:island": null, "name": "Avenida Sete de Setembro", "wheelchair": null, "addr:suburb": null, "brand": null, "brand:wikidata": null, "brand:wikipedia": null, "healthcare": null, "railway": null, "crossing:barrier": null, "capacity": null, "cuisine": null, "delivery": null, "internet_access": null, "opening_hours": null, "phone": null, "smoking": null, "takeaway": null, "website": null, "addr:postcode": null, "operator": null, "alt_name": "Avenida 7 de Setembro;Rua 7 de Setembro;Rua Sete de Setembro", "shop": null, "building": null, "name:en": null, "name:pt": null, "office": null, "old_name": null, "fee": null, "service:bicycle:bicycle": null, "service:bicycle:dealer": null, "service:bicycle:ebike": null, "service:bicycle:repair": null, "service:bicycle:sales": null, "direction": null, "stop": null, "bus": null, "public_transport": null, "brewery": null, "level": null, "microbrewery": null, "outdoor_seating": null, "payment:american_express": null, "payment:cards": null, "payment:credit_cards": null, "payment:cryptocurrencies": null, "payment:debit_cards": null, "payment:maestro": null, "payment:mastercard": null, "payment:notes": null, "payment:visa": null, "payment:visa_electron": null, "start_date": null, "network": null, "network:wikidata": null, "ref": null, "source": null, "bridge": null, "layer": null, "oneway": "no", "lanes": "2", "lit": null, "short_name": null, "surface": "asphalt", "admin_level": null, "boundary": null, "loc_name": null, "foot": null, "maxheight": null, "width": null, "sidewalk": null, "destination": null, "leisure": null, "email": null, "service:bicycle:cleaning": null, "service:bicycle:diy": null, "service:bicycle:pump": null, "service:bicycle:rental": null, "service:bicycle:retail": null, "service:bicycle:second_hand": null, "bus:lanes": null, "source:alt_name": null, "segregated": null, "service:bicycle:chain_tool": null, "not:operator:wikidata": null, "note": null, "barrier": null, "service": null, "branch": null, "contact:phone": null, "bin": null, "covered": null, "passenger_information_display": null, "shelter": null, "tactile_paving": null, "footway": null, "payment:cash": null, "payment:coins": null, "area": null, "addr:place": null, "access": null, "opening_hours:covid19": null, "addr:state": null, "cycleway": null, "incline": null, "hazard": null, "orientation": null, "parking": null, "type": null, "addr:district": null, "box_id": 1, "provider": "osmnx" }, "geometry": { "type": "LineString", "coordinates": [ [ -49.2453224, -25.4293454 ], [ -49.246231635884385, -25.429697438172891 ] ] } },
{ "type": "Feature", "properties": { "highway": "cycleway", "traffic_signals:direction": null, "crossing": null, "crossing_ref": null, "maxspeed": null, "traffic_signals": null, "traffic_signals:sound": null, "amenity": null, "addr:city": null, "addr:country": null, "addr:housenumber": null, "addr:street": null, "bicycle": "designated", "crossing:markings": null, "button_operated": null, "crossing:island": null, "name": null, "wheelchair": null, "addr:suburb": null, "brand": null, "brand:wikidata": null, "brand:wikipedia": null, "healthcare": null, "railway": null, "crossing:barrier": null, "capacity": null, "cuisine": null, "delivery": null, "internet_access": null, "opening_hours": null, "phone": null, "smoking": null, "takeaway": null, "website": null, "addr:postcode": null, "operator": null, "alt_name": null, "shop": null, "building": null, "name:en": null, "name:pt": null, "office": null, "old_name": null, "fee": null, "service:bicycle:bicycle": null, "service:bicycle:dealer": null, "service:bicycle:ebike": null, "service:bicycle:repair": null, "service:bicycle:sales": null, "direction": null, "stop": null, "bus": null, "public_transport": null, "brewery": null, "level": null, "microbrewery": null, "outdoor_seating": null, "payment:american_express": null, "payment:cards": null, "payment:credit_cards": null, "payment:cryptocurrencies": null, "payment:debit_cards": null, "payment:maestro": null, "payment:mastercard": null, "payment:notes": null, "payment:visa": null, "payment:visa_electron": null, "start_date": null, "network": null, "network:wikidata": null, "ref": null, "source": null, "bridge": null, "layer": null, "oneway": null, "lanes": null, "lit": null, "short_name": null, "surface": "asphalt", "admin_level": null, "boundary": null, "loc_name": null, "foot": "designated", "maxheight": null, "width": null, "sidewalk": null, "destination": null, "leisure": null, "email": null, "service:bicycle:cleaning": null, "service:bicycle:diy": null, "service:bicycle:pump": null, "service:bicycle:rental": null, "service:bicycle:retail": null, "service:bicycle:second_hand": null, "bus:lanes": null, "source:alt_name": null, "segregated": "no", "service:bicycle:chain_tool": null, "not:operator:wikidata": null, "note": null, "barrier": null, "service": null, "branch": null, "contact:phone": null, "bin": null, "covered": null, "passenger_information_display": null, "shelter": null, "tactile_paving": null, "footway": null, "payment:cash": null, "payment:coins": null, "area": null, "addr:place": null, "access": null, "opening_hours:covid19": null, "addr:state": null, "cycleway": null, "incline": null, "hazard": null, "orientation": null, "parking": null, "type": null, "addr:district": null, "box_id": 1, "provider": "osmnx" }, "geometry": { "type": "LineString", "coordinates": [ [ -49.2437733, -25.4288167 ], [ -49.2441537, -25.4289622 ], [ -49.2449388, -25.4292672 ], [ -49.246054043643944, -25.429695317912888 ] ] } },
{ "type": "Feature", "properties": { "highway": "footway", "traffic_signals:direction": null, "crossing": null, "crossing_ref": null, "maxspeed": null, "traffic_signals": null, "traffic_signals:sound": null, "amenity": null, "addr:city": null, "addr:country": null, "addr:housenumber": null, "addr:street": null, "bicycle": "yes", "crossing:markings": null, "button_operated": null, "crossing:island": null, "name": "Rua Presidente Rodrigo Otávio", "wheelchair": null, "addr:suburb": null, "brand": null, "brand:wikidata": null, "brand:wikipedia": null, "healthcare": null, "railway": null, "crossing:barrier": null, "capacity": null, "cuisine": null, "delivery": null, "internet_access": null, "opening_hours": null, "phone": null, "smoking": null, "takeaway": null, "website": null, "addr:postcode": null, "operator": null, "alt_name": null, "shop": null, "building": null, "name:en": null, "name:pt": null, "office": null, "old_name": null, "fee": null, "service:bicycle:bicycle": null, "service:bicycle:dealer": null, "service:bicycle:ebike": null, "service:bicycle:repair": null, "service:bicycle:sales": null, "direction": null, "stop": null, "bus": null, "public_transport": null, "brewery": null, "level": null, "microbrewery": null, "outdoor_seating": null, "payment:american_express": null, "payment:cards": null, "payment:credit_cards": null, "payment:cryptocurrencies": null, "payment:debit_cards": null, "payment:maestro": null, "payment:mastercard": null, "payment:notes": null, "payment:visa": null, "payment:visa_electron": null, "start_date": null, "network": null, "network:wikidata": null, "ref": null, "source": null, "bridge": null, "layer": null, "oneway": null, "lanes": null, "lit": null, "short_name": null, "surface": "paving_stones", "admin_level": null, "boundary": null, "loc_name": null, "foot": null, "maxheight": null, "width": "1", "sidewalk": null, "destination": null, "leisure": null, "email": null, "service:bicycle:cleaning": null, "service:bicycle:diy": null, "service:bicycle:pump": null, "service:bicycle:rental": null, "service:bicycle:retail": null, "service:bicycle:second_hand": null, "bus:lanes": null, "source:alt_name": null, "segregated": null, "service:bicycle:chain_tool": null, "not:operator:wikidata": null, "note": null, "barrier": null, "service": null, "branch": null, "contact:phone": null, "bin": null, "covered": null, "passenger_information_display": null, "shelter": null, "tactile_paving": null, "footway": null, "payment:cash": null, "payment:coins": null, "area": null, "addr:place": null, "access": null, "opening_hours:covid19": null, "addr:state": null, "cycleway": null, "incline": null, "hazard": null, "orientation": null, "parking": null, "type": null, "addr:district": null, "box_id": 1, "provider": "osmnx" }, "geometry": { "type": "LineString", "coordinates": [ [ -49.2449153, -25.4290238 ], [ -49.2449318, -25.429195 ], [ -49.2449388, -25.4292672 ], [ -49.2449565, -25.4294513 ] ] } },
{ "type": "Feature", "properties": { "highway": "footway", "traffic_signals:direction": null, "crossing": null, "crossing_ref": null, "maxspeed": null, "traffic_signals": null, "traffic_signals:sound": null, "amenity": null, "addr:city": null, "addr:country": null, "addr:housenumber": null, "addr:street": null, "bicycle": null, "crossing:markings": null, "button_operated": null, "crossing:island": null, "name": "Avenida Sete de Setembro", "wheelchair": null, "addr:suburb": null, "brand": null, "brand:wikidata": null, "brand:wikipedia": null, "healthcare": null, "railway": null, "crossing:barrier": null, "capacity": null, "cuisine": null, "delivery": null, "internet_access": null, "opening_hours": null, "phone": null, "smoking": null, "takeaway": null, "website": null, "addr:postcode": null, "operator": null, "alt_name": "Avenida 7 de Setembro; Rua 7 de Setembro; Rua Sete de Setembro", "shop": null, "building": null, "name:en": null, "name:pt": null, "office": null, "old_name": null, "fee": null, "service:bicycle:bicycle": null, "service:bicycle:dealer": null, "service:bicycle:ebike": null, "service:bicycle:repair": null, "service:bicycle:sales": null, "direction": null, "stop": null, "bus": null, "public_transport": null, "brewery": null, "level": null, "microbrewery": null, "outdoor_seating": null, "payment:american_express": null, "payment:cards": null, "payment:credit_cards": null, "payment:cryptocurrencies": null, "payment:debit_cards": null, "payment:maestro": null, "payment:mastercard": null, "payment:notes": null, "payment:visa": null, "payment:visa_electron": null, "start_date": null, "network": null, "network:wikidata": null, "ref": null, "source": null, "bridge": null, "layer": null, "oneway": null, "lanes": null, "lit": null, "short_name": null, "surface": null, "admin_level": null, "boundary": null, "loc_name": null, "foot": null, "maxheight": null, "width": null, "sidewalk": null, "destination": null, "leisure": null, "email": null, "service:bicycle:cleaning": null, "service:bicycle:diy": null, "service:bicycle:pump": null, "service:bicycle:rental": null, "service:bicycle:retail": null, "service:bicycle:second_hand": null, "bus:lanes": null, "source:alt_name": null, "segregated": null, "service:bicycle:chain_tool": null, "not:operator:wikidata": null, "note": null, "barrier": null, "service": null, "branch": null, "contact:phone": null, "bin": null, "covered": null, "passenger_information_display": null, "shelter": null, "tactile_paving": null, "footway": null, "payment:cash": null, "payment:coins": null, "area": null, "addr:place": null, "access": null, "opening_hours:covid19": null, "addr:state": null, "cycleway": null, "incline": null, "hazard": null, "orientation": null, "parking": null, "type": null, "addr:district": null, "box_id": 1, "provider": "osmnx" }, "geometry": { "type": "LineString", "coordinates": [ [ -49.2446911, -25.429102 ], [ -49.2449318, -25.429195 ], [ -49.2453224, -25.4293454 ] ] } },
{ "type": "Feature", "properties": { "highway": "residential", "traffic_signals:direction": null, "crossing": null, "crossing_ref": null, "maxspeed": null, "traffic_signals": null, "traffic_signals:sound": null, "amenity": null, "addr:city": null, "addr:country": null, "addr:housenumber": null, "addr:street": null, "bicycle": null, "crossing:markings": null, "button_operated": null, "crossing:island": null, "name": "Rua Fernando Amaro", "wheelchair": null, "addr:suburb": null, "brand": null, "brand:wikidata": null, "brand:wikipedia": null, "healthcare": null, "railway": null, "crossing:barrier": null, "capacity": null, "cuisine": null, "delivery": null, "internet_access": null, "opening_hours": null, "phone": null, "smoking": null, "takeaway": null, "website": null, "addr:postcode": null, "operator": null, "alt_name": null, "shop": null, "building": null, "name:en": null, "name:pt": null, "office": null, "old_name": null, "fee": null, "service:bicycle:bicycle": null, "service:bicycle:dealer": null, "service:bicycle:ebike": null, "service:bicycle:repair": null, "service:bicycle:sales": null, "direction": null, "stop": null, "bus": null, "public_transport": null, "brewery": null, "level": null, "microbrewery": null, "outdoor_seating": null, "payment:american_express": null, "payment:cards": null, "payment:credit_cards": null, "payment:cryptocurrencies": null, "payment:debit_cards": null, "payment:maestro": null, "payment:mastercard": null, "payment:notes": null, "payment:visa": null, "payment:visa_electron": null, "start_date": null, "network": null, "network:wikidata": null, "ref": null, "source": null, "bridge": null, "layer": null, "oneway": "no", "lanes": "2", "lit": null, "short_name": null, "surface": "asphalt", "admin_level": null, "boundary": null, "loc_name": null, "foot": null, "maxheight": null, "width": null, "sidewalk": null, "destination": null, "leisure": null, "email": null, "service:bicycle:cleaning": null, "service:bicycle:diy": null, "service:bicycle:pump": null, "service:bicycle:rental": null, "service:bicycle:retail": null, "service:bicycle:second_hand": null, "bus:lanes": null, "source:alt_name": null, "segregated": null, "service:bicycle:chain_tool": null, "not:operator:wikidata": null, "note": null, "barrier": null, "service": null, "branch": null, "contact:phone": null, "bin": null, "covered": null, "passenger_information_display": null, "shelter": null, "tactile_paving": null, "footway": null, "payment:cash": null, "payment:coins": null, "area": null, "addr:place": null, "access": null, "opening_hours:covid19": null, "addr:state": null, "cycleway": null, "incline": null, "hazard": null, "orientation": null, "parking": null, "type": null, "addr:district": null, "box_id": 1, "provider": "osmnx" }, "geometry": { "type": "LineString", "coordinates": [ [ -49.2449153, -25.4290238 ], [ -49.2465748, -25.4288904 ], [ -49.2478203, -25.4287903 ], [ -49.2485959, -25.4287279 ], [ -49.2488504, -25.4287071 ], [ -49.2489569, -25.4286988 ], [ -49.2490553, -25.428691 ], [ -49.2490987, -25.4286875 ] ] } },
{ "type": "Feature", "properties": { "highway": "residential", "traffic_signals:direction": null, "crossing": null, "crossing_ref": null, "maxspeed": null, "traffic_signals": null, "traffic_signals:sound": null, "amenity": null, "addr:city": null, "addr:country": null, "addr:housenumber": null, "addr:street": null, "bicycle": null, "crossing:markings": null, "button_operated": null, "crossing:island": null, "name": null, "wheelchair": null, "addr:suburb": null, "brand": null, "brand:wikidata": null, "brand:wikipedia": null, "healthcare": null, "railway": null, "crossing:barrier": null, "capacity": null, "cuisine": null, "delivery": null, "internet_access": null, "opening_hours": null, "phone": null, "smoking": null, "takeaway": null, "website": null, "addr:postcode": null, "operator": null, "alt_name": null, "shop": null, "building": null, "name:en": null, "name:pt": null, "office": null, "old_name": null, "fee": null, "service:bicycle:bicycle": null, "service:bicycle:dealer": null, "service:bicycle:ebike": null, "service:bicycle:repair": null, "service:bicycle:sales": null, "direction": null, "stop": null, "bus": null, "public_transport": null, "brewery": null, "level": null, "microbrewery": null, "outdoor_seating": null, "payment:american_express": null, "payment:cards": null, "payment:credit_cards": null, "payment:cryptocurrencies": null, "payment:debit_cards": null, "payment:maestro": null, "payment:mastercard": null, "payment:notes": null, "payment:visa": null, "payment:visa_electron": null, "start_date": null, "network": null, "network:wikidata": null, "ref": null, "source": null, "bridge": null, "layer": null, "oneway": null, "lanes": null, "lit": null, "short_name": null, "surface": null, "admin_level": null, "boundary": null, "loc_name": null, "foot": null, "maxheight": null, "width": null, "sidewalk": null, "destination": null, "leisure": null, "email": null, "service:bicycle:cleaning": null, "service:bicycle:diy": null, "service:bicycle:pump": null, "service:bicycle:rental": null, "service:bicycle:retail": null, "service:bicycle:second_hand": null, "bus:lanes": null, "source:alt_name": null, "segregated": null, "service:bicycle:chain_tool": null, "not:operator:wikidata": null, "note": null, "barrier": null, "service": null, "branch": null, "contact:phone": null, "bin": null, "covered": null, "passenger_information_display": null, "shelter": null, "tactile_paving": null, "footway": null, "payment:cash": null, "payment:coins": null, "area": null, "addr:place": null, "access": "private", "opening_hours:covid19": null, "addr:state": null, "cycleway": null, "incline": null, "hazard": null, "orientation": null, "parking": null, "type": null, "addr:district": null, "box_id": 1, "provider": "osmnx" }, "geometry": { "type": "LineString", "coordinates": [ [ -49.2462084, -25.4281376 ], [ -49.2462271, -25.4284073 ], [ -49.2462219, -25.4284383 ], [ -49.2461949, -25.428458 ], [ -49.2460752, -25.4284655 ] ] } },
{ "type": "Feature", "properties": { "highway": "residential", "traffic_signals:direction": null, "crossing": null, "crossing_ref": null, "maxspeed": null, "traffic_signals": null, "traffic_signals:sound": null, "amenity": null, "addr:city": null, "addr:country": null, "addr:housenumber": null, "addr:street": null, "bicycle": null, "crossing:markings": null, "button_operated": null, "crossing:island": null, "name": "Avenida Visconde de Guarapuava", "wheelchair": null, "addr:suburb": null, "brand": null, "brand:wikidata": null, "brand:wikipedia": null, "healthcare": null, "railway": null, "crossing:barrier": null, "capacity": null, "cuisine": null, "delivery": null, "internet_access": null, "opening_hours": null, "phone": null, "smoking": null, "takeaway": null, "website": null, "addr:postcode": null, "operator": null, "alt_name": null, "shop": null, "building": null, "name:en": null, "name:pt": null, "office": null, "old_name": null, "fee": null, "service:bicycle:bicycle": null, "service:bicycle:dealer": null, "service:bicycle:ebike": null, "service:bicycle:repair": null, "service:bicycle:sales": null, "direction": null, "stop": null, "bus": null, "public_transport": null, "brewery": null, "level": null, "microbrewery": null, "outdoor_seating": null, "payment:american_express": null, "payment:cards": null, "payment:credit_cards": null, "payment:cryptocurrencies": null, "payment:debit_cards": null, "payment:maestro": null, "payment:mastercard": null, "payment:notes": null, "payment:visa": null, "payment:visa_electron": null, "start_date": null, "network": null, "network:wikidata": null, "ref": null, "source": null, "bridge": null, "layer": null, "oneway": null, "lanes": null, "lit": null, "short_name": null, "surface": null, "admin_level": null, "boundary": null, "loc_name": null, "foot": null, "maxheight": null, "width": null, "sidewalk": null, "destination": null, "leisure": null, "email": null, "service:bicycle:cleaning": null, "service:bicycle:diy": null, "service:bicycle:pump": null, "service:bicycle:rental": null, "service:bicycle:retail": null, "service:bicycle:second_hand": null, "bus:lanes": null, "source:alt_name": null, "segregated": null, "service:bicycle:chain_tool": null, "not:operator:wikidata": null, "note": null, "barrier": null, "service": null, "branch": null, "contact:phone": null, "bin": null, "covered": null, "passenger_information_display": null, "shelter": null, "tactile_paving": null, "footway": null, "payment:cash": null, "payment:coins": null, "area": null, "addr:place": null, "access": null, "opening_hours:covid19": null, "addr:state": null, "cycleway": null, "incline": null, "hazard": null, "orientation": null, "parking": null, "type": null, "addr:district": null, "box_id": 1, "provider": "osmnx" }, "geometry": { "type": "LineString", "coordinates": [ [ -49.2478007, -25.4285967 ], [ -49.2466744, -25.4281384 ], [ -49.2466115, -25.4281034 ], [ -49.2465579, -25.4280583 ], [ -49.2464814, -25.4279787 ] ] } },
{ "type": "Feature", "properties": { "highway": "residential", "traffic_signals:direction": null, "crossing": null, "crossing_ref": null, "maxspeed": null, "traffic_signals": null, "traffic_signals:sound": null, "amenity": null, "addr:city": null, "addr:country": null, "addr:housenumber": null, "addr:street": null, "bicycle": null, "crossing:markings": null, "button_operated": null, "crossing:island": null, "name": null, "wheelchair": null, "addr:suburb": null, "brand": null, "brand:wikidata": null, "brand:wikipedia": null, "healthcare": null, "railway": null, "crossing:barrier": null, "capacity": null, "cuisine": null, "delivery": null, "internet_access": null, "opening_hours": null, "phone": null, "smoking": null, "takeaway": null, "website": null, "addr:postcode": null, "operator": null, "alt_name": null, "shop": null, "building": null, "name:en": null, "name:pt": null, "office": null, "old_name": null, "fee": null, "service:bicycle:bicycle": null, "service:bicycle:dealer": null, "service:bicycle:ebike": null, "service:bicycle:repair": null, "service:bicycle:sales": null, "direction": null, "stop": null, "bus": null, "public_transport": null, "brewery": null, "level": null, "microbrewery": null, "outdoor_seating": null, "payment:american_express": null, "payment:cards": null, "payment:credit_cards": null, "payment:cryptocurrencies": null, "payment:debit_cards": null, "payment:maestro": null, "payment:mastercard": null, "payment:notes": null, "payment:visa": null, "payment:visa_electron": null, "start_date": null, "network": null, "network:wikidata": null, "ref": null, "source": null, "bridge": null, "layer": null, "oneway": null, "lanes": null, "lit": null, "short_name": null, "surface": null, "admin_level": null, "boundary": null, "loc_name": null, "foot": null, "maxheight": null, "width": null, "sidewalk": null, "destination": null, "leisure": null, "email": null, "service:bicycle:cleaning": null, "service:bicycle:diy": null, "service:bicycle:pump": null, "service:bicycle:rental": null, "service:bicycle:retail": null, "service:bicycle:second_hand": null, "bus:lanes": null, "source:alt_name": null, "segregated": null, "service:bicycle:chain_tool": null, "not:operator:wikidata": null, "note": null, "barrier": null, "service": null, "branch": null, "contact:phone": null, "bin": null, "covered": null, "passenger_information_display": null, "shelter": null, "tactile_paving": null, "footway": null, "payment:cash": null, "payment:coins": null, "area": null, "addr:place": null, "access": null, "opening_hours:covid19": null, "addr:state": null, "cycleway": null, "incline": null, "hazard": null, "orientation": null, "parking": null, "type": null, "addr:district": null, "box_id": 1, "provider": "osmnx" }, "geometry": { "type": "LineString", "coordinates": [ [ -49.246198, -25.4280015 ], [ -49.2462084, -25.4281376 ] ] } },
{ "type": "Feature", "properties": { "highway": "service", "traffic_signals:direction": null, "crossing": null, "crossing_ref": null, "maxspeed": null, "traffic_signals": null, "traffic_signals:sound": null, "amenity": null, "addr:city": null, "addr:country": null, "addr:housenumber": null, "addr:street": null, "bicycle": null, "crossing:markings": null, "button_operated": null, "crossing:island": null, "name": null, "wheelchair": null, "addr:suburb": null, "brand": null, "brand:wikidata": null, "brand:wikipedia": null, "healthcare": null, "railway": null, "crossing:barrier": null, "capacity": null, "cuisine": null, "delivery": null, "internet_access": null, "opening_hours": null, "phone": null, "smoking": null, "takeaway": null, "website": null, "addr:postcode": null, "operator": null, "alt_name": null, "shop": null, "building": null, "name:en": null, "name:pt": null, "office": null, "old_name": null, "fee": null, "service:bicycle:bicycle": null, "service:bicycle:dealer": null, "service:bicycle:ebike": null, "service:bicycle:repair": null, "service:bicycle:sales": null, "direction": null, "stop": null, "bus": null, "public_transport": null, "brewery": null, "level": null, "microbrewery": null, "outdoor_seating": null, "payment:american_express": null, "payment:cards": null, "payment:credit_cards": null, "payment:cryptocurrencies": null, "payment:debit_cards": null, "payment:maestro": null, "payment:mastercard": null, "payment:notes": null, "payment:visa": null, "payment:visa_electron": null, "start_date": null, "network": null, "network:wikidata": null, "ref": null, "source": null, "bridge": null, "layer": null, "oneway": null, "lanes": null, "lit": null, "short_name": null, "surface": null, "admin_level": null, "boundary": null, "loc_name": null, "foot": null, "maxheight": null, "width": null, "sidewalk": null, "destination": null, "leisure": null, "email": null, "service:bicycle:cleaning": null, "service:bicycle:diy": null, "service:bicycle:pump": null, "service:bicycle:rental": null, "service:bicycle:retail": null, "service:bicycle:second_hand": null, "bus:lanes": null, "source:alt_name": null, "segregated": null, "service:bicycle:chain_tool": null, "not:operator:wikidata": null, "note": null, "barrier": null, "service": null, "branch": null, "contact:phone": null, "bin": null, "covered": null, "passenger_information_display": null, "shelter": null, "tactile_paving": null, "footway": null, "payment:cash": null, "payment:coins": null, "area": null, "addr:place": null, "access": null, "opening_hours:covid19": null, "addr:state": null, "cycleway": null, "incline": null, "hazard": null, "orientation": null, "parking": null, "type": null, "addr:district": null, "box_id": 1, "provider": "osmnx" }, "geometry": { "type": "LineString", "coordinates": [ [ -49.2444643, -25.4279789 ], [ -49.2444776, -25.4281425 ] ] } },
{ "type": "Feature", "properties": { "highway": "residential", "traffic_signals:direction": null, "crossing": null, "crossing_ref": null, "maxspeed": null, "traffic_signals": null, "traffic_signals:sound": null, "amenity": null, "addr:city": null, "addr:country": null, "addr:housenumber": null, "addr:street": null, "bicycle": null, "crossing:markings": null, "button_operated": null, "crossing:island": null, "name": "Rua Schiller", "wheelchair": null, "addr:suburb": null, "brand": null, "brand:wikidata": null, "brand:wikipedia": null, "healthcare": null, "railway": null, "crossing:barrier": null, "capacity": null, "cuisine": null, "delivery": null, "internet_access": null, "opening_hours": null, "phone": null, "smoking": null, "takeaway": null, "website": null, "addr:postcode": null, "operator": null, "alt_name": null, "shop": null, "building": null, "name:en": null, "name:pt": null, "office": null, "old_name": null, "fee": null, "service:bicycle:bicycle": null, "service:bicycle:dealer": null, "service:bicycle:ebike": null, "service:bicycle:repair": null, "service:bicycle:sales": null, "direction": null, "stop": null, "bus": null, "public_transport": null, "brewery": null, "level": null, "microbrewery": null, "outdoor_seating": null, "payment:american_express": null, "payment:cards": null, "payment:credit_cards": null, "payment:cryptocurrencies": null, "payment:debit_cards": null, "payment:maestro": null, "payment:mastercard": null, "payment:notes": null, "payment:visa": null, "payment:visa_electron": null, "start_date": null, "network": null, "network:wikidata": null, "ref": null, "source": null, "bridge": null, "layer": null, "oneway": "no", "lanes": "2", "lit": null, "short_name": null, "surface": "asphalt", "admin_level": null, "boundary": null, "loc_name": null, "foot": null, "maxheight": null, "width": null, "sidewalk": null, "destination": null, "leisure": null, "email": null, "service:bicycle:cleaning": null, "service:bicycle:diy": null, "service:bicycle:pump": null, "service:bicycle:rental": null, "service:bicycle:retail": null, "service:bicycle:second_hand": null, "bus:lanes": null, "source:alt_name": null, "segregated": null, "service:bicycle:chain_tool": null, "not:operator:wikidata": null, "note": null, "barrier": null, "service": null, "branch": null, "contact:phone": null, "bin": null, "covered": null, "passenger_information_display": null, "shelter": null, "tactile_paving": null, "footway": null, "payment:cash": null, "payment:coins": null, "area": null, "addr:place": null, "access": null, "opening_hours:covid19": null, "addr:state": null, "cycleway": null, "incline": null, "hazard": null, "orientation": null, "parking": null, "type": null, "addr:district": null, "box_id": 1, "provider": "osmnx" }, "geometry": { "type": "LineString", "coordinates": [ [ -49.2504611, -25.4297458 ], [ -49.250461316886835, -25.429747936006709 ] ] } },
{ "type": "Feature", "properties": { "highway": "residential", "traffic_signals:direction": null, "crossing": null, "crossing_ref": null, "maxspeed": null, "traffic_signals": null, "traffic_signals:sound": null, "amenity": null, "addr:city": null, "addr:country": null, "addr:housenumber": null, "addr:street": null, "bicycle": null, "crossing:markings": null, "button_operated": null, "crossing:island": null, "name": "Avenida Visconde de Guarapuava", "wheelchair": null, "addr:suburb": null, "brand": null, "brand:wikidata": null, "brand:wikipedia": null, "healthcare": null, "railway": null, "crossing:barrier": null, "capacity": null, "cuisine": null, "delivery": null, "internet_access": null, "opening_hours": null, "phone": null, "smoking": null, "takeaway": null, "website": null, "addr:postcode": null, "operator": null, "alt_name": null, "shop": null, "building": null, "name:en": null, "name:pt": null, "office": null, "old_name": null, "fee": null, "service:bicycle:bicycle": null, "service:bicycle:dealer": null, "service:bicycle:ebike": null, "service:bicycle:repair": null, "service:bicycle:sales": null, "direction": null, "stop": null, "bus": null, "public_transport": null, "brewery": null, "level": null, "microbrewery": null, "outdoor_seating": null, "payment:american_express": null, "payment:cards": null, "payment:credit_cards": null, "payment:cryptocurrencies": null, "payment:debit_cards": null, "payment:maestro": null, "payment:mastercard": null, "payment:notes": null, "payment:visa": null, "payment:visa_electron": null, "start_date": null, "network": null, "network:wikidata": null, "ref": null, "source": null, "bridge": null, "layer": null, "oneway": "yes", "lanes": null, "lit": null, "short_name": null, "surface": null, "admin_level": null, "boundary": null, "loc_name": null, "foot": null, "maxheight": null, "width": null, "sidewalk": null, "destination": null, "leisure": null, "email": null, "service:bicycle:cleaning": null, "service:bicycle:diy": null, "service:bicycle:pump": null, "service:bicycle:rental": null, "service:bicycle:retail": null, "service:bicycle:second_hand": null, "bus:lanes": null, "source:alt_name": null, "segregated": null, "service:bicycle:chain_tool": null, "not:operator:wikidata": null, "note": null, "barrier": null, "service": null, "branch": null, "contact:phone": null, "bin": null, "covered": null, "passenger_information_display": null, "shelter": null, "tactile_paving": null, "footway": null, "payment:cash": null, "payment:coins": null, "area": null, "addr:place": null, "access": null, "opening_hours:covid19": null, "addr:state": null, "cycleway": null, "incline": null, "hazard": null, "orientation": null, "parking": null, "type": null, "addr:district": null, "box_id": 1, "provider": "osmnx" }, "geometry": { "type": "LineString", "coordinates": [ [ -49.250807801946699, -25.429752072665 ], [ -49.2508057, -25.4297509 ] ] } },
{ "type": "Feature", "properties": { "highway": "residential", "traffic_signals:direction": null, "crossing": null, "crossing_ref": null, "maxspeed": null, "traffic_signals": null, "traffic_signals:sound": null, "amenity": null, "addr:city": null, "addr:country": null, "addr:housenumber": null, "addr:street": null, "bicycle": null, "crossing:markings": null, "button_operated": null, "crossing:island": null, "name": "Avenida Visconde de Guarapuava", "wheelchair": null, "addr:suburb": null, "brand": null, "brand:wikidata": null, "brand:wikipedia": null, "healthcare": null, "railway": null, "crossing:barrier": null, "capacity": null, "cuisine": null, "delivery": null, "internet_access": null, "opening_hours": null, "phone": null, "smoking": null, "takeaway": null, "website": null, "addr:postcode": null, "operator": null, "alt_name": null, "shop": null, "building": null, "name:en": null, "name:pt": null, "office": null, "old_name": null, "fee": null, "service:bicycle:bicycle": null, "service:bicycle:dealer": null, "service:bicycle:ebike": null, "service:bicycle:repair": null, "service:bicycle:sales": null, "direction": null, "stop": null, "bus": null, "public_transport": null, "brewery": null, "level": null, "microbrewery": null, "outdoor_seating": null, "payment:american_express": null, "payment:cards": null, "payment:credit_cards": null, "payment:cryptocurrencies": null, "payment:debit_cards": null, "payment:maestro": null, "payment:mastercard": null, "payment:notes": null, "payment:visa": null, "payment:visa_electron": null, "start_date": null, "network": null, "network:wikidata": null, "ref": null, "source": null, "bridge": null, "layer": null, "oneway": "yes", "lanes": null, "lit": null, "short_name": null, "surface": "asphalt", "admin_level": null, "boundary": null, "loc_name": null, "foot": null, "maxheight": null, "width": null, "sidewalk": null, "destination": null, "leisure": null, "email": null, "service:bicycle:cleaning": null, "service:bicycle:diy": null, "service:bicycle:pump": null, "service:bicycle:rental": null, "service:bicycle:retail": null, "service:bicycle:second_hand": null, "bus:lanes": null, "source:alt_name": null, "segregated": null, "service:bicycle:chain_tool": null, "not:operator:wikidata": null, "note": null, "barrier": null, "service": null, "branch": null, "contact:phone": null, "bin": null, "covered": null, "passenger_information_display": null, "shelter": null, "tactile_paving": null, "footway": null, "payment:cash": null, "payment:coins": null, "area": null, "addr:place": null, "access": null, "opening_hours:covid19": null, "addr:state": null, "cycleway": null, "incline": null, "hazard": null, "orientation": null, "parking": null, "type": null, "addr:district": null, "box_id": 1, "provider": "osmnx" }, "geometry": { "type": "LineString", "coordinates": [ [ -49.2508057, -25.4297509 ], [ -49.250818505906238, -25.429752200458744 ] ] } },
{ "type": "Feature", "properties": { "highway": "residential", "traffic_signals:direction": null, "crossing": null, "crossing_ref": null, "maxspeed": null, "traffic_signals": null, "traffic_signals:sound": null, "amenity": null, "addr:city": null, "addr:country": null, "addr:housenumber": null, "addr:street": null, "bicycle": null, "crossing:markings": null, "button_operated": null, "crossing:island": null, "name": "Avenida Visconde de Guarapuava", "wheelchair": null, "addr:suburb": null, "brand": null, "brand:wikidata": null, "brand:wikipedia": null, "healthcare": null, "railway": null, "crossing:barrier": null, "capacity": null, "cuisine": null, "delivery": null, "internet_access": null, "opening_hours": null, "phone": null, "smoking": null, "takeaway": null, "website": null, "addr:postcode": null, "operator": null, "alt_name": null, "shop": null, "building": null, "name:en": null, "name:pt": null, "office": null, "old_name": null, "fee": null, "service:bicycle:bicycle": null, "service:bicycle:dealer": null, "service:bicycle:ebike": null, "service:bicycle:repair": null, "service:bicycle:sales": null, "direction": null, "stop": null, "bus": null, "public_transport": null, "brewery": null, "level": null, "microbrewery": null, "outdoor_seating": null, "payment:american_express": null, "payment:cards": null, "payment:credit_cards": null, "payment:cryptocurrencies": null, "payment:debit_cards": null, "payment:maestro": null, "payment:mastercard": null, "payment:notes": null, "payment:visa": null, "payment:visa_electron": null, "start_date": null, "network": null, "network:wikidata": null, "ref": null, "source": null, "bridge": null, "layer": null, "oneway": null, "lanes": null, "lit": null, "short_name": null, "surface": "asphalt", "admin_level": null, "boundary": null, "loc_name": null, "foot": null, "maxheight": null, "width": null, "sidewalk": null, "destination": null, "leisure": null, "email": null, "service:bicycle:cleaning": null, "service:bicycle:diy": null, "service:bicycle:pump": null, "service:bicycle:rental": null, "service:bicycle:retail": null, "service:bicycle:second_hand": null, "bus:lanes": null, "source:alt_name": null, "segregated": null, "service:bicycle:chain_tool": null, "not:operator:wikidata": null, "note": null, "barrier": null, "service": null, "branch": null, "contact:phone": null, "bin": null, "covered": null, "passenger_information_display": null, "shelter": null, "tactile_paving": null, "footway": null, "payment:cash": null, "payment:coins": null, "area": null, "addr:place": null, "access": null, "opening_hours:covid19": null, "addr:state": null, "cycleway": null, "incline": null, "hazard": null, "orientation": null, "parking": null, "type": null, "addr:district": null, "box_id": 1, "provider": "osmnx" }, "geometry": { "type": "LineString", "coordinates": [ [ -49.2504456, -25.4295937 ], [ -49.2508057, -25.4297509 ] ] } },
{ "type": "Feature", "properties": { "highway": "residential", "traffic_signals:direction": null, "crossing": null, "crossing_ref": null, "maxspeed": null, "traffic_signals": null, "traffic_signals:sound": null, "amenity": null, "addr:city": null, "addr:country": null, "addr:housenumber": null, "addr:street": null, "bicycle": null, "crossing:markings": null, "button_operated": null, "crossing:island": null, "name": "Rua Schiller", "wheelchair": null, "addr:suburb": null, "brand": null, "brand:wikidata": null, "brand:wikipedia": null, "healthcare": null, "railway": null, "crossing:barrier": null, "capacity": null, "cuisine": null, "delivery": null, "internet_access": null, "opening_hours": null, "phone": null, "smoking": null, "takeaway": null, "website": null, "addr:postcode": null, "operator": null, "alt_name": null, "shop": null, "building": null, "name:en": null, "name:pt": null, "office": null, "old_name": null, "fee": null, "service:bicycle:bicycle": null, "service:bicycle:dealer": null, "service:bicycle:ebike": null, "service:bicycle:repair": null, "service:bicycle:sales": null, "direction": null, "stop": null, "bus": null, "public_transport": null, "brewery": null, "level": null, "microbrewery": null, "outdoor_seating": null, "payment:american_express": null, "payment:cards": null, "payment:credit_cards": null, "payment:cryptocurrencies": null, "payment:debit_cards": null, "payment:maestro": null, "payment:mastercard": null, "payment:notes": null, "payment:visa": null, "payment:visa_electron": null, "start_date": null, "network": null, "network:wikidata": null, "ref": null, "source": null, "bridge": null, "layer": null, "oneway": "no", "lanes": "2", "lit": null, "short_name": null, "surface": "asphalt", "admin_level": null, "boundary": null, "loc_name": null, "foot": null, "maxheight": null, "width": null, "sidewalk": null, "destination": null, "leisure": null, "email": null, "service:bicycle:cleaning": null, "service:bicycle:diy": null, "service:bicycle:pump": null, "service:bicycle:rental": null, "service:bicycle:retail": null, "service:bicycle:second_hand": null, "bus:lanes": null, "source:alt_name": null, "segregated": null, "service:bicycle:chain_tool": null, "not:operator:wikidata": null, "note": null, "barrier": null, "service": null, "branch": null, "contact:phone": null, "bin": null, "covered": null, "passenger_information_display": null, "shelter": null, "tactile_paving": null, "footway": null, "payment:cash": null, "payment:coins": null, "area": null, "addr:place": null, "access": null, "opening_hours:covid19": null, "addr:state": null, "cycleway": null, "incline": null, "hazard": null, "orientation": null, "parking": null, "type": null, "addr:district": null, "box_id": 1, "provider": "osmnx" }, "geometry": { "type": "LineString", "coordinates": [ [ -49.2504456, -25.4295937 ], [ -49.2504611, -25.4297458 ] ] } },
{ "type": "Feature", "properties": { "highway": "residential", "traffic_signals:direction": null, "crossing": null, "crossing_ref": null, "maxspeed": null, "traffic_signals": null, "traffic_signals:sound": null, "amenity": null, "addr:city": null, "addr:country": null, "addr:housenumber": null, "addr:street": null, "bicycle": null, "crossing:markings": null, "button_operated": null, "crossing:island": null, "name": "Rua Fernando Amaro", "wheelchair": null, "addr:suburb": null, "brand": null, "brand:wikidata": null, "brand:wikipedia": null, "healthcare": null, "railway": null, "crossing:barrier": null, "capacity": null, "cuisine": null, "delivery": null, "internet_access": null, "opening_hours": null, "phone": null, "smoking": null, "takeaway": null, "website": null, "addr:postcode": null, "operator": null, "alt_name": null, "shop": null, "building": null, "name:en": null, "name:pt": null, "office": null, "old_name": null, "fee": null, "service:bicycle:bicycle": null, "service:bicycle:dealer": null, "service:bicycle:ebike": null, "service:bicycle:repair": null, "service:bicycle:sales": null, "direction": null, "stop": null, "bus": null, "public_transport": null, "brewery": null, "level": null, "microbrewery": null, "outdoor_seating": null, "payment:american_express": null, "payment:cards": null, "payment:credit_cards": null, "payment:cryptocurrencies": null, "payment:debit_cards": null, "payment:maestro": null, "payment:mastercard": null, "payment:notes": null, "payment:visa": null, "payment:visa_electron": null, "start_date": null, "network": null, "network:wikidata": null, "ref": null, "source": null, "bridge": null, "layer": null, "oneway": "yes", "lanes": "2", "lit": null, "short_name": null, "surface": "asphalt", "admin_level": null, "boundary": null, "loc_name": null, "foot": null, "maxheight": null, "width": null, "sidewalk": null, "destination": null, "leisure": null, "email": null, "service:bicycle:cleaning": null, "service:bicycle:diy": null, "service:bicycle:pump": null, "service:bicycle:rental": null, "service:bicycle:retail": null, "service:bicycle:second_hand": null, "bus:lanes": null, "source:alt_name": null, "segregated": null, "service:bicycle:chain_tool": null, "not:operator:wikidata": null, "note": null, "barrier": null, "service": null, "branch": null, "contact:phone": null, "bin": null, "covered": null, "passenger_information_display": null, "shelter": null, "tactile_paving": null, "footway": null, "payment:cash": null, "payment:coins": null, "area": null, "addr:place": null, "access": null, "opening_hours:covid19": null, "addr:state": null, "cycleway": null, "incline": null, "hazard": null, "orientation": null, "parking": null, "type": null, "addr:district": null, "box_id": 1, "provider": "osmnx" }, "geometry": { "type": "LineString", "coordinates": [ [ -49.251260183362156, -25.42851365717264 ], [ -49.2503433, -25.4285874 ], [ -49.249423, -25.4286614 ], [ -49.2491741, -25.4286814 ], [ -49.2490987, -25.4286875 ] ] } },
{ "type": "Feature", "properties": { "highway": "residential", "traffic_signals:direction": null, "crossing": null, "crossing_ref": null, "maxspeed": null, "traffic_signals": null, "traffic_signals:sound": null, "amenity": null, "addr:city": null, "addr:country": null, "addr:housenumber": null, "addr:street": null, "bicycle": null, "crossing:markings": null, "button_operated": null, "crossing:island": null, "name": "Rua Schiller", "wheelchair": null, "addr:suburb": null, "brand": null, "brand:wikidata": null, "brand:wikipedia": null, "healthcare": null, "railway": null, "crossing:barrier": null, "capacity": null, "cuisine": null, "delivery": null, "internet_access": null, "opening_hours": null, "phone": null, "smoking": null, "takeaway": null, "website": null, "addr:postcode": null, "operator": null, "alt_name": null, "shop": null, "building": null, "name:en": null, "name:pt": null, "office": null, "old_name": null, "fee": null, "service:bicycle:bicycle": null, "service:bicycle:dealer": null, "service:bicycle:ebike": null, "service:bicycle:repair": null, "service:bicycle:sales": null, "direction": null, "stop": null, "bus": null, "public_transport": null, "brewery": null, "level": null, "microbrewery": null, "outdoor_seating": null, "payment:american_express": null, "payment:cards": null, "payment:credit_cards": null, "payment:cryptocurrencies": null, "payment:debit_cards": null, "payment:maestro": null, "payment:mastercard": null, "payment:notes": null, "payment:visa": null, "payment:visa_electron": null, "start_date": null, "network": null, "network:wikidata": null, "ref": null, "source": null, "bridge": null, "layer": null, "oneway": "no", "lanes": "2", "lit": null, "short_name": null, "surface": "asphalt", "admin_level": null, "boundary": null, "loc_name": null, "foot": null, "maxheight": null, "width": null, "sidewalk": null, "destination": null, "leisure": null, "email": null, "service:bicycle:cleaning": null, "service:bicycle:diy": null, "service:bicycle:pump": null, "service:bicycle:rental": null, "service:bicycle:retail": null, "service:bicycle:second_hand": null, "bus:lanes": null, "source:alt_name": null, "segregated": null, "service:bicycle:chain_tool": null, "not:operator:wikidata": null, "note": null, "barrier": null, "service": null, "branch": null, "contact:phone": null, "bin": null, "covered": null, "passenger_information_display": null, "shelter": null, "tactile_paving": null, "footway": null, "payment:cash": null, "payment:coins": null, "area": null, "addr:place": null, "access": null, "opening_hours:covid19": null, "addr:state": null, "cycleway": null, "incline": null, "hazard": null, "orientation": null, "parking": null, "type": null, "addr:district": null, "box_id": 1, "provider": "osmnx" }, "geometry": { "type": "LineString", "coordinates": [ [ -49.2501834, -25.4270142 ], [ -49.2501933, -25.4271112 ], [ -49.2502411, -25.4275816 ], [ -49.2502488, -25.427661 ], [ -49.2502582, -25.4277504 ], [ -49.2502924, -25.4280865 ], [ -49.250336, -25.4285154 ], [ -49.2503433, -25.4285874 ], [ -49.2503517, -25.4286703 ], [ -49.2504358, -25.4294969 ], [ -49.2504456, -25.4295937 ] ] } },
{ "type": "Feature", "properties": { "highway": "service", "traffic_signals:direction": null, "crossing": null, "crossing_ref": null, "maxspeed": null, "traffic_signals": null, "traffic_signals:sound": null, "amenity": null, "addr:city": null, "addr:country": null, "addr:housenumber": null, "addr:street": null, "bicycle": null, "crossing:markings": null, "button_operated": null, "crossing:island": null, "name": null, "wheelchair": null, "addr:suburb": null, "brand": null, "brand:wikidata": null, "brand:wikipedia": null, "healthcare": null, "railway": null, "crossing:barrier": null, "capacity": null, "cuisine": null, "delivery": null, "internet_access": null, "opening_hours": null, "phone": null, "smoking": null, "takeaway": null, "website": null, "addr:postcode": null, "operator": null, "alt_name": null, "shop": null, "building": null, "name:en": null, "name:pt": null, "office": null, "old_name": null, "fee": null, "service:bicycle:bicycle": null, "service:bicycle:dealer": null, "service:bicycle:ebike": null, "service:bicycle:repair": null, "service:bicycle:sales": null, "direction": null, "stop": null, "bus": null, "public_transport": null, "brewery": null, "level": null, "microbrewery": null, "outdoor_seating": null, "payment:american_express": null, "payment:cards": null, "payment:credit_cards": null, "payment:cryptocurrencies": null, "payment:debit_cards": null, "payment:maestro": null, "payment:mastercard": null, "payment:notes": null, "payment:visa": null, "payment:visa_electron": null, "start_date": null, "network": null, "network:wikidata": null, "ref": null, "source": null, "bridge": null, "layer": null, "oneway": null, "lanes": null, "lit": null, "short_name": null, "surface": null, "admin_level": null, "boundary": null, "loc_name": null, "foot": null, "maxheight": null, "width": null, "sidewalk": null, "destination": null, "leisure": null, "email": null, "service:bicycle:cleaning": null, "service:bicycle:diy": null, "service:bicycle:pump": null, "service:bicycle:rental": null, "service:bicycle:retail": null, "service:bicycle:second_hand": null, "bus:lanes": null, "source:alt_name": null, "segregated": null, "service:bicycle:chain_tool": null, "not:operator:wikidata": null, "note": null, "barrier": null, "service": null, "branch": null, "contact:phone": null, "bin": null, "covered": null, "passenger_information_display": null, "shelter": null, "tactile_paving": null, "footway": null, "payment:cash": null, "payment:coins": null, "area": null, "addr:place": null, "access": null, "opening_hours:covid19": null, "addr:state": null, "cycleway": null, "incline": null, "hazard": null, "orientation": null, "parking": null, "type": null, "addr:district": null, "box_id": 1, "provider": "osmnx" }, "geometry": { "type": "LineString", "coordinates": [ [ -49.2504623, -25.4276466 ], [ -49.2504933, -25.4279232 ], [ -49.2504926, -25.4279486 ], [ -49.2504799, -25.4279686 ], [ -49.2504101, -25.4280207 ], [ -49.2502924, -25.4280865 ] ] } },
{ "type": "Feature", "properties": { "highway": "primary", "traffic_signals:direction": null, "crossing": null, "crossing_ref": null, "maxspeed": "50", "traffic_signals": null, "traffic_signals:sound": null, "amenity": null, "addr:city": null, "addr:country": null, "addr:housenumber": null, "addr:street": null, "bicycle": null, "crossing:markings": null, "button_operated": null, "crossing:island": null, "name": "Rua Marechal Deodoro", "wheelchair": null, "addr:suburb": null, "brand": null, "brand:wikidata": null, "brand:wikipedia": null, "healthcare": null, "railway": null, "crossing:barrier": null, "capacity": null, "cuisine": null, "delivery": null, "internet_access": null, "opening_hours": null, "phone": null, "smoking": null, "takeaway": null, "website": null, "addr:postcode": null, "operator": null, "alt_name": "Rua Marechal Deodoro da Fonseca;Avenida Marechal Deodoro da Fonseca", "shop": null, "building": null, "name:en": null, "name:pt": null, "office": null, "old_name": null, "fee": null, "service:bicycle:bicycle": null, "service:bicycle:dealer": null, "service:bicycle:ebike": null, "service:bicycle:repair": null, "service:bicycle:sales": null, "direction": null, "stop": null, "bus": null, "public_transport": null, "brewery": null, "level": null, "microbrewery": null, "outdoor_seating": null, "payment:american_express": null, "payment:cards": null, "payment:credit_cards": null, "payment:cryptocurrencies": null, "payment:debit_cards": null, "payment:maestro": null, "payment:mastercard": null, "payment:notes": null, "payment:visa": null, "payment:visa_electron": null, "start_date": null, "network": null, "network:wikidata": null, "ref": null, "source": null, "bridge": null, "layer": null, "oneway": "yes", "lanes": "3", "lit": "yes", "short_name": null, "surface": "asphalt", "admin_level": null, "boundary": null, "loc_name": null, "foot": null, "maxheight": null, "width": null, "sidewalk": null, "destination": null, "leisure": null, "email": null, "service:bicycle:cleaning": null, "service:bicycle:diy": null, "service:bicycle:pump": null, "service:bicycle:rental": null, "service:bicycle:retail": null, "service:bicycle:second_hand": null, "bus:lanes": "yes|yes|designated", "source:alt_name": ";CNEFE 2022 / IBGE", "segregated": null, "service:bicycle:chain_tool": null, "not:operator:wikidata": null, "note": null, "barrier": null, "service": null, "branch": null, "contact:phone": null, "bin": null, "covered": null, "passenger_information_display": null, "shelter": null, "tactile_paving": null, "footway": null, "payment:cash": null, "payment:coins": null, "area": null, "addr:place": null, "access": null, "opening_hours:covid19": null, "addr:state": null, "cycleway": null, "incline": null, "hazard": null, "orientation": null, "parking": null, "type": null, "addr:district": null, "box_id": 1, "provider": "osmnx" }, "geometry": { "type": "LineString", "coordinates": [ [ -49.251273717354984, -25.427576002386068 ], [ -49.2510922, -25.4275913 ], [ -49.2504623, -25.4276466 ], [ -49.2502488, -25.427661 ], [ -49.2490063, -25.4277724 ] ] } },
{ "type": "Feature", "properties": { "highway": "service", "traffic_signals:direction": null, "crossing": null, "crossing_ref": null, "maxspeed": null, "traffic_signals": null, "traffic_signals:sound": null, "amenity": null, "addr:city": null, "addr:country": null, "addr:housenumber": null, "addr:street": null, "bicycle": null, "crossing:markings": null, "button_operated": null, "crossing:island": null, "name": null, "wheelchair": null, "addr:suburb": null, "brand": null, "brand:wikidata": null, "brand:wikipedia": null, "healthcare": null, "railway": null, "crossing:barrier": null, "capacity": null, "cuisine": null, "delivery": null, "internet_access": null, "opening_hours": null, "phone": null, "smoking": null, "takeaway": null, "website": null, "addr:postcode": null, "operator": null, "alt_name": null, "shop": null, "building": null, "name:en": null, "name:pt": null, "office": null, "old_name": null, "fee": null, "service:bicycle:bicycle": null, "service:bicycle:dealer": null, "service:bicycle:ebike": null, "service:bicycle:repair": null, "service:bicycle:sales": null, "direction": null, "stop": null, "bus": null, "public_transport": null, "brewery": null, "level": null, "microbrewery": null, "outdoor_seating": null, "payment:american_express": null, "payment:cards": null, "payment:credit_cards": null, "payment:cryptocurrencies": null, "payment:debit_cards": null, "payment:maestro": null, "payment:mastercard": null, "payment:notes": null, "payment:visa": null, "payment:visa_electron": null, "start_date": null, "network": null, "network:wikidata": null, "ref": null, "source": null, "bridge": null, "layer": null, "oneway": null, "lanes": null, "lit": null, "short_name": null, "surface": null, "admin_level": null, "boundary": null, "loc_name": null, "foot": null, "maxheight": null, "width": null, "sidewalk": null, "destination": null, "leisure": null, "email": null, "service:bicycle:cleaning": null, "service:bicycle:diy": null, "service:bicycle:pump": null, "service:bicycle:rental": null, "service:bicycle:retail": null, "service:bicycle:second_hand": null, "bus:lanes": null, "source:alt_name": null, "segregated": null, "service:bicycle:chain_tool": null, "not:operator:wikidata": null, "note": null, "barrier": null, "service": null, "branch": null, "contact:phone": null, "bin": null, "covered": null, "passenger_information_display": null, "shelter": null, "tactile_paving": null, "footway": null, "payment:cash": null, "payment:coins": null, "area": null, "addr:place": null, "access": null, "opening_hours:covid19": null, "addr:state": null, "cycleway": null, "incline": null, "hazard": null, "orientation": null, "parking": null, "type": null, "addr:district": null, "box_id": 1, "provider": "osmnx" }, "geometry": { "type": "LineString", "coordinates": [ [ -49.2510922, -25.4275913 ], [ -49.2510839, -25.427506 ], [ -49.2510659, -25.4272528 ], [ -49.2510561, -25.4271148 ], [ -49.25105, -25.4270286 ], [ -49.2510451, -25.4269413 ] ] } },
{ "type": "Feature", "properties": { "highway": "tertiary", "traffic_signals:direction": null, "crossing": null, "crossing_ref": null, "maxspeed": null, "traffic_signals": null, "traffic_signals:sound": null, "amenity": null, "addr:city": null, "addr:country": null, "addr:housenumber": null, "addr:street": null, "bicycle": null, "crossing:markings": null, "button_operated": null, "crossing:island": null, "name": "Rua Padre Germano Mayer", "wheelchair": null, "addr:suburb": null, "brand": null, "brand:wikidata": null, "brand:wikipedia": null, "healthcare": null, "railway": null, "crossing:barrier": null, "capacity": null, "cuisine": null, "delivery": null, "internet_access": null, "opening_hours": null, "phone": null, "smoking": null, "takeaway": null, "website": null, "addr:postcode": null, "operator": null, "alt_name": null, "shop": null, "building": null, "name:en": null, "name:pt": null, "office": null, "old_name": null, "fee": null, "service:bicycle:bicycle": null, "service:bicycle:dealer": null, "service:bicycle:ebike": null, "service:bicycle:repair": null, "service:bicycle:sales": null, "direction": null, "stop": null, "bus": null, "public_transport": null, "brewery": null, "level": null, "microbrewery": null, "outdoor_seating": null, "payment:american_express": null, "payment:cards": null, "payment:credit_cards": null, "payment:cryptocurrencies": null, "payment:debit_cards": null, "payment:maestro": null, "payment:mastercard": null, "payment:notes": null, "payment:visa": null, "payment:visa_electron": null, "start_date": null, "network": null, "network:wikidata": null, "ref": null, "source": null, "bridge": null, "layer": null, "oneway": null, "lanes": null, "lit": null, "short_name": null, "surface": "asphalt", "admin_level": null, "boundary": null, "loc_name": null, "foot": null, "maxheight": null, "width": null, "sidewalk": null, "destination": null, "leisure": null, "email": null, "service:bicycle:cleaning": null, "service:bicycle:diy": null, "service:bicycle:pump": null, "service:bicycle:rental": null, "service:bicycle:retail": null, "service:bicycle:second_hand": null, "bus:lanes": null, "source:alt_name": null, "segregated": null, "service:bicycle:chain_tool": null, "not:operator:wikidata": null, "note": null, "barrier": null, "service": null, "branch": null, "contact:phone": null, "bin": null, "covered": null, "passenger_information_display": null, "shelter": null, "tactile_paving": null, "footway": null, "payment:cash": null, "payment:coins": null, "area": null, "addr:place": null, "access": null, "opening_hours:covid19": null, "addr:state": null, "cycleway": null, "incline": null, "hazard": null, "orientation": null, "parking": null, "type": null, "addr:district": null, "box_id": 1, "provider": "osmnx" }, "geometry": { "type": "LineString", "coordinates": [ [ -49.2491521, -25.429216 ], [ -49.249138, -25.4290764 ] ] } },
{ "type": "Feature", "properties": { "highway": "cycleway", "traffic_signals:direction": null, "crossing": null, "crossing_ref": null, "maxspeed": null, "traffic_signals": null, "traffic_signals:sound": null, "amenity": null, "addr:city": null, "addr:country": null, "addr:housenumber": null, "addr:street": null, "bicycle": "designated", "crossing:markings": null, "button_operated": null, "crossing:island": null, "name": null, "wheelchair": null, "addr:suburb": null, "brand": null, "brand:wikidata": null, "brand:wikipedia": null, "healthcare": null, "railway": null, "crossing:barrier": null, "capacity": null, "cuisine": null, "delivery": null, "internet_access": null, "opening_hours": null, "phone": null, "smoking": null, "takeaway": null, "website": null, "addr:postcode": null, "operator": null, "alt_name": null, "shop": null, "building": null, "name:en": null, "name:pt": null, "office": null, "old_name": null, "fee": null, "service:bicycle:bicycle": null, "service:bicycle:dealer": null, "service:bicycle:ebike": null, "service:bicycle:repair": null, "service:bicycle:sales": null, "direction": null, "stop": null, "bus": null, "public_transport": null, "brewery": null, "level": null, "microbrewery": null, "outdoor_seating": null, "payment:american_express": null, "payment:cards": null, "payment:credit_cards": null, "payment:cryptocurrencies": null, "payment:debit_cards": null, "payment:maestro": null, "payment:mastercard": null, "payment:notes": null, "payment:visa": null, "payment:visa_electron": null, "start_date": null, "network": null, "network:wikidata": null, "ref": null, "source": null, "bridge": null, "layer": null, "oneway": null, "lanes": null, "lit": null, "short_name": null, "surface": "asphalt", "admin_level": null, "boundary": null, "loc_name": null, "foot": "designated", "maxheight": null, "width": null, "sidewalk": null, "destination": null, "leisure": null, "email": null, "service:bicycle:cleaning": null, "service:bicycle:diy": null, "service:bicycle:pump": null, "service:bicycle:rental": null, "service:bicycle:retail": null, "service:bicycle:second_hand": null, "bus:lanes": null, "source:alt_name": null, "segregated": "no", "service:bicycle:chain_tool": null, "not:operator:wikidata": null, "note": null, "barrier": null, "service": null, "branch": null, "contact:phone": null, "bin": null, "covered": null, "passenger_information_display": null, "shelter": null, "tactile_paving": null, "footway": null, "payment:cash": null, "payment:coins": null, "area": null, "addr:place": null, "access": null, "opening_hours:covid19": null, "addr:state": null, "cycleway": null, "incline": null, "hazard": null, "orientation": null, "parking": null, "type": null, "addr:district": null, "box_id": 1, "provider": "osmnx" }, "geometry": { "type": "LineString", "coordinates": [ [ -49.2489637, -25.4287514 ], [ -49.2490182, -25.4291756 ], [ -49.2490715, -25.4294204 ], [ -49.2491097, -25.4294983 ] ] } },
{ "type": "Feature", "properties": { "highway": "residential", "traffic_signals:direction": null, "crossing": null, "crossing_ref": null, "maxspeed": null, "traffic_signals": null, "traffic_signals:sound": null, "amenity": null, "addr:city": null, "addr:country": null, "addr:housenumber": null, "addr:street": null, "bicycle": null, "crossing:markings": null, "button_operated": null, "crossing:island": null, "name": "Rua Camões", "wheelchair": null, "addr:suburb": null, "brand": null, "brand:wikidata": null, "brand:wikipedia": null, "healthcare": null, "railway": null, "crossing:barrier": null, "capacity": null, "cuisine": null, "delivery": null, "internet_access": null, "opening_hours": null, "phone": null, "smoking": null, "takeaway": null, "website": null, "addr:postcode": null, "operator": null, "alt_name": null, "shop": null, "building": null, "name:en": null, "name:pt": null, "office": null, "old_name": null, "fee": null, "service:bicycle:bicycle": null, "service:bicycle:dealer": null, "service:bicycle:ebike": null, "service:bicycle:repair": null, "service:bicycle:sales": null, "direction": null, "stop": null, "bus": null, "public_transport": null, "brewery": null, "level": null, "microbrewery": null, "outdoor_seating": null, "payment:american_express": null, "payment:cards": null, "payment:credit_cards": null, "payment:cryptocurrencies": null, "payment:debit_cards": null, "payment:maestro": null, "payment:mastercard": null, "payment:notes": null, "payment:visa": null, "payment:visa_electron": null, "start_date": null, "network": null, "network:wikidata": null, "ref": null, "source": null, "bridge": null, "layer": null, "oneway": "no", "lanes": "2", "lit": null, "short_name": null, "surface": "asphalt", "admin_level": null, "boundary": null, "loc_name": null, "foot": null, "maxheight": null, "width": null, "sidewalk": null, "destination": null, "leisure": null, "email": null, "service:bicycle:cleaning": null, "service:bicycle:diy": null, "service:bicycle:pump": null, "service:bicycle:rental": null, "service:bicycle:retail": null, "service:bicycle:second_hand": null, "bus:lanes": null, "source:alt_name": null, "segregated": null, "service:bicycle:chain_tool": null, "not:operator:wikidata": null, "note": null, "barrier": null, "service": null, "branch": null, "contact:phone": null, "bin": null, "covered": null, "passenger_information_display": null, "shelter": null, "tactile_paving": null, "footway": null, "payment:cash": null, "payment:coins": null, "area": null, "addr:place": null, "access": null, "opening_hours:covid19": null, "addr:state": null, "cycleway": null, "incline": null, "hazard": null, "orientation": null, "parking": null, "type": null, "addr:district": null, "box_id": 1, "provider": "osmnx" }, "geometry": { "type": "LineString", "coordinates": [ [ -49.2477275, -25.4278769 ], [ -49.2477361, -25.4279611 ], [ -49.2477681, -25.428276 ], [ -49.2478007, -25.4285967 ], [ -49.2478137, -25.4287249 ], [ -49.2478203, -25.4287903 ], [ -49.247828, -25.4288655 ], [ -49.247914602113333, -25.429717530976319 ] ] } },
{ "type": "Feature", "properties": { "highway": "tertiary", "traffic_signals:direction": null, "crossing": null, "crossing_ref": null, "maxspeed": null, "traffic_signals": null, "traffic_signals:sound": null, "amenity": null, "addr:city": null, "addr:country": null, "addr:housenumber": null, "addr:street": null, "bicycle": null, "crossing:markings": null, "button_operated": null, "crossing:island": null, "name": "Rua Padre Germano Mayer", "wheelchair": null, "addr:suburb": null, "brand": null, "brand:wikidata": null, "brand:wikipedia": null, "healthcare": null, "railway": null, "crossing:barrier": null, "capacity": null, "cuisine": null, "delivery": null, "internet_access": null, "opening_hours": null, "phone": null, "smoking": null, "takeaway": null, "website": null, "addr:postcode": null, "operator": null, "alt_name": null, "shop": null, "building": null, "name:en": null, "name:pt": null, "office": null, "old_name": null, "fee": null, "service:bicycle:bicycle": null, "service:bicycle:dealer": null, "service:bicycle:ebike": null, "service:bicycle:repair": null, "service:bicycle:sales": null, "direction": null, "stop": null, "bus": null, "public_transport": null, "brewery": null, "level": null, "microbrewery": null, "outdoor_seating": null, "payment:american_express": null, "payment:cards": null, "payment:credit_cards": null, "payment:cryptocurrencies": null, "payment:debit_cards": null, "payment:maestro": null, "payment:mastercard": null, "payment:notes": null, "payment:visa": null, "payment:visa_electron": null, "start_date": null, "network": null, "network:wikidata": null, "ref": null, "source": null, "bridge": null, "layer": null, "oneway": null, "lanes": null, "lit": null, "short_name": null, "surface": "asphalt", "admin_level": null, "boundary": null, "loc_name": null, "foot": null, "maxheight": null, "width": null, "sidewalk": null, "destination": null, "leisure": null, "email": null, "service:bicycle:cleaning": null, "service:bicycle:diy": null, "service:bicycle:pump": null, "service:bicycle:rental": null, "service:bicycle:retail": null, "service:bicycle:second_hand": null, "bus:lanes": null, "source:alt_name": null, "segregated": null, "service:bicycle:chain_tool": null, "not:operator:wikidata": null, "note": null, "barrier": null, "service": null, "branch": null, "contact:phone": null, "bin": null, "covered": null, "passenger_information_display": null, "shelter": null, "tactile_paving": null, "footway": null, "payment:cash": null, "payment:coins": null, "area": null, "addr:place": null, "access": null, "opening_hours:covid19": null, "addr:state": null, "cycleway": null, "incline": null, "hazard": null, "orientation": null, "parking": null, "type": null, "addr:district": null, "box_id": 1, "provider": "osmnx" }, "geometry": { "type": "LineString", "coordinates": [ [ -49.249138, -25.4290764 ], [ -49.2490987, -25.4286875 ] ] } },
{ "type": "Feature", "properties": { "highway": "service", "traffic_signals:direction": null, "crossing": null, "crossing_ref": null, "maxspeed": null, "traffic_signals": null, "traffic_signals:sound": null, "amenity": null, "addr:city": null, "addr:country": null, "addr:housenumber": null, "addr:street": null, "bicycle": null, "crossing:markings": null, "button_operated": null, "crossing:island": null, "name": null, "wheelchair": null, "addr:suburb": null, "brand": null, "brand:wikidata": null, "brand:wikipedia": null, "healthcare": null, "railway": null, "crossing:barrier": null, "capacity": null, "cuisine": null, "delivery": null, "internet_access": null, "opening_hours": null, "phone": null, "smoking": null, "takeaway": null, "website": null, "addr:postcode": null, "operator": null, "alt_name": null, "shop": null, "building": null, "name:en": null, "name:pt": null, "office": null, "old_name": null, "fee": null, "service:bicycle:bicycle": null, "service:bicycle:dealer": null, "service:bicycle:ebike": null, "service:bicycle:repair": null, "service:bicycle:sales": null, "direction": null, "stop": null, "bus": null, "public_transport": null, "brewery": null, "level": null, "microbrewery": null, "outdoor_seating": null, "payment:american_express": null, "payment:cards": null, "payment:credit_cards": null, "payment:cryptocurrencies": null, "payment:debit_cards": null, "payment:maestro": null, "payment:mastercard": null, "payment:notes": null, "payment:visa": null, "payment:visa_electron": null, "start_date": null, "network": null, "network:wikidata": null, "ref": null, "source": null, "bridge": null, "layer": null, "oneway": null, "lanes": null, "lit": null, "short_name": null, "surface": null, "admin_level": null, "boundary": null, "loc_name": null, "foot": null, "maxheight": null, "width": null, "sidewalk": null, "destination": null, "leisure": null, "email": null, "service:bicycle:cleaning": null, "service:bicycle:diy": null, "service:bicycle:pump": null, "service:bicycle:rental": null, "service:bicycle:retail": null, "service:bicycle:second_hand": null, "bus:lanes": null, "source:alt_name": null, "segregated": null, "service:bicycle:chain_tool": null, "not:operator:wikidata": null, "note": null, "barrier": null, "service": null, "branch": null, "contact:phone": null, "bin": null, "covered": null, "passenger_information_display": null, "shelter": null, "tactile_paving": null, "footway": null, "payment:cash": null, "payment:coins": null, "area": null, "addr:place": null, "access": null, "opening_hours:covid19": null, "addr:state": null, "cycleway": null, "incline": null, "hazard": null, "orientation": null, "parking": null, "type": null, "addr:district": null, "box_id": 1, "provider": "osmnx" }, "geometry": { "type": "LineString", "coordinates": [ [ -49.2487881, -25.4290199 ], [ -49.2485959, -25.4287279 ] ] } },
{ "type": "Feature", "properties": { "highway": "cycleway", "traffic_signals:direction": null, "crossing": "uncontrolled", "crossing_ref": null, "maxspeed": null, "traffic_signals": null, "traffic_signals:sound": null, "amenity": null, "addr:city": null, "addr:country": null, "addr:housenumber": null, "addr:street": null, "bicycle": "designated", "crossing:markings": null, "button_operated": null, "crossing:island": null, "name": null, "wheelchair": null, "addr:suburb": null, "brand": null, "brand:wikidata": null, "brand:wikipedia": null, "healthcare": null, "railway": null, "crossing:barrier": null, "capacity": null, "cuisine": null, "delivery": null, "internet_access": null, "opening_hours": null, "phone": null, "smoking": null, "takeaway": null, "website": null, "addr:postcode": null, "operator": null, "alt_name": null, "shop": null, "building": null, "name:en": null, "name:pt": null, "office": null, "old_name": null, "fee": null, "service:bicycle:bicycle": null, "service:bicycle:dealer": null, "service:bicycle:ebike": null, "service:bicycle:repair": null, "service:bicycle:sales": null, "direction": null, "stop": null, "bus": null, "public_transport": null, "brewery": null, "level": null, "microbrewery": null, "outdoor_seating": null, "payment:american_express": null, "payment:cards": null, "payment:credit_cards": null, "payment:cryptocurrencies": null, "payment:debit_cards": null, "payment:maestro": null, "payment:mastercard": null, "payment:notes": null, "payment:visa": null, "payment:visa_electron": null, "start_date": null, "network": null, "network:wikidata": null, "ref": null, "source": null, "bridge": null, "layer": null, "oneway": null, "lanes": null, "lit": null, "short_name": null, "surface": "asphalt", "admin_level": null, "boundary": null, "loc_name": null, "foot": "designated", "maxheight": null, "width": null, "sidewalk": null, "destination": null, "leisure": null, "email": null, "service:bicycle:cleaning": null, "service:bicycle:diy": null, "service:bicycle:pump": null, "service:bicycle:rental": null, "service:bicycle:retail": null, "service:bicycle:second_hand": null, "bus:lanes": null, "source:alt_name": null, "segregated": null, "service:bicycle:chain_tool": null, "not:operator:wikidata": null, "note": null, "barrier": null, "service": null, "branch": null, "contact:phone": null, "bin": null, "covered": null, "passenger_information_display": null, "shelter": null, "tactile_paving": null, "footway": null, "payment:cash": null, "payment:coins": null, "area": null, "addr:place": null, "access": null, "opening_hours:covid19": null, "addr:state": null, "cycleway": "crossing", "incline": null, "hazard": null, "orientation": null, "parking": null, "type": null, "addr:district": null, "box_id": 1, "provider": "osmnx" }, "geometry": { "type": "LineString", "coordinates": [ [ -49.2489497, -25.4286431 ], [ -49.2489569, -25.4286988 ], [ -49.2489637, -25.4287514 ] ] } },
{ "type": "Feature", "properties": { "highway": "service", "traffic_signals:direction": null, "crossing": null, "crossing_ref": null, "maxspeed": null, "traffic_signals": null, "traffic_signals:sound": null, "amenity": null, "addr:city": null, "addr:country": null, "addr:housenumber": null, "addr:street": null, "bicycle": null, "crossing:markings": null, "button_operated": null, "crossing:island": null, "name": null, "wheelchair": null, "addr:suburb": null, "brand": null, "brand:wikidata": null, "brand:wikipedia": null, "healthcare": null, "railway": null, "crossing:barrier": null, "capacity": null, "cuisine": null, "delivery": null, "internet_access": null, "opening_hours": null, "phone": null, "smoking": null, "takeaway": null, "website": null, "addr:postcode": null, "operator": null, "alt_name": null, "shop": null, "building": null, "name:en": null, "name:pt": null, "office": null, "old_name": null, "fee": null, "service:bicycle:bicycle": null, "service:bicycle:dealer": null, "service:bicycle:ebike": null, "service:bicycle:repair": null, "service:bicycle:sales": null, "direction": null, "stop": null, "bus": null, "public_transport": null, "brewery": null, "level": null, "microbrewery": null, "outdoor_seating": null, "payment:american_express": null, "payment:cards": null, "payment:credit_cards": null, "payment:cryptocurrencies": null, "payment:debit_cards": null, "payment:maestro": null, "payment:mastercard": null, "payment:notes": null, "payment:visa": null, "payment:visa_electron": null, "start_date": null, "network": null, "network:wikidata": null, "ref": null, "source": null, "bridge": null, "layer": null, "oneway": null, "lanes": null, "lit": null, "short_name": null, "surface": null, "admin_level": null, "boundary": null, "loc_name": null, "foot": null, "maxheight": null, "width": null, "sidewalk": null, "destination": null, "leisure": null, "email": null, "service:bicycle:cleaning": null, "service:bicycle:diy": null, "service:bicycle:pump": null, "service:bicycle:rental": null, "service:bicycle:retail": null, "service:bicycle:second_hand": null, "bus:lanes": null, "source:alt_name": null, "segregated": null, "service:bicycle:chain_tool": null, "not:operator:wikidata": null, "note": null, "barrier": null, "service": null, "branch": null, "contact:phone": null, "bin": null, "covered": null, "passenger_information_display": null, "shelter": null, "tactile_paving": null, "footway": null, "payment:cash": null, "payment:coins": null, "area": null, "addr:place": null, "access": null, "opening_hours:covid19": null, "addr:state": null, "cycleway": null, "incline": null, "hazard": null, "orientation": null, "parking": null, "type": null, "addr:district": null, "box_id": 1, "provider": "osmnx" }, "geometry": { "type": "LineString", "coordinates": [ [ -49.2495874, -25.4282811 ], [ -49.2494304, -25.4283041 ], [ -49.2494103, -25.4283199 ], [ -49.249405, -25.4283368 ], [ -49.2494103, -25.4285282 ], [ -49.249423, -25.4286614 ] ] } },
{ "type": "Feature", "properties": { "highway": "cycleway", "traffic_signals:direction": null, "crossing": null, "crossing_ref": null, "maxspeed": null, "traffic_signals": null, "traffic_signals:sound": null, "amenity": null, "addr:city": null, "addr:country": null, "addr:housenumber": null, "addr:street": null, "bicycle": "designated", "crossing:markings": null, "button_operated": null, "crossing:island": null, "name": null, "wheelchair": null, "addr:suburb": null, "brand": null, "brand:wikidata": null, "brand:wikipedia": null, "healthcare": null, "railway": null, "crossing:barrier": null, "capacity": null, "cuisine": null, "delivery": null, "internet_access": null, "opening_hours": null, "phone": null, "smoking": null, "takeaway": null, "website": null, "addr:postcode": null, "operator": null, "alt_name": null, "shop": null, "building": null, "name:en": null, "name:pt": null, "office": null, "old_name": null, "fee": null, "service:bicycle:bicycle": null, "service:bicycle:dealer": null, "service:bicycle:ebike": null, "service:bicycle:repair": null, "service:bicycle:sales": null, "direction": null, "stop": null, "bus": null, "public_transport": null, "brewery": null, "level": null, "microbrewery": null, "outdoor_seating": null, "payment:american_express": null, "payment:cards": null, "payment:credit_cards": null, "payment:cryptocurrencies": null, "payment:debit_cards": null, "payment:maestro": null, "payment:mastercard": null, "payment:notes": null, "payment:visa": null, "payment:visa_electron": null, "start_date": null, "network": null, "network:wikidata": null, "ref": null, "source": null, "bridge": null, "layer": null, "oneway": null, "lanes": null, "lit": null, "short_name": null, "surface": "asphalt", "admin_level": null, "boundary": null, "loc_name": null, "foot": "designated", "maxheight": null, "width": null, "sidewalk": null, "destination": null, "leisure": null, "email": null, "service:bicycle:cleaning": null, "service:bicycle:diy": null, "service:bicycle:pump": null, "service:bicycle:rental": null, "service:bicycle:retail": null, "service:bicycle:second_hand": null, "bus:lanes": null, "source:alt_name": null, "segregated": "no", "service:bicycle:chain_tool": null, "not:operator:wikidata": null, "note": null, "barrier": null, "service": null, "branch": null, "contact:phone": null, "bin": null, "covered": null, "passenger_information_display": null, "shelter": null, "tactile_paving": null, "footway": null, "payment:cash": null, "payment:coins": null, "area": null, "addr:place": null, "access": null, "opening_hours:covid19": null, "addr:state": null, "cycleway": null, "incline": null, "hazard": null, "orientation": null, "parking": null, "type": null, "addr:district": null, "box_id": 1, "provider": "osmnx" }, "geometry": { "type": "LineString", "coordinates": [ [ -49.2488831, -25.427837 ], [ -49.2489497, -25.4286431 ] ] } },
{ "type": "Feature", "properties": { "highway": "tertiary", "traffic_signals:direction": null, "crossing": null, "crossing_ref": null, "maxspeed": null, "traffic_signals": null, "traffic_signals:sound": null, "amenity": null, "addr:city": null, "addr:country": null, "addr:housenumber": null, "addr:street": null, "bicycle": null, "crossing:markings": null, "button_operated": null, "crossing:island": null, "name": "Rua Padre Germano Mayer", "wheelchair": null, "addr:suburb": null, "brand": null, "brand:wikidata": null, "brand:wikipedia": null, "healthcare": null, "railway": null, "crossing:barrier": null, "capacity": null, "cuisine": null, "delivery": null, "internet_access": null, "opening_hours": null, "phone": null, "smoking": null, "takeaway": null, "website": null, "addr:postcode": null, "operator": null, "alt_name": null, "shop": null, "building": null, "name:en": null, "name:pt": null, "office": null, "old_name": null, "fee": null, "service:bicycle:bicycle": null, "service:bicycle:dealer": null, "service:bicycle:ebike": null, "service:bicycle:repair": null, "service:bicycle:sales": null, "direction": null, "stop": null, "bus": null, "public_transport": null, "brewery": null, "level": null, "microbrewery": null, "outdoor_seating": null, "payment:american_express": null, "payment:cards": null, "payment:credit_cards": null, "payment:cryptocurrencies": null, "payment:debit_cards": null, "payment:maestro": null, "payment:mastercard": null, "payment:notes": null, "payment:visa": null, "payment:visa_electron": null, "start_date": null, "network": null, "network:wikidata": null, "ref": null, "source": null, "bridge": null, "layer": null, "oneway": null, "lanes": null, "lit": null, "short_name": null, "surface": "asphalt", "admin_level": null, "boundary": null, "loc_name": null, "foot": null, "maxheight": null, "width": null, "sidewalk": null, "destination": null, "leisure": null, "email": null, "service:bicycle:cleaning": null, "service:bicycle:diy": null, "service:bicycle:pump": null, "service:bicycle:rental": null, "service:bicycle:retail": null, "service:bicycle:second_hand": null, "bus:lanes": null, "source:alt_name": null, "segregated": null, "service:bicycle:chain_tool": null, "not:operator:wikidata": null, "note": null, "barrier": null, "service": null, "branch": null, "contact:phone": null, "bin": null, "covered": null, "passenger_information_display": null, "shelter": null, "tactile_paving": null, "footway": null, "payment:cash": null, "payment:coins": null, "area": null, "addr:place": null, "access": null, "opening_hours:covid19": null, "addr:state": null, "cycleway": null, "incline": null, "hazard": null, "orientation": null, "parking": null, "type": null, "addr:district": null, "box_id": 1, "provider": "osmnx" }, "geometry": { "type": "LineString", "coordinates": [ [ -49.2490987, -25.4286875 ], [ -49.2490063, -25.4277724 ] ] } },
{ "type": "Feature", "properties": { "highway": "service", "traffic_signals:direction": null, "crossing": null, "crossing_ref": null, "maxspeed": null, "traffic_signals": null, "traffic_signals:sound": null, "amenity": null, "addr:city": null, "addr:country": null, "addr:housenumber": null, "addr:street": null, "bicycle": null, "crossing:markings": null, "button_operated": null, "crossing:island": null, "name": null, "wheelchair": null, "addr:suburb": null, "brand": null, "brand:wikidata": null, "brand:wikipedia": null, "healthcare": null, "railway": null, "crossing:barrier": null, "capacity": null, "cuisine": null, "delivery": null, "internet_access": null, "opening_hours": null, "phone": null, "smoking": null, "takeaway": null, "website": null, "addr:postcode": null, "operator": null, "alt_name": null, "shop": null, "building": null, "name:en": null, "name:pt": null, "office": null, "old_name": null, "fee": null, "service:bicycle:bicycle": null, "service:bicycle:dealer": null, "service:bicycle:ebike": null, "service:bicycle:repair": null, "service:bicycle:sales": null, "direction": null, "stop": null, "bus": null, "public_transport": null, "brewery": null, "level": null, "microbrewery": null, "outdoor_seating": null, "payment:american_express": null, "payment:cards": null, "payment:credit_cards": null, "payment:cryptocurrencies": null, "payment:debit_cards": null, "payment:maestro": null, "payment:mastercard": null, "payment:notes": null, "payment:visa": null, "payment:visa_electron": null, "start_date": null, "network": null, "network:wikidata": null, "ref": null, "source": null, "bridge": null, "layer": null, "oneway": null, "lanes": null, "lit": null, "short_name": null, "surface": null, "admin_level": null, "boundary": null, "loc_name": null, "foot": null, "maxheight": null, "width": null, "sidewalk": null, "destination": null, "leisure": null, "email": null, "service:bicycle:cleaning": null, "service:bicycle:diy": null, "service:bicycle:pump": null, "service:bicycle:rental": null, "service:bicycle:retail": null, "service:bicycle:second_hand": null, "bus:lanes": null, "source:alt_name": null, "segregated": null, "service:bicycle:chain_tool": null, "not:operator:wikidata": null, "note": null, "barrier": null, "service": "parking_aisle", "branch": null, "contact:phone": null, "bin": null, "covered": null, "passenger_information_display": null, "shelter": null, "tactile_paving": null, "footway": null, "payment:cash": null, "payment:coins": null, "area": null, "addr:place": null, "access": null, "opening_hours:covid19": null, "addr:state": null, "cycleway": null, "incline": null, "hazard": null, "orientation": null, "parking": null, "type": null, "addr:district": null, "box_id": 1, "provider": "osmnx" }, "geometry": { "type": "LineString", "coordinates": [ [ -49.248217, -25.4278369 ], [ -49.2482294, -25.4281858 ], [ -49.2482154, -25.4282163 ], [ -49.2481904, -25.4282345 ], [ -49.2477681, -25.428276 ] ] } },
{ "type": "Feature", "properties": { "highway": "primary", "traffic_signals:direction": null, "crossing": null, "crossing_ref": null, "maxspeed": "50", "traffic_signals": null, "traffic_signals:sound": null, "amenity": null, "addr:city": null, "addr:country": null, "addr:housenumber": null, "addr:street": null, "bicycle": null, "crossing:markings": null, "button_operated": null, "crossing:island": null, "name": "Rua Marechal Deodoro", "wheelchair": null, "addr:suburb": null, "brand": null, "brand:wikidata": null, "brand:wikipedia": null, "healthcare": null, "railway": null, "crossing:barrier": null, "capacity": null, "cuisine": null, "delivery": null, "internet_access": null, "opening_hours": null, "phone": null, "smoking": null, "takeaway": null, "website": null, "addr:postcode": null, "operator": null, "alt_name": "Rua Marechal Deodoro da Fonseca;Avenida Marechal Deodoro da Fonseca", "shop": null, "building": null, "name:en": null, "name:pt": null, "office": null, "old_name": null, "fee": null, "service:bicycle:bicycle": null, "service:bicycle:dealer": null, "service:bicycle:ebike": null, "service:bicycle:repair": null, "service:bicycle:sales": null, "direction": null, "stop": null, "bus": null, "public_transport": null, "brewery": null, "level": null, "microbrewery": null, "outdoor_seating": null, "payment:american_express": null, "payment:cards": null, "payment:credit_cards": null, "payment:cryptocurrencies": null, "payment:debit_cards": null, "payment:maestro": null, "payment:mastercard": null, "payment:notes": null, "payment:visa": null, "payment:visa_electron": null, "start_date": null, "network": null, "network:wikidata": null, "ref": null, "source": null, "bridge": null, "layer": null, "oneway": "yes", "lanes": "3", "lit": "yes", "short_name": null, "surface": "asphalt", "admin_level": null, "boundary": null, "loc_name": null, "foot": null, "maxheight": null, "width": null, "sidewalk": null, "destination": null, "leisure": null, "email": null, "service:bicycle:cleaning": null, "service:bicycle:diy": null, "service:bicycle:pump": null, "service:bicycle:rental": null, "service:bicycle:retail": null, "service:bicycle:second_hand": null, "bus:lanes": "yes|yes|designated", "source:alt_name": ";CNEFE 2022 / IBGE", "segregated": null, "service:bicycle:chain_tool": null, "not:operator:wikidata": null, "note": null, "barrier": null, "service": null, "branch": null, "contact:phone": null, "bin": null, "covered": null, "passenger_information_display": null, "shelter": null, "tactile_paving": null, "footway": null, "payment:cash": null, "payment:coins": null, "area": null, "addr:place": null, "access": null, "opening_hours:covid19": null, "addr:state": null, "cycleway": null, "incline": null, "hazard": null, "orientation": null, "parking": null, "type": null, "addr:district": null, "box_id": 1, "provider": "osmnx" }, "geometry": { "type": "LineString", "coordinates": [ [ -49.2490063, -25.4277724 ], [ -49.2488785, -25.4277828 ], [ -49.2487505, -25.4277933 ], [ -49.2486801, -25.427799 ], [ -49.248217, -25.4278369 ], [ -49.2477275, -25.4278769 ], [ -49.2473989, -25.4279038 ], [ -49.2464814, -25.4279787 ], [ -49.2463424, -25.4279901 ], [ -49.246198, -25.4280015 ], [ -49.2448275, -25.4281139 ], [ -49.2444776, -25.4281425 ], [ -49.2436612, -25.4282092 ] ] } },
{ "type": "Feature", "properties": { "highway": "service", "traffic_signals:direction": null, "crossing": null, "crossing_ref": null, "maxspeed": null, "traffic_signals": null, "traffic_signals:sound": null, "amenity": null, "addr:city": null, "addr:country": null, "addr:housenumber": null, "addr:street": null, "bicycle": null, "crossing:markings": null, "button_operated": null, "crossing:island": null, "name": null, "wheelchair": null, "addr:suburb": null, "brand": null, "brand:wikidata": null, "brand:wikipedia": null, "healthcare": null, "railway": null, "crossing:barrier": null, "capacity": null, "cuisine": null, "delivery": null, "internet_access": null, "opening_hours": null, "phone": null, "smoking": null, "takeaway": null, "website": null, "addr:postcode": null, "operator": null, "alt_name": null, "shop": null, "building": null, "name:en": null, "name:pt": null, "office": null, "old_name": null, "fee": null, "service:bicycle:bicycle": null, "service:bicycle:dealer": null, "service:bicycle:ebike": null, "service:bicycle:repair": null, "service:bicycle:sales": null, "direction": null, "stop": null, "bus": null, "public_transport": null, "brewery": null, "level": null, "microbrewery": null, "outdoor_seating": null, "payment:american_express": null, "payment:cards": null, "payment:credit_cards": null, "payment:cryptocurrencies": null, "payment:debit_cards": null, "payment:maestro": null, "payment:mastercard": null, "payment:notes": null, "payment:visa": null, "payment:visa_electron": null, "start_date": null, "network": null, "network:wikidata": null, "ref": null, "source": null, "bridge": null, "layer": null, "oneway": null, "lanes": null, "lit": null, "short_name": null, "surface": null, "admin_level": null, "boundary": null, "loc_name": null, "foot": null, "maxheight": null, "width": null, "sidewalk": null, "destination": null, "leisure": null, "email": null, "service:bicycle:cleaning": null, "service:bicycle:diy": null, "service:bicycle:pump": null, "service:bicycle:rental": null, "service:bicycle:retail": null, "service:bicycle:second_hand": null, "bus:lanes": null, "source:alt_name": null, "segregated": null, "service:bicycle:chain_tool": null, "not:operator:wikidata": null, "note": null, "barrier": null, "service": null, "branch": null, "contact:phone": null, "bin": null, "covered": "yes", "passenger_information_display": null, "shelter": null, "tactile_paving": null, "footway": null, "payment:cash": null, "payment:coins": null, "area": null, "addr:place": null, "access": null, "opening_hours:covid19": null, "addr:state": null, "cycleway": null, "incline": null, "hazard": null, "orientation": null, "parking": null, "type": null, "addr:district": null, "box_id": 1, "provider": "osmnx" }, "geometry": { "type": "LineString", "coordinates": [ [ -49.244459, -25.4278644 ], [ -49.2444643, -25.4279789 ] ] } },
{ "type": "Feature", "properties": { "highway": "service", "traffic_signals:direction": null, "crossing": null, "crossing_ref": null, "maxspeed": null, "traffic_signals": null, "traffic_signals:sound": null, "amenity": null, "addr:city": null, "addr:country": null, "addr:housenumber": null, "addr:street": null, "bicycle": null, "crossing:markings": null, "button_operated": null, "crossing:island": null, "name": null, "wheelchair": null, "addr:suburb": null, "brand": null, "brand:wikidata": null, "brand:wikipedia": null, "healthcare": null, "railway": null, "crossing:barrier": null, "capacity": null, "cuisine": null, "delivery": null, "internet_access": null, "opening_hours": null, "phone": null, "smoking": null, "takeaway": null, "website": null, "addr:postcode": null, "operator": null, "alt_name": null, "shop": null, "building": null, "name:en": null, "name:pt": null, "office": null, "old_name": null, "fee": null, "service:bicycle:bicycle": null, "service:bicycle:dealer": null, "service:bicycle:ebike": null, "service:bicycle:repair": null, "service:bicycle:sales": null, "direction": null, "stop": null, "bus": null, "public_transport": null, "brewery": null, "level": null, "microbrewery": null, "outdoor_seating": null, "payment:american_express": null, "payment:cards": null, "payment:credit_cards": null, "payment:cryptocurrencies": null, "payment:debit_cards": null, "payment:maestro": null, "payment:mastercard": null, "payment:notes": null, "payment:visa": null, "payment:visa_electron": null, "start_date": null, "network": null, "network:wikidata": null, "ref": null, "source": null, "bridge": null, "layer": null, "oneway": null, "lanes": null, "lit": null, "short_name": null, "surface": null, "admin_level": null, "boundary": null, "loc_name": null, "foot": null, "maxheight": null, "width": null, "sidewalk": null, "destination": null, "leisure": null, "email": null, "service:bicycle:cleaning": null, "service:bicycle:diy": null, "service:bicycle:pump": null, "service:bicycle:rental": null, "service:bicycle:retail": null, "service:bicycle:second_hand": null, "bus:lanes": null, "source:alt_name": null, "segregated": null, "service:bicycle:chain_tool": null, "not:operator:wikidata": null, "note": null, "barrier": null, "service": null, "branch": null, "contact:phone": null, "bin": null, "covered": null, "passenger_information_display": null, "shelter": null, "tactile_paving": null, "footway": null, "payment:cash": null, "payment:coins": null, "area": null, "addr:place": null, "access": null, "opening_hours:covid19": null, "addr:state": null, "cycleway": null, "incline": null, "hazard": null, "orientation": null, "parking": null, "type": null, "addr:district": null, "box_id": 1, "provider": "osmnx" }, "geometry": { "type": "LineString", "coordinates": [ [ -49.2447893, -25.4277182 ], [ -49.2445542, -25.4277276 ], [ -49.2444583, -25.427733 ], [ -49.244459, -25.4277894 ], [ -49.244459, -25.4278644 ] ] } },
{ "type": "Feature", "properties": { "highway": "residential", "traffic_signals:direction": null, "crossing": null, "crossing_ref": null, "maxspeed": "30", "traffic_signals": null, "traffic_signals:sound": null, "amenity": null, "addr:city": null, "addr:country": null, "addr:housenumber": null, "addr:street": null, "bicycle": null, "crossing:markings": null, "button_operated": null, "crossing:island": null, "name": "Avenida Visconde de Guarapuava", "wheelchair": null, "addr:suburb": null, "brand": null, "brand:wikidata": null, "brand:wikipedia": null, "healthcare": null, "railway": null, "crossing:barrier": null, "capacity": null, "cuisine": null, "delivery": null, "internet_access": null, "opening_hours": null, "phone": null, "smoking": null, "takeaway": null, "website": null, "addr:postcode": null, "operator": null, "alt_name": null, "shop": null, "building": null, "name:en": null, "name:pt": null, "office": null, "old_name": null, "fee": null, "service:bicycle:bicycle": null, "service:bicycle:dealer": null, "service:bicycle:ebike": null, "service:bicycle:repair": null, "service:bicycle:sales": null, "direction": null, "stop": null, "bus": null, "public_transport": null, "brewery": null, "level": null, "microbrewery": null, "outdoor_seating": null, "payment:american_express": null, "payment:cards": null, "payment:credit_cards": null, "payment:cryptocurrencies": null, "payment:debit_cards": null, "payment:maestro": null, "payment:mastercard": null, "payment:notes": null, "payment:visa": null, "payment:visa_electron": null, "start_date": null, "network": null, "network:wikidata": null, "ref": null, "source": null, "bridge": null, "layer": null, "oneway": "yes", "lanes": "1", "lit": null, "short_name": null, "surface": "asphalt", "admin_level": null, "boundary": null, "loc_name": null, "foot": null, "maxheight": null, "width": null, "sidewalk": null, "destination": null, "leisure": null, "email": null, "service:bicycle:cleaning": null, "service:bicycle:diy": null, "service:bicycle:pump": null, "service:bicycle:rental": null, "service:bicycle:retail": null, "service:bicycle:second_hand": null, "bus:lanes": null, "source:alt_name": null, "segregated": null, "service:bicycle:chain_tool": null, "not:operator:wikidata": null, "note": null, "barrier": null, "service": null, "branch": null, "contact:phone": null, "bin": null, "covered": null, "passenger_information_display": null, "shelter": null, "tactile_paving": null, "footway": null, "payment:cash": null, "payment:coins": null, "area": null, "addr:place": null, "access": null, "opening_hours:covid19": null, "addr:state": null, "cycleway": null, "incline": null, "hazard": null, "orientation": null, "parking": null, "type": null, "addr:district": null, "box_id": 1, "provider": "osmnx" }, "geometry": { "type": "LineString", "coordinates": [ [ -49.2463424, -25.4279901 ], [ -49.2452783, -25.4276031 ], [ -49.2452379, -25.4275672 ], [ -49.2452221, -25.4275326 ], [ -49.2452226, -25.427505 ], [ -49.2452228, -25.4274935 ], [ -49.2452389, -25.4274504 ], [ -49.2452741, -25.4274104 ] ] } },
{ "type": "Feature", "properties": { "highway": "service", "traffic_signals:direction": null, "crossing": null, "crossing_ref": null, "maxspeed": null, "traffic_signals": null, "traffic_signals:sound": null, "amenity": null, "addr:city": null, "addr:country": null, "addr:housenumber": null, "addr:street": null, "bicycle": null, "crossing:markings": null, "button_operated": null, "crossing:island": null, "name": null, "wheelchair": null, "addr:suburb": null, "brand": null, "brand:wikidata": null, "brand:wikipedia": null, "healthcare": null, "railway": null, "crossing:barrier": null, "capacity": null, "cuisine": null, "delivery": null, "internet_access": null, "opening_hours": null, "phone": null, "smoking": null, "takeaway": null, "website": null, "addr:postcode": null, "operator": null, "alt_name": null, "shop": null, "building": null, "name:en": null, "name:pt": null, "office": null, "old_name": null, "fee": null, "service:bicycle:bicycle": null, "service:bicycle:dealer": null, "service:bicycle:ebike": null, "service:bicycle:repair": null, "service:bicycle:sales": null, "direction": null, "stop": null, "bus": null, "public_transport": null, "brewery": null, "level": null, "microbrewery": null, "outdoor_seating": null, "payment:american_express": null, "payment:cards": null, "payment:credit_cards": null, "payment:cryptocurrencies": null, "payment:debit_cards": null, "payment:maestro": null, "payment:mastercard": null, "payment:notes": null, "payment:visa": null, "payment:visa_electron": null, "start_date": null, "network": null, "network:wikidata": null, "ref": null, "source": null, "bridge": null, "layer": null, "oneway": null, "lanes": null, "lit": null, "short_name": null, "surface": null, "admin_level": null, "boundary": null, "loc_name": null, "foot": null, "maxheight": null, "width": null, "sidewalk": null, "destination": null, "leisure": null, "email": null, "service:bicycle:cleaning": null, "service:bicycle:diy": null, "service:bicycle:pump": null, "service:bicycle:rental": null, "service:bicycle:retail": null, "service:bicycle:second_hand": null, "bus:lanes": null, "source:alt_name": null, "segregated": null, "service:bicycle:chain_tool": null, "not:operator:wikidata": null, "note": null, "barrier": null, "service": null, "branch": null, "contact:phone": null, "bin": null, "covered": null, "passenger_information_display": null, "shelter": null, "tactile_paving": null, "footway": null, "payment:cash": null, "payment:coins": null, "area": null, "addr:place": null, "access": null, "opening_hours:covid19": null, "addr:state": null, "cycleway": null, "incline": null, "hazard": null, "orientation": null, "parking": null, "type": null, "addr:district": null, "box_id": 1, "provider": "osmnx" }, "geometry": { "type": "LineString", "coordinates": [ [ -49.2444583, -25.427733 ], [ -49.2444453, -25.4274988 ] ] } },
{ "type": "Feature", "properties": { "highway": "service", "traffic_signals:direction": null, "crossing": null, "crossing_ref": null, "maxspeed": null, "traffic_signals": null, "traffic_signals:sound": null, "amenity": null, "addr:city": null, "addr:country": null, "addr:housenumber": null, "addr:street": null, "bicycle": null, "crossing:markings": null, "button_operated": null, "crossing:island": null, "name": null, "wheelchair": null, "addr:suburb": null, "brand": null, "brand:wikidata": null, "brand:wikipedia": null, "healthcare": null, "railway": null, "crossing:barrier": null, "capacity": null, "cuisine": null, "delivery": null, "internet_access": null, "opening_hours": null, "phone": null, "smoking": null, "takeaway": null, "website": null, "addr:postcode": null, "operator": null, "alt_name": null, "shop": null, "building": null, "name:en": null, "name:pt": null, "office": null, "old_name": null, "fee": null, "service:bicycle:bicycle": null, "service:bicycle:dealer": null, "service:bicycle:ebike": null, "service:bicycle:repair": null, "service:bicycle:sales": null, "direction": null, "stop": null, "bus": null, "public_transport": null, "brewery": null, "level": null, "microbrewery": null, "outdoor_seating": null, "payment:american_express": null, "payment:cards": null, "payment:credit_cards": null, "payment:cryptocurrencies": null, "payment:debit_cards": null, "payment:maestro": null, "payment:mastercard": null, "payment:notes": null, "payment:visa": null, "payment:visa_electron": null, "start_date": null, "network": null, "network:wikidata": null, "ref": null, "source": null, "bridge": null, "layer": null, "oneway": null, "lanes": null, "lit": null, "short_name": null, "surface": null, "admin_level": null, "boundary": null, "loc_name": null, "foot": null, "maxheight": null, "width": null, "sidewalk": null, "destination": null, "leisure": null, "email": null, "service:bicycle:cleaning": null, "service:bicycle:diy": null, "service:bicycle:pump": null, "service:bicycle:rental": null, "service:bicycle:retail": null, "service:bicycle:second_hand": null, "bus:lanes": null, "source:alt_name": null, "segregated": null, "service:bicycle:chain_tool": null, "not:operator:wikidata": null, "note": null, "barrier": null, "service": "parking_aisle", "branch": null, "contact:phone": null, "bin": null, "covered": null, "passenger_information_display": null, "shelter": null, "tactile_paving": null, "footway": null, "payment:cash": null, "payment:coins": null, "area": null, "addr:place": null, "access": null, "opening_hours:covid19": null, "addr:state": null, "cycleway": null, "incline": null, "hazard": null, "orientation": null, "parking": null, "type": null, "addr:district": null, "box_id": 1, "provider": "osmnx" }, "geometry": { "type": "LineString", "coordinates": [ [ -49.2473678, -25.427249 ], [ -49.2473834, -25.4275638 ], [ -49.2473989, -25.4279038 ] ] } },
{ "type": "Feature", "properties": { "highway": "residential", "traffic_signals:direction": null, "crossing": null, "crossing_ref": null, "maxspeed": null, "traffic_signals": null, "traffic_signals:sound": null, "amenity": null, "addr:city": null, "addr:country": null, "addr:housenumber": null, "addr:street": null, "bicycle": null, "crossing:markings": null, "button_operated": null, "crossing:island": null, "name": "Rua Camões", "wheelchair": null, "addr:suburb": null, "brand": null, "brand:wikidata": null, "brand:wikipedia": null, "healthcare": null, "railway": null, "crossing:barrier": null, "capacity": null, "cuisine": null, "delivery": null, "internet_access": null, "opening_hours": null, "phone": null, "smoking": null, "takeaway": null, "website": null, "addr:postcode": null, "operator": null, "alt_name": null, "shop": null, "building": null, "name:en": null, "name:pt": null, "office": null, "old_name": null, "fee": null, "service:bicycle:bicycle": null, "service:bicycle:dealer": null, "service:bicycle:ebike": null, "service:bicycle:repair": null, "service:bicycle:sales": null, "direction": null, "stop": null, "bus": null, "public_transport": null, "brewery": null, "level": null, "microbrewery": null, "outdoor_seating": null, "payment:american_express": null, "payment:cards": null, "payment:credit_cards": null, "payment:cryptocurrencies": null, "payment:debit_cards": null, "payment:maestro": null, "payment:mastercard": null, "payment:notes": null, "payment:visa": null, "payment:visa_electron": null, "start_date": null, "network": null, "network:wikidata": null, "ref": null, "source": null, "bridge": null, "layer": null, "oneway": null, "lanes": null, "lit": null, "short_name": null, "surface": null, "admin_level": null, "boundary": null, "loc_name": null, "foot": null, "maxheight": null, "width": null, "sidewalk": null, "destination": null, "leisure": null, "email": null, "service:bicycle:cleaning": null, "service:bicycle:diy": null, "service:bicycle:pump": null, "service:bicycle:rental": null, "service:bicycle:retail": null, "service:bicycle:second_hand": null, "bus:lanes": null, "source:alt_name": null, "segregated": null, "service:bicycle:chain_tool": null, "not:operator:wikidata": null, "note": null, "barrier": null, "service": null, "branch": null, "contact:phone": null, "bin": null, "covered": null, "passenger_information_display": null, "shelter": null, "tactile_paving": null, "footway": null, "payment:cash": null, "payment:coins": null, "area": null, "addr:place": null, "access": null, "opening_hours:covid19": null, "addr:state": null, "cycleway": null, "incline": null, "hazard": null, "orientation": null, "parking": null, "type": null, "addr:district": null, "box_id": 1, "provider": "osmnx" }, "geometry": { "type": "LineString", "coordinates": [ [ -49.2476614, -25.4272264 ], [ -49.247693, -25.4275375 ], [ -49.2477187, -25.4277904 ], [ -49.2477275, -25.4278769 ] ] } },
{ "type": "Feature", "properties": { "highway": "service", "traffic_signals:direction": null, "crossing": null, "crossing_ref": null, "maxspeed": null, "traffic_signals": null, "traffic_signals:sound": null, "amenity": null, "addr:city": null, "addr:country": null, "addr:housenumber": null, "addr:street": null, "bicycle": null, "crossing:markings": null, "button_operated": null, "crossing:island": null, "name": null, "wheelchair": null, "addr:suburb": null, "brand": null, "brand:wikidata": null, "brand:wikipedia": null, "healthcare": null, "railway": null, "crossing:barrier": null, "capacity": null, "cuisine": null, "delivery": null, "internet_access": null, "opening_hours": null, "phone": null, "smoking": null, "takeaway": null, "website": null, "addr:postcode": null, "operator": null, "alt_name": null, "shop": null, "building": null, "name:en": null, "name:pt": null, "office": null, "old_name": null, "fee": null, "service:bicycle:bicycle": null, "service:bicycle:dealer": null, "service:bicycle:ebike": null, "service:bicycle:repair": null, "service:bicycle:sales": null, "direction": null, "stop": null, "bus": null, "public_transport": null, "brewery": null, "level": null, "microbrewery": null, "outdoor_seating": null, "payment:american_express": null, "payment:cards": null, "payment:credit_cards": null, "payment:cryptocurrencies": null, "payment:debit_cards": null, "payment:maestro": null, "payment:mastercard": null, "payment:notes": null, "payment:visa": null, "payment:visa_electron": null, "start_date": null, "network": null, "network:wikidata": null, "ref": null, "source": null, "bridge": null, "layer": null, "oneway": null, "lanes": null, "lit": null, "short_name": null, "surface": null, "admin_level": null, "boundary": null, "loc_name": null, "foot": null, "maxheight": null, "width": null, "sidewalk": null, "destination": null, "leisure": null, "email": null, "service:bicycle:cleaning": null, "service:bicycle:diy": null, "service:bicycle:pump": null, "service:bicycle:rental": null, "service:bicycle:retail": null, "service:bicycle:second_hand": null, "bus:lanes": null, "source:alt_name": null, "segregated": null, "service:bicycle:chain_tool": null, "not:operator:wikidata": null, "note": null, "barrier": null, "service": "parking_aisle", "branch": null, "contact:phone": null, "bin": null, "covered": null, "passenger_information_display": null, "shelter": null, "tactile_paving": null, "footway": null, "payment:cash": null, "payment:coins": null, "area": null, "addr:place": null, "access": null, "opening_hours:covid19": null, "addr:state": null, "cycleway": null, "incline": null, "hazard": null, "orientation": null, "parking": null, "type": null, "addr:district": null, "box_id": 1, "provider": "osmnx" }, "geometry": { "type": "LineString", "coordinates": [ [ -49.2473834, -25.4275638 ], [ -49.247693, -25.4275375 ] ] } },
{ "type": "Feature", "properties": { "highway": "footway", "traffic_signals:direction": null, "crossing": null, "crossing_ref": null, "maxspeed": null, "traffic_signals": null, "traffic_signals:sound": null, "amenity": null, "addr:city": null, "addr:country": null, "addr:housenumber": null, "addr:street": null, "bicycle": "yes", "crossing:markings": null, "button_operated": null, "crossing:island": null, "name": "Avenida Visconde de Guarapuava", "wheelchair": null, "addr:suburb": null, "brand": null, "brand:wikidata": null, "brand:wikipedia": null, "healthcare": null, "railway": null, "crossing:barrier": null, "capacity": null, "cuisine": null, "delivery": null, "internet_access": null, "opening_hours": null, "phone": null, "smoking": null, "takeaway": null, "website": null, "addr:postcode": null, "operator": null, "alt_name": null, "shop": null, "building": null, "name:en": null, "name:pt": null, "office": null, "old_name": null, "fee": null, "service:bicycle:bicycle": null, "service:bicycle:dealer": null, "service:bicycle:ebike": null, "service:bicycle:repair": null, "service:bicycle:sales": null, "direction": null, "stop": null, "bus": null, "public_transport": null, "brewery": null, "level": null, "microbrewery": null, "outdoor_seating": null, "payment:american_express": null, "payment:cards": null, "payment:credit_cards": null, "payment:cryptocurrencies": null, "payment:debit_cards": null, "payment:maestro": null, "payment:mastercard": null, "payment:notes": null, "payment:visa": null, "payment:visa_electron": null, "start_date": null, "network": null, "network:wikidata": null, "ref": null, "source": null, "bridge": null, "layer": null, "oneway": null, "lanes": null, "lit": null, "short_name": null, "surface": null, "admin_level": null, "boundary": null, "loc_name": null, "foot": null, "maxheight": null, "width": null, "sidewalk": null, "destination": null, "leisure": null, "email": null, "service:bicycle:cleaning": null, "service:bicycle:diy": null, "service:bicycle:pump": null, "service:bicycle:rental": null, "service:bicycle:retail": null, "service:bicycle:second_hand": null, "bus:lanes": null, "source:alt_name": null, "segregated": null, "service:bicycle:chain_tool": null, "not:operator:wikidata": null, "note": null, "barrier": null, "service": null, "branch": null, "contact:phone": null, "bin": null, "covered": null, "passenger_information_display": null, "shelter": null, "tactile_paving": null, "footway": "sidewalk", "payment:cash": null, "payment:coins": null, "area": null, "addr:place": null, "access": null, "opening_hours:covid19": null, "addr:state": null, "cycleway": null, "incline": null, "hazard": null, "orientation": null, "parking": null, "type": null, "addr:district": null, "box_id": 1, "provider": "osmnx" }, "geometry": { "type": "LineString", "coordinates": [ [ -49.2452783, -25.4276031 ], [ -49.2447705, -25.4274742 ] ] } },
{ "type": "Feature", "properties": { "highway": "primary", "traffic_signals:direction": null, "crossing": null, "crossing_ref": null, "maxspeed": "50", "traffic_signals": null, "traffic_signals:sound": null, "amenity": null, "addr:city": null, "addr:country": null, "addr:housenumber": null, "addr:street": null, "bicycle": null, "crossing:markings": null, "button_operated": null, "crossing:island": null, "name": "Rua XV de Novembro", "wheelchair": null, "addr:suburb": null, "brand": null, "brand:wikidata": null, "brand:wikipedia": null, "healthcare": null, "railway": null, "crossing:barrier": null, "capacity": null, "cuisine": null, "delivery": null, "internet_access": null, "opening_hours": null, "phone": null, "smoking": null, "takeaway": null, "website": null, "addr:postcode": null, "operator": null, "alt_name": "Rua Quinze de Novembro", "shop": null, "building": null, "name:en": null, "name:pt": null, "office": null, "old_name": null, "fee": null, "service:bicycle:bicycle": null, "service:bicycle:dealer": null, "service:bicycle:ebike": null, "service:bicycle:repair": null, "service:bicycle:sales": null, "direction": null, "stop": null, "bus": null, "public_transport": null, "brewery": null, "level": null, "microbrewery": null, "outdoor_seating": null, "payment:american_express": null, "payment:cards": null, "payment:credit_cards": null, "payment:cryptocurrencies": null, "payment:debit_cards": null, "payment:maestro": null, "payment:mastercard": null, "payment:notes": null, "payment:visa": null, "payment:visa_electron": null, "start_date": null, "network": null, "network:wikidata": null, "ref": null, "source": null, "bridge": null, "layer": null, "oneway": "yes", "lanes": "3", "lit": null, "short_name": "Rua 15 de Novembro", "surface": null, "admin_level": null, "boundary": null, "loc_name": null, "foot": null, "maxheight": null, "width": null, "sidewalk": null, "destination": null, "leisure": null, "email": null, "service:bicycle:cleaning": null, "service:bicycle:diy": null, "service:bicycle:pump": null, "service:bicycle:rental": null, "service:bicycle:retail": null, "service:bicycle:second_hand": null, "bus:lanes": "yes|yes|designated", "source:alt_name": null, "segregated": null, "service:bicycle:chain_tool": null, "not:operator:wikidata": null, "note": null, "barrier": null, "service": null, "branch": null, "contact:phone": null, "bin": null, "covered": null, "passenger_information_display": null, "shelter": null, "tactile_paving": null, "footway": null, "payment:cash": null, "payment:coins": null, "area": null, "addr:place": null, "access": null, "opening_hours:covid19": null, "addr:state": null, "cycleway": null, "incline": null, "hazard": null, "orientation": null, "parking": null, "type": null, "addr:district": null, "box_id": 1, "provider": "osmnx" }, "geometry": { "type": "LineString", "coordinates": [ [ -49.2435974, -25.4275631 ], [ -49.2444453, -25.4274988 ], [ -49.2447705, -25.4274742 ] ] } },
{ "type": "Feature", "properties": { "highway": "service", "traffic_signals:direction": null, "crossing": null, "crossing_ref": null, "maxspeed": null, "traffic_signals": null, "traffic_signals:sound": null, "amenity": null, "addr:city": null, "addr:country": null, "addr:housenumber": null, "addr:street": null, "bicycle": null, "crossing:markings": null, "button_operated": null, "crossing:island": null, "name": null, "wheelchair": null, "addr:suburb": null, "brand": null, "brand:wikidata": null, "brand:wikipedia": null, "healthcare": null, "railway": null, "crossing:barrier": null, "capacity": null, "cuisine": null, "delivery": null, "internet_access": null, "opening_hours": null, "phone": null, "smoking": null, "takeaway": null, "website": null, "addr:postcode": null, "operator": null, "alt_name": null, "shop": null, "building": null, "name:en": null, "name:pt": null, "office": null, "old_name": null, "fee": null, "service:bicycle:bicycle": null, "service:bicycle:dealer": null, "service:bicycle:ebike": null, "service:bicycle:repair": null, "service:bicycle:sales": null, "direction": null, "stop": null, "bus": null, "public_transport": null, "brewery": null, "level": null, "microbrewery": null, "outdoor_seating": null, "payment:american_express": null, "payment:cards": null, "payment:credit_cards": null, "payment:cryptocurrencies": null, "payment:debit_cards": null, "payment:maestro": null, "payment:mastercard": null, "payment:notes": null, "payment:visa": null, "payment:visa_electron": null, "start_date": null, "network": null, "network:wikidata": null, "ref": null, "source": null, "bridge": null, "layer": null, "oneway": null, "lanes": null, "lit": null, "short_name": null, "surface": null, "admin_level": null, "boundary": null, "loc_name": null, "foot": null, "maxheight": null, "width": null, "sidewalk": null, "destination": null, "leisure": null, "email": null, "service:bicycle:cleaning": null, "service:bicycle:diy": null, "service:bicycle:pump": null, "service:bicycle:rental": null, "service:bicycle:retail": null, "service:bicycle:second_hand": null, "bus:lanes": null, "source:alt_name": null, "segregated": null, "service:bicycle:chain_tool": null, "not:operator:wikidata": null, "note": null, "barrier": null, "service": "parking_aisle", "branch": null, "contact:phone": null, "bin": null, "covered": null, "passenger_information_display": null, "shelter": null, "tactile_paving": null, "footway": null, "payment:cash": null, "payment:coins": null, "area": null, "addr:place": null, "access": null, "opening_hours:covid19": null, "addr:state": null, "cycleway": null, "incline": null, "hazard": null, "orientation": null, "parking": null, "type": null, "addr:district": null, "box_id": 1, "provider": "osmnx" }, "geometry": { "type": "LineString", "coordinates": [ [ -49.2510659, -25.4272528 ], [ -49.2508782, -25.4272552 ], [ -49.2508668, -25.4272498 ], [ -49.2508614, -25.4272389 ], [ -49.2508581, -25.4271396 ], [ -49.2508607, -25.4271299 ], [ -49.2508708, -25.4271244 ], [ -49.2510561, -25.4271148 ] ] } },
{ "type": "Feature", "properties": { "highway": "primary", "traffic_signals:direction": null, "crossing": null, "crossing_ref": null, "maxspeed": "50", "traffic_signals": null, "traffic_signals:sound": null, "amenity": null, "addr:city": null, "addr:country": null, "addr:housenumber": null, "addr:street": null, "bicycle": null, "crossing:markings": null, "button_operated": null, "crossing:island": null, "name": "Rua XV de Novembro", "wheelchair": null, "addr:suburb": null, "brand": null, "brand:wikidata": null, "brand:wikipedia": null, "healthcare": null, "railway": null, "crossing:barrier": null, "capacity": null, "cuisine": null, "delivery": null, "internet_access": null, "opening_hours": null, "phone": null, "smoking": null, "takeaway": null, "website": null, "addr:postcode": null, "operator": null, "alt_name": "Rua Quinze de Novembro", "shop": null, "building": null, "name:en": null, "name:pt": null, "office": null, "old_name": null, "fee": null, "service:bicycle:bicycle": null, "service:bicycle:dealer": null, "service:bicycle:ebike": null, "service:bicycle:repair": null, "service:bicycle:sales": null, "direction": null, "stop": null, "bus": null, "public_transport": null, "brewery": null, "level": null, "microbrewery": null, "outdoor_seating": null, "payment:american_express": null, "payment:cards": null, "payment:credit_cards": null, "payment:cryptocurrencies": null, "payment:debit_cards": null, "payment:maestro": null, "payment:mastercard": null, "payment:notes": null, "payment:visa": null, "payment:visa_electron": null, "start_date": null, "network": null, "network:wikidata": null, "ref": null, "source": null, "bridge": null, "layer": null, "oneway": "yes", "lanes": "3", "lit": "yes", "short_name": "Rua 15 de Novembro", "surface": "asphalt", "admin_level": null, "boundary": null, "loc_name": null, "foot": null, "maxheight": null, "width": null, "sidewalk": null, "destination": null, "leisure": null, "email": null, "service:bicycle:cleaning": null, "service:bicycle:diy": null, "service:bicycle:pump": null, "service:bicycle:rental": null, "service:bicycle:retail": null, "service:bicycle:second_hand": null, "bus:lanes": "yes|yes|designated", "source:alt_name": null, "segregated": null, "service:bicycle:chain_tool": null, "not:operator:wikidata": null, "note": null, "barrier": null, "service": null, "branch": null, "contact:phone": null, "bin": null, "covered": null, "passenger_information_display": null, "shelter": null, "tactile_paving": null, "footway": null, "payment:cash": null, "payment:coins": null, "area": null, "addr:place": null, "access": null, "opening_hours:covid19": null, "addr:state": null, "cycleway": null, "incline": null, "hazard": null, "orientation": null, "parking": null, "type": null, "addr:district": null, "box_id": 1, "provider": "osmnx" }, "geometry": { "type": "LineString", "coordinates": [ [ -49.2489405, -25.4271214 ], [ -49.2501834, -25.4270142 ], [ -49.2506673, -25.4269733 ], [ -49.2510451, -25.4269413 ], [ -49.251283169607461, -25.426921136531178 ] ] } },
{ "type": "Feature", "properties": { "highway": "service", "traffic_signals:direction": null, "crossing": null, "crossing_ref": null, "maxspeed": null, "traffic_signals": null, "traffic_signals:sound": null, "amenity": null, "addr:city": null, "addr:country": null, "addr:housenumber": null, "addr:street": null, "bicycle": null, "crossing:markings": null, "button_operated": null, "crossing:island": null, "name": null, "wheelchair": null, "addr:suburb": null, "brand": null, "brand:wikidata": null, "brand:wikipedia": null, "healthcare": null, "railway": null, "crossing:barrier": null, "capacity": null, "cuisine": null, "delivery": null, "internet_access": null, "opening_hours": null, "phone": null, "smoking": null, "takeaway": null, "website": null, "addr:postcode": null, "operator": null, "alt_name": null, "shop": null, "building": null, "name:en": null, "name:pt": null, "office": null, "old_name": null, "fee": null, "service:bicycle:bicycle": null, "service:bicycle:dealer": null, "service:bicycle:ebike": null, "service:bicycle:repair": null, "service:bicycle:sales": null, "direction": null, "stop": null, "bus": null, "public_transport": null, "brewery": null, "level": null, "microbrewery": null, "outdoor_seating": null, "payment:american_express": null, "payment:cards": null, "payment:credit_cards": null, "payment:cryptocurrencies": null, "payment:debit_cards": null, "payment:maestro": null, "payment:mastercard": null, "payment:notes": null, "payment:visa": null, "payment:visa_electron": null, "start_date": null, "network": null, "network:wikidata": null, "ref": null, "source": null, "bridge": null, "layer": null, "oneway": null, "lanes": null, "lit": null, "short_name": null, "surface": null, "admin_level": null, "boundary": null, "loc_name": null, "foot": null, "maxheight": null, "width": null, "sidewalk": null, "destination": null, "leisure": null, "email": null, "service:bicycle:cleaning": null, "service:bicycle:diy": null, "service:bicycle:pump": null, "service:bicycle:rental": null, "service:bicycle:retail": null, "service:bicycle:second_hand": null, "bus:lanes": null, "source:alt_name": null, "segregated": null, "service:bicycle:chain_tool": null, "not:operator:wikidata": null, "note": null, "barrier": null, "service": null, "branch": null, "contact:phone": null, "bin": null, "covered": null, "passenger_information_display": null, "shelter": null, "tactile_paving": null, "footway": null, "payment:cash": null, "payment:coins": null, "area": null, "addr:place": null, "access": null, "opening_hours:covid19": null, "addr:state": null, "cycleway": null, "incline": null, "hazard": null, "orientation": null, "parking": null, "type": null, "addr:district": null, "box_id": 1, "provider": "osmnx" }, "geometry": { "type": "LineString", "coordinates": [ [ -49.2506495, -25.4266436 ], [ -49.2506609, -25.4269064 ], [ -49.2506673, -25.4269733 ] ] } },
{ "type": "Feature", "properties": { "highway": "service", "traffic_signals:direction": null, "crossing": null, "crossing_ref": null, "maxspeed": null, "traffic_signals": null, "traffic_signals:sound": null, "amenity": null, "addr:city": null, "addr:country": null, "addr:housenumber": null, "addr:street": null, "bicycle": null, "crossing:markings": null, "button_operated": null, "crossing:island": null, "name": null, "wheelchair": null, "addr:suburb": null, "brand": null, "brand:wikidata": null, "brand:wikipedia": null, "healthcare": null, "railway": null, "crossing:barrier": null, "capacity": null, "cuisine": null, "delivery": null, "internet_access": null, "opening_hours": null, "phone": null, "smoking": null, "takeaway": null, "website": null, "addr:postcode": null, "operator": null, "alt_name": null, "shop": null, "building": null, "name:en": null, "name:pt": null, "office": null, "old_name": null, "fee": null, "service:bicycle:bicycle": null, "service:bicycle:dealer": null, "service:bicycle:ebike": null, "service:bicycle:repair": null, "service:bicycle:sales": null, "direction": null, "stop": null, "bus": null, "public_transport": null, "brewery": null, "level": null, "microbrewery": null, "outdoor_seating": null, "payment:american_express": null, "payment:cards": null, "payment:credit_cards": null, "payment:cryptocurrencies": null, "payment:debit_cards": null, "payment:maestro": null, "payment:mastercard": null, "payment:notes": null, "payment:visa": null, "payment:visa_electron": null, "start_date": null, "network": null, "network:wikidata": null, "ref": null, "source": null, "bridge": null, "layer": null, "oneway": null, "lanes": null, "lit": null, "short_name": null, "surface": null, "admin_level": null, "boundary": null, "loc_name": null, "foot": null, "maxheight": null, "width": null, "sidewalk": null, "destination": null, "leisure": null, "email": null, "service:bicycle:cleaning": null, "service:bicycle:diy": null, "service:bicycle:pump": null, "service:bicycle:rental": null, "service:bicycle:retail": null, "service:bicycle:second_hand": null, "bus:lanes": null, "source:alt_name": null, "segregated": null, "service:bicycle:chain_tool": null, "not:operator:wikidata": null, "note": null, "barrier": null, "service": null, "branch": null, "contact:phone": null, "bin": null, "covered": null, "passenger_information_display": null, "shelter": null, "tactile_paving": null, "footway": null, "payment:cash": null, "payment:coins": null, "area": null, "addr:place": null, "access": null, "opening_hours:covid19": null, "addr:state": null, "cycleway": null, "incline": null, "hazard": null, "orientation": null, "parking": null, "type": null, "addr:district": null, "box_id": 1, "provider": "osmnx" }, "geometry": { "type": "LineString", "coordinates": [ [ -49.25128767107811, -25.42660926807109 ], [ -49.2512827, -25.4266095 ] ] } },
{ "type": "Feature", "properties": { "highway": "service", "traffic_signals:direction": null, "crossing": null, "crossing_ref": null, "maxspeed": null, "traffic_signals": null, "traffic_signals:sound": null, "amenity": null, "addr:city": null, "addr:country": null, "addr:housenumber": null, "addr:street": null, "bicycle": null, "crossing:markings": null, "button_operated": null, "crossing:island": null, "name": null, "wheelchair": null, "addr:suburb": null, "brand": null, "brand:wikidata": null, "brand:wikipedia": null, "healthcare": null, "railway": null, "crossing:barrier": null, "capacity": null, "cuisine": null, "delivery": null, "internet_access": null, "opening_hours": null, "phone": null, "smoking": null, "takeaway": null, "website": null, "addr:postcode": null, "operator": null, "alt_name": null, "shop": null, "building": null, "name:en": null, "name:pt": null, "office": null, "old_name": null, "fee": null, "service:bicycle:bicycle": null, "service:bicycle:dealer": null, "service:bicycle:ebike": null, "service:bicycle:repair": null, "service:bicycle:sales": null, "direction": null, "stop": null, "bus": null, "public_transport": null, "brewery": null, "level": null, "microbrewery": null, "outdoor_seating": null, "payment:american_express": null, "payment:cards": null, "payment:credit_cards": null, "payment:cryptocurrencies": null, "payment:debit_cards": null, "payment:maestro": null, "payment:mastercard": null, "payment:notes": null, "payment:visa": null, "payment:visa_electron": null, "start_date": null, "network": null, "network:wikidata": null, "ref": null, "source": null, "bridge": null, "layer": null, "oneway": null, "lanes": null, "lit": null, "short_name": null, "surface": null, "admin_level": null, "boundary": null, "loc_name": null, "foot": null, "maxheight": null, "width": null, "sidewalk": null, "destination": null, "leisure": null, "email": null, "service:bicycle:cleaning": null, "service:bicycle:diy": null, "service:bicycle:pump": null, "service:bicycle:rental": null, "service:bicycle:retail": null, "service:bicycle:second_hand": null, "bus:lanes": null, "source:alt_name": null, "segregated": null, "service:bicycle:chain_tool": null, "not:operator:wikidata": null, "note": null, "barrier": null, "service": null, "branch": null, "contact:phone": null, "bin": null, "covered": null, "passenger_information_display": null, "shelter": null, "tactile_paving": null, "footway": null, "payment:cash": null, "payment:coins": null, "area": null, "addr:place": null, "access": null, "opening_hours:covid19": null, "addr:state": null, "cycleway": null, "incline": null, "hazard": null, "orientation": null, "parking": null, "type": null, "addr:district": null, "box_id": 1, "provider": "osmnx" }, "geometry": { "type": "LineString", "coordinates": [ [ -49.2512565, -25.4263252 ], [ -49.2512718, -25.4264806 ], [ -49.2512827, -25.4266095 ], [ -49.251287002956992, -25.42665555647762 ] ] } },
{ "type": "Feature", "properties": { "highway": "service", "traffic_signals:direction": null, "crossing": null, "crossing_ref": null, "maxspeed": null, "traffic_signals": null, "traffic_signals:sound": null, "amenity": null, "addr:city": null, "addr:country": null, "addr:housenumber": null, "addr:street": null, "bicycle": null, "crossing:markings": null, "button_operated": null, "crossing:island": null, "name": null, "wheelchair": null, "addr:suburb": null, "brand": null, "brand:wikidata": null, "brand:wikipedia": null, "healthcare": null, "railway": null, "crossing:barrier": null, "capacity": null, "cuisine": null, "delivery": null, "internet_access": null, "opening_hours": null, "phone": null, "smoking": null, "takeaway": null, "website": null, "addr:postcode": null, "operator": null, "alt_name": null, "shop": null, "building": null, "name:en": null, "name:pt": null, "office": null, "old_name": null, "fee": null, "service:bicycle:bicycle": null, "service:bicycle:dealer": null, "service:bicycle:ebike": null, "service:bicycle:repair": null, "service:bicycle:sales": null, "direction": null, "stop": null, "bus": null, "public_transport": null, "brewery": null, "level": null, "microbrewery": null, "outdoor_seating": null, "payment:american_express": null, "payment:cards": null, "payment:credit_cards": null, "payment:cryptocurrencies": null, "payment:debit_cards": null, "payment:maestro": null, "payment:mastercard": null, "payment:notes": null, "payment:visa": null, "payment:visa_electron": null, "start_date": null, "network": null, "network:wikidata": null, "ref": null, "source": null, "bridge": null, "layer": null, "oneway": null, "lanes": null, "lit": null, "short_name": null, "surface": null, "admin_level": null, "boundary": null, "loc_name": null, "foot": null, "maxheight": null, "width": null, "sidewalk": null, "destination": null, "leisure": null, "email": null, "service:bicycle:cleaning": null, "service:bicycle:diy": null, "service:bicycle:pump": null, "service:bicycle:rental": null, "service:bicycle:retail": null, "service:bicycle:second_hand": null, "bus:lanes": null, "source:alt_name": null, "segregated": null, "service:bicycle:chain_tool": null, "not:operator:wikidata": null, "note": null, "barrier": null, "service": null, "branch": null, "contact:phone": null, "bin": null, "covered": null, "passenger_information_display": null, "shelter": null, "tactile_paving": null, "footway": null, "payment:cash": null, "payment:coins": null, "area": null, "addr:place": null, "access": null, "opening_hours:covid19": null, "addr:state": null, "cycleway": null, "incline": null, "hazard": null, "orientation": null, "parking": null, "type": null, "addr:district": null, "box_id": 1, "provider": "osmnx" }, "geometry": { "type": "LineString", "coordinates": [ [ -49.25128954430491, -25.426479488182746 ], [ -49.2512718, -25.4264806 ] ] } },
{ "type": "Feature", "properties": { "highway": "residential", "traffic_signals:direction": null, "crossing": null, "crossing_ref": null, "maxspeed": null, "traffic_signals": null, "traffic_signals:sound": null, "amenity": null, "addr:city": null, "addr:country": null, "addr:housenumber": null, "addr:street": null, "bicycle": null, "crossing:markings": null, "button_operated": null, "crossing:island": null, "name": "Rua Schiller", "wheelchair": null, "addr:suburb": null, "brand": null, "brand:wikidata": null, "brand:wikipedia": null, "healthcare": null, "railway": null, "crossing:barrier": null, "capacity": null, "cuisine": null, "delivery": null, "internet_access": null, "opening_hours": null, "phone": null, "smoking": null, "takeaway": null, "website": null, "addr:postcode": null, "operator": null, "alt_name": null, "shop": null, "building": null, "name:en": null, "name:pt": null, "office": null, "old_name": null, "fee": null, "service:bicycle:bicycle": null, "service:bicycle:dealer": null, "service:bicycle:ebike": null, "service:bicycle:repair": null, "service:bicycle:sales": null, "direction": null, "stop": null, "bus": null, "public_transport": null, "brewery": null, "level": null, "microbrewery": null, "outdoor_seating": null, "payment:american_express": null, "payment:cards": null, "payment:credit_cards": null, "payment:cryptocurrencies": null, "payment:debit_cards": null, "payment:maestro": null, "payment:mastercard": null, "payment:notes": null, "payment:visa": null, "payment:visa_electron": null, "start_date": null, "network": null, "network:wikidata": null, "ref": null, "source": null, "bridge": null, "layer": null, "oneway": null, "lanes": "2", "lit": null, "short_name": null, "surface": "sett", "admin_level": null, "boundary": null, "loc_name": null, "foot": null, "maxheight": null, "width": null, "sidewalk": null, "destination": null, "leisure": null, "email": null, "service:bicycle:cleaning": null, "service:bicycle:diy": null, "service:bicycle:pump": null, "service:bicycle:rental": null, "service:bicycle:retail": null, "service:bicycle:second_hand": null, "bus:lanes": null, "source:alt_name": null, "segregated": null, "service:bicycle:chain_tool": null, "not:operator:wikidata": null, "note": null, "barrier": null, "service": null, "branch": null, "contact:phone": null, "bin": null, "covered": null, "passenger_information_display": null, "shelter": null, "tactile_paving": null, "footway": null, "payment:cash": null, "payment:coins": null, "area": null, "addr:place": null, "access": null, "opening_hours:covid19": null, "addr:state": null, "cycleway": null, "incline": null, "hazard": null, "orientation": null, "parking": null, "type": null, "addr:district": null, "box_id": 1, "provider": "osmnx" }, "geometry": { "type": "LineString", "coordinates": [ [ -49.2500594, -25.4257947 ], [ -49.2500642, -25.4258413 ], [ -49.2500689, -25.4258878 ], [ -49.2500738, -25.4259359 ], [ -49.2501191, -25.4263817 ], [ -49.250175, -25.4269314 ], [ -49.2501834, -25.4270142 ] ] } },
{ "type": "Feature", "properties": { "highway": "service", "traffic_signals:direction": null, "crossing": null, "crossing_ref": null, "maxspeed": null, "traffic_signals": null, "traffic_signals:sound": null, "amenity": null, "addr:city": null, "addr:country": null, "addr:housenumber": null, "addr:street": null, "bicycle": null, "crossing:markings": null, "button_operated": null, "crossing:island": null, "name": null, "wheelchair": null, "addr:suburb": null, "brand": null, "brand:wikidata": null, "brand:wikipedia": null, "healthcare": null, "railway": null, "crossing:barrier": null, "capacity": null, "cuisine": null, "delivery": null, "internet_access": null, "opening_hours": null, "phone": null, "smoking": null, "takeaway": null, "website": null, "addr:postcode": null, "operator": null, "alt_name": null, "shop": null, "building": null, "name:en": null, "name:pt": null, "office": null, "old_name": null, "fee": null, "service:bicycle:bicycle": null, "service:bicycle:dealer": null, "service:bicycle:ebike": null, "service:bicycle:repair": null, "service:bicycle:sales": null, "direction": null, "stop": null, "bus": null, "public_transport": null, "brewery": null, "level": null, "microbrewery": null, "outdoor_seating": null, "payment:american_express": null, "payment:cards": null, "payment:credit_cards": null, "payment:cryptocurrencies": null, "payment:debit_cards": null, "payment:maestro": null, "payment:mastercard": null, "payment:notes": null, "payment:visa": null, "payment:visa_electron": null, "start_date": null, "network": null, "network:wikidata": null, "ref": null, "source": null, "bridge": null, "layer": null, "oneway": null, "lanes": null, "lit": null, "short_name": null, "surface": null, "admin_level": null, "boundary": null, "loc_name": null, "foot": null, "maxheight": null, "width": null, "sidewalk": null, "destination": null, "leisure": null, "email": null, "service:bicycle:cleaning": null, "service:bicycle:diy": null, "service:bicycle:pump": null, "service:bicycle:rental": null, "service:bicycle:retail": null, "service:bicycle:second_hand": null, "bus:lanes": null, "source:alt_name": null, "segregated": null, "service:bicycle:chain_tool": null, "not:operator:wikidata": null, "note": null, "barrier": null, "service": null, "branch": null, "contact:phone": null, "bin": null, "covered": null, "passenger_information_display": null, "shelter": null, "tactile_paving": null, "footway": null, "payment:cash": null, "payment:coins": null, "area": null, "addr:place": null, "access": null, "opening_hours:covid19": null, "addr:state": null, "cycleway": null, "incline": null, "hazard": null, "orientation": null, "parking": null, "type": null, "addr:district": null, "box_id": 1, "provider": "osmnx" }, "geometry": { "type": "LineString", "coordinates": [ [ -49.251291781249741, -25.426324509378169 ], [ -49.2512565, -25.4263252 ] ] } },
{ "type": "Feature", "properties": { "highway": "service", "traffic_signals:direction": null, "crossing": null, "crossing_ref": null, "maxspeed": null, "traffic_signals": null, "traffic_signals:sound": null, "amenity": null, "addr:city": null, "addr:country": null, "addr:housenumber": null, "addr:street": null, "bicycle": null, "crossing:markings": null, "button_operated": null, "crossing:island": null, "name": null, "wheelchair": null, "addr:suburb": null, "brand": null, "brand:wikidata": null, "brand:wikipedia": null, "healthcare": null, "railway": null, "crossing:barrier": null, "capacity": null, "cuisine": null, "delivery": null, "internet_access": null, "opening_hours": null, "phone": null, "smoking": null, "takeaway": null, "website": null, "addr:postcode": null, "operator": null, "alt_name": null, "shop": null, "building": null, "name:en": null, "name:pt": null, "office": null, "old_name": null, "fee": null, "service:bicycle:bicycle": null, "service:bicycle:dealer": null, "service:bicycle:ebike": null, "service:bicycle:repair": null, "service:bicycle:sales": null, "direction": null, "stop": null, "bus": null, "public_transport": null, "brewery": null, "level": null, "microbrewery": null, "outdoor_seating": null, "payment:american_express": null, "payment:cards": null, "payment:credit_cards": null, "payment:cryptocurrencies": null, "payment:debit_cards": null, "payment:maestro": null, "payment:mastercard": null, "payment:notes": null, "payment:visa": null, "payment:visa_electron": null, "start_date": null, "network": null, "network:wikidata": null, "ref": null, "source": null, "bridge": null, "layer": null, "oneway": null, "lanes": null, "lit": null, "short_name": null, "surface": null, "admin_level": null, "boundary": null, "loc_name": null, "foot": null, "maxheight": null, "width": null, "sidewalk": null, "destination": null, "leisure": null, "email": null, "service:bicycle:cleaning": null, "service:bicycle:diy": null, "service:bicycle:pump": null, "service:bicycle:rental": null, "service:bicycle:retail": null, "service:bicycle:second_hand": null, "bus:lanes": null, "source:alt_name": null, "segregated": null, "service:bicycle:chain_tool": null, "not:operator:wikidata": null, "note": null, "barrier": null, "service": null, "branch": null, "contact:phone": null, "bin": null, "covered": null, "passenger_information_display": null, "shelter": null, "tactile_paving": null, "footway": null, "payment:cash": null, "payment:coins": null, "area": null, "addr:place": null, "access": null, "opening_hours:covid19": null, "addr:state": null, "cycleway": null, "incline": null, "hazard": null, "orientation": null, "parking": null, "type": null, "addr:district": null, "box_id": 1, "provider": "osmnx" }, "geometry": { "type": "LineString", "coordinates": [ [ -49.251013, -25.4263383 ], [ -49.2508802, -25.4263432 ], [ -49.2508695, -25.4263383 ], [ -49.2508621, -25.4263262 ], [ -49.2508364, -25.4260204 ], [ -49.2508386, -25.4260113 ], [ -49.2508487, -25.4260059 ], [ -49.2509928, -25.4260041 ] ] } },
{ "type": "Feature", "properties": { "highway": "service", "traffic_signals:direction": null, "crossing": null, "crossing_ref": null, "maxspeed": null, "traffic_signals": null, "traffic_signals:sound": null, "amenity": null, "addr:city": null, "addr:country": null, "addr:housenumber": null, "addr:street": null, "bicycle": null, "crossing:markings": null, "button_operated": null, "crossing:island": null, "name": null, "wheelchair": null, "addr:suburb": null, "brand": null, "brand:wikidata": null, "brand:wikipedia": null, "healthcare": null, "railway": null, "crossing:barrier": null, "capacity": null, "cuisine": null, "delivery": null, "internet_access": null, "opening_hours": null, "phone": null, "smoking": null, "takeaway": null, "website": null, "addr:postcode": null, "operator": null, "alt_name": null, "shop": null, "building": null, "name:en": null, "name:pt": null, "office": null, "old_name": null, "fee": null, "service:bicycle:bicycle": null, "service:bicycle:dealer": null, "service:bicycle:ebike": null, "service:bicycle:repair": null, "service:bicycle:sales": null, "direction": null, "stop": null, "bus": null, "public_transport": null, "brewery": null, "level": null, "microbrewery": null, "outdoor_seating": null, "payment:american_express": null, "payment:cards": null, "payment:credit_cards": null, "payment:cryptocurrencies": null, "payment:debit_cards": null, "payment:maestro": null, "payment:mastercard": null, "payment:notes": null, "payment:visa": null, "payment:visa_electron": null, "start_date": null, "network": null, "network:wikidata": null, "ref": null, "source": null, "bridge": null, "layer": null, "oneway": null, "lanes": null, "lit": null, "short_name": null, "surface": null, "admin_level": null, "boundary": null, "loc_name": null, "foot": null, "maxheight": null, "width": null, "sidewalk": null, "destination": null, "leisure": null, "email": null, "service:bicycle:cleaning": null, "service:bicycle:diy": null, "service:bicycle:pump": null, "service:bicycle:rental": null, "service:bicycle:retail": null, "service:bicycle:second_hand": null, "bus:lanes": null, "source:alt_name": null, "segregated": null, "service:bicycle:chain_tool": null, "not:operator:wikidata": null, "note": null, "barrier": null, "service": null, "branch": null, "contact:phone": null, "bin": null, "covered": null, "passenger_information_display": null, "shelter": null, "tactile_paving": null, "footway": null, "payment:cash": null, "payment:coins": null, "area": null, "addr:place": null, "access": null, "opening_hours:covid19": null, "addr:state": null, "cycleway": null, "incline": null, "hazard": null, "orientation": null, "parking": null, "type": null, "addr:district": null, "box_id": 1, "provider": "osmnx" }, "geometry": { "type": "LineString", "coordinates": [ [ -49.2512565, -25.4263252 ], [ -49.251013, -25.4263383 ], [ -49.2509928, -25.4260041 ] ] } },
{ "type": "Feature", "properties": { "highway": "service", "traffic_signals:direction": null, "crossing": null, "crossing_ref": null, "maxspeed": null, "traffic_signals": null, "traffic_signals:sound": null, "amenity": null, "addr:city": null, "addr:country": null, "addr:housenumber": null, "addr:street": null, "bicycle": null, "crossing:markings": null, "button_operated": null, "crossing:island": null, "name": null, "wheelchair": null, "addr:suburb": null, "brand": null, "brand:wikidata": null, "brand:wikipedia": null, "healthcare": null, "railway": null, "crossing:barrier": null, "capacity": null, "cuisine": null, "delivery": null, "internet_access": null, "opening_hours": null, "phone": null, "smoking": null, "takeaway": null, "website": null, "addr:postcode": null, "operator": null, "alt_name": null, "shop": null, "building": null, "name:en": null, "name:pt": null, "office": null, "old_name": null, "fee": null, "service:bicycle:bicycle": null, "service:bicycle:dealer": null, "service:bicycle:ebike": null, "service:bicycle:repair": null, "service:bicycle:sales": null, "direction": null, "stop": null, "bus": null, "public_transport": null, "brewery": null, "level": null, "microbrewery": null, "outdoor_seating": null, "payment:american_express": null, "payment:cards": null, "payment:credit_cards": null, "payment:cryptocurrencies": null, "payment:debit_cards": null, "payment:maestro": null, "payment:mastercard": null, "payment:notes": null, "payment:visa": null, "payment:visa_electron": null, "start_date": null, "network": null, "network:wikidata": null, "ref": null, "source": null, "bridge": null, "layer": null, "oneway": null, "lanes": null, "lit": null, "short_name": null, "surface": null, "admin_level": null, "boundary": null, "loc_name": null, "foot": null, "maxheight": null, "width": null, "sidewalk": null, "destination": null, "leisure": null, "email": null, "service:bicycle:cleaning": null, "service:bicycle:diy": null, "service:bicycle:pump": null, "service:bicycle:rental": null, "service:bicycle:retail": null, "service:bicycle:second_hand": null, "bus:lanes": null, "source:alt_name": null, "segregated": null, "service:bicycle:chain_tool": null, "not:operator:wikidata": null, "note": null, "barrier": null, "service": "parking_aisle", "branch": null, "contact:phone": null, "bin": null, "covered": null, "passenger_information_display": null, "shelter": null, "tactile_paving": null, "footway": null, "payment:cash": null, "payment:coins": null, "area": null, "addr:place": null, "access": null, "opening_hours:covid19": null, "addr:state": null, "cycleway": null, "incline": null, "hazard": null, "orientation": null, "parking": null, "type": null, "addr:district": null, "box_id": 1, "provider": "osmnx" }, "geometry": { "type": "LineString", "coordinates": [ [ -49.2486801, -25.427799 ], [ -49.2487087, -25.4282062 ] ] } },
{ "type": "Feature", "properties": { "highway": "cycleway", "traffic_signals:direction": null, "crossing": "uncontrolled", "crossing_ref": null, "maxspeed": null, "traffic_signals": null, "traffic_signals:sound": null, "amenity": null, "addr:city": null, "addr:country": null, "addr:housenumber": null, "addr:street": null, "bicycle": "designated", "crossing:markings": null, "button_operated": null, "crossing:island": null, "name": null, "wheelchair": null, "addr:suburb": null, "brand": null, "brand:wikidata": null, "brand:wikipedia": null, "healthcare": null, "railway": null, "crossing:barrier": null, "capacity": null, "cuisine": null, "delivery": null, "internet_access": null, "opening_hours": null, "phone": null, "smoking": null, "takeaway": null, "website": null, "addr:postcode": null, "operator": null, "alt_name": null, "shop": null, "building": null, "name:en": null, "name:pt": null, "office": null, "old_name": null, "fee": null, "service:bicycle:bicycle": null, "service:bicycle:dealer": null, "service:bicycle:ebike": null, "service:bicycle:repair": null, "service:bicycle:sales": null, "direction": null, "stop": null, "bus": null, "public_transport": null, "brewery": null, "level": null, "microbrewery": null, "outdoor_seating": null, "payment:american_express": null, "payment:cards": null, "payment:credit_cards": null, "payment:cryptocurrencies": null, "payment:debit_cards": null, "payment:maestro": null, "payment:mastercard": null, "payment:notes": null, "payment:visa": null, "payment:visa_electron": null, "start_date": null, "network": null, "network:wikidata": null, "ref": null, "source": null, "bridge": null, "layer": null, "oneway": null, "lanes": null, "lit": null, "short_name": null, "surface": "asphalt", "admin_level": null, "boundary": null, "loc_name": null, "foot": "designated", "maxheight": null, "width": null, "sidewalk": null, "destination": null, "leisure": null, "email": null, "service:bicycle:cleaning": null, "service:bicycle:diy": null, "service:bicycle:pump": null, "service:bicycle:rental": null, "service:bicycle:retail": null, "service:bicycle:second_hand": null, "bus:lanes": null, "source:alt_name": null, "segregated": null, "service:bicycle:chain_tool": null, "not:operator:wikidata": null, "note": null, "barrier": null, "service": null, "branch": null, "contact:phone": null, "bin": null, "covered": null, "passenger_information_display": null, "shelter": null, "tactile_paving": null, "footway": null, "payment:cash": null, "payment:coins": null, "area": null, "addr:place": null, "access": null, "opening_hours:covid19": null, "addr:state": null, "cycleway": "crossing", "incline": null, "hazard": null, "orientation": null, "parking": null, "type": null, "addr:district": null, "box_id": 1, "provider": "osmnx" }, "geometry": { "type": "LineString", "coordinates": [ [ -49.2488712, -25.4276981 ], [ -49.2488785, -25.4277828 ], [ -49.2488831, -25.427837 ] ] } },
{ "type": "Feature", "properties": { "highway": "tertiary", "traffic_signals:direction": null, "crossing": null, "crossing_ref": null, "maxspeed": null, "traffic_signals": null, "traffic_signals:sound": null, "amenity": null, "addr:city": null, "addr:country": null, "addr:housenumber": null, "addr:street": null, "bicycle": null, "crossing:markings": null, "button_operated": null, "crossing:island": null, "name": "Rua Padre Germano Mayer", "wheelchair": null, "addr:suburb": null, "brand": null, "brand:wikidata": null, "brand:wikipedia": null, "healthcare": null, "railway": null, "crossing:barrier": null, "capacity": null, "cuisine": null, "delivery": null, "internet_access": null, "opening_hours": null, "phone": null, "smoking": null, "takeaway": null, "website": null, "addr:postcode": null, "operator": null, "alt_name": null, "shop": null, "building": null, "name:en": null, "name:pt": null, "office": null, "old_name": null, "fee": null, "service:bicycle:bicycle": null, "service:bicycle:dealer": null, "service:bicycle:ebike": null, "service:bicycle:repair": null, "service:bicycle:sales": null, "direction": null, "stop": null, "bus": null, "public_transport": null, "brewery": null, "level": null, "microbrewery": null, "outdoor_seating": null, "payment:american_express": null, "payment:cards": null, "payment:credit_cards": null, "payment:cryptocurrencies": null, "payment:debit_cards": null, "payment:maestro": null, "payment:mastercard": null, "payment:notes": null, "payment:visa": null, "payment:visa_electron": null, "start_date": null, "network": null, "network:wikidata": null, "ref": null, "source": null, "bridge": null, "layer": null, "oneway": null, "lanes": null, "lit": null, "short_name": null, "surface": "asphalt", "admin_level": null, "boundary": null, "loc_name": null, "foot": null, "maxheight": null, "width": null, "sidewalk": null, "destination": null, "leisure": null, "email": null, "service:bicycle:cleaning": null, "service:bicycle:diy": null, "service:bicycle:pump": null, "service:bicycle:rental": null, "service:bicycle:retail": null, "service:bicycle:second_hand": null, "bus:lanes": null, "source:alt_name": null, "segregated": null, "service:bicycle:chain_tool": null, "not:operator:wikidata": null, "note": null, "barrier": null, "service": null, "branch": null, "contact:phone": null, "bin": null, "covered": null, "passenger_information_display": null, "shelter": null, "tactile_paving": null, "footway": null, "payment:cash": null, "payment:coins": null, "area": null, "addr:place": null, "access": null, "opening_hours:covid19": null, "addr:state": null, "cycleway": null, "incline": null, "hazard": null, "orientation": null, "parking": null, "type": null, "addr:district": null, "box_id": 1, "provider": "osmnx" }, "geometry": { "type": "LineString", "coordinates": [ [ -49.2490063, -25.4277724 ], [ -49.2489405, -25.4271214 ] ] } },
{ "type": "Feature", "properties": { "highway": "cycleway", "traffic_signals:direction": null, "crossing": null, "crossing_ref": null, "maxspeed": null, "traffic_signals": null, "traffic_signals:sound": null, "amenity": null, "addr:city": null, "addr:country": null, "addr:housenumber": null, "addr:street": null, "bicycle": "designated", "crossing:markings": null, "button_operated": null, "crossing:island": null, "name": null, "wheelchair": null, "addr:suburb": null, "brand": null, "brand:wikidata": null, "brand:wikipedia": null, "healthcare": null, "railway": null, "crossing:barrier": null, "capacity": null, "cuisine": null, "delivery": null, "internet_access": null, "opening_hours": null, "phone": null, "smoking": null, "takeaway": null, "website": null, "addr:postcode": null, "operator": null, "alt_name": null, "shop": null, "building": null, "name:en": null, "name:pt": null, "office": null, "old_name": null, "fee": null, "service:bicycle:bicycle": null, "service:bicycle:dealer": null, "service:bicycle:ebike": null, "service:bicycle:repair": null, "service:bicycle:sales": null, "direction": null, "stop": null, "bus": null, "public_transport": null, "brewery": null, "level": null, "microbrewery": null, "outdoor_seating": null, "payment:american_express": null, "payment:cards": null, "payment:credit_cards": null, "payment:cryptocurrencies": null, "payment:debit_cards": null, "payment:maestro": null, "payment:mastercard": null, "payment:notes": null, "payment:visa": null, "payment:visa_electron": null, "start_date": null, "network": null, "network:wikidata": null, "ref": null, "source": null, "bridge": null, "layer": null, "oneway": null, "lanes": null, "lit": null, "short_name": null, "surface": "asphalt", "admin_level": null, "boundary": null, "loc_name": null, "foot": "designated", "maxheight": null, "width": null, "sidewalk": null, "destination": null, "leisure": null, "email": null, "service:bicycle:cleaning": null, "service:bicycle:diy": null, "service:bicycle:pump": null, "service:bicycle:rental": null, "service:bicycle:retail": null, "service:bicycle:second_hand": null, "bus:lanes": null, "source:alt_name": null, "segregated": "no", "service:bicycle:chain_tool": null, "not:operator:wikidata": null, "note": null, "barrier": null, "service": null, "branch": null, "contact:phone": null, "bin": null, "covered": null, "passenger_information_display": null, "shelter": null, "tactile_paving": null, "footway": null, "payment:cash": null, "payment:coins": null, "area": null, "addr:place": null, "access": null, "opening_hours:covid19": null, "addr:state": null, "cycleway": null, "incline": null, "hazard": null, "orientation": null, "parking": null, "type": null, "addr:district": null, "box_id": 1, "provider": "osmnx" }, "geometry": { "type": "LineString", "coordinates": [ [ -49.2488199, -25.4271886 ], [ -49.2488712, -25.4276981 ] ] } },
{ "type": "Feature", "properties": { "highway": "cycleway", "traffic_signals:direction": null, "crossing": "uncontrolled", "crossing_ref": null, "maxspeed": null, "traffic_signals": null, "traffic_signals:sound": null, "amenity": null, "addr:city": null, "addr:country": null, "addr:housenumber": null, "addr:street": null, "bicycle": "designated", "crossing:markings": null, "button_operated": null, "crossing:island": null, "name": null, "wheelchair": null, "addr:suburb": null, "brand": null, "brand:wikidata": null, "brand:wikipedia": null, "healthcare": null, "railway": null, "crossing:barrier": null, "capacity": null, "cuisine": null, "delivery": null, "internet_access": null, "opening_hours": null, "phone": null, "smoking": null, "takeaway": null, "website": null, "addr:postcode": null, "operator": null, "alt_name": null, "shop": null, "building": null, "name:en": null, "name:pt": null, "office": null, "old_name": null, "fee": null, "service:bicycle:bicycle": null, "service:bicycle:dealer": null, "service:bicycle:ebike": null, "service:bicycle:repair": null, "service:bicycle:sales": null, "direction": null, "stop": null, "bus": null, "public_transport": null, "brewery": null, "level": null, "microbrewery": null, "outdoor_seating": null, "payment:american_express": null, "payment:cards": null, "payment:credit_cards": null, "payment:cryptocurrencies": null, "payment:debit_cards": null, "payment:maestro": null, "payment:mastercard": null, "payment:notes": null, "payment:visa": null, "payment:visa_electron": null, "start_date": null, "network": null, "network:wikidata": null, "ref": null, "source": null, "bridge": null, "layer": null, "oneway": null, "lanes": null, "lit": null, "short_name": null, "surface": "asphalt", "admin_level": null, "boundary": null, "loc_name": null, "foot": "designated", "maxheight": null, "width": null, "sidewalk": null, "destination": null, "leisure": null, "email": null, "service:bicycle:cleaning": null, "service:bicycle:diy": null, "service:bicycle:pump": null, "service:bicycle:rental": null, "service:bicycle:retail": null, "service:bicycle:second_hand": null, "bus:lanes": null, "source:alt_name": null, "segregated": null, "service:bicycle:chain_tool": null, "not:operator:wikidata": null, "note": null, "barrier": null, "service": null, "branch": null, "contact:phone": null, "bin": null, "covered": null, "passenger_information_display": null, "shelter": null, "tactile_paving": null, "footway": null, "payment:cash": null, "payment:coins": null, "area": null, "addr:place": null, "access": null, "opening_hours:covid19": null, "addr:state": null, "cycleway": "crossing", "incline": null, "hazard": null, "orientation": null, "parking": null, "type": null, "addr:district": null, "box_id": 1, "provider": "osmnx" }, "geometry": { "type": "LineString", "coordinates": [ [ -49.2488049, -25.4270494 ], [ -49.2488138, -25.4271324 ], [ -49.2488199, -25.4271886 ] ] } },
{ "type": "Feature", "properties": { "highway": "residential", "traffic_signals:direction": null, "crossing": null, "crossing_ref": null, "maxspeed": null, "traffic_signals": null, "traffic_signals:sound": null, "amenity": null, "addr:city": null, "addr:country": null, "addr:housenumber": null, "addr:street": null, "bicycle": null, "crossing:markings": null, "button_operated": null, "crossing:island": null, "name": "Rua Flávio Dallegrave", "wheelchair": null, "addr:suburb": null, "brand": null, "brand:wikidata": null, "brand:wikipedia": null, "healthcare": null, "railway": null, "crossing:barrier": null, "capacity": null, "cuisine": null, "delivery": null, "internet_access": null, "opening_hours": null, "phone": null, "smoking": null, "takeaway": null, "website": null, "addr:postcode": null, "operator": null, "alt_name": null, "shop": null, "building": null, "name:en": null, "name:pt": null, "office": null, "old_name": null, "fee": null, "service:bicycle:bicycle": null, "service:bicycle:dealer": null, "service:bicycle:ebike": null, "service:bicycle:repair": null, "service:bicycle:sales": null, "direction": null, "stop": null, "bus": null, "public_transport": null, "brewery": null, "level": null, "microbrewery": null, "outdoor_seating": null, "payment:american_express": null, "payment:cards": null, "payment:credit_cards": null, "payment:cryptocurrencies": null, "payment:debit_cards": null, "payment:maestro": null, "payment:mastercard": null, "payment:notes": null, "payment:visa": null, "payment:visa_electron": null, "start_date": null, "network": null, "network:wikidata": null, "ref": null, "source": null, "bridge": null, "layer": null, "oneway": null, "lanes": null, "lit": null, "short_name": null, "surface": null, "admin_level": null, "boundary": null, "loc_name": null, "foot": null, "maxheight": null, "width": null, "sidewalk": null, "destination": null, "leisure": null, "email": null, "service:bicycle:cleaning": null, "service:bicycle:diy": null, "service:bicycle:pump": null, "service:bicycle:rental": null, "service:bicycle:retail": null, "service:bicycle:second_hand": null, "bus:lanes": null, "source:alt_name": null, "segregated": null, "service:bicycle:chain_tool": null, "not:operator:wikidata": null, "note": null, "barrier": null, "service": null, "branch": null, "contact:phone": null, "bin": null, "covered": null, "passenger_information_display": null, "shelter": null, "tactile_paving": null, "footway": null, "payment:cash": null, "payment:coins": null, "area": null, "addr:place": null, "access": null, "opening_hours:covid19": null, "addr:state": null, "cycleway": null, "incline": null, "hazard": null, "orientation": null, "parking": null, "type": null, "addr:district": null, "box_id": 1, "provider": "osmnx" }, "geometry": { "type": "LineString", "coordinates": [ [ -49.2483941, -25.4259981 ], [ -49.2485099, -25.4268631 ], [ -49.2485122, -25.4269573 ], [ -49.2484999, -25.4271618 ] ] } },
{ "type": "Feature", "properties": { "highway": "service", "traffic_signals:direction": null, "crossing": null, "crossing_ref": null, "maxspeed": null, "traffic_signals": null, "traffic_signals:sound": null, "amenity": null, "addr:city": null, "addr:country": null, "addr:housenumber": null, "addr:street": null, "bicycle": null, "crossing:markings": null, "button_operated": null, "crossing:island": null, "name": null, "wheelchair": null, "addr:suburb": null, "brand": null, "brand:wikidata": null, "brand:wikipedia": null, "healthcare": null, "railway": null, "crossing:barrier": null, "capacity": null, "cuisine": null, "delivery": null, "internet_access": null, "opening_hours": null, "phone": null, "smoking": null, "takeaway": null, "website": null, "addr:postcode": null, "operator": null, "alt_name": null, "shop": null, "building": null, "name:en": null, "name:pt": null, "office": null, "old_name": null, "fee": null, "service:bicycle:bicycle": null, "service:bicycle:dealer": null, "service:bicycle:ebike": null, "service:bicycle:repair": null, "service:bicycle:sales": null, "direction": null, "stop": null, "bus": null, "public_transport": null, "brewery": null, "level": null, "microbrewery": null, "outdoor_seating": null, "payment:american_express": null, "payment:cards": null, "payment:credit_cards": null, "payment:cryptocurrencies": null, "payment:debit_cards": null, "payment:maestro": null, "payment:mastercard": null, "payment:notes": null, "payment:visa": null, "payment:visa_electron": null, "start_date": null, "network": null, "network:wikidata": null, "ref": null, "source": null, "bridge": null, "layer": null, "oneway": null, "lanes": null, "lit": null, "short_name": null, "surface": null, "admin_level": null, "boundary": null, "loc_name": null, "foot": null, "maxheight": null, "width": null, "sidewalk": null, "destination": null, "leisure": null, "email": null, "service:bicycle:cleaning": null, "service:bicycle:diy": null, "service:bicycle:pump": null, "service:bicycle:rental": null, "service:bicycle:retail": null, "service:bicycle:second_hand": null, "bus:lanes": null, "source:alt_name": null, "segregated": null, "service:bicycle:chain_tool": null, "not:operator:wikidata": null, "note": null, "barrier": null, "service": null, "branch": null, "contact:phone": null, "bin": null, "covered": null, "passenger_information_display": null, "shelter": null, "tactile_paving": null, "footway": null, "payment:cash": null, "payment:coins": null, "area": null, "addr:place": null, "access": null, "opening_hours:covid19": null, "addr:state": null, "cycleway": null, "incline": null, "hazard": null, "orientation": null, "parking": null, "type": null, "addr:district": null, "box_id": 1, "provider": "osmnx" }, "geometry": { "type": "LineString", "coordinates": [ [ -49.2493781, -25.4263819 ], [ -49.2489591, -25.4264213 ], [ -49.24887, -25.4264237 ] ] } },
{ "type": "Feature", "properties": { "highway": "footway", "traffic_signals:direction": null, "crossing": null, "crossing_ref": null, "maxspeed": null, "traffic_signals": null, "traffic_signals:sound": null, "amenity": null, "addr:city": null, "addr:country": null, "addr:housenumber": null, "addr:street": null, "bicycle": "yes", "crossing:markings": null, "button_operated": null, "crossing:island": null, "name": "Rua Dias da Rocha Filho", "wheelchair": null, "addr:suburb": null, "brand": null, "brand:wikidata": null, "brand:wikipedia": null, "healthcare": null, "railway": null, "crossing:barrier": null, "capacity": null, "cuisine": null, "delivery": null, "internet_access": null, "opening_hours": null, "phone": null, "smoking": null, "takeaway": null, "website": null, "addr:postcode": null, "operator": null, "alt_name": null, "shop": null, "building": null, "name:en": null, "name:pt": null, "office": null, "old_name": null, "fee": null, "service:bicycle:bicycle": null, "service:bicycle:dealer": null, "service:bicycle:ebike": null, "service:bicycle:repair": null, "service:bicycle:sales": null, "direction": null, "stop": null, "bus": null, "public_transport": null, "brewery": null, "level": null, "microbrewery": null, "outdoor_seating": null, "payment:american_express": null, "payment:cards": null, "payment:credit_cards": null, "payment:cryptocurrencies": null, "payment:debit_cards": null, "payment:maestro": null, "payment:mastercard": null, "payment:notes": null, "payment:visa": null, "payment:visa_electron": null, "start_date": null, "network": null, "network:wikidata": null, "ref": null, "source": null, "bridge": null, "layer": null, "oneway": null, "lanes": null, "lit": null, "short_name": null, "surface": null, "admin_level": null, "boundary": null, "loc_name": null, "foot": null, "maxheight": null, "width": null, "sidewalk": null, "destination": null, "leisure": null, "email": null, "service:bicycle:cleaning": null, "service:bicycle:diy": null, "service:bicycle:pump": null, "service:bicycle:rental": null, "service:bicycle:retail": null, "service:bicycle:second_hand": null, "bus:lanes": null, "source:alt_name": null, "segregated": null, "service:bicycle:chain_tool": null, "not:operator:wikidata": null, "note": null, "barrier": null, "service": null, "branch": null, "contact:phone": null, "bin": null, "covered": null, "passenger_information_display": null, "shelter": null, "tactile_paving": null, "footway": null, "payment:cash": null, "payment:coins": null, "area": null, "addr:place": null, "access": null, "opening_hours:covid19": null, "addr:state": null, "cycleway": null, "incline": null, "hazard": null, "orientation": null, "parking": null, "type": null, "addr:district": null, "box_id": 1, "provider": "osmnx" }, "geometry": { "type": "LineString", "coordinates": [ [ -49.2488263, -25.4259909 ], [ -49.2486765, -25.4259876 ], [ -49.2485595, -25.4259838 ], [ -49.2483941, -25.4259981 ] ] } },
{ "type": "Feature", "properties": { "highway": "cycleway", "traffic_signals:direction": null, "crossing": null, "crossing_ref": null, "maxspeed": null, "traffic_signals": null, "traffic_signals:sound": null, "amenity": null, "addr:city": null, "addr:country": null, "addr:housenumber": null, "addr:street": null, "bicycle": "designated", "crossing:markings": null, "button_operated": null, "crossing:island": null, "name": null, "wheelchair": null, "addr:suburb": null, "brand": null, "brand:wikidata": null, "brand:wikipedia": null, "healthcare": null, "railway": null, "crossing:barrier": null, "capacity": null, "cuisine": null, "delivery": null, "internet_access": null, "opening_hours": null, "phone": null, "smoking": null, "takeaway": null, "website": null, "addr:postcode": null, "operator": null, "alt_name": null, "shop": null, "building": null, "name:en": null, "name:pt": null, "office": null, "old_name": null, "fee": null, "service:bicycle:bicycle": null, "service:bicycle:dealer": null, "service:bicycle:ebike": null, "service:bicycle:repair": null, "service:bicycle:sales": null, "direction": null, "stop": null, "bus": null, "public_transport": null, "brewery": null, "level": null, "microbrewery": null, "outdoor_seating": null, "payment:american_express": null, "payment:cards": null, "payment:credit_cards": null, "payment:cryptocurrencies": null, "payment:debit_cards": null, "payment:maestro": null, "payment:mastercard": null, "payment:notes": null, "payment:visa": null, "payment:visa_electron": null, "start_date": null, "network": null, "network:wikidata": null, "ref": null, "source": null, "bridge": null, "layer": null, "oneway": null, "lanes": null, "lit": null, "short_name": null, "surface": "asphalt", "admin_level": null, "boundary": null, "loc_name": null, "foot": "designated", "maxheight": null, "width": null, "sidewalk": null, "destination": null, "leisure": null, "email": null, "service:bicycle:cleaning": null, "service:bicycle:diy": null, "service:bicycle:pump": null, "service:bicycle:rental": null, "service:bicycle:retail": null, "service:bicycle:second_hand": null, "bus:lanes": null, "source:alt_name": null, "segregated": "no", "service:bicycle:chain_tool": null, "not:operator:wikidata": null, "note": null, "barrier": null, "service": null, "branch": null, "contact:phone": null, "bin": null, "covered": null, "passenger_information_display": null, "shelter": null, "tactile_paving": null, "footway": null, "payment:cash": null, "payment:coins": null, "area": null, "addr:place": null, "access": null, "opening_hours:covid19": null, "addr:state": null, "cycleway": null, "incline": null, "hazard": null, "orientation": null, "parking": null, "type": null, "addr:district": null, "box_id": 1, "provider": "osmnx" }, "geometry": { "type": "LineString", "coordinates": [ [ -49.2482434, -25.4244346 ], [ -49.2483751, -25.4246153 ], [ -49.2484685, -25.4247871 ], [ -49.2485121, -25.4249269 ], [ -49.2485838, -25.4253184 ], [ -49.2486765, -25.4259876 ], [ -49.2488049, -25.4270494 ] ] } },
{ "type": "Feature", "properties": { "highway": "tertiary", "traffic_signals:direction": null, "crossing": null, "crossing_ref": null, "maxspeed": null, "traffic_signals": null, "traffic_signals:sound": null, "amenity": null, "addr:city": null, "addr:country": null, "addr:housenumber": null, "addr:street": null, "bicycle": null, "crossing:markings": null, "button_operated": null, "crossing:island": null, "name": "Rua Padre Germano Mayer", "wheelchair": null, "addr:suburb": null, "brand": null, "brand:wikidata": null, "brand:wikipedia": null, "healthcare": null, "railway": null, "crossing:barrier": null, "capacity": null, "cuisine": null, "delivery": null, "internet_access": null, "opening_hours": null, "phone": null, "smoking": null, "takeaway": null, "website": null, "addr:postcode": null, "operator": null, "alt_name": null, "shop": null, "building": null, "name:en": null, "name:pt": null, "office": null, "old_name": null, "fee": null, "service:bicycle:bicycle": null, "service:bicycle:dealer": null, "service:bicycle:ebike": null, "service:bicycle:repair": null, "service:bicycle:sales": null, "direction": null, "stop": null, "bus": null, "public_transport": null, "brewery": null, "level": null, "microbrewery": null, "outdoor_seating": null, "payment:american_express": null, "payment:cards": null, "payment:credit_cards": null, "payment:cryptocurrencies": null, "payment:debit_cards": null, "payment:maestro": null, "payment:mastercard": null, "payment:notes": null, "payment:visa": null, "payment:visa_electron": null, "start_date": null, "network": null, "network:wikidata": null, "ref": null, "source": null, "bridge": null, "layer": null, "oneway": null, "lanes": null, "lit": null, "short_name": null, "surface": "asphalt", "admin_level": null, "boundary": null, "loc_name": null, "foot": null, "maxheight": null, "width": null, "sidewalk": null, "destination": null, "leisure": null, "email": null, "service:bicycle:cleaning": null, "service:bicycle:diy": null, "service:bicycle:pump": null, "service:bicycle:rental": null, "service:bicycle:retail": null, "service:bicycle:second_hand": null, "bus:lanes": null, "source:alt_name": null, "segregated": null, "service:bicycle:chain_tool": null, "not:operator:wikidata": null, "note": null, "barrier": null, "service": null, "branch": null, "contact:phone": null, "bin": null, "covered": null, "passenger_information_display": null, "shelter": null, "tactile_paving": null, "footway": null, "payment:cash": null, "payment:coins": null, "area": null, "addr:place": null, "access": null, "opening_hours:covid19": null, "addr:state": null, "cycleway": null, "incline": null, "hazard": null, "orientation": null, "parking": null, "type": null, "addr:district": null, "box_id": 1, "provider": "osmnx" }, "geometry": { "type": "LineString", "coordinates": [ [ -49.2489405, -25.4271214 ], [ -49.24887, -25.4264237 ], [ -49.2488263, -25.4259909 ], [ -49.248764, -25.4253737 ], [ -49.2487321, -25.425058 ], [ -49.2486599, -25.4243435 ] ] } },
{ "type": "Feature", "properties": { "highway": "primary_link", "traffic_signals:direction": null, "crossing": null, "crossing_ref": null, "maxspeed": null, "traffic_signals": null, "traffic_signals:sound": null, "amenity": null, "addr:city": null, "addr:country": null, "addr:housenumber": null, "addr:street": null, "bicycle": null, "crossing:markings": null, "button_operated": null, "crossing:island": null, "name": "Avenida Visconde de Guarapuava", "wheelchair": null, "addr:suburb": null, "brand": null, "brand:wikidata": null, "brand:wikipedia": null, "healthcare": null, "railway": null, "crossing:barrier": null, "capacity": null, "cuisine": null, "delivery": null, "internet_access": null, "opening_hours": null, "phone": null, "smoking": null, "takeaway": null, "website": null, "addr:postcode": null, "operator": null, "alt_name": null, "shop": null, "building": null, "name:en": null, "name:pt": null, "office": null, "old_name": null, "fee": null, "service:bicycle:bicycle": null, "service:bicycle:dealer": null, "service:bicycle:ebike": null, "service:bicycle:repair": null, "service:bicycle:sales": null, "direction": null, "stop": null, "bus": null, "public_transport": null, "brewery": null, "level": null, "microbrewery": null, "outdoor_seating": null, "payment:american_express": null, "payment:cards": null, "payment:credit_cards": null, "payment:cryptocurrencies": null, "payment:debit_cards": null, "payment:maestro": null, "payment:mastercard": null, "payment:notes": null, "payment:visa": null, "payment:visa_electron": null, "start_date": null, "network": null, "network:wikidata": null, "ref": null, "source": null, "bridge": null, "layer": null, "oneway": "yes", "lanes": null, "lit": null, "short_name": null, "surface": null, "admin_level": null, "boundary": null, "loc_name": null, "foot": null, "maxheight": null, "width": null, "sidewalk": null, "destination": null, "leisure": null, "email": null, "service:bicycle:cleaning": null, "service:bicycle:diy": null, "service:bicycle:pump": null, "service:bicycle:rental": null, "service:bicycle:retail": null, "service:bicycle:second_hand": null, "bus:lanes": null, "source:alt_name": null, "segregated": null, "service:bicycle:chain_tool": null, "not:operator:wikidata": null, "note": null, "barrier": null, "service": null, "branch": null, "contact:phone": null, "bin": null, "covered": null, "passenger_information_display": null, "shelter": null, "tactile_paving": null, "footway": null, "payment:cash": null, "payment:coins": null, "area": null, "addr:place": null, "access": null, "opening_hours:covid19": null, "addr:state": null, "cycleway": null, "incline": null, "hazard": null, "orientation": null, "parking": null, "type": null, "addr:district": null, "box_id": 1, "provider": "osmnx" }, "geometry": { "type": "LineString", "coordinates": [ [ -49.2447508, -25.4273191 ], [ -49.2450545, -25.4274273 ] ] } },
{ "type": "Feature", "properties": { "highway": "primary", "traffic_signals:direction": null, "crossing": null, "crossing_ref": null, "maxspeed": "50", "traffic_signals": null, "traffic_signals:sound": null, "amenity": null, "addr:city": null, "addr:country": null, "addr:housenumber": null, "addr:street": null, "bicycle": null, "crossing:markings": null, "button_operated": null, "crossing:island": null, "name": "Rua XV de Novembro", "wheelchair": null, "addr:suburb": null, "brand": null, "brand:wikidata": null, "brand:wikipedia": null, "healthcare": null, "railway": null, "crossing:barrier": null, "capacity": null, "cuisine": null, "delivery": null, "internet_access": null, "opening_hours": null, "phone": null, "smoking": null, "takeaway": null, "website": null, "addr:postcode": null, "operator": null, "alt_name": "Rua Quinze de Novembro", "shop": null, "building": null, "name:en": null, "name:pt": null, "office": null, "old_name": null, "fee": null, "service:bicycle:bicycle": null, "service:bicycle:dealer": null, "service:bicycle:ebike": null, "service:bicycle:repair": null, "service:bicycle:sales": null, "direction": null, "stop": null, "bus": null, "public_transport": null, "brewery": null, "level": null, "microbrewery": null, "outdoor_seating": null, "payment:american_express": null, "payment:cards": null, "payment:credit_cards": null, "payment:cryptocurrencies": null, "payment:debit_cards": null, "payment:maestro": null, "payment:mastercard": null, "payment:notes": null, "payment:visa": null, "payment:visa_electron": null, "start_date": null, "network": null, "network:wikidata": null, "ref": null, "source": null, "bridge": null, "layer": null, "oneway": "yes", "lanes": "3", "lit": "yes", "short_name": "Rua 15 de Novembro", "surface": "asphalt", "admin_level": null, "boundary": null, "loc_name": null, "foot": null, "maxheight": null, "width": null, "sidewalk": null, "destination": null, "leisure": null, "email": null, "service:bicycle:cleaning": null, "service:bicycle:diy": null, "service:bicycle:pump": null, "service:bicycle:rental": null, "service:bicycle:retail": null, "service:bicycle:second_hand": null, "bus:lanes": "yes|yes|designated", "source:alt_name": null, "segregated": null, "service:bicycle:chain_tool": null, "not:operator:wikidata": null, "note": null, "barrier": null, "service": null, "branch": null, "contact:phone": null, "bin": null, "covered": null, "passenger_information_display": null, "shelter": null, "tactile_paving": null, "footway": null, "payment:cash": null, "payment:coins": null, "area": null, "addr:place": null, "access": null, "opening_hours:covid19": null, "addr:state": null, "cycleway": null, "incline": null, "hazard": null, "orientation": null, "parking": null, "type": null, "addr:district": null, "box_id": 1, "provider": "osmnx" }, "geometry": { "type": "LineString", "coordinates": [ [ -49.2447705, -25.4274742 ], [ -49.2450545, -25.4274273 ], [ -49.2452741, -25.4274104 ], [ -49.2464143, -25.4273225 ], [ -49.2473678, -25.427249 ], [ -49.2476614, -25.4272264 ], [ -49.2484642, -25.4271645 ], [ -49.2484999, -25.4271618 ], [ -49.248693, -25.4271448 ], [ -49.2488138, -25.4271324 ], [ -49.2489405, -25.4271214 ] ] } },
{ "type": "Feature", "properties": { "highway": "service", "traffic_signals:direction": null, "crossing": null, "crossing_ref": null, "maxspeed": null, "traffic_signals": null, "traffic_signals:sound": null, "amenity": null, "addr:city": null, "addr:country": null, "addr:housenumber": null, "addr:street": null, "bicycle": null, "crossing:markings": null, "button_operated": null, "crossing:island": null, "name": null, "wheelchair": null, "addr:suburb": null, "brand": null, "brand:wikidata": null, "brand:wikipedia": null, "healthcare": null, "railway": null, "crossing:barrier": null, "capacity": null, "cuisine": null, "delivery": null, "internet_access": null, "opening_hours": null, "phone": null, "smoking": null, "takeaway": null, "website": null, "addr:postcode": null, "operator": null, "alt_name": null, "shop": null, "building": null, "name:en": null, "name:pt": null, "office": null, "old_name": null, "fee": null, "service:bicycle:bicycle": null, "service:bicycle:dealer": null, "service:bicycle:ebike": null, "service:bicycle:repair": null, "service:bicycle:sales": null, "direction": null, "stop": null, "bus": null, "public_transport": null, "brewery": null, "level": null, "microbrewery": null, "outdoor_seating": null, "payment:american_express": null, "payment:cards": null, "payment:credit_cards": null, "payment:cryptocurrencies": null, "payment:debit_cards": null, "payment:maestro": null, "payment:mastercard": null, "payment:notes": null, "payment:visa": null, "payment:visa_electron": null, "start_date": null, "network": null, "network:wikidata": null, "ref": null, "source": null, "bridge": null, "layer": null, "oneway": null, "lanes": null, "lit": null, "short_name": null, "surface": null, "admin_level": null, "boundary": null, "loc_name": null, "foot": null, "maxheight": null, "width": null, "sidewalk": null, "destination": null, "leisure": null, "email": null, "service:bicycle:cleaning": null, "service:bicycle:diy": null, "service:bicycle:pump": null, "service:bicycle:rental": null, "service:bicycle:retail": null, "service:bicycle:second_hand": null, "bus:lanes": null, "source:alt_name": null, "segregated": null, "service:bicycle:chain_tool": null, "not:operator:wikidata": null, "note": null, "barrier": null, "service": "parking_aisle", "branch": null, "contact:phone": null, "bin": null, "covered": null, "passenger_information_display": null, "shelter": null, "tactile_paving": null, "footway": null, "payment:cash": null, "payment:coins": null, "area": null, "addr:place": null, "access": null, "opening_hours:covid19": null, "addr:state": null, "cycleway": null, "incline": null, "hazard": null, "orientation": null, "parking": null, "type": null, "addr:district": null, "box_id": 1, "provider": "osmnx" }, "geometry": { "type": "LineString", "coordinates": [ [ -49.2471439, -25.4267877 ], [ -49.2471417, -25.4261069 ] ] } },
{ "type": "Feature", "properties": { "highway": "residential", "traffic_signals:direction": null, "crossing": null, "crossing_ref": null, "maxspeed": null, "traffic_signals": null, "traffic_signals:sound": null, "amenity": null, "addr:city": null, "addr:country": null, "addr:housenumber": null, "addr:street": null, "bicycle": null, "crossing:markings": null, "button_operated": null, "crossing:island": null, "name": "Rua Dias da Rocha Filho", "wheelchair": null, "addr:suburb": null, "brand": null, "brand:wikidata": null, "brand:wikipedia": null, "healthcare": null, "railway": null, "crossing:barrier": null, "capacity": null, "cuisine": null, "delivery": null, "internet_access": null, "opening_hours": null, "phone": null, "smoking": null, "takeaway": null, "website": null, "addr:postcode": null, "operator": null, "alt_name": null, "shop": null, "building": null, "name:en": null, "name:pt": null, "office": null, "old_name": null, "fee": null, "service:bicycle:bicycle": null, "service:bicycle:dealer": null, "service:bicycle:ebike": null, "service:bicycle:repair": null, "service:bicycle:sales": null, "direction": null, "stop": null, "bus": null, "public_transport": null, "brewery": null, "level": null, "microbrewery": null, "outdoor_seating": null, "payment:american_express": null, "payment:cards": null, "payment:credit_cards": null, "payment:cryptocurrencies": null, "payment:debit_cards": null, "payment:maestro": null, "payment:mastercard": null, "payment:notes": null, "payment:visa": null, "payment:visa_electron": null, "start_date": null, "network": null, "network:wikidata": null, "ref": null, "source": null, "bridge": null, "layer": null, "oneway": "no", "lanes": "2", "lit": null, "short_name": null, "surface": "asphalt", "admin_level": null, "boundary": null, "loc_name": null, "foot": null, "maxheight": null, "width": null, "sidewalk": null, "destination": null, "leisure": null, "email": null, "service:bicycle:cleaning": null, "service:bicycle:diy": null, "service:bicycle:pump": null, "service:bicycle:rental": null, "service:bicycle:retail": null, "service:bicycle:second_hand": null, "bus:lanes": null, "source:alt_name": null, "segregated": null, "service:bicycle:chain_tool": null, "not:operator:wikidata": null, "note": null, "barrier": null, "service": null, "branch": null, "contact:phone": null, "bin": null, "covered": null, "passenger_information_display": null, "shelter": null, "tactile_paving": null, "footway": null, "payment:cash": null, "payment:coins": null, "area": null, "addr:place": null, "access": null, "opening_hours:covid19": null, "addr:state": null, "cycleway": null, "incline": null, "hazard": null, "orientation": null, "parking": null, "type": null, "addr:district": null, "box_id": 1, "provider": "osmnx" }, "geometry": { "type": "LineString", "coordinates": [ [ -49.2483941, -25.4259981 ], [ -49.247544, -25.4260719 ], [ -49.2471417, -25.4261069 ], [ -49.246365, -25.4261743 ], [ -49.2462973, -25.4261802 ], [ -49.246226, -25.4261864 ], [ -49.245472, -25.4262519 ], [ -49.2447035, -25.4263187 ], [ -49.2446546, -25.4263229 ], [ -49.2445837, -25.4263291 ], [ -49.2435478, -25.4264191 ], [ -49.2434797, -25.426425 ], [ -49.243425, -25.4264297 ], [ -49.24302, -25.4264649 ], [ -49.2425804, -25.4265025 ], [ -49.2424645, -25.4265124 ] ] } },
{ "type": "Feature", "properties": { "highway": "residential", "traffic_signals:direction": null, "crossing": null, "crossing_ref": null, "maxspeed": null, "traffic_signals": null, "traffic_signals:sound": null, "amenity": null, "addr:city": null, "addr:country": null, "addr:housenumber": null, "addr:street": null, "bicycle": null, "crossing:markings": null, "button_operated": null, "crossing:island": null, "name": "Rua Presidente Rodrigo Otávio", "wheelchair": null, "addr:suburb": null, "brand": null, "brand:wikidata": null, "brand:wikipedia": null, "healthcare": null, "railway": null, "crossing:barrier": null, "capacity": null, "cuisine": null, "delivery": null, "internet_access": null, "opening_hours": null, "phone": null, "smoking": null, "takeaway": null, "website": null, "addr:postcode": null, "operator": null, "alt_name": null, "shop": null, "building": null, "name:en": null, "name:pt": null, "office": null, "old_name": null, "fee": null, "service:bicycle:bicycle": null, "service:bicycle:dealer": null, "service:bicycle:ebike": null, "service:bicycle:repair": null, "service:bicycle:sales": null, "direction": null, "stop": null, "bus": null, "public_transport": null, "brewery": null, "level": null, "microbrewery": null, "outdoor_seating": null, "payment:american_express": null, "payment:cards": null, "payment:credit_cards": null, "payment:cryptocurrencies": null, "payment:debit_cards": null, "payment:maestro": null, "payment:mastercard": null, "payment:notes": null, "payment:visa": null, "payment:visa_electron": null, "start_date": null, "network": null, "network:wikidata": null, "ref": null, "source": null, "bridge": null, "layer": null, "oneway": "no", "lanes": "2", "lit": null, "short_name": null, "surface": "asphalt", "admin_level": null, "boundary": null, "loc_name": null, "foot": null, "maxheight": null, "width": null, "sidewalk": null, "destination": null, "leisure": null, "email": null, "service:bicycle:cleaning": null, "service:bicycle:diy": null, "service:bicycle:pump": null, "service:bicycle:rental": null, "service:bicycle:retail": null, "service:bicycle:second_hand": null, "bus:lanes": null, "source:alt_name": null, "segregated": null, "service:bicycle:chain_tool": null, "not:operator:wikidata": null, "note": null, "barrier": null, "service": null, "branch": null, "contact:phone": null, "bin": null, "covered": null, "passenger_information_display": null, "shelter": null, "tactile_paving": null, "footway": null, "payment:cash": null, "payment:coins": null, "area": null, "addr:place": null, "access": null, "opening_hours:covid19": null, "addr:state": null, "cycleway": null, "incline": null, "hazard": null, "orientation": null, "parking": null, "type": null, "addr:district": null, "box_id": 1, "provider": "osmnx" }, "geometry": { "type": "LineString", "coordinates": [ [ -49.2449153, -25.4290238 ], [ -49.2448353, -25.4281949 ], [ -49.2448275, -25.4281139 ], [ -49.2447893, -25.4277182 ], [ -49.2447705, -25.4274742 ], [ -49.2447508, -25.4273191 ], [ -49.2446546, -25.4263229 ], [ -49.2444963, -25.4246828 ], [ -49.2443573, -25.4232421 ], [ -49.2443496, -25.4231622 ], [ -49.2443423, -25.4230868 ], [ -49.2442833, -25.4224757 ], [ -49.2442787, -25.4224283 ], [ -49.2442734, -25.4223729 ], [ -49.2442099, -25.4217149 ] ] } },
{ "type": "Feature", "properties": { "highway": "residential", "traffic_signals:direction": null, "crossing": null, "crossing_ref": null, "maxspeed": null, "traffic_signals": null, "traffic_signals:sound": null, "amenity": null, "addr:city": null, "addr:country": null, "addr:housenumber": null, "addr:street": null, "bicycle": null, "crossing:markings": null, "button_operated": null, "crossing:island": null, "name": "Rua Camões", "wheelchair": null, "addr:suburb": null, "brand": null, "brand:wikidata": null, "brand:wikipedia": null, "healthcare": null, "railway": null, "crossing:barrier": null, "capacity": null, "cuisine": null, "delivery": null, "internet_access": null, "opening_hours": null, "phone": null, "smoking": null, "takeaway": null, "website": null, "addr:postcode": null, "operator": null, "alt_name": null, "shop": null, "building": null, "name:en": null, "name:pt": null, "office": null, "old_name": null, "fee": null, "service:bicycle:bicycle": null, "service:bicycle:dealer": null, "service:bicycle:ebike": null, "service:bicycle:repair": null, "service:bicycle:sales": null, "direction": null, "stop": null, "bus": null, "public_transport": null, "brewery": null, "level": null, "microbrewery": null, "outdoor_seating": null, "payment:american_express": null, "payment:cards": null, "payment:credit_cards": null, "payment:cryptocurrencies": null, "payment:debit_cards": null, "payment:maestro": null, "payment:mastercard": null, "payment:notes": null, "payment:visa": null, "payment:visa_electron": null, "start_date": null, "network": null, "network:wikidata": null, "ref": null, "source": null, "bridge": null, "layer": null, "oneway": "no", "lanes": "2", "lit": null, "short_name": null, "surface": "asphalt", "admin_level": null, "boundary": null, "loc_name": null, "foot": null, "maxheight": null, "width": null, "sidewalk": null, "destination": null, "leisure": null, "email": null, "service:bicycle:cleaning": null, "service:bicycle:diy": null, "service:bicycle:pump": null, "service:bicycle:rental": null, "service:bicycle:retail": null, "service:bicycle:second_hand": null, "bus:lanes": null, "source:alt_name": null, "segregated": null, "service:bicycle:chain_tool": null, "not:operator:wikidata": null, "note": null, "barrier": null, "service": null, "branch": null, "contact:phone": null, "bin": null, "covered": null, "passenger_information_display": null, "shelter": null, "tactile_paving": null, "footway": null, "payment:cash": null, "payment:coins": null, "area": null, "addr:place": null, "access": null, "opening_hours:covid19": null, "addr:state": null, "cycleway": null, "incline": null, "hazard": null, "orientation": null, "parking": null, "type": null, "addr:district": null, "box_id": 1, "provider": "osmnx" }, "geometry": { "type": "LineString", "coordinates": [ [ -49.2472708, -25.4234557 ], [ -49.2472877, -25.4235503 ], [ -49.247379, -25.4244479 ], [ -49.2474144, -25.4247958 ], [ -49.247544, -25.4260719 ], [ -49.2476614, -25.4272264 ] ] } },
{ "type": "Feature", "properties": { "highway": "residential", "traffic_signals:direction": null, "crossing": null, "crossing_ref": null, "maxspeed": null, "traffic_signals": null, "traffic_signals:sound": null, "amenity": null, "addr:city": null, "addr:country": null, "addr:housenumber": null, "addr:street": null, "bicycle": null, "crossing:markings": null, "button_operated": null, "crossing:island": null, "name": null, "wheelchair": null, "addr:suburb": null, "brand": null, "brand:wikidata": null, "brand:wikipedia": null, "healthcare": null, "railway": null, "crossing:barrier": null, "capacity": null, "cuisine": null, "delivery": null, "internet_access": null, "opening_hours": null, "phone": null, "smoking": null, "takeaway": null, "website": null, "addr:postcode": null, "operator": null, "alt_name": null, "shop": null, "building": null, "name:en": null, "name:pt": null, "office": null, "old_name": null, "fee": null, "service:bicycle:bicycle": null, "service:bicycle:dealer": null, "service:bicycle:ebike": null, "service:bicycle:repair": null, "service:bicycle:sales": null, "direction": null, "stop": null, "bus": null, "public_transport": null, "brewery": null, "level": null, "microbrewery": null, "outdoor_seating": null, "payment:american_express": null, "payment:cards": null, "payment:credit_cards": null, "payment:cryptocurrencies": null, "payment:debit_cards": null, "payment:maestro": null, "payment:mastercard": null, "payment:notes": null, "payment:visa": null, "payment:visa_electron": null, "start_date": null, "network": null, "network:wikidata": null, "ref": null, "source": null, "bridge": null, "layer": null, "oneway": null, "lanes": null, "lit": null, "short_name": null, "surface": null, "admin_level": null, "boundary": null, "loc_name": null, "foot": null, "maxheight": null, "width": null, "sidewalk": null, "destination": null, "leisure": null, "email": null, "service:bicycle:cleaning": null, "service:bicycle:diy": null, "service:bicycle:pump": null, "service:bicycle:rental": null, "service:bicycle:retail": null, "service:bicycle:second_hand": null, "bus:lanes": null, "source:alt_name": null, "segregated": null, "service:bicycle:chain_tool": null, "not:operator:wikidata": null, "note": null, "barrier": null, "service": null, "branch": null, "contact:phone": null, "bin": null, "covered": null, "passenger_information_display": null, "shelter": null, "tactile_paving": null, "footway": null, "payment:cash": null, "payment:coins": null, "area": null, "addr:place": null, "access": null, "opening_hours:covid19": null, "addr:state": null, "cycleway": null, "incline": null, "hazard": null, "orientation": null, "parking": null, "type": null, "addr:district": null, "box_id": 1, "provider": "osmnx" }, "geometry": { "type": "LineString", "coordinates": [ [ -49.2453598, -25.4251395 ], [ -49.2454563, -25.425135 ] ] } },
{ "type": "Feature", "properties": { "highway": "residential", "traffic_signals:direction": null, "crossing": null, "crossing_ref": null, "maxspeed": null, "traffic_signals": null, "traffic_signals:sound": null, "amenity": null, "addr:city": null, "addr:country": null, "addr:housenumber": null, "addr:street": null, "bicycle": null, "crossing:markings": null, "button_operated": null, "crossing:island": null, "name": null, "wheelchair": null, "addr:suburb": null, "brand": null, "brand:wikidata": null, "brand:wikipedia": null, "healthcare": null, "railway": null, "crossing:barrier": null, "capacity": null, "cuisine": null, "delivery": null, "internet_access": null, "opening_hours": null, "phone": null, "smoking": null, "takeaway": null, "website": null, "addr:postcode": null, "operator": null, "alt_name": null, "shop": null, "building": null, "name:en": null, "name:pt": null, "office": null, "old_name": null, "fee": null, "service:bicycle:bicycle": null, "service:bicycle:dealer": null, "service:bicycle:ebike": null, "service:bicycle:repair": null, "service:bicycle:sales": null, "direction": null, "stop": null, "bus": null, "public_transport": null, "brewery": null, "level": null, "microbrewery": null, "outdoor_seating": null, "payment:american_express": null, "payment:cards": null, "payment:credit_cards": null, "payment:cryptocurrencies": null, "payment:debit_cards": null, "payment:maestro": null, "payment:mastercard": null, "payment:notes": null, "payment:visa": null, "payment:visa_electron": null, "start_date": null, "network": null, "network:wikidata": null, "ref": null, "source": null, "bridge": null, "layer": null, "oneway": null, "lanes": null, "lit": null, "short_name": null, "surface": null, "admin_level": null, "boundary": null, "loc_name": null, "foot": null, "maxheight": null, "width": null, "sidewalk": null, "destination": null, "leisure": null, "email": null, "service:bicycle:cleaning": null, "service:bicycle:diy": null, "service:bicycle:pump": null, "service:bicycle:rental": null, "service:bicycle:retail": null, "service:bicycle:second_hand": null, "bus:lanes": null, "source:alt_name": null, "segregated": null, "service:bicycle:chain_tool": null, "not:operator:wikidata": null, "note": null, "barrier": null, "service": null, "branch": null, "contact:phone": null, "bin": null, "covered": null, "passenger_information_display": null, "shelter": null, "tactile_paving": null, "footway": null, "payment:cash": null, "payment:coins": null, "area": null, "addr:place": null, "access": "private", "opening_hours:covid19": null, "addr:state": null, "cycleway": null, "incline": null, "hazard": null, "orientation": null, "parking": null, "type": null, "addr:district": null, "box_id": 1, "provider": "osmnx" }, "geometry": { "type": "LineString", "coordinates": [ [ -49.2454563, -25.425135 ], [ -49.2458901, -25.4251171 ] ] } },
{ "type": "Feature", "properties": { "highway": "residential", "traffic_signals:direction": null, "crossing": null, "crossing_ref": null, "maxspeed": null, "traffic_signals": null, "traffic_signals:sound": null, "amenity": null, "addr:city": null, "addr:country": null, "addr:housenumber": null, "addr:street": null, "bicycle": null, "crossing:markings": null, "button_operated": null, "crossing:island": null, "name": null, "wheelchair": null, "addr:suburb": null, "brand": null, "brand:wikidata": null, "brand:wikipedia": null, "healthcare": null, "railway": null, "crossing:barrier": null, "capacity": null, "cuisine": null, "delivery": null, "internet_access": null, "opening_hours": null, "phone": null, "smoking": null, "takeaway": null, "website": null, "addr:postcode": null, "operator": null, "alt_name": null, "shop": null, "building": null, "name:en": null, "name:pt": null, "office": null, "old_name": null, "fee": null, "service:bicycle:bicycle": null, "service:bicycle:dealer": null, "service:bicycle:ebike": null, "service:bicycle:repair": null, "service:bicycle:sales": null, "direction": null, "stop": null, "bus": null, "public_transport": null, "brewery": null, "level": null, "microbrewery": null, "outdoor_seating": null, "payment:american_express": null, "payment:cards": null, "payment:credit_cards": null, "payment:cryptocurrencies": null, "payment:debit_cards": null, "payment:maestro": null, "payment:mastercard": null, "payment:notes": null, "payment:visa": null, "payment:visa_electron": null, "start_date": null, "network": null, "network:wikidata": null, "ref": null, "source": null, "bridge": null, "layer": null, "oneway": null, "lanes": null, "lit": null, "short_name": null, "surface": null, "admin_level": null, "boundary": null, "loc_name": null, "foot": null, "maxheight": null, "width": null, "sidewalk": null, "destination": null, "leisure": null, "email": null, "service:bicycle:cleaning": null, "service:bicycle:diy": null, "service:bicycle:pump": null, "service:bicycle:rental": null, "service:bicycle:retail": null, "service:bicycle:second_hand": null, "bus:lanes": null, "source:alt_name": null, "segregated": null, "service:bicycle:chain_tool": null, "not:operator:wikidata": null, "note": null, "barrier": null, "service": null, "branch": null, "contact:phone": null, "bin": null, "covered": null, "passenger_information_display": null, "shelter": null, "tactile_paving": null, "footway": null, "payment:cash": null, "payment:coins": null, "area": null, "addr:place": null, "access": "private", "opening_hours:covid19": null, "addr:state": null, "cycleway": null, "incline": null, "hazard": null, "orientation": null, "parking": null, "type": null, "addr:district": null, "box_id": 1, "provider": "osmnx" }, "geometry": { "type": "LineString", "coordinates": [ [ -49.2473343, -25.4248019 ], [ -49.2463218, -25.4248728 ] ] } },
{ "type": "Feature", "properties": { "highway": "residential", "traffic_signals:direction": null, "crossing": null, "crossing_ref": null, "maxspeed": null, "traffic_signals": null, "traffic_signals:sound": null, "amenity": null, "addr:city": null, "addr:country": null, "addr:housenumber": null, "addr:street": null, "bicycle": null, "crossing:markings": null, "button_operated": null, "crossing:island": null, "name": null, "wheelchair": null, "addr:suburb": null, "brand": null, "brand:wikidata": null, "brand:wikipedia": null, "healthcare": null, "railway": null, "crossing:barrier": null, "capacity": null, "cuisine": null, "delivery": null, "internet_access": null, "opening_hours": null, "phone": null, "smoking": null, "takeaway": null, "website": null, "addr:postcode": null, "operator": null, "alt_name": null, "shop": null, "building": null, "name:en": null, "name:pt": null, "office": null, "old_name": null, "fee": null, "service:bicycle:bicycle": null, "service:bicycle:dealer": null, "service:bicycle:ebike": null, "service:bicycle:repair": null, "service:bicycle:sales": null, "direction": null, "stop": null, "bus": null, "public_transport": null, "brewery": null, "level": null, "microbrewery": null, "outdoor_seating": null, "payment:american_express": null, "payment:cards": null, "payment:credit_cards": null, "payment:cryptocurrencies": null, "payment:debit_cards": null, "payment:maestro": null, "payment:mastercard": null, "payment:notes": null, "payment:visa": null, "payment:visa_electron": null, "start_date": null, "network": null, "network:wikidata": null, "ref": null, "source": null, "bridge": null, "layer": null, "oneway": null, "lanes": null, "lit": null, "short_name": null, "surface": null, "admin_level": null, "boundary": null, "loc_name": null, "foot": null, "maxheight": null, "width": null, "sidewalk": null, "destination": null, "leisure": null, "email": null, "service:bicycle:cleaning": null, "service:bicycle:diy": null, "service:bicycle:pump": null, "service:bicycle:rental": null, "service:bicycle:retail": null, "service:bicycle:second_hand": null, "bus:lanes": null, "source:alt_name": null, "segregated": null, "service:bicycle:chain_tool": null, "not:operator:wikidata": null, "note": null, "barrier": null, "service": null, "branch": null, "contact:phone": null, "bin": null, "covered": null, "passenger_information_display": null, "shelter": null, "tactile_paving": null, "footway": null, "payment:cash": null, "payment:coins": null, "area": null, "addr:place": null, "access": null, "opening_hours:covid19": null, "addr:state": null, "cycleway": null, "incline": null, "hazard": null, "orientation": null, "parking": null, "type": null, "addr:district": null, "box_id": 1, "provider": "osmnx" }, "geometry": { "type": "LineString", "coordinates": [ [ -49.2474144, -25.4247958 ], [ -49.2473343, -25.4248019 ] ] } },
{ "type": "Feature", "properties": { "highway": "footway", "traffic_signals:direction": null, "crossing": null, "crossing_ref": null, "maxspeed": null, "traffic_signals": null, "traffic_signals:sound": null, "amenity": null, "addr:city": null, "addr:country": null, "addr:housenumber": null, "addr:street": null, "bicycle": "dismount", "crossing:markings": null, "button_operated": null, "crossing:island": null, "name": null, "wheelchair": null, "addr:suburb": null, "brand": null, "brand:wikidata": null, "brand:wikipedia": null, "healthcare": null, "railway": null, "crossing:barrier": null, "capacity": null, "cuisine": null, "delivery": null, "internet_access": null, "opening_hours": null, "phone": null, "smoking": null, "takeaway": null, "website": null, "addr:postcode": null, "operator": null, "alt_name": null, "shop": null, "building": null, "name:en": null, "name:pt": null, "office": null, "old_name": null, "fee": null, "service:bicycle:bicycle": null, "service:bicycle:dealer": null, "service:bicycle:ebike": null, "service:bicycle:repair": null, "service:bicycle:sales": null, "direction": null, "stop": null, "bus": null, "public_transport": null, "brewery": null, "level": null, "microbrewery": null, "outdoor_seating": null, "payment:american_express": null, "payment:cards": null, "payment:credit_cards": null, "payment:cryptocurrencies": null, "payment:debit_cards": null, "payment:maestro": null, "payment:mastercard": null, "payment:notes": null, "payment:visa": null, "payment:visa_electron": null, "start_date": null, "network": null, "network:wikidata": null, "ref": null, "source": null, "bridge": null, "layer": null, "oneway": null, "lanes": null, "lit": null, "short_name": null, "surface": null, "admin_level": null, "boundary": null, "loc_name": null, "foot": null, "maxheight": null, "width": null, "sidewalk": null, "destination": null, "leisure": null, "email": null, "service:bicycle:cleaning": null, "service:bicycle:diy": null, "service:bicycle:pump": null, "service:bicycle:rental": null, "service:bicycle:retail": null, "service:bicycle:second_hand": null, "bus:lanes": null, "source:alt_name": null, "segregated": null, "service:bicycle:chain_tool": null, "not:operator:wikidata": null, "note": null, "barrier": null, "service": null, "branch": null, "contact:phone": null, "bin": null, "covered": null, "passenger_information_display": null, "shelter": null, "tactile_paving": null, "footway": null, "payment:cash": null, "payment:coins": null, "area": null, "addr:place": null, "access": null, "opening_hours:covid19": null, "addr:state": null, "cycleway": null, "incline": null, "hazard": null, "orientation": null, "parking": null, "type": null, "addr:district": null, "box_id": 1, "provider": "osmnx" }, "geometry": { "type": "LineString", "coordinates": [ [ -49.2509928, -25.4260041 ], [ -49.2509873, -25.4258766 ], [ -49.2509807, -25.4258122 ] ] } },
{ "type": "Feature", "properties": { "highway": "residential", "traffic_signals:direction": null, "crossing": null, "crossing_ref": null, "maxspeed": null, "traffic_signals": null, "traffic_signals:sound": null, "amenity": null, "addr:city": null, "addr:country": null, "addr:housenumber": null, "addr:street": null, "bicycle": null, "crossing:markings": null, "button_operated": null, "crossing:island": null, "name": "Rua Dias da Rocha Filho", "wheelchair": null, "addr:suburb": null, "brand": null, "brand:wikidata": null, "brand:wikipedia": null, "healthcare": null, "railway": null, "crossing:barrier": null, "capacity": null, "cuisine": null, "delivery": null, "internet_access": null, "opening_hours": null, "phone": null, "smoking": null, "takeaway": null, "website": null, "addr:postcode": null, "operator": null, "alt_name": null, "shop": null, "building": null, "name:en": null, "name:pt": null, "office": null, "old_name": null, "fee": null, "service:bicycle:bicycle": null, "service:bicycle:dealer": null, "service:bicycle:ebike": null, "service:bicycle:repair": null, "service:bicycle:sales": null, "direction": null, "stop": null, "bus": null, "public_transport": null, "brewery": null, "level": null, "microbrewery": null, "outdoor_seating": null, "payment:american_express": null, "payment:cards": null, "payment:credit_cards": null, "payment:cryptocurrencies": null, "payment:debit_cards": null, "payment:maestro": null, "payment:mastercard": null, "payment:notes": null, "payment:visa": null, "payment:visa_electron": null, "start_date": null, "network": null, "network:wikidata": null, "ref": null, "source": null, "bridge": null, "layer": null, "oneway": "yes", "lanes": "1", "lit": null, "short_name": null, "surface": "asphalt", "admin_level": null, "boundary": null, "loc_name": null, "foot": null, "maxheight": null, "width": null, "sidewalk": null, "destination": null, "leisure": null, "email": null, "service:bicycle:cleaning": null, "service:bicycle:diy": null, "service:bicycle:pump": null, "service:bicycle:rental": null, "service:bicycle:retail": null, "service:bicycle:second_hand": null, "bus:lanes": null, "source:alt_name": null, "segregated": null, "service:bicycle:chain_tool": null, "not:operator:wikidata": null, "note": null, "barrier": null, "service": null, "branch": null, "contact:phone": null, "bin": null, "covered": null, "passenger_information_display": null, "shelter": null, "tactile_paving": null, "footway": null, "payment:cash": null, "payment:coins": null, "area": null, "addr:place": null, "access": null, "opening_hours:covid19": null, "addr:state": null, "cycleway": null, "incline": null, "hazard": null, "orientation": null, "parking": null, "type": null, "addr:district": null, "box_id": 1, "provider": "osmnx" }, "geometry": { "type": "LineString", "coordinates": [ [ -49.251299557507508, -25.425785758884569 ], [ -49.2509807, -25.4258122 ], [ -49.250799, -25.4258273 ], [ -49.2502247, -25.4258749 ], [ -49.2500689, -25.4258878 ], [ -49.2499041, -25.4259015 ], [ -49.2489146, -25.4259836 ], [ -49.2488263, -25.4259909 ] ] } },
{ "type": "Feature", "properties": { "highway": "service", "traffic_signals:direction": null, "crossing": null, "crossing_ref": null, "maxspeed": null, "traffic_signals": null, "traffic_signals:sound": null, "amenity": null, "addr:city": null, "addr:country": null, "addr:housenumber": null, "addr:street": null, "bicycle": null, "crossing:markings": null, "button_operated": null, "crossing:island": null, "name": null, "wheelchair": null, "addr:suburb": null, "brand": null, "brand:wikidata": null, "brand:wikipedia": null, "healthcare": null, "railway": null, "crossing:barrier": null, "capacity": null, "cuisine": null, "delivery": null, "internet_access": null, "opening_hours": null, "phone": null, "smoking": null, "takeaway": null, "website": null, "addr:postcode": null, "operator": null, "alt_name": null, "shop": null, "building": null, "name:en": null, "name:pt": null, "office": null, "old_name": null, "fee": null, "service:bicycle:bicycle": null, "service:bicycle:dealer": null, "service:bicycle:ebike": null, "service:bicycle:repair": null, "service:bicycle:sales": null, "direction": null, "stop": null, "bus": null, "public_transport": null, "brewery": null, "level": null, "microbrewery": null, "outdoor_seating": null, "payment:american_express": null, "payment:cards": null, "payment:credit_cards": null, "payment:cryptocurrencies": null, "payment:debit_cards": null, "payment:maestro": null, "payment:mastercard": null, "payment:notes": null, "payment:visa": null, "payment:visa_electron": null, "start_date": null, "network": null, "network:wikidata": null, "ref": null, "source": null, "bridge": null, "layer": null, "oneway": null, "lanes": null, "lit": null, "short_name": null, "surface": null, "admin_level": null, "boundary": null, "loc_name": null, "foot": null, "maxheight": null, "width": null, "sidewalk": null, "destination": null, "leisure": null, "email": null, "service:bicycle:cleaning": null, "service:bicycle:diy": null, "service:bicycle:pump": null, "service:bicycle:rental": null, "service:bicycle:retail": null, "service:bicycle:second_hand": null, "bus:lanes": null, "source:alt_name": null, "segregated": null, "service:bicycle:chain_tool": null, "not:operator:wikidata": null, "note": null, "barrier": null, "service": null, "branch": null, "contact:phone": null, "bin": null, "covered": null, "passenger_information_display": null, "shelter": null, "tactile_paving": null, "footway": null, "payment:cash": null, "payment:coins": null, "area": null, "addr:place": null, "access": null, "opening_hours:covid19": null, "addr:state": null, "cycleway": null, "incline": null, "hazard": null, "orientation": null, "parking": null, "type": null, "addr:district": null, "box_id": 1, "provider": "osmnx" }, "geometry": { "type": "LineString", "coordinates": [ [ -49.250799, -25.4258273 ], [ -49.2507957, -25.4257509 ], [ -49.250794, -25.4256845 ] ] } },
{ "type": "Feature", "properties": { "highway": "service", "traffic_signals:direction": null, "crossing": null, "crossing_ref": null, "maxspeed": null, "traffic_signals": null, "traffic_signals:sound": null, "amenity": null, "addr:city": null, "addr:country": null, "addr:housenumber": null, "addr:street": null, "bicycle": null, "crossing:markings": null, "button_operated": null, "crossing:island": null, "name": null, "wheelchair": null, "addr:suburb": null, "brand": null, "brand:wikidata": null, "brand:wikipedia": null, "healthcare": null, "railway": null, "crossing:barrier": null, "capacity": null, "cuisine": null, "delivery": null, "internet_access": null, "opening_hours": null, "phone": null, "smoking": null, "takeaway": null, "website": null, "addr:postcode": null, "operator": null, "alt_name": null, "shop": null, "building": null, "name:en": null, "name:pt": null, "office": null, "old_name": null, "fee": null, "service:bicycle:bicycle": null, "service:bicycle:dealer": null, "service:bicycle:ebike": null, "service:bicycle:repair": null, "service:bicycle:sales": null, "direction": null, "stop": null, "bus": null, "public_transport": null, "brewery": null, "level": null, "microbrewery": null, "outdoor_seating": null, "payment:american_express": null, "payment:cards": null, "payment:credit_cards": null, "payment:cryptocurrencies": null, "payment:debit_cards": null, "payment:maestro": null, "payment:mastercard": null, "payment:notes": null, "payment:visa": null, "payment:visa_electron": null, "start_date": null, "network": null, "network:wikidata": null, "ref": null, "source": null, "bridge": null, "layer": null, "oneway": "yes", "lanes": null, "lit": null, "short_name": null, "surface": null, "admin_level": null, "boundary": null, "loc_name": null, "foot": null, "maxheight": null, "width": null, "sidewalk": null, "destination": null, "leisure": null, "email": null, "service:bicycle:cleaning": null, "service:bicycle:diy": null, "service:bicycle:pump": null, "service:bicycle:rental": null, "service:bicycle:retail": null, "service:bicycle:second_hand": null, "bus:lanes": null, "source:alt_name": null, "segregated": null, "service:bicycle:chain_tool": null, "not:operator:wikidata": null, "note": null, "barrier": null, "service": "parking_aisle", "branch": null, "contact:phone": null, "bin": null, "covered": null, "passenger_information_display": null, "shelter": null, "tactile_paving": null, "footway": null, "payment:cash": null, "payment:coins": null, "area": null, "addr:place": null, "access": null, "opening_hours:covid19": null, "addr:state": null, "cycleway": null, "incline": null, "hazard": null, "orientation": null, "parking": null, "type": null, "addr:district": null, "box_id": 1, "provider": "osmnx" }, "geometry": { "type": "LineString", "coordinates": [ [ -49.2512255, -25.4256237 ], [ -49.2512202, -25.4256383 ], [ -49.251202, -25.4256455 ], [ -49.250794, -25.4256845 ], [ -49.250789, -25.4255729 ], [ -49.2507917, -25.4255535 ], [ -49.2508058, -25.4255426 ], [ -49.2511779, -25.4255044 ], [ -49.2512007, -25.4255062 ], [ -49.2512134, -25.4255171 ], [ -49.2512255, -25.4256237 ] ] } },
{ "type": "Feature", "properties": { "highway": "residential", "traffic_signals:direction": null, "crossing": null, "crossing_ref": null, "maxspeed": null, "traffic_signals": null, "traffic_signals:sound": null, "amenity": null, "addr:city": null, "addr:country": null, "addr:housenumber": null, "addr:street": null, "bicycle": null, "crossing:markings": null, "button_operated": null, "crossing:island": null, "name": "Rua Schiller", "wheelchair": null, "addr:suburb": null, "brand": null, "brand:wikidata": null, "brand:wikipedia": null, "healthcare": null, "railway": null, "crossing:barrier": null, "capacity": null, "cuisine": null, "delivery": null, "internet_access": null, "opening_hours": null, "phone": null, "smoking": null, "takeaway": null, "website": null, "addr:postcode": null, "operator": null, "alt_name": null, "shop": null, "building": null, "name:en": null, "name:pt": null, "office": null, "old_name": null, "fee": null, "service:bicycle:bicycle": null, "service:bicycle:dealer": null, "service:bicycle:ebike": null, "service:bicycle:repair": null, "service:bicycle:sales": null, "direction": null, "stop": null, "bus": null, "public_transport": null, "brewery": null, "level": null, "microbrewery": null, "outdoor_seating": null, "payment:american_express": null, "payment:cards": null, "payment:credit_cards": null, "payment:cryptocurrencies": null, "payment:debit_cards": null, "payment:maestro": null, "payment:mastercard": null, "payment:notes": null, "payment:visa": null, "payment:visa_electron": null, "start_date": null, "network": null, "network:wikidata": null, "ref": null, "source": null, "bridge": null, "layer": null, "oneway": "yes", "lanes": "1", "lit": null, "short_name": null, "surface": "sett", "admin_level": null, "boundary": null, "loc_name": null, "foot": null, "maxheight": null, "width": null, "sidewalk": null, "destination": null, "leisure": null, "email": null, "service:bicycle:cleaning": null, "service:bicycle:diy": null, "service:bicycle:pump": null, "service:bicycle:rental": null, "service:bicycle:retail": null, "service:bicycle:second_hand": null, "bus:lanes": null, "source:alt_name": null, "segregated": null, "service:bicycle:chain_tool": null, "not:operator:wikidata": null, "note": null, "barrier": null, "service": null, "branch": null, "contact:phone": null, "bin": null, "covered": null, "passenger_information_display": null, "shelter": null, "tactile_paving": null, "footway": null, "payment:cash": null, "payment:coins": null, "area": null, "addr:place": null, "access": null, "opening_hours:covid19": null, "addr:state": null, "cycleway": null, "incline": null, "hazard": null, "orientation": null, "parking": null, "type": null, "addr:district": null, "box_id": 1, "provider": "osmnx" }, "geometry": { "type": "LineString", "coordinates": [ [ -49.2500594, -25.4257947 ], [ -49.2500241, -25.4257862 ], [ -49.2499979, -25.4257634 ], [ -49.2499857, -25.4257371 ], [ -49.2498272, -25.4244577 ], [ -49.249835, -25.4244231 ], [ -49.2498554, -25.4243909 ], [ -49.2498927, -25.424376 ] ] } },
{ "type": "Feature", "properties": { "highway": "residential", "traffic_signals:direction": null, "crossing": null, "crossing_ref": null, "maxspeed": null, "traffic_signals": null, "traffic_signals:sound": null, "amenity": null, "addr:city": null, "addr:country": null, "addr:housenumber": null, "addr:street": null, "bicycle": null, "crossing:markings": null, "button_operated": null, "crossing:island": null, "name": "Rua Schiller", "wheelchair": null, "addr:suburb": null, "brand": null, "brand:wikidata": null, "brand:wikipedia": null, "healthcare": null, "railway": null, "crossing:barrier": null, "capacity": null, "cuisine": null, "delivery": null, "internet_access": null, "opening_hours": null, "phone": null, "smoking": null, "takeaway": null, "website": null, "addr:postcode": null, "operator": null, "alt_name": null, "shop": null, "building": null, "name:en": null, "name:pt": null, "office": null, "old_name": null, "fee": null, "service:bicycle:bicycle": null, "service:bicycle:dealer": null, "service:bicycle:ebike": null, "service:bicycle:repair": null, "service:bicycle:sales": null, "direction": null, "stop": null, "bus": null, "public_transport": null, "brewery": null, "level": null, "microbrewery": null, "outdoor_seating": null, "payment:american_express": null, "payment:cards": null, "payment:credit_cards": null, "payment:cryptocurrencies": null, "payment:debit_cards": null, "payment:maestro": null, "payment:mastercard": null, "payment:notes": null, "payment:visa": null, "payment:visa_electron": null, "start_date": null, "network": null, "network:wikidata": null, "ref": null, "source": null, "bridge": null, "layer": null, "oneway": "yes", "lanes": "1", "lit": null, "short_name": null, "surface": "sett", "admin_level": null, "boundary": null, "loc_name": null, "foot": null, "maxheight": null, "width": null, "sidewalk": null, "destination": null, "leisure": null, "email": null, "service:bicycle:cleaning": null, "service:bicycle:diy": null, "service:bicycle:pump": null, "service:bicycle:rental": null, "service:bicycle:retail": null, "service:bicycle:second_hand": null, "bus:lanes": null, "source:alt_name": null, "segregated": null, "service:bicycle:chain_tool": null, "not:operator:wikidata": null, "note": null, "barrier": null, "service": null, "branch": null, "contact:phone": null, "bin": null, "covered": null, "passenger_information_display": null, "shelter": null, "tactile_paving": null, "footway": null, "payment:cash": null, "payment:coins": null, "area": null, "addr:place": null, "access": null, "opening_hours:covid19": null, "addr:state": null, "cycleway": null, "incline": null, "hazard": null, "orientation": null, "parking": null, "type": null, "addr:district": null, "box_id": 1, "provider": "osmnx" }, "geometry": { "type": "LineString", "coordinates": [ [ -49.2498927, -25.424376 ], [ -49.2499288, -25.4243788 ], [ -49.2499678, -25.4244009 ], [ -49.2499941, -25.4244402 ], [ -49.2501418, -25.4257163 ], [ -49.2501321, -25.4257549 ], [ -49.2500939, -25.425788 ], [ -49.2500594, -25.4257947 ] ] } },
{ "type": "Feature", "properties": { "highway": "residential", "traffic_signals:direction": null, "crossing": null, "crossing_ref": null, "maxspeed": null, "traffic_signals": null, "traffic_signals:sound": null, "amenity": null, "addr:city": null, "addr:country": null, "addr:housenumber": null, "addr:street": null, "bicycle": null, "crossing:markings": null, "button_operated": null, "crossing:island": null, "name": "Travessa Kalil Karan", "wheelchair": null, "addr:suburb": null, "brand": null, "brand:wikidata": null, "brand:wikipedia": null, "healthcare": null, "railway": null, "crossing:barrier": null, "capacity": null, "cuisine": null, "delivery": null, "internet_access": null, "opening_hours": null, "phone": null, "smoking": null, "takeaway": null, "website": null, "addr:postcode": null, "operator": null, "alt_name": null, "shop": null, "building": null, "name:en": null, "name:pt": null, "office": null, "old_name": null, "fee": null, "service:bicycle:bicycle": null, "service:bicycle:dealer": null, "service:bicycle:ebike": null, "service:bicycle:repair": null, "service:bicycle:sales": null, "direction": null, "stop": null, "bus": null, "public_transport": null, "brewery": null, "level": null, "microbrewery": null, "outdoor_seating": null, "payment:american_express": null, "payment:cards": null, "payment:credit_cards": null, "payment:cryptocurrencies": null, "payment:debit_cards": null, "payment:maestro": null, "payment:mastercard": null, "payment:notes": null, "payment:visa": null, "payment:visa_electron": null, "start_date": null, "network": null, "network:wikidata": null, "ref": null, "source": null, "bridge": null, "layer": null, "oneway": null, "lanes": "2", "lit": null, "short_name": null, "surface": "asphalt", "admin_level": null, "boundary": null, "loc_name": null, "foot": null, "maxheight": null, "width": null, "sidewalk": null, "destination": null, "leisure": null, "email": null, "service:bicycle:cleaning": null, "service:bicycle:diy": null, "service:bicycle:pump": null, "service:bicycle:rental": null, "service:bicycle:retail": null, "service:bicycle:second_hand": null, "bus:lanes": null, "source:alt_name": null, "segregated": null, "service:bicycle:chain_tool": null, "not:operator:wikidata": null, "note": null, "barrier": null, "service": null, "branch": null, "contact:phone": null, "bin": null, "covered": null, "passenger_information_display": null, "shelter": null, "tactile_paving": null, "footway": null, "payment:cash": null, "payment:coins": null, "area": null, "addr:place": null, "access": null, "opening_hours:covid19": null, "addr:state": null, "cycleway": null, "incline": null, "hazard": null, "orientation": null, "parking": null, "type": null, "addr:district": null, "box_id": 1, "provider": "osmnx" }, "geometry": { "type": "LineString", "coordinates": [ [ -49.251312139093137, -25.424914088259243 ], [ -49.2512363, -25.4242373 ], [ -49.2512248, -25.4241346 ] ] } },
{ "type": "Feature", "properties": { "highway": "residential", "traffic_signals:direction": null, "crossing": null, "crossing_ref": null, "maxspeed": null, "traffic_signals": null, "traffic_signals:sound": null, "amenity": null, "addr:city": null, "addr:country": null, "addr:housenumber": null, "addr:street": null, "bicycle": null, "crossing:markings": null, "button_operated": null, "crossing:island": null, "name": "Rua Antônio Mion", "wheelchair": null, "addr:suburb": null, "brand": null, "brand:wikidata": null, "brand:wikipedia": null, "healthcare": null, "railway": null, "crossing:barrier": null, "capacity": null, "cuisine": null, "delivery": null, "internet_access": null, "opening_hours": null, "phone": null, "smoking": null, "takeaway": null, "website": null, "addr:postcode": null, "operator": null, "alt_name": null, "shop": null, "building": null, "name:en": null, "name:pt": null, "office": null, "old_name": null, "fee": null, "service:bicycle:bicycle": null, "service:bicycle:dealer": null, "service:bicycle:ebike": null, "service:bicycle:repair": null, "service:bicycle:sales": null, "direction": null, "stop": null, "bus": null, "public_transport": null, "brewery": null, "level": null, "microbrewery": null, "outdoor_seating": null, "payment:american_express": null, "payment:cards": null, "payment:credit_cards": null, "payment:cryptocurrencies": null, "payment:debit_cards": null, "payment:maestro": null, "payment:mastercard": null, "payment:notes": null, "payment:visa": null, "payment:visa_electron": null, "start_date": null, "network": null, "network:wikidata": null, "ref": null, "source": null, "bridge": null, "layer": null, "oneway": null, "lanes": "2", "lit": null, "short_name": null, "surface": "asphalt", "admin_level": null, "boundary": null, "loc_name": null, "foot": null, "maxheight": null, "width": null, "sidewalk": null, "destination": null, "leisure": null, "email": null, "service:bicycle:cleaning": null, "service:bicycle:diy": null, "service:bicycle:pump": null, "service:bicycle:rental": null, "service:bicycle:retail": null, "service:bicycle:second_hand": null, "bus:lanes": null, "source:alt_name": null, "segregated": null, "service:bicycle:chain_tool": null, "not:operator:wikidata": null, "note": null, "barrier": null, "service": null, "branch": null, "contact:phone": null, "bin": null, "covered": null, "passenger_information_display": null, "shelter": null, "tactile_paving": null, "footway": null, "payment:cash": null, "payment:coins": null, "area": null, "addr:place": null, "access": null, "opening_hours:covid19": null, "addr:state": null, "cycleway": null, "incline": null, "hazard": null, "orientation": null, "parking": null, "type": null, "addr:district": null, "box_id": 1, "provider": "osmnx" }, "geometry": { "type": "LineString", "coordinates": [ [ -49.2509376, -25.4254213 ], [ -49.2508381, -25.4242791 ], [ -49.2508283, -25.4241669 ] ] } },
{ "type": "Feature", "properties": { "highway": "residential", "traffic_signals:direction": null, "crossing": null, "crossing_ref": null, "maxspeed": null, "traffic_signals": null, "traffic_signals:sound": null, "amenity": null, "addr:city": null, "addr:country": null, "addr:housenumber": null, "addr:street": null, "bicycle": null, "crossing:markings": null, "button_operated": null, "crossing:island": null, "name": "Rua Schiller", "wheelchair": null, "addr:suburb": null, "brand": null, "brand:wikidata": null, "brand:wikipedia": null, "healthcare": null, "railway": null, "crossing:barrier": null, "capacity": null, "cuisine": null, "delivery": null, "internet_access": null, "opening_hours": null, "phone": null, "smoking": null, "takeaway": null, "website": null, "addr:postcode": null, "operator": null, "alt_name": null, "shop": null, "building": null, "name:en": null, "name:pt": null, "office": null, "old_name": null, "fee": null, "service:bicycle:bicycle": null, "service:bicycle:dealer": null, "service:bicycle:ebike": null, "service:bicycle:repair": null, "service:bicycle:sales": null, "direction": null, "stop": null, "bus": null, "public_transport": null, "brewery": null, "level": null, "microbrewery": null, "outdoor_seating": null, "payment:american_express": null, "payment:cards": null, "payment:credit_cards": null, "payment:cryptocurrencies": null, "payment:debit_cards": null, "payment:maestro": null, "payment:mastercard": null, "payment:notes": null, "payment:visa": null, "payment:visa_electron": null, "start_date": null, "network": null, "network:wikidata": null, "ref": null, "source": null, "bridge": null, "layer": null, "oneway": "no", "lanes": "2", "lit": null, "short_name": null, "surface": "sett", "admin_level": null, "boundary": null, "loc_name": null, "foot": null, "maxheight": null, "width": null, "sidewalk": null, "destination": null, "leisure": null, "email": null, "service:bicycle:cleaning": null, "service:bicycle:diy": null, "service:bicycle:pump": null, "service:bicycle:rental": null, "service:bicycle:retail": null, "service:bicycle:second_hand": null, "bus:lanes": null, "source:alt_name": null, "segregated": null, "service:bicycle:chain_tool": null, "not:operator:wikidata": null, "note": null, "barrier": null, "service": null, "branch": null, "contact:phone": null, "bin": null, "covered": null, "passenger_information_display": null, "shelter": null, "tactile_paving": null, "footway": null, "payment:cash": null, "payment:coins": null, "area": null, "addr:place": null, "access": null, "opening_hours:covid19": null, "addr:state": null, "cycleway": null, "incline": null, "hazard": null, "orientation": null, "parking": null, "type": null, "addr:district": null, "box_id": 1, "provider": "osmnx" }, "geometry": { "type": "LineString", "coordinates": [ [ -49.2498654, -25.4241234 ], [ -49.249871, -25.4241744 ], [ -49.2498786, -25.4242443 ], [ -49.2498865, -25.4243176 ], [ -49.2498927, -25.424376 ] ] } },
{ "type": "Feature", "properties": { "highway": "secondary", "traffic_signals:direction": null, "crossing": null, "crossing_ref": null, "maxspeed": "50", "traffic_signals": null, "traffic_signals:sound": null, "amenity": null, "addr:city": null, "addr:country": null, "addr:housenumber": null, "addr:street": null, "bicycle": null, "crossing:markings": null, "button_operated": null, "crossing:island": null, "name": "Rua Professor Brandão", "wheelchair": null, "addr:suburb": null, "brand": null, "brand:wikidata": null, "brand:wikipedia": null, "healthcare": null, "railway": null, "crossing:barrier": null, "capacity": null, "cuisine": null, "delivery": null, "internet_access": null, "opening_hours": null, "phone": null, "smoking": null, "takeaway": null, "website": null, "addr:postcode": null, "operator": null, "alt_name": null, "shop": null, "building": null, "name:en": null, "name:pt": null, "office": null, "old_name": null, "fee": null, "service:bicycle:bicycle": null, "service:bicycle:dealer": null, "service:bicycle:ebike": null, "service:bicycle:repair": null, "service:bicycle:sales": null, "direction": null, "stop": null, "bus": null, "public_transport": null, "brewery": null, "level": null, "microbrewery": null, "outdoor_seating": null, "payment:american_express": null, "payment:cards": null, "payment:credit_cards": null, "payment:cryptocurrencies": null, "payment:debit_cards": null, "payment:maestro": null, "payment:mastercard": null, "payment:notes": null, "payment:visa": null, "payment:visa_electron": null, "start_date": null, "network": null, "network:wikidata": null, "ref": null, "source": null, "bridge": null, "layer": null, "oneway": "yes", "lanes": "2", "lit": null, "short_name": null, "surface": "asphalt", "admin_level": null, "boundary": null, "loc_name": null, "foot": null, "maxheight": null, "width": null, "sidewalk": null, "destination": null, "leisure": null, "email": null, "service:bicycle:cleaning": null, "service:bicycle:diy": null, "service:bicycle:pump": null, "service:bicycle:rental": null, "service:bicycle:retail": null, "service:bicycle:second_hand": null, "bus:lanes": null, "source:alt_name": null, "segregated": null, "service:bicycle:chain_tool": null, "not:operator:wikidata": null, "note": null, "barrier": null, "service": null, "branch": null, "contact:phone": null, "bin": null, "covered": null, "passenger_information_display": null, "shelter": null, "tactile_paving": null, "footway": null, "payment:cash": null, "payment:coins": null, "area": null, "addr:place": null, "access": null, "opening_hours:covid19": null, "addr:state": null, "cycleway": null, "incline": null, "hazard": null, "orientation": null, "parking": null, "type": null, "addr:district": null, "box_id": 1, "provider": "osmnx" }, "geometry": { "type": "LineString", "coordinates": [ [ -49.251323506177776, -25.424126560035738 ], [ -49.2512248, -25.4241346 ], [ -49.2510201, -25.4241513 ], [ -49.2508283, -25.4241669 ], [ -49.2498786, -25.4242443 ], [ -49.2486599, -25.4243435 ] ] } },
{ "type": "Feature", "properties": { "highway": "service", "traffic_signals:direction": null, "crossing": null, "crossing_ref": null, "maxspeed": null, "traffic_signals": null, "traffic_signals:sound": null, "amenity": null, "addr:city": null, "addr:country": null, "addr:housenumber": null, "addr:street": null, "bicycle": null, "crossing:markings": null, "button_operated": null, "crossing:island": null, "name": null, "wheelchair": null, "addr:suburb": null, "brand": null, "brand:wikidata": null, "brand:wikipedia": null, "healthcare": null, "railway": null, "crossing:barrier": null, "capacity": null, "cuisine": null, "delivery": null, "internet_access": null, "opening_hours": null, "phone": null, "smoking": null, "takeaway": null, "website": null, "addr:postcode": null, "operator": null, "alt_name": null, "shop": null, "building": null, "name:en": null, "name:pt": null, "office": null, "old_name": null, "fee": null, "service:bicycle:bicycle": null, "service:bicycle:dealer": null, "service:bicycle:ebike": null, "service:bicycle:repair": null, "service:bicycle:sales": null, "direction": null, "stop": null, "bus": null, "public_transport": null, "brewery": null, "level": null, "microbrewery": null, "outdoor_seating": null, "payment:american_express": null, "payment:cards": null, "payment:credit_cards": null, "payment:cryptocurrencies": null, "payment:debit_cards": null, "payment:maestro": null, "payment:mastercard": null, "payment:notes": null, "payment:visa": null, "payment:visa_electron": null, "start_date": null, "network": null, "network:wikidata": null, "ref": null, "source": null, "bridge": null, "layer": null, "oneway": null, "lanes": null, "lit": null, "short_name": null, "surface": null, "admin_level": null, "boundary": null, "loc_name": null, "foot": null, "maxheight": null, "width": null, "sidewalk": null, "destination": null, "leisure": null, "email": null, "service:bicycle:cleaning": null, "service:bicycle:diy": null, "service:bicycle:pump": null, "service:bicycle:rental": null, "service:bicycle:retail": null, "service:bicycle:second_hand": null, "bus:lanes": null, "source:alt_name": null, "segregated": null, "service:bicycle:chain_tool": null, "not:operator:wikidata": null, "note": null, "barrier": null, "service": null, "branch": null, "contact:phone": null, "bin": null, "covered": null, "passenger_information_display": null, "shelter": null, "tactile_paving": null, "footway": null, "payment:cash": null, "payment:coins": null, "area": null, "addr:place": null, "access": null, "opening_hours:covid19": null, "addr:state": null, "cycleway": null, "incline": null, "hazard": null, "orientation": null, "parking": null, "type": null, "addr:district": null, "box_id": 1, "provider": "osmnx" }, "geometry": { "type": "LineString", "coordinates": [ [ -49.2490764, -25.4253621 ], [ -49.2489168, -25.4253682 ], [ -49.248764, -25.4253737 ] ] } },
{ "type": "Feature", "properties": { "highway": "service", "traffic_signals:direction": null, "crossing": null, "crossing_ref": null, "maxspeed": null, "traffic_signals": null, "traffic_signals:sound": null, "amenity": null, "addr:city": null, "addr:country": null, "addr:housenumber": null, "addr:street": null, "bicycle": null, "crossing:markings": null, "button_operated": null, "crossing:island": null, "name": "Rua Flávio Dallegrave", "wheelchair": null, "addr:suburb": null, "brand": null, "brand:wikidata": null, "brand:wikipedia": null, "healthcare": null, "railway": null, "crossing:barrier": null, "capacity": null, "cuisine": null, "delivery": null, "internet_access": null, "opening_hours": null, "phone": null, "smoking": null, "takeaway": null, "website": null, "addr:postcode": null, "operator": null, "alt_name": null, "shop": null, "building": null, "name:en": null, "name:pt": null, "office": null, "old_name": null, "fee": null, "service:bicycle:bicycle": null, "service:bicycle:dealer": null, "service:bicycle:ebike": null, "service:bicycle:repair": null, "service:bicycle:sales": null, "direction": null, "stop": null, "bus": null, "public_transport": null, "brewery": null, "level": null, "microbrewery": null, "outdoor_seating": null, "payment:american_express": null, "payment:cards": null, "payment:credit_cards": null, "payment:cryptocurrencies": null, "payment:debit_cards": null, "payment:maestro": null, "payment:mastercard": null, "payment:notes": null, "payment:visa": null, "payment:visa_electron": null, "start_date": null, "network": null, "network:wikidata": null, "ref": null, "source": null, "bridge": null, "layer": null, "oneway": "yes", "lanes": null, "lit": null, "short_name": null, "surface": null, "admin_level": null, "boundary": null, "loc_name": null, "foot": null, "maxheight": null, "width": null, "sidewalk": null, "destination": null, "leisure": null, "email": null, "service:bicycle:cleaning": null, "service:bicycle:diy": null, "service:bicycle:pump": null, "service:bicycle:rental": null, "service:bicycle:retail": null, "service:bicycle:second_hand": null, "bus:lanes": null, "source:alt_name": null, "segregated": null, "service:bicycle:chain_tool": null, "not:operator:wikidata": null, "note": null, "barrier": null, "service": "parking_aisle", "branch": null, "contact:phone": null, "bin": null, "covered": null, "passenger_information_display": null, "shelter": null, "tactile_paving": null, "footway": null, "payment:cash": null, "payment:coins": null, "area": null, "addr:place": null, "access": null, "opening_hours:covid19": null, "addr:state": null, "cycleway": null, "incline": null, "hazard": null, "orientation": null, "parking": null, "type": null, "addr:district": null, "box_id": 1, "provider": "osmnx" }, "geometry": { "type": "LineString", "coordinates": [ [ -49.2483941, -25.4259981 ], [ -49.2483862, -25.4259438 ], [ -49.2483006, -25.425247 ], [ -49.2482793, -25.4251156 ], [ -49.2482428, -25.4249787 ], [ -49.2481805, -25.424834 ], [ -49.2479929, -25.4244914 ], [ -49.2479821, -25.4244707 ], [ -49.2479509, -25.4244013 ] ] } },
{ "type": "Feature", "properties": { "highway": "service", "traffic_signals:direction": null, "crossing": null, "crossing_ref": null, "maxspeed": null, "traffic_signals": null, "traffic_signals:sound": null, "amenity": null, "addr:city": null, "addr:country": null, "addr:housenumber": null, "addr:street": null, "bicycle": null, "crossing:markings": null, "button_operated": null, "crossing:island": null, "name": null, "wheelchair": null, "addr:suburb": null, "brand": null, "brand:wikidata": null, "brand:wikipedia": null, "healthcare": null, "railway": null, "crossing:barrier": null, "capacity": null, "cuisine": null, "delivery": null, "internet_access": null, "opening_hours": null, "phone": null, "smoking": null, "takeaway": null, "website": null, "addr:postcode": null, "operator": null, "alt_name": null, "shop": null, "building": null, "name:en": null, "name:pt": null, "office": null, "old_name": null, "fee": null, "service:bicycle:bicycle": null, "service:bicycle:dealer": null, "service:bicycle:ebike": null, "service:bicycle:repair": null, "service:bicycle:sales": null, "direction": null, "stop": null, "bus": null, "public_transport": null, "brewery": null, "level": null, "microbrewery": null, "outdoor_seating": null, "payment:american_express": null, "payment:cards": null, "payment:credit_cards": null, "payment:cryptocurrencies": null, "payment:debit_cards": null, "payment:maestro": null, "payment:mastercard": null, "payment:notes": null, "payment:visa": null, "payment:visa_electron": null, "start_date": null, "network": null, "network:wikidata": null, "ref": null, "source": null, "bridge": null, "layer": null, "oneway": null, "lanes": null, "lit": null, "short_name": null, "surface": null, "admin_level": null, "boundary": null, "loc_name": null, "foot": null, "maxheight": null, "width": null, "sidewalk": null, "destination": null, "leisure": null, "email": null, "service:bicycle:cleaning": null, "service:bicycle:diy": null, "service:bicycle:pump": null, "service:bicycle:rental": null, "service:bicycle:retail": null, "service:bicycle:second_hand": null, "bus:lanes": null, "source:alt_name": null, "segregated": null, "service:bicycle:chain_tool": null, "not:operator:wikidata": null, "note": null, "barrier": null, "service": null, "branch": null, "contact:phone": null, "bin": null, "covered": null, "passenger_information_display": null, "shelter": null, "tactile_paving": null, "footway": null, "payment:cash": null, "payment:coins": null, "area": null, "addr:place": null, "access": null, "opening_hours:covid19": null, "addr:state": null, "cycleway": null, "incline": null, "hazard": null, "orientation": null, "parking": null, "type": null, "addr:district": null, "box_id": 1, "provider": "osmnx" }, "geometry": { "type": "LineString", "coordinates": [ [ -49.2490496, -25.4250484 ], [ -49.248886, -25.4250514 ], [ -49.2487321, -25.425058 ] ] } },
{ "type": "Feature", "properties": { "highway": "cycleway", "traffic_signals:direction": null, "crossing": "uncontrolled", "crossing_ref": null, "maxspeed": null, "traffic_signals": null, "traffic_signals:sound": null, "amenity": null, "addr:city": null, "addr:country": null, "addr:housenumber": null, "addr:street": null, "bicycle": "designated", "crossing:markings": null, "button_operated": null, "crossing:island": null, "name": null, "wheelchair": null, "addr:suburb": null, "brand": null, "brand:wikidata": null, "brand:wikipedia": null, "healthcare": null, "railway": null, "crossing:barrier": null, "capacity": null, "cuisine": null, "delivery": null, "internet_access": null, "opening_hours": null, "phone": null, "smoking": null, "takeaway": null, "website": null, "addr:postcode": null, "operator": null, "alt_name": null, "shop": null, "building": null, "name:en": null, "name:pt": null, "office": null, "old_name": null, "fee": null, "service:bicycle:bicycle": null, "service:bicycle:dealer": null, "service:bicycle:ebike": null, "service:bicycle:repair": null, "service:bicycle:sales": null, "direction": null, "stop": null, "bus": null, "public_transport": null, "brewery": null, "level": null, "microbrewery": null, "outdoor_seating": null, "payment:american_express": null, "payment:cards": null, "payment:credit_cards": null, "payment:cryptocurrencies": null, "payment:debit_cards": null, "payment:maestro": null, "payment:mastercard": null, "payment:notes": null, "payment:visa": null, "payment:visa_electron": null, "start_date": null, "network": null, "network:wikidata": null, "ref": null, "source": null, "bridge": null, "layer": null, "oneway": null, "lanes": null, "lit": null, "short_name": null, "surface": "asphalt", "admin_level": null, "boundary": null, "loc_name": null, "foot": "designated", "maxheight": null, "width": null, "sidewalk": null, "destination": null, "leisure": null, "email": null, "service:bicycle:cleaning": null, "service:bicycle:diy": null, "service:bicycle:pump": null, "service:bicycle:rental": null, "service:bicycle:retail": null, "service:bicycle:second_hand": null, "bus:lanes": null, "source:alt_name": null, "segregated": null, "service:bicycle:chain_tool": null, "not:operator:wikidata": null, "note": null, "barrier": null, "service": null, "branch": null, "contact:phone": null, "bin": null, "covered": null, "passenger_information_display": null, "shelter": null, "tactile_paving": null, "footway": null, "payment:cash": null, "payment:coins": null, "area": null, "addr:place": null, "access": null, "opening_hours:covid19": null, "addr:state": null, "cycleway": "crossing", "incline": null, "hazard": null, "orientation": null, "parking": null, "type": null, "addr:district": null, "box_id": 1, "provider": "osmnx" }, "geometry": { "type": "LineString", "coordinates": [ [ -49.2481525, -25.4243166 ], [ -49.2482014, -25.4243801 ], [ -49.2482434, -25.4244346 ] ] } },
{ "type": "Feature", "properties": { "highway": "residential", "traffic_signals:direction": null, "crossing": null, "crossing_ref": null, "maxspeed": null, "traffic_signals": null, "traffic_signals:sound": null, "amenity": null, "addr:city": null, "addr:country": null, "addr:housenumber": null, "addr:street": null, "bicycle": null, "crossing:markings": null, "button_operated": null, "crossing:island": null, "name": null, "wheelchair": null, "addr:suburb": null, "brand": null, "brand:wikidata": null, "brand:wikipedia": null, "healthcare": null, "railway": null, "crossing:barrier": null, "capacity": null, "cuisine": null, "delivery": null, "internet_access": null, "opening_hours": null, "phone": null, "smoking": null, "takeaway": null, "website": null, "addr:postcode": null, "operator": null, "alt_name": null, "shop": null, "building": null, "name:en": null, "name:pt": null, "office": null, "old_name": null, "fee": null, "service:bicycle:bicycle": null, "service:bicycle:dealer": null, "service:bicycle:ebike": null, "service:bicycle:repair": null, "service:bicycle:sales": null, "direction": null, "stop": null, "bus": null, "public_transport": null, "brewery": null, "level": null, "microbrewery": null, "outdoor_seating": null, "payment:american_express": null, "payment:cards": null, "payment:credit_cards": null, "payment:cryptocurrencies": null, "payment:debit_cards": null, "payment:maestro": null, "payment:mastercard": null, "payment:notes": null, "payment:visa": null, "payment:visa_electron": null, "start_date": null, "network": null, "network:wikidata": null, "ref": null, "source": null, "bridge": null, "layer": null, "oneway": "yes", "lanes": null, "lit": null, "short_name": null, "surface": "asphalt", "admin_level": null, "boundary": null, "loc_name": null, "foot": null, "maxheight": null, "width": null, "sidewalk": null, "destination": null, "leisure": null, "email": null, "service:bicycle:cleaning": null, "service:bicycle:diy": null, "service:bicycle:pump": null, "service:bicycle:rental": null, "service:bicycle:retail": null, "service:bicycle:second_hand": null, "bus:lanes": null, "source:alt_name": null, "segregated": null, "service:bicycle:chain_tool": null, "not:operator:wikidata": null, "note": null, "barrier": null, "service": null, "branch": null, "contact:phone": null, "bin": null, "covered": null, "passenger_information_display": null, "shelter": null, "tactile_paving": null, "footway": null, "payment:cash": null, "payment:coins": null, "area": null, "addr:place": null, "access": null, "opening_hours:covid19": null, "addr:state": null, "cycleway": null, "incline": null, "hazard": null, "orientation": null, "parking": null, "type": null, "addr:district": null, "box_id": 1, "provider": "osmnx" }, "geometry": { "type": "LineString", "coordinates": [ [ -49.2483079, -25.4243722 ], [ -49.247309, -25.4229097 ] ] } },
{ "type": "Feature", "properties": { "highway": "cycleway", "traffic_signals:direction": null, "crossing": null, "crossing_ref": null, "maxspeed": null, "traffic_signals": null, "traffic_signals:sound": null, "amenity": null, "addr:city": null, "addr:country": null, "addr:housenumber": null, "addr:street": null, "bicycle": "designated", "crossing:markings": null, "button_operated": null, "crossing:island": null, "name": null, "wheelchair": null, "addr:suburb": null, "brand": null, "brand:wikidata": null, "brand:wikipedia": null, "healthcare": null, "railway": null, "crossing:barrier": null, "capacity": null, "cuisine": null, "delivery": null, "internet_access": null, "opening_hours": null, "phone": null, "smoking": null, "takeaway": null, "website": null, "addr:postcode": null, "operator": null, "alt_name": null, "shop": null, "building": null, "name:en": null, "name:pt": null, "office": null, "old_name": null, "fee": null, "service:bicycle:bicycle": null, "service:bicycle:dealer": null, "service:bicycle:ebike": null, "service:bicycle:repair": null, "service:bicycle:sales": null, "direction": null, "stop": null, "bus": null, "public_transport": null, "brewery": null, "level": null, "microbrewery": null, "outdoor_seating": null, "payment:american_express": null, "payment:cards": null, "payment:credit_cards": null, "payment:cryptocurrencies": null, "payment:debit_cards": null, "payment:maestro": null, "payment:mastercard": null, "payment:notes": null, "payment:visa": null, "payment:visa_electron": null, "start_date": null, "network": null, "network:wikidata": null, "ref": null, "source": null, "bridge": null, "layer": null, "oneway": null, "lanes": null, "lit": null, "short_name": null, "surface": "asphalt", "admin_level": null, "boundary": null, "loc_name": null, "foot": "designated", "maxheight": null, "width": null, "sidewalk": null, "destination": null, "leisure": null, "email": null, "service:bicycle:cleaning": null, "service:bicycle:diy": null, "service:bicycle:pump": null, "service:bicycle:rental": null, "service:bicycle:retail": null, "service:bicycle:second_hand": null, "bus:lanes": null, "source:alt_name": null, "segregated": "no", "service:bicycle:chain_tool": null, "not:operator:wikidata": null, "note": null, "barrier": null, "service": null, "branch": null, "contact:phone": null, "bin": null, "covered": null, "passenger_information_display": null, "shelter": null, "tactile_paving": null, "footway": null, "payment:cash": null, "payment:coins": null, "area": null, "addr:place": null, "access": null, "opening_hours:covid19": null, "addr:state": null, "cycleway": null, "incline": null, "hazard": null, "orientation": null, "parking": null, "type": null, "addr:district": null, "box_id": 1, "provider": "osmnx" }, "geometry": { "type": "LineString", "coordinates": [ [ -49.2472704, -25.4229578 ], [ -49.2476469, -25.4235513 ], [ -49.2480609, -25.4241866 ], [ -49.2481525, -25.4243166 ] ] } },
{ "type": "Feature", "properties": { "highway": "tertiary", "traffic_signals:direction": null, "crossing": null, "crossing_ref": null, "maxspeed": null, "traffic_signals": null, "traffic_signals:sound": null, "amenity": null, "addr:city": null, "addr:country": null, "addr:housenumber": null, "addr:street": null, "bicycle": null, "crossing:markings": null, "button_operated": null, "crossing:island": null, "name": "Rua Padre Germano Mayer", "wheelchair": null, "addr:suburb": null, "brand": null, "brand:wikidata": null, "brand:wikipedia": null, "healthcare": null, "railway": null, "crossing:barrier": null, "capacity": null, "cuisine": null, "delivery": null, "internet_access": null, "opening_hours": null, "phone": null, "smoking": null, "takeaway": null, "website": null, "addr:postcode": null, "operator": null, "alt_name": null, "shop": null, "building": null, "name:en": null, "name:pt": null, "office": null, "old_name": null, "fee": null, "service:bicycle:bicycle": null, "service:bicycle:dealer": null, "service:bicycle:ebike": null, "service:bicycle:repair": null, "service:bicycle:sales": null, "direction": null, "stop": null, "bus": null, "public_transport": null, "brewery": null, "level": null, "microbrewery": null, "outdoor_seating": null, "payment:american_express": null, "payment:cards": null, "payment:credit_cards": null, "payment:cryptocurrencies": null, "payment:debit_cards": null, "payment:maestro": null, "payment:mastercard": null, "payment:notes": null, "payment:visa": null, "payment:visa_electron": null, "start_date": null, "network": null, "network:wikidata": null, "ref": null, "source": null, "bridge": null, "layer": null, "oneway": null, "lanes": "2", "lit": null, "short_name": null, "surface": "asphalt", "admin_level": null, "boundary": null, "loc_name": null, "foot": null, "maxheight": null, "width": null, "sidewalk": null, "destination": null, "leisure": null, "email": null, "service:bicycle:cleaning": null, "service:bicycle:diy": null, "service:bicycle:pump": null, "service:bicycle:rental": null, "service:bicycle:retail": null, "service:bicycle:second_hand": null, "bus:lanes": null, "source:alt_name": null, "segregated": null, "service:bicycle:chain_tool": null, "not:operator:wikidata": null, "note": null, "barrier": null, "service": null, "branch": null, "contact:phone": null, "bin": null, "covered": null, "passenger_information_display": null, "shelter": null, "tactile_paving": null, "footway": null, "payment:cash": null, "payment:coins": null, "area": null, "addr:place": null, "access": null, "opening_hours:covid19": null, "addr:state": null, "cycleway": null, "incline": null, "hazard": null, "orientation": null, "parking": null, "type": null, "addr:district": null, "box_id": 1, "provider": "osmnx" }, "geometry": { "type": "LineString", "coordinates": [ [ -49.2486599, -25.4243435 ], [ -49.2485033, -25.4228078 ] ] } },
{ "type": "Feature", "properties": { "highway": "residential", "traffic_signals:direction": null, "crossing": null, "crossing_ref": null, "maxspeed": null, "traffic_signals": null, "traffic_signals:sound": null, "amenity": null, "addr:city": null, "addr:country": null, "addr:housenumber": null, "addr:street": null, "bicycle": null, "crossing:markings": null, "button_operated": null, "crossing:island": null, "name": "Rua Schiller", "wheelchair": null, "addr:suburb": null, "brand": null, "brand:wikidata": null, "brand:wikipedia": null, "healthcare": null, "railway": null, "crossing:barrier": null, "capacity": null, "cuisine": null, "delivery": null, "internet_access": null, "opening_hours": null, "phone": null, "smoking": null, "takeaway": null, "website": null, "addr:postcode": null, "operator": null, "alt_name": null, "shop": null, "building": null, "name:en": null, "name:pt": null, "office": null, "old_name": null, "fee": null, "service:bicycle:bicycle": null, "service:bicycle:dealer": null, "service:bicycle:ebike": null, "service:bicycle:repair": null, "service:bicycle:sales": null, "direction": null, "stop": null, "bus": null, "public_transport": null, "brewery": null, "level": null, "microbrewery": null, "outdoor_seating": null, "payment:american_express": null, "payment:cards": null, "payment:credit_cards": null, "payment:cryptocurrencies": null, "payment:debit_cards": null, "payment:maestro": null, "payment:mastercard": null, "payment:notes": null, "payment:visa": null, "payment:visa_electron": null, "start_date": null, "network": null, "network:wikidata": null, "ref": null, "source": null, "bridge": null, "layer": null, "oneway": "yes", "lanes": "1", "lit": null, "short_name": null, "surface": "sett", "admin_level": null, "boundary": null, "loc_name": null, "foot": null, "maxheight": null, "width": null, "sidewalk": null, "destination": null, "leisure": null, "email": null, "service:bicycle:cleaning": null, "service:bicycle:diy": null, "service:bicycle:pump": null, "service:bicycle:rental": null, "service:bicycle:retail": null, "service:bicycle:second_hand": null, "bus:lanes": null, "source:alt_name": null, "segregated": null, "service:bicycle:chain_tool": null, "not:operator:wikidata": null, "note": null, "barrier": null, "service": null, "branch": null, "contact:phone": null, "bin": null, "covered": null, "passenger_information_display": null, "shelter": null, "tactile_paving": null, "footway": null, "payment:cash": null, "payment:coins": null, "area": null, "addr:place": null, "access": null, "opening_hours:covid19": null, "addr:state": null, "cycleway": null, "incline": null, "hazard": null, "orientation": null, "parking": null, "type": null, "addr:district": null, "box_id": 1, "provider": "osmnx" }, "geometry": { "type": "LineString", "coordinates": [ [ -49.2498654, -25.4241234 ], [ -49.2498418, -25.4241226 ], [ -49.2498165, -25.424115 ], [ -49.2498006, -25.4240995 ], [ -49.2497877, -25.4240754 ], [ -49.2497628, -25.4238431 ], [ -49.2496558, -25.4228469 ], [ -49.249662, -25.4228259 ], [ -49.2496765, -25.4228057 ], [ -49.2496918, -25.4227951 ], [ -49.2497235, -25.4227865 ] ] } },
{ "type": "Feature", "properties": { "highway": "residential", "traffic_signals:direction": null, "crossing": null, "crossing_ref": null, "maxspeed": null, "traffic_signals": null, "traffic_signals:sound": null, "amenity": null, "addr:city": null, "addr:country": null, "addr:housenumber": null, "addr:street": null, "bicycle": null, "crossing:markings": null, "button_operated": null, "crossing:island": null, "name": "Rua Schiller", "wheelchair": null, "addr:suburb": null, "brand": null, "brand:wikidata": null, "brand:wikipedia": null, "healthcare": null, "railway": null, "crossing:barrier": null, "capacity": null, "cuisine": null, "delivery": null, "internet_access": null, "opening_hours": null, "phone": null, "smoking": null, "takeaway": null, "website": null, "addr:postcode": null, "operator": null, "alt_name": null, "shop": null, "building": null, "name:en": null, "name:pt": null, "office": null, "old_name": null, "fee": null, "service:bicycle:bicycle": null, "service:bicycle:dealer": null, "service:bicycle:ebike": null, "service:bicycle:repair": null, "service:bicycle:sales": null, "direction": null, "stop": null, "bus": null, "public_transport": null, "brewery": null, "level": null, "microbrewery": null, "outdoor_seating": null, "payment:american_express": null, "payment:cards": null, "payment:credit_cards": null, "payment:cryptocurrencies": null, "payment:debit_cards": null, "payment:maestro": null, "payment:mastercard": null, "payment:notes": null, "payment:visa": null, "payment:visa_electron": null, "start_date": null, "network": null, "network:wikidata": null, "ref": null, "source": null, "bridge": null, "layer": null, "oneway": "yes", "lanes": "1", "lit": null, "short_name": null, "surface": "sett", "admin_level": null, "boundary": null, "loc_name": null, "foot": null, "maxheight": null, "width": null, "sidewalk": null, "destination": null, "leisure": null, "email": null, "service:bicycle:cleaning": null, "service:bicycle:diy": null, "service:bicycle:pump": null, "service:bicycle:rental": null, "service:bicycle:retail": null, "service:bicycle:second_hand": null, "bus:lanes": null, "source:alt_name": null, "segregated": null, "service:bicycle:chain_tool": null, "not:operator:wikidata": null, "note": null, "barrier": null, "service": null, "branch": null, "contact:phone": null, "bin": null, "covered": null, "passenger_information_display": null, "shelter": null, "tactile_paving": null, "footway": null, "payment:cash": null, "payment:coins": null, "area": null, "addr:place": null, "access": null, "opening_hours:covid19": null, "addr:state": null, "cycleway": null, "incline": null, "hazard": null, "orientation": null, "parking": null, "type": null, "addr:district": null, "box_id": 1, "provider": "osmnx" }, "geometry": { "type": "LineString", "coordinates": [ [ -49.2497235, -25.4227865 ], [ -49.2497646, -25.4227909 ], [ -49.2497933, -25.4228074 ], [ -49.2498062, -25.4228301 ], [ -49.2499233, -25.42406 ], [ -49.2499178, -25.4240875 ], [ -49.2499067, -25.4241035 ], [ -49.2498869, -25.4241164 ], [ -49.2498654, -25.4241234 ] ] } },
{ "type": "Feature", "properties": { "highway": "secondary", "traffic_signals:direction": null, "crossing": null, "crossing_ref": null, "maxspeed": null, "traffic_signals": null, "traffic_signals:sound": null, "amenity": null, "addr:city": null, "addr:country": null, "addr:housenumber": null, "addr:street": null, "bicycle": null, "crossing:markings": null, "button_operated": null, "crossing:island": null, "name": "Rua Itupava", "wheelchair": null, "addr:suburb": null, "brand": null, "brand:wikidata": null, "brand:wikipedia": null, "healthcare": null, "railway": null, "crossing:barrier": null, "capacity": null, "cuisine": null, "delivery": null, "internet_access": null, "opening_hours": null, "phone": null, "smoking": null, "takeaway": null, "website": null, "addr:postcode": null, "operator": null, "alt_name": null, "shop": null, "building": null, "name:en": null, "name:pt": null, "office": null, "old_name": null, "fee": null, "service:bicycle:bicycle": null, "service:bicycle:dealer": null, "service:bicycle:ebike": null, "service:bicycle:repair": null, "service:bicycle:sales": null, "direction": null, "stop": null, "bus": null, "public_transport": null, "brewery": null, "level": null, "microbrewery": null, "outdoor_seating": null, "payment:american_express": null, "payment:cards": null, "payment:credit_cards": null, "payment:cryptocurrencies": null, "payment:debit_cards": null, "payment:maestro": null, "payment:mastercard": null, "payment:notes": null, "payment:visa": null, "payment:visa_electron": null, "start_date": null, "network": null, "network:wikidata": null, "ref": null, "source": null, "bridge": null, "layer": null, "oneway": "yes", "lanes": "3", "lit": null, "short_name": null, "surface": "asphalt", "admin_level": "10", "boundary": "administrative", "loc_name": null, "foot": null, "maxheight": null, "width": null, "sidewalk": null, "destination": null, "leisure": null, "email": null, "service:bicycle:cleaning": null, "service:bicycle:diy": null, "service:bicycle:pump": null, "service:bicycle:rental": null, "service:bicycle:retail": null, "service:bicycle:second_hand": null, "bus:lanes": null, "source:alt_name": null, "segregated": null, "service:bicycle:chain_tool": null, "not:operator:wikidata": null, "note": null, "barrier": null, "service": null, "branch": null, "contact:phone": null, "bin": null, "covered": null, "passenger_information_display": null, "shelter": null, "tactile_paving": null, "footway": null, "payment:cash": null, "payment:coins": null, "area": null, "addr:place": null, "access": null, "opening_hours:covid19": null, "addr:state": null, "cycleway": null, "incline": null, "hazard": null, "orientation": null, "parking": null, "type": null, "addr:district": null, "box_id": 1, "provider": "osmnx" }, "geometry": { "type": "LineString", "coordinates": [ [ -49.2469639, -25.4229391 ], [ -49.2471014, -25.4229274 ], [ -49.2472443, -25.422915 ], [ -49.247309, -25.4229097 ], [ -49.2474172, -25.4229005 ], [ -49.2485033, -25.4228078 ] ] } },
{ "type": "Feature", "properties": { "highway": "secondary", "traffic_signals:direction": null, "crossing": null, "crossing_ref": null, "maxspeed": "60", "traffic_signals": null, "traffic_signals:sound": null, "amenity": null, "addr:city": null, "addr:country": null, "addr:housenumber": null, "addr:street": null, "bicycle": null, "crossing:markings": null, "button_operated": null, "crossing:island": null, "name": "Avenida Marechal Humberto de Alencar Castelo Branco", "wheelchair": null, "addr:suburb": null, "brand": null, "brand:wikidata": null, "brand:wikipedia": null, "healthcare": null, "railway": null, "crossing:barrier": null, "capacity": null, "cuisine": null, "delivery": null, "internet_access": null, "opening_hours": null, "phone": null, "smoking": null, "takeaway": null, "website": null, "addr:postcode": null, "operator": null, "alt_name": null, "shop": null, "building": null, "name:en": null, "name:pt": null, "office": null, "old_name": null, "fee": null, "service:bicycle:bicycle": null, "service:bicycle:dealer": null, "service:bicycle:ebike": null, "service:bicycle:repair": null, "service:bicycle:sales": null, "direction": null, "stop": null, "bus": null, "public_transport": null, "brewery": null, "level": null, "microbrewery": null, "outdoor_seating": null, "payment:american_express": null, "payment:cards": null, "payment:credit_cards": null, "payment:cryptocurrencies": null, "payment:debit_cards": null, "payment:maestro": null, "payment:mastercard": null, "payment:notes": null, "payment:visa": null, "payment:visa_electron": null, "start_date": null, "network": null, "network:wikidata": null, "ref": null, "source": null, "bridge": null, "layer": null, "oneway": "yes", "lanes": null, "lit": null, "short_name": null, "surface": null, "admin_level": null, "boundary": null, "loc_name": null, "foot": null, "maxheight": null, "width": null, "sidewalk": null, "destination": null, "leisure": null, "email": null, "service:bicycle:cleaning": null, "service:bicycle:diy": null, "service:bicycle:pump": null, "service:bicycle:rental": null, "service:bicycle:retail": null, "service:bicycle:second_hand": null, "bus:lanes": null, "source:alt_name": null, "segregated": null, "service:bicycle:chain_tool": null, "not:operator:wikidata": null, "note": null, "barrier": null, "service": null, "branch": null, "contact:phone": null, "bin": null, "covered": null, "passenger_information_display": null, "shelter": null, "tactile_paving": null, "footway": null, "payment:cash": null, "payment:coins": null, "area": null, "addr:place": null, "access": null, "opening_hours:covid19": null, "addr:state": null, "cycleway": null, "incline": null, "hazard": null, "orientation": null, "parking": null, "type": null, "addr:district": null, "box_id": 1, "provider": "osmnx" }, "geometry": { "type": "LineString", "coordinates": [ [ -49.241325739179139, -25.428016822310468 ], [ -49.2413616, -25.4279557 ] ] } },
{ "type": "Feature", "properties": { "highway": "secondary", "traffic_signals:direction": null, "crossing": null, "crossing_ref": null, "maxspeed": "60", "traffic_signals": null, "traffic_signals:sound": null, "amenity": null, "addr:city": null, "addr:country": null, "addr:housenumber": null, "addr:street": null, "bicycle": null, "crossing:markings": null, "button_operated": null, "crossing:island": null, "name": "Avenida Marechal Humberto de Alencar Castelo Branco", "wheelchair": null, "addr:suburb": null, "brand": null, "brand:wikidata": null, "brand:wikipedia": null, "healthcare": null, "railway": null, "crossing:barrier": null, "capacity": null, "cuisine": null, "delivery": null, "internet_access": null, "opening_hours": null, "phone": null, "smoking": null, "takeaway": null, "website": null, "addr:postcode": null, "operator": null, "alt_name": null, "shop": null, "building": null, "name:en": null, "name:pt": null, "office": null, "old_name": null, "fee": null, "service:bicycle:bicycle": null, "service:bicycle:dealer": null, "service:bicycle:ebike": null, "service:bicycle:repair": null, "service:bicycle:sales": null, "direction": null, "stop": null, "bus": null, "public_transport": null, "brewery": null, "level": null, "microbrewery": null, "outdoor_seating": null, "payment:american_express": null, "payment:cards": null, "payment:credit_cards": null, "payment:cryptocurrencies": null, "payment:debit_cards": null, "payment:maestro": null, "payment:mastercard": null, "payment:notes": null, "payment:visa": null, "payment:visa_electron": null, "start_date": null, "network": null, "network:wikidata": null, "ref": null, "source": null, "bridge": null, "layer": null, "oneway": "yes", "lanes": null, "lit": null, "short_name": null, "surface": null, "admin_level": null, "boundary": null, "loc_name": null, "foot": null, "maxheight": null, "width": null, "sidewalk": null, "destination": null, "leisure": null, "email": null, "service:bicycle:cleaning": null, "service:bicycle:diy": null, "service:bicycle:pump": null, "service:bicycle:rental": null, "service:bicycle:retail": null, "service:bicycle:second_hand": null, "bus:lanes": null, "source:alt_name": null, "segregated": null, "service:bicycle:chain_tool": null, "not:operator:wikidata": null, "note": null, "barrier": null, "service": null, "branch": null, "contact:phone": null, "bin": null, "covered": null, "passenger_information_display": null, "shelter": null, "tactile_paving": null, "footway": null, "payment:cash": null, "payment:coins": null, "area": null, "addr:place": null, "access": null, "opening_hours:covid19": null, "addr:state": null, "cycleway": null, "incline": null, "hazard": null, "orientation": null, "parking": null, "type": null, "addr:district": null, "box_id": 1, "provider": "osmnx" }, "geometry": { "type": "LineString", "coordinates": [ [ -49.2414083, -25.428351 ], [ -49.241318452636023, -25.428518792322173 ] ] } },
{ "type": "Feature", "properties": { "highway": "residential", "traffic_signals:direction": null, "crossing": null, "crossing_ref": null, "maxspeed": null, "traffic_signals": null, "traffic_signals:sound": null, "amenity": null, "addr:city": null, "addr:country": null, "addr:housenumber": null, "addr:street": null, "bicycle": null, "crossing:markings": null, "button_operated": null, "crossing:island": null, "name": "Rua Fernando Amaro", "wheelchair": null, "addr:suburb": null, "brand": null, "brand:wikidata": null, "brand:wikipedia": null, "healthcare": null, "railway": null, "crossing:barrier": null, "capacity": null, "cuisine": null, "delivery": null, "internet_access": null, "opening_hours": null, "phone": null, "smoking": null, "takeaway": null, "website": null, "addr:postcode": null, "operator": null, "alt_name": null, "shop": null, "building": null, "name:en": null, "name:pt": null, "office": null, "old_name": null, "fee": null, "service:bicycle:bicycle": null, "service:bicycle:dealer": null, "service:bicycle:ebike": null, "service:bicycle:repair": null, "service:bicycle:sales": null, "direction": null, "stop": null, "bus": null, "public_transport": null, "brewery": null, "level": null, "microbrewery": null, "outdoor_seating": null, "payment:american_express": null, "payment:cards": null, "payment:credit_cards": null, "payment:cryptocurrencies": null, "payment:debit_cards": null, "payment:maestro": null, "payment:mastercard": null, "payment:notes": null, "payment:visa": null, "payment:visa_electron": null, "start_date": null, "network": null, "network:wikidata": null, "ref": null, "source": null, "bridge": null, "layer": null, "oneway": "no", "lanes": "2", "lit": null, "short_name": null, "surface": "asphalt", "admin_level": null, "boundary": null, "loc_name": null, "foot": null, "maxheight": null, "width": null, "sidewalk": null, "destination": null, "leisure": null, "email": null, "service:bicycle:cleaning": null, "service:bicycle:diy": null, "service:bicycle:pump": null, "service:bicycle:rental": null, "service:bicycle:retail": null, "service:bicycle:second_hand": null, "bus:lanes": null, "source:alt_name": null, "segregated": null, "service:bicycle:chain_tool": null, "not:operator:wikidata": null, "note": null, "barrier": null, "service": null, "branch": null, "contact:phone": null, "bin": null, "covered": null, "passenger_information_display": null, "shelter": null, "tactile_paving": null, "footway": null, "payment:cash": null, "payment:coins": null, "area": null, "addr:place": null, "access": null, "opening_hours:covid19": null, "addr:state": null, "cycleway": null, "incline": null, "hazard": null, "orientation": null, "parking": null, "type": null, "addr:district": null, "box_id": 1, "provider": "osmnx" }, "geometry": { "type": "LineString", "coordinates": [ [ -49.2421528, -25.429246 ], [ -49.241306909873622, -25.429313973313729 ] ] } },
{ "type": "Feature", "properties": { "highway": "secondary_link", "traffic_signals:direction": null, "crossing": null, "crossing_ref": null, "maxspeed": "60", "traffic_signals": null, "traffic_signals:sound": null, "amenity": null, "addr:city": null, "addr:country": null, "addr:housenumber": null, "addr:street": null, "bicycle": null, "crossing:markings": null, "button_operated": null, "crossing:island": null, "name": null, "wheelchair": null, "addr:suburb": null, "brand": null, "brand:wikidata": null, "brand:wikipedia": null, "healthcare": null, "railway": null, "crossing:barrier": null, "capacity": null, "cuisine": null, "delivery": null, "internet_access": null, "opening_hours": null, "phone": null, "smoking": null, "takeaway": null, "website": null, "addr:postcode": null, "operator": null, "alt_name": null, "shop": null, "building": null, "name:en": null, "name:pt": null, "office": null, "old_name": null, "fee": null, "service:bicycle:bicycle": null, "service:bicycle:dealer": null, "service:bicycle:ebike": null, "service:bicycle:repair": null, "service:bicycle:sales": null, "direction": null, "stop": null, "bus": null, "public_transport": null, "brewery": null, "level": null, "microbrewery": null, "outdoor_seating": null, "payment:american_express": null, "payment:cards": null, "payment:credit_cards": null, "payment:cryptocurrencies": null, "payment:debit_cards": null, "payment:maestro": null, "payment:mastercard": null, "payment:notes": null, "payment:visa": null, "payment:visa_electron": null, "start_date": null, "network": null, "network:wikidata": null, "ref": null, "source": null, "bridge": null, "layer": null, "oneway": "yes", "lanes": null, "lit": null, "short_name": null, "surface": "asphalt", "admin_level": null, "boundary": null, "loc_name": null, "foot": "no", "maxheight": null, "width": null, "sidewalk": "no", "destination": null, "leisure": null, "email": null, "service:bicycle:cleaning": null, "service:bicycle:diy": null, "service:bicycle:pump": null, "service:bicycle:rental": null, "service:bicycle:retail": null, "service:bicycle:second_hand": null, "bus:lanes": null, "source:alt_name": null, "segregated": null, "service:bicycle:chain_tool": null, "not:operator:wikidata": null, "note": null, "barrier": null, "service": null, "branch": null, "contact:phone": null, "bin": null, "covered": null, "passenger_information_display": null, "shelter": null, "tactile_paving": null, "footway": null, "payment:cash": null, "payment:coins": null, "area": null, "addr:place": null, "access": null, "opening_hours:covid19": null, "addr:state": null, "cycleway": null, "incline": null, "hazard": null, "orientation": null, "parking": null, "type": null, "addr:district": null, "box_id": 1, "provider": "osmnx" }, "geometry": { "type": "LineString", "coordinates": [ [ -49.2414083, -25.428351 ], [ -49.2413453, -25.4283962 ], [ -49.241320079366119, -25.42840672687327 ] ] } },
{ "type": "Feature", "properties": { "highway": "footway", "traffic_signals:direction": null, "crossing": null, "crossing_ref": null, "maxspeed": null, "traffic_signals": null, "traffic_signals:sound": null, "amenity": null, "addr:city": null, "addr:country": null, "addr:housenumber": null, "addr:street": null, "bicycle": null, "crossing:markings": null, "button_operated": null, "crossing:island": null, "name": null, "wheelchair": null, "addr:suburb": null, "brand": null, "brand:wikidata": null, "brand:wikipedia": null, "healthcare": null, "railway": null, "crossing:barrier": null, "capacity": null, "cuisine": null, "delivery": null, "internet_access": null, "opening_hours": null, "phone": null, "smoking": null, "takeaway": null, "website": null, "addr:postcode": null, "operator": null, "alt_name": null, "shop": null, "building": null, "name:en": null, "name:pt": null, "office": null, "old_name": null, "fee": null, "service:bicycle:bicycle": null, "service:bicycle:dealer": null, "service:bicycle:ebike": null, "service:bicycle:repair": null, "service:bicycle:sales": null, "direction": null, "stop": null, "bus": null, "public_transport": null, "brewery": null, "level": null, "microbrewery": null, "outdoor_seating": null, "payment:american_express": null, "payment:cards": null, "payment:credit_cards": null, "payment:cryptocurrencies": null, "payment:debit_cards": null, "payment:maestro": null, "payment:mastercard": null, "payment:notes": null, "payment:visa": null, "payment:visa_electron": null, "start_date": null, "network": null, "network:wikidata": null, "ref": null, "source": null, "bridge": null, "layer": null, "oneway": null, "lanes": null, "lit": null, "short_name": null, "surface": "sett", "admin_level": null, "boundary": null, "loc_name": null, "foot": null, "maxheight": null, "width": null, "sidewalk": null, "destination": null, "leisure": null, "email": null, "service:bicycle:cleaning": null, "service:bicycle:diy": null, "service:bicycle:pump": null, "service:bicycle:rental": null, "service:bicycle:retail": null, "service:bicycle:second_hand": null, "bus:lanes": null, "source:alt_name": null, "segregated": null, "service:bicycle:chain_tool": null, "not:operator:wikidata": null, "note": null, "barrier": null, "service": null, "branch": null, "contact:phone": null, "bin": null, "covered": null, "passenger_information_display": null, "shelter": null, "tactile_paving": null, "footway": "sidewalk", "payment:cash": null, "payment:coins": null, "area": null, "addr:place": null, "access": null, "opening_hours:covid19": null, "addr:state": null, "cycleway": null, "incline": null, "hazard": null, "orientation": null, "parking": null, "type": null, "addr:district": null, "box_id": 1, "provider": "osmnx" }, "geometry": { "type": "LineString", "coordinates": [ [ -49.2418106, -25.4278981 ], [ -49.2416953, -25.4281189 ], [ -49.2416648, -25.4281263 ], [ -49.2416257, -25.428134 ], [ -49.241316187173339, -25.428674860064348 ] ] } },
{ "type": "Feature", "properties": { "highway": "cycleway", "traffic_signals:direction": null, "crossing": null, "crossing_ref": null, "maxspeed": null, "traffic_signals": null, "traffic_signals:sound": null, "amenity": null, "addr:city": null, "addr:country": null, "addr:housenumber": null, "addr:street": null, "bicycle": "designated", "crossing:markings": null, "button_operated": null, "crossing:island": null, "name": null, "wheelchair": null, "addr:suburb": null, "brand": null, "brand:wikidata": null, "brand:wikipedia": null, "healthcare": null, "railway": null, "crossing:barrier": null, "capacity": null, "cuisine": null, "delivery": null, "internet_access": null, "opening_hours": null, "phone": null, "smoking": null, "takeaway": null, "website": null, "addr:postcode": null, "operator": null, "alt_name": null, "shop": null, "building": null, "name:en": null, "name:pt": null, "office": null, "old_name": null, "fee": null, "service:bicycle:bicycle": null, "service:bicycle:dealer": null, "service:bicycle:ebike": null, "service:bicycle:repair": null, "service:bicycle:sales": null, "direction": null, "stop": null, "bus": null, "public_transport": null, "brewery": null, "level": null, "microbrewery": null, "outdoor_seating": null, "payment:american_express": null, "payment:cards": null, "payment:credit_cards": null, "payment:cryptocurrencies": null, "payment:debit_cards": null, "payment:maestro": null, "payment:mastercard": null, "payment:notes": null, "payment:visa": null, "payment:visa_electron": null, "start_date": null, "network": null, "network:wikidata": null, "ref": null, "source": null, "bridge": null, "layer": null, "oneway": null, "lanes": null, "lit": null, "short_name": null, "surface": "asphalt", "admin_level": null, "boundary": null, "loc_name": null, "foot": "designated", "maxheight": null, "width": null, "sidewalk": null, "destination": null, "leisure": null, "email": null, "service:bicycle:cleaning": null, "service:bicycle:diy": null, "service:bicycle:pump": null, "service:bicycle:rental": null, "service:bicycle:retail": null, "service:bicycle:second_hand": null, "bus:lanes": null, "source:alt_name": null, "segregated": "no", "service:bicycle:chain_tool": null, "not:operator:wikidata": null, "note": null, "barrier": null, "service": null, "branch": null, "contact:phone": null, "bin": null, "covered": null, "passenger_information_display": null, "shelter": null, "tactile_paving": null, "footway": null, "payment:cash": null, "payment:coins": null, "area": null, "addr:place": null, "access": null, "opening_hours:covid19": null, "addr:state": null, "cycleway": null, "incline": null, "hazard": null, "orientation": null, "parking": null, "type": null, "addr:district": null, "box_id": 1, "provider": "osmnx" }, "geometry": { "type": "LineString", "coordinates": [ [ -49.2423932, -25.4282813 ], [ -49.242114, -25.428307 ], [ -49.241967, -25.428271 ], [ -49.2416759, -25.4281509 ], [ -49.2416648, -25.4281263 ] ] } },
{ "type": "Feature", "properties": { "highway": "secondary", "traffic_signals:direction": null, "crossing": null, "crossing_ref": null, "maxspeed": "60", "traffic_signals": null, "traffic_signals:sound": null, "amenity": null, "addr:city": null, "addr:country": null, "addr:housenumber": null, "addr:street": null, "bicycle": null, "crossing:markings": null, "button_operated": null, "crossing:island": null, "name": "Avenida Marechal Humberto de Alencar Castelo Branco", "wheelchair": null, "addr:suburb": null, "brand": null, "brand:wikidata": null, "brand:wikipedia": null, "healthcare": null, "railway": null, "crossing:barrier": null, "capacity": null, "cuisine": null, "delivery": null, "internet_access": null, "opening_hours": null, "phone": null, "smoking": null, "takeaway": null, "website": null, "addr:postcode": null, "operator": null, "alt_name": null, "shop": null, "building": null, "name:en": null, "name:pt": null, "office": null, "old_name": null, "fee": null, "service:bicycle:bicycle": null, "service:bicycle:dealer": null, "service:bicycle:ebike": null, "service:bicycle:repair": null, "service:bicycle:sales": null, "direction": null, "stop": null, "bus": null, "public_transport": null, "brewery": null, "level": null, "microbrewery": null, "outdoor_seating": null, "payment:american_express": null, "payment:cards": null, "payment:credit_cards": null, "payment:cryptocurrencies": null, "payment:debit_cards": null, "payment:maestro": null, "payment:mastercard": null, "payment:notes": null, "payment:visa": null, "payment:visa_electron": null, "start_date": null, "network": null, "network:wikidata": null, "ref": null, "source": null, "bridge": null, "layer": null, "oneway": "yes", "lanes": null, "lit": null, "short_name": null, "surface": null, "admin_level": null, "boundary": null, "loc_name": null, "foot": null, "maxheight": null, "width": null, "sidewalk": null, "destination": null, "leisure": null, "email": null, "service:bicycle:cleaning": null, "service:bicycle:diy": null, "service:bicycle:pump": null, "service:bicycle:rental": null, "service:bicycle:retail": null, "service:bicycle:second_hand": null, "bus:lanes": null, "source:alt_name": null, "segregated": null, "service:bicycle:chain_tool": null, "not:operator:wikidata": null, "note": null, "barrier": null, "service": null, "branch": null, "contact:phone": null, "bin": null, "covered": null, "passenger_information_display": null, "shelter": null, "tactile_paving": null, "footway": null, "payment:cash": null, "payment:coins": null, "area": null, "addr:place": null, "access": null, "opening_hours:covid19": null, "addr:state": null, "cycleway": null, "incline": null, "hazard": null, "orientation": null, "parking": null, "type": null, "addr:district": null, "box_id": 1, "provider": "osmnx" }, "geometry": { "type": "LineString", "coordinates": [ [ -49.2416556, -25.427918 ], [ -49.2414083, -25.428351 ] ] } },
{ "type": "Feature", "properties": { "highway": "footway", "traffic_signals:direction": null, "crossing": null, "crossing_ref": null, "maxspeed": null, "traffic_signals": null, "traffic_signals:sound": null, "amenity": null, "addr:city": null, "addr:country": null, "addr:housenumber": null, "addr:street": null, "bicycle": null, "crossing:markings": null, "button_operated": null, "crossing:island": null, "name": null, "wheelchair": null, "addr:suburb": null, "brand": null, "brand:wikidata": null, "brand:wikipedia": null, "healthcare": null, "railway": null, "crossing:barrier": null, "capacity": null, "cuisine": null, "delivery": null, "internet_access": null, "opening_hours": null, "phone": null, "smoking": null, "takeaway": null, "website": null, "addr:postcode": null, "operator": null, "alt_name": null, "shop": null, "building": null, "name:en": null, "name:pt": null, "office": null, "old_name": null, "fee": null, "service:bicycle:bicycle": null, "service:bicycle:dealer": null, "service:bicycle:ebike": null, "service:bicycle:repair": null, "service:bicycle:sales": null, "direction": null, "stop": null, "bus": null, "public_transport": null, "brewery": null, "level": null, "microbrewery": null, "outdoor_seating": null, "payment:american_express": null, "payment:cards": null, "payment:credit_cards": null, "payment:cryptocurrencies": null, "payment:debit_cards": null, "payment:maestro": null, "payment:mastercard": null, "payment:notes": null, "payment:visa": null, "payment:visa_electron": null, "start_date": null, "network": null, "network:wikidata": null, "ref": null, "source": null, "bridge": null, "layer": null, "oneway": null, "lanes": null, "lit": null, "short_name": null, "surface": "sett", "admin_level": null, "boundary": null, "loc_name": null, "foot": null, "maxheight": null, "width": null, "sidewalk": null, "destination": null, "leisure": null, "email": null, "service:bicycle:cleaning": null, "service:bicycle:diy": null, "service:bicycle:pump": null, "service:bicycle:rental": null, "service:bicycle:retail": null, "service:bicycle:second_hand": null, "bus:lanes": null, "source:alt_name": null, "segregated": null, "service:bicycle:chain_tool": null, "not:operator:wikidata": null, "note": null, "barrier": null, "service": null, "branch": null, "contact:phone": null, "bin": null, "covered": null, "passenger_information_display": null, "shelter": null, "tactile_paving": null, "footway": "sidewalk", "payment:cash": null, "payment:coins": null, "area": null, "addr:place": null, "access": null, "opening_hours:covid19": null, "addr:state": null, "cycleway": null, "incline": null, "hazard": null, "orientation": null, "parking": null, "type": null, "addr:district": null, "box_id": 1, "provider": "osmnx" }, "geometry": { "type": "LineString", "coordinates": [ [ -49.241323376042331, -25.428179618823794 ], [ -49.2414487, -25.4279446 ] ] } },
{ "type": "Feature", "properties": { "highway": "footway", "traffic_signals:direction": null, "crossing": null, "crossing_ref": null, "maxspeed": null, "traffic_signals": null, "traffic_signals:sound": null, "amenity": null, "addr:city": null, "addr:country": null, "addr:housenumber": null, "addr:street": null, "bicycle": null, "crossing:markings": null, "button_operated": null, "crossing:island": null, "name": null, "wheelchair": null, "addr:suburb": null, "brand": null, "brand:wikidata": null, "brand:wikipedia": null, "healthcare": null, "railway": null, "crossing:barrier": null, "capacity": null, "cuisine": null, "delivery": null, "internet_access": null, "opening_hours": null, "phone": null, "smoking": null, "takeaway": null, "website": null, "addr:postcode": null, "operator": null, "alt_name": null, "shop": null, "building": null, "name:en": null, "name:pt": null, "office": null, "old_name": null, "fee": null, "service:bicycle:bicycle": null, "service:bicycle:dealer": null, "service:bicycle:ebike": null, "service:bicycle:repair": null, "service:bicycle:sales": null, "direction": null, "stop": null, "bus": null, "public_transport": null, "brewery": null, "level": null, "microbrewery": null, "outdoor_seating": null, "payment:american_express": null, "payment:cards": null, "payment:credit_cards": null, "payment:cryptocurrencies": null, "payment:debit_cards": null, "payment:maestro": null, "payment:mastercard": null, "payment:notes": null, "payment:visa": null, "payment:visa_electron": null, "start_date": null, "network": null, "network:wikidata": null, "ref": null, "source": null, "bridge": null, "layer": null, "oneway": null, "lanes": null, "lit": null, "short_name": null, "surface": "sett", "admin_level": null, "boundary": null, "loc_name": null, "foot": null, "maxheight": null, "width": null, "sidewalk": null, "destination": null, "leisure": null, "email": null, "service:bicycle:cleaning": null, "service:bicycle:diy": null, "service:bicycle:pump": null, "service:bicycle:rental": null, "service:bicycle:retail": null, "service:bicycle:second_hand": null, "bus:lanes": null, "source:alt_name": null, "segregated": null, "service:bicycle:chain_tool": null, "not:operator:wikidata": null, "note": null, "barrier": null, "service": null, "branch": null, "contact:phone": null, "bin": null, "covered": null, "passenger_information_display": null, "shelter": null, "tactile_paving": null, "footway": "sidewalk", "payment:cash": null, "payment:coins": null, "area": null, "addr:place": null, "access": null, "opening_hours:covid19": null, "addr:state": null, "cycleway": null, "incline": null, "hazard": null, "orientation": null, "parking": null, "type": null, "addr:district": null, "box_id": 1, "provider": "osmnx" }, "geometry": { "type": "LineString", "coordinates": [ [ -49.241328062987257, -25.427856735150947 ], [ -49.2413424, -25.4278564 ], [ -49.2419138, -25.4278122 ], [ -49.2419821, -25.4278243 ], [ -49.2420584, -25.4278547 ], [ -49.2421764, -25.4279493 ], [ -49.242306, -25.4281159 ], [ -49.2423823, -25.428194 ], [ -49.2423932, -25.4282813 ] ] } },
{ "type": "Feature", "properties": { "highway": "cycleway", "traffic_signals:direction": null, "crossing": null, "crossing_ref": null, "maxspeed": null, "traffic_signals": null, "traffic_signals:sound": null, "amenity": null, "addr:city": null, "addr:country": null, "addr:housenumber": null, "addr:street": null, "bicycle": null, "crossing:markings": null, "button_operated": null, "crossing:island": null, "name": null, "wheelchair": null, "addr:suburb": null, "brand": null, "brand:wikidata": null, "brand:wikipedia": null, "healthcare": null, "railway": null, "crossing:barrier": null, "capacity": null, "cuisine": null, "delivery": null, "internet_access": null, "opening_hours": null, "phone": null, "smoking": null, "takeaway": null, "website": null, "addr:postcode": null, "operator": null, "alt_name": null, "shop": null, "building": null, "name:en": null, "name:pt": null, "office": null, "old_name": null, "fee": null, "service:bicycle:bicycle": null, "service:bicycle:dealer": null, "service:bicycle:ebike": null, "service:bicycle:repair": null, "service:bicycle:sales": null, "direction": null, "stop": null, "bus": null, "public_transport": null, "brewery": null, "level": null, "microbrewery": null, "outdoor_seating": null, "payment:american_express": null, "payment:cards": null, "payment:credit_cards": null, "payment:cryptocurrencies": null, "payment:debit_cards": null, "payment:maestro": null, "payment:mastercard": null, "payment:notes": null, "payment:visa": null, "payment:visa_electron": null, "start_date": null, "network": null, "network:wikidata": null, "ref": null, "source": null, "bridge": null, "layer": null, "oneway": null, "lanes": null, "lit": null, "short_name": null, "surface": "asphalt", "admin_level": null, "boundary": null, "loc_name": null, "foot": null, "maxheight": null, "width": null, "sidewalk": null, "destination": null, "leisure": null, "email": null, "service:bicycle:cleaning": null, "service:bicycle:diy": null, "service:bicycle:pump": null, "service:bicycle:rental": null, "service:bicycle:retail": null, "service:bicycle:second_hand": null, "bus:lanes": null, "source:alt_name": null, "segregated": null, "service:bicycle:chain_tool": null, "not:operator:wikidata": null, "note": null, "barrier": null, "service": null, "branch": null, "contact:phone": null, "bin": null, "covered": null, "passenger_information_display": null, "shelter": null, "tactile_paving": null, "footway": null, "payment:cash": null, "payment:coins": null, "area": null, "addr:place": null, "access": null, "opening_hours:covid19": null, "addr:state": null, "cycleway": null, "incline": null, "hazard": null, "orientation": null, "parking": null, "type": null, "addr:district": null, "box_id": 1, "provider": "osmnx" }, "geometry": { "type": "LineString", "coordinates": [ [ -49.2416648, -25.4281263 ], [ -49.2417801, -25.4279021 ] ] } },
{ "type": "Feature", "properties": { "highway": "residential", "traffic_signals:direction": null, "crossing": null, "crossing_ref": null, "maxspeed": null, "traffic_signals": null, "traffic_signals:sound": null, "amenity": null, "addr:city": null, "addr:country": null, "addr:housenumber": null, "addr:street": null, "bicycle": null, "crossing:markings": null, "button_operated": null, "crossing:island": null, "name": "Rua Presidente Beaurepaire Rohan", "wheelchair": null, "addr:suburb": null, "brand": null, "brand:wikidata": null, "brand:wikipedia": null, "healthcare": null, "railway": null, "crossing:barrier": null, "capacity": null, "cuisine": null, "delivery": null, "internet_access": null, "opening_hours": null, "phone": null, "smoking": null, "takeaway": null, "website": null, "addr:postcode": null, "operator": null, "alt_name": null, "shop": null, "building": null, "name:en": null, "name:pt": null, "office": null, "old_name": null, "fee": null, "service:bicycle:bicycle": null, "service:bicycle:dealer": null, "service:bicycle:ebike": null, "service:bicycle:repair": null, "service:bicycle:sales": null, "direction": null, "stop": null, "bus": null, "public_transport": null, "brewery": null, "level": null, "microbrewery": null, "outdoor_seating": null, "payment:american_express": null, "payment:cards": null, "payment:credit_cards": null, "payment:cryptocurrencies": null, "payment:debit_cards": null, "payment:maestro": null, "payment:mastercard": null, "payment:notes": null, "payment:visa": null, "payment:visa_electron": null, "start_date": null, "network": null, "network:wikidata": null, "ref": null, "source": null, "bridge": null, "layer": null, "oneway": "no", "lanes": "2", "lit": null, "short_name": null, "surface": "asphalt", "admin_level": null, "boundary": null, "loc_name": null, "foot": null, "maxheight": null, "width": null, "sidewalk": null, "destination": null, "leisure": null, "email": null, "service:bicycle:cleaning": null, "service:bicycle:diy": null, "service:bicycle:pump": null, "service:bicycle:rental": null, "service:bicycle:retail": null, "service:bicycle:second_hand": null, "bus:lanes": null, "source:alt_name": null, "segregated": null, "service:bicycle:chain_tool": null, "not:operator:wikidata": null, "note": null, "barrier": null, "service": null, "branch": null, "contact:phone": null, "bin": null, "covered": null, "passenger_information_display": null, "shelter": null, "tactile_paving": null, "footway": null, "payment:cash": null, "payment:coins": null, "area": null, "addr:place": null, "access": null, "opening_hours:covid19": null, "addr:state": null, "cycleway": null, "incline": null, "hazard": "school_zone", "orientation": null, "parking": null, "type": null, "addr:district": null, "box_id": 1, "provider": "osmnx" }, "geometry": { "type": "LineString", "coordinates": [ [ -49.242620725956769, -25.429654327798996 ], [ -49.242577, -25.4292119 ] ] } },
{ "type": "Feature", "properties": { "highway": "footway", "traffic_signals:direction": null, "crossing": null, "crossing_ref": null, "maxspeed": null, "traffic_signals": null, "traffic_signals:sound": null, "amenity": null, "addr:city": null, "addr:country": null, "addr:housenumber": null, "addr:street": null, "bicycle": "yes", "crossing:markings": null, "button_operated": null, "crossing:island": null, "name": "Rua Fernando Amaro", "wheelchair": null, "addr:suburb": null, "brand": null, "brand:wikidata": null, "brand:wikipedia": null, "healthcare": null, "railway": null, "crossing:barrier": null, "capacity": null, "cuisine": null, "delivery": null, "internet_access": null, "opening_hours": null, "phone": null, "smoking": null, "takeaway": null, "website": null, "addr:postcode": null, "operator": null, "alt_name": null, "shop": null, "building": null, "name:en": null, "name:pt": null, "office": null, "old_name": null, "fee": null, "service:bicycle:bicycle": null, "service:bicycle:dealer": null, "service:bicycle:ebike": null, "service:bicycle:repair": null, "service:bicycle:sales": null, "direction": null, "stop": null, "bus": null, "public_transport": null, "brewery": null, "level": null, "microbrewery": null, "outdoor_seating": null, "payment:american_express": null, "payment:cards": null, "payment:credit_cards": null, "payment:cryptocurrencies": null, "payment:debit_cards": null, "payment:maestro": null, "payment:mastercard": null, "payment:notes": null, "payment:visa": null, "payment:visa_electron": null, "start_date": null, "network": null, "network:wikidata": null, "ref": null, "source": null, "bridge": null, "layer": null, "oneway": null, "lanes": null, "lit": null, "short_name": null, "surface": null, "admin_level": null, "boundary": null, "loc_name": null, "foot": null, "maxheight": null, "width": null, "sidewalk": null, "destination": null, "leisure": null, "email": null, "service:bicycle:cleaning": null, "service:bicycle:diy": null, "service:bicycle:pump": null, "service:bicycle:rental": null, "service:bicycle:retail": null, "service:bicycle:second_hand": null, "bus:lanes": null, "source:alt_name": null, "segregated": null, "service:bicycle:chain_tool": null, "not:operator:wikidata": null, "note": null, "barrier": null, "service": null, "branch": null, "contact:phone": null, "bin": null, "covered": null, "passenger_information_display": null, "shelter": null, "tactile_paving": null, "footway": null, "payment:cash": null, "payment:coins": null, "area": null, "addr:place": null, "access": null, "opening_hours:covid19": null, "addr:state": null, "cycleway": null, "incline": null, "hazard": null, "orientation": null, "parking": null, "type": null, "addr:district": null, "box_id": 1, "provider": "osmnx" }, "geometry": { "type": "LineString", "coordinates": [ [ -49.2421528, -25.429246 ], [ -49.242577, -25.4292119 ] ] } },
{ "type": "Feature", "properties": { "highway": "residential", "traffic_signals:direction": null, "crossing": null, "crossing_ref": null, "maxspeed": null, "traffic_signals": null, "traffic_signals:sound": null, "amenity": null, "addr:city": null, "addr:country": null, "addr:housenumber": null, "addr:street": null, "bicycle": null, "crossing:markings": null, "button_operated": null, "crossing:island": null, "name": "Rua Fernando Amaro", "wheelchair": null, "addr:suburb": null, "brand": null, "brand:wikidata": null, "brand:wikipedia": null, "healthcare": null, "railway": null, "crossing:barrier": null, "capacity": null, "cuisine": null, "delivery": null, "internet_access": null, "opening_hours": null, "phone": null, "smoking": null, "takeaway": null, "website": null, "addr:postcode": null, "operator": null, "alt_name": null, "shop": null, "building": null, "name:en": null, "name:pt": null, "office": null, "old_name": null, "fee": null, "service:bicycle:bicycle": null, "service:bicycle:dealer": null, "service:bicycle:ebike": null, "service:bicycle:repair": null, "service:bicycle:sales": null, "direction": null, "stop": null, "bus": null, "public_transport": null, "brewery": null, "level": null, "microbrewery": null, "outdoor_seating": null, "payment:american_express": null, "payment:cards": null, "payment:credit_cards": null, "payment:cryptocurrencies": null, "payment:debit_cards": null, "payment:maestro": null, "payment:mastercard": null, "payment:notes": null, "payment:visa": null, "payment:visa_electron": null, "start_date": null, "network": null, "network:wikidata": null, "ref": null, "source": null, "bridge": null, "layer": null, "oneway": "no", "lanes": "2", "lit": null, "short_name": null, "surface": "asphalt", "admin_level": null, "boundary": null, "loc_name": null, "foot": null, "maxheight": null, "width": null, "sidewalk": null, "destination": null, "leisure": null, "email": null, "service:bicycle:cleaning": null, "service:bicycle:diy": null, "service:bicycle:pump": null, "service:bicycle:rental": null, "service:bicycle:retail": null, "service:bicycle:second_hand": null, "bus:lanes": null, "source:alt_name": null, "segregated": null, "service:bicycle:chain_tool": null, "not:operator:wikidata": null, "note": null, "barrier": null, "service": null, "branch": null, "contact:phone": null, "bin": null, "covered": null, "passenger_information_display": null, "shelter": null, "tactile_paving": null, "footway": null, "payment:cash": null, "payment:coins": null, "area": null, "addr:place": null, "access": null, "opening_hours:covid19": null, "addr:state": null, "cycleway": null, "incline": null, "hazard": null, "orientation": null, "parking": null, "type": null, "addr:district": null, "box_id": 1, "provider": "osmnx" }, "geometry": { "type": "LineString", "coordinates": [ [ -49.2437536, -25.4291173 ], [ -49.2437008, -25.4291215 ], [ -49.2426252, -25.429208 ], [ -49.242577, -25.4292119 ] ] } },
{ "type": "Feature", "properties": { "highway": "footway", "traffic_signals:direction": null, "crossing": null, "crossing_ref": null, "maxspeed": null, "traffic_signals": null, "traffic_signals:sound": null, "amenity": null, "addr:city": null, "addr:country": null, "addr:housenumber": null, "addr:street": null, "bicycle": null, "crossing:markings": null, "button_operated": null, "crossing:island": null, "name": null, "wheelchair": null, "addr:suburb": null, "brand": null, "brand:wikidata": null, "brand:wikipedia": null, "healthcare": null, "railway": null, "crossing:barrier": null, "capacity": null, "cuisine": null, "delivery": null, "internet_access": null, "opening_hours": null, "phone": null, "smoking": null, "takeaway": null, "website": null, "addr:postcode": null, "operator": null, "alt_name": null, "shop": null, "building": null, "name:en": null, "name:pt": null, "office": null, "old_name": null, "fee": null, "service:bicycle:bicycle": null, "service:bicycle:dealer": null, "service:bicycle:ebike": null, "service:bicycle:repair": null, "service:bicycle:sales": null, "direction": null, "stop": null, "bus": null, "public_transport": null, "brewery": null, "level": null, "microbrewery": null, "outdoor_seating": null, "payment:american_express": null, "payment:cards": null, "payment:credit_cards": null, "payment:cryptocurrencies": null, "payment:debit_cards": null, "payment:maestro": null, "payment:mastercard": null, "payment:notes": null, "payment:visa": null, "payment:visa_electron": null, "start_date": null, "network": null, "network:wikidata": null, "ref": null, "source": null, "bridge": null, "layer": null, "oneway": null, "lanes": null, "lit": null, "short_name": null, "surface": null, "admin_level": null, "boundary": null, "loc_name": null, "foot": null, "maxheight": null, "width": null, "sidewalk": null, "destination": null, "leisure": null, "email": null, "service:bicycle:cleaning": null, "service:bicycle:diy": null, "service:bicycle:pump": null, "service:bicycle:rental": null, "service:bicycle:retail": null, "service:bicycle:second_hand": null, "bus:lanes": null, "source:alt_name": null, "segregated": null, "service:bicycle:chain_tool": null, "not:operator:wikidata": null, "note": null, "barrier": null, "service": null, "branch": null, "contact:phone": null, "bin": null, "covered": null, "passenger_information_display": null, "shelter": null, "tactile_paving": null, "footway": null, "payment:cash": null, "payment:coins": null, "area": null, "addr:place": null, "access": null, "opening_hours:covid19": null, "addr:state": null, "cycleway": null, "incline": null, "hazard": null, "orientation": null, "parking": null, "type": null, "addr:district": null, "box_id": 1, "provider": "osmnx" }, "geometry": { "type": "LineString", "coordinates": [ [ -49.2437536, -25.4291173 ], [ -49.2441537, -25.4289622 ], [ -49.2442276, -25.4289234 ] ] } },
{ "type": "Feature", "properties": { "highway": "cycleway", "traffic_signals:direction": null, "crossing": "uncontrolled", "crossing_ref": null, "maxspeed": null, "traffic_signals": null, "traffic_signals:sound": null, "amenity": null, "addr:city": null, "addr:country": null, "addr:housenumber": null, "addr:street": null, "bicycle": "designated", "crossing:markings": null, "button_operated": null, "crossing:island": null, "name": null, "wheelchair": null, "addr:suburb": null, "brand": null, "brand:wikidata": null, "brand:wikipedia": null, "healthcare": null, "railway": null, "crossing:barrier": null, "capacity": null, "cuisine": null, "delivery": null, "internet_access": null, "opening_hours": null, "phone": null, "smoking": null, "takeaway": null, "website": null, "addr:postcode": null, "operator": null, "alt_name": null, "shop": null, "building": null, "name:en": null, "name:pt": null, "office": null, "old_name": null, "fee": null, "service:bicycle:bicycle": null, "service:bicycle:dealer": null, "service:bicycle:ebike": null, "service:bicycle:repair": null, "service:bicycle:sales": null, "direction": null, "stop": null, "bus": null, "public_transport": null, "brewery": null, "level": null, "microbrewery": null, "outdoor_seating": null, "payment:american_express": null, "payment:cards": null, "payment:credit_cards": null, "payment:cryptocurrencies": null, "payment:debit_cards": null, "payment:maestro": null, "payment:mastercard": null, "payment:notes": null, "payment:visa": null, "payment:visa_electron": null, "start_date": null, "network": null, "network:wikidata": null, "ref": null, "source": null, "bridge": null, "layer": null, "oneway": null, "lanes": null, "lit": null, "short_name": null, "surface": "asphalt", "admin_level": null, "boundary": null, "loc_name": null, "foot": "designated", "maxheight": null, "width": null, "sidewalk": null, "destination": null, "leisure": null, "email": null, "service:bicycle:cleaning": null, "service:bicycle:diy": null, "service:bicycle:pump": null, "service:bicycle:rental": null, "service:bicycle:retail": null, "service:bicycle:second_hand": null, "bus:lanes": null, "source:alt_name": null, "segregated": null, "service:bicycle:chain_tool": null, "not:operator:wikidata": null, "note": null, "barrier": null, "service": null, "branch": null, "contact:phone": null, "bin": null, "covered": null, "passenger_information_display": null, "shelter": null, "tactile_paving": null, "footway": null, "payment:cash": null, "payment:coins": null, "area": null, "addr:place": null, "access": null, "opening_hours:covid19": null, "addr:state": null, "cycleway": "crossing", "incline": null, "hazard": null, "orientation": null, "parking": null, "type": null, "addr:district": null, "box_id": 1, "provider": "osmnx" }, "geometry": { "type": "LineString", "coordinates": [ [ -49.2436553, -25.4287712 ], [ -49.243721, -25.4287967 ], [ -49.2437733, -25.4288167 ] ] } },
{ "type": "Feature", "properties": { "highway": "cycleway", "traffic_signals:direction": null, "crossing": null, "crossing_ref": null, "maxspeed": null, "traffic_signals": null, "traffic_signals:sound": null, "amenity": null, "addr:city": null, "addr:country": null, "addr:housenumber": null, "addr:street": null, "bicycle": "designated", "crossing:markings": null, "button_operated": null, "crossing:island": null, "name": null, "wheelchair": null, "addr:suburb": null, "brand": null, "brand:wikidata": null, "brand:wikipedia": null, "healthcare": null, "railway": null, "crossing:barrier": null, "capacity": null, "cuisine": null, "delivery": null, "internet_access": null, "opening_hours": null, "phone": null, "smoking": null, "takeaway": null, "website": null, "addr:postcode": null, "operator": null, "alt_name": null, "shop": null, "building": null, "name:en": null, "name:pt": null, "office": null, "old_name": null, "fee": null, "service:bicycle:bicycle": null, "service:bicycle:dealer": null, "service:bicycle:ebike": null, "service:bicycle:repair": null, "service:bicycle:sales": null, "direction": null, "stop": null, "bus": null, "public_transport": null, "brewery": null, "level": null, "microbrewery": null, "outdoor_seating": null, "payment:american_express": null, "payment:cards": null, "payment:credit_cards": null, "payment:cryptocurrencies": null, "payment:debit_cards": null, "payment:maestro": null, "payment:mastercard": null, "payment:notes": null, "payment:visa": null, "payment:visa_electron": null, "start_date": null, "network": null, "network:wikidata": null, "ref": null, "source": null, "bridge": null, "layer": null, "oneway": null, "lanes": null, "lit": null, "short_name": null, "surface": "asphalt", "admin_level": null, "boundary": null, "loc_name": null, "foot": "designated", "maxheight": null, "width": null, "sidewalk": null, "destination": null, "leisure": null, "email": null, "service:bicycle:cleaning": null, "service:bicycle:diy": null, "service:bicycle:pump": null, "service:bicycle:rental": null, "service:bicycle:retail": null, "service:bicycle:second_hand": null, "bus:lanes": null, "source:alt_name": null, "segregated": "no", "service:bicycle:chain_tool": null, "not:operator:wikidata": null, "note": null, "barrier": null, "service": null, "branch": null, "contact:phone": null, "bin": null, "covered": null, "passenger_information_display": null, "shelter": null, "tactile_paving": null, "footway": null, "payment:cash": null, "payment:coins": null, "area": null, "addr:place": null, "access": null, "opening_hours:covid19": null, "addr:state": null, "cycleway": null, "incline": null, "hazard": null, "orientation": null, "parking": null, "type": null, "addr:district": null, "box_id": 1, "provider": "osmnx" }, "geometry": { "type": "LineString", "coordinates": [ [ -49.243264, -25.4286165 ], [ -49.2436553, -25.4287712 ] ] } },
{ "type": "Feature", "properties": { "highway": "residential", "traffic_signals:direction": null, "crossing": null, "crossing_ref": null, "maxspeed": null, "traffic_signals": null, "traffic_signals:sound": null, "amenity": null, "addr:city": null, "addr:country": null, "addr:housenumber": null, "addr:street": null, "bicycle": null, "crossing:markings": null, "button_operated": null, "crossing:island": null, "name": "Rua Presidente Beaurepaire Rohan", "wheelchair": null, "addr:suburb": null, "brand": null, "brand:wikidata": null, "brand:wikipedia": null, "healthcare": null, "railway": null, "crossing:barrier": null, "capacity": null, "cuisine": null, "delivery": null, "internet_access": null, "opening_hours": null, "phone": null, "smoking": null, "takeaway": null, "website": null, "addr:postcode": null, "operator": null, "alt_name": null, "shop": null, "building": null, "name:en": null, "name:pt": null, "office": null, "old_name": null, "fee": null, "service:bicycle:bicycle": null, "service:bicycle:dealer": null, "service:bicycle:ebike": null, "service:bicycle:repair": null, "service:bicycle:sales": null, "direction": null, "stop": null, "bus": null, "public_transport": null, "brewery": null, "level": null, "microbrewery": null, "outdoor_seating": null, "payment:american_express": null, "payment:cards": null, "payment:credit_cards": null, "payment:cryptocurrencies": null, "payment:debit_cards": null, "payment:maestro": null, "payment:mastercard": null, "payment:notes": null, "payment:visa": null, "payment:visa_electron": null, "start_date": null, "network": null, "network:wikidata": null, "ref": null, "source": null, "bridge": null, "layer": null, "oneway": "no", "lanes": "2", "lit": null, "short_name": null, "surface": "asphalt", "admin_level": null, "boundary": null, "loc_name": null, "foot": null, "maxheight": null, "width": null, "sidewalk": null, "destination": null, "leisure": null, "email": null, "service:bicycle:cleaning": null, "service:bicycle:diy": null, "service:bicycle:pump": null, "service:bicycle:rental": null, "service:bicycle:retail": null, "service:bicycle:second_hand": null, "bus:lanes": null, "source:alt_name": null, "segregated": null, "service:bicycle:chain_tool": null, "not:operator:wikidata": null, "note": null, "barrier": null, "service": null, "branch": null, "contact:phone": null, "bin": null, "covered": null, "passenger_information_display": null, "shelter": null, "tactile_paving": null, "footway": null, "payment:cash": null, "payment:coins": null, "area": null, "addr:place": null, "access": null, "opening_hours:covid19": null, "addr:state": null, "cycleway": null, "incline": null, "hazard": null, "orientation": null, "parking": null, "type": null, "addr:district": null, "box_id": 1, "provider": "osmnx" }, "geometry": { "type": "LineString", "coordinates": [ [ -49.242577, -25.4292119 ], [ -49.2424862, -25.428293 ], [ -49.2424843, -25.4282738 ], [ -49.2424745, -25.4281746 ] ] } },
{ "type": "Feature", "properties": { "highway": "residential", "traffic_signals:direction": null, "crossing": null, "crossing_ref": null, "maxspeed": null, "traffic_signals": null, "traffic_signals:sound": null, "amenity": null, "addr:city": null, "addr:country": null, "addr:housenumber": null, "addr:street": null, "bicycle": null, "crossing:markings": null, "button_operated": null, "crossing:island": null, "name": "Avenida Sete de Setembro", "wheelchair": null, "addr:suburb": null, "brand": null, "brand:wikidata": null, "brand:wikipedia": null, "healthcare": null, "railway": null, "crossing:barrier": null, "capacity": null, "cuisine": null, "delivery": null, "internet_access": null, "opening_hours": null, "phone": null, "smoking": null, "takeaway": null, "website": null, "addr:postcode": null, "operator": null, "alt_name": "Avenida 7 de Setembro;Rua 7 de Setembro;Rua Sete de Setembro", "shop": null, "building": null, "name:en": null, "name:pt": null, "office": null, "old_name": null, "fee": null, "service:bicycle:bicycle": null, "service:bicycle:dealer": null, "service:bicycle:ebike": null, "service:bicycle:repair": null, "service:bicycle:sales": null, "direction": null, "stop": null, "bus": null, "public_transport": null, "brewery": null, "level": null, "microbrewery": null, "outdoor_seating": null, "payment:american_express": null, "payment:cards": null, "payment:credit_cards": null, "payment:cryptocurrencies": null, "payment:debit_cards": null, "payment:maestro": null, "payment:mastercard": null, "payment:notes": null, "payment:visa": null, "payment:visa_electron": null, "start_date": null, "network": null, "network:wikidata": null, "ref": null, "source": null, "bridge": null, "layer": null, "oneway": "no", "lanes": "2", "lit": null, "short_name": null, "surface": "asphalt", "admin_level": null, "boundary": null, "loc_name": null, "foot": null, "maxheight": null, "width": null, "sidewalk": null, "destination": null, "leisure": null, "email": null, "service:bicycle:cleaning": null, "service:bicycle:diy": null, "service:bicycle:pump": null, "service:bicycle:rental": null, "service:bicycle:retail": null, "service:bicycle:second_hand": null, "bus:lanes": null, "source:alt_name": null, "segregated": null, "service:bicycle:chain_tool": null, "not:operator:wikidata": null, "note": null, "barrier": null, "service": null, "branch": null, "contact:phone": null, "bin": null, "covered": null, "passenger_information_display": null, "shelter": null, "tactile_paving": null, "footway": null, "payment:cash": null, "payment:coins": null, "area": null, "addr:place": null, "access": null, "opening_hours:covid19": null, "addr:state": null, "cycleway": null, "incline": null, "hazard": null, "orientation": null, "parking": null, "type": null, "addr:district": null, "box_id": 1, "provider": "osmnx" }, "geometry": { "type": "LineString", "coordinates": [ [ -49.2427163, -25.4282695 ], [ -49.2427164, -25.4283362 ], [ -49.2427181, -25.4283521 ], [ -49.2427197, -25.428368 ], [ -49.2427212, -25.4283818 ], [ -49.2427319, -25.4284187 ], [ -49.2427508, -25.4284582 ], [ -49.2427758, -25.4284797 ], [ -49.2430171, -25.4285708 ], [ -49.2432016, -25.4285763 ], [ -49.2433373, -25.4285803 ], [ -49.2436577, -25.428706 ], [ -49.243714, -25.4287281 ], [ -49.2437699, -25.4287493 ], [ -49.2442276, -25.4289234 ], [ -49.2446911, -25.429102 ] ] } },
{ "type": "Feature", "properties": { "highway": "cycleway", "traffic_signals:direction": null, "crossing": "uncontrolled", "crossing_ref": null, "maxspeed": null, "traffic_signals": null, "traffic_signals:sound": null, "amenity": null, "addr:city": null, "addr:country": null, "addr:housenumber": null, "addr:street": null, "bicycle": "designated", "crossing:markings": null, "button_operated": null, "crossing:island": null, "name": null, "wheelchair": null, "addr:suburb": null, "brand": null, "brand:wikidata": null, "brand:wikipedia": null, "healthcare": null, "railway": null, "crossing:barrier": null, "capacity": null, "cuisine": null, "delivery": null, "internet_access": null, "opening_hours": null, "phone": null, "smoking": null, "takeaway": null, "website": null, "addr:postcode": null, "operator": null, "alt_name": null, "shop": null, "building": null, "name:en": null, "name:pt": null, "office": null, "old_name": null, "fee": null, "service:bicycle:bicycle": null, "service:bicycle:dealer": null, "service:bicycle:ebike": null, "service:bicycle:repair": null, "service:bicycle:sales": null, "direction": null, "stop": null, "bus": null, "public_transport": null, "brewery": null, "level": null, "microbrewery": null, "outdoor_seating": null, "payment:american_express": null, "payment:cards": null, "payment:credit_cards": null, "payment:cryptocurrencies": null, "payment:debit_cards": null, "payment:maestro": null, "payment:mastercard": null, "payment:notes": null, "payment:visa": null, "payment:visa_electron": null, "start_date": null, "network": null, "network:wikidata": null, "ref": null, "source": null, "bridge": null, "layer": null, "oneway": null, "lanes": null, "lit": null, "short_name": null, "surface": "asphalt", "admin_level": null, "boundary": null, "loc_name": null, "foot": "designated", "maxheight": null, "width": null, "sidewalk": null, "destination": null, "leisure": null, "email": null, "service:bicycle:cleaning": null, "service:bicycle:diy": null, "service:bicycle:pump": null, "service:bicycle:rental": null, "service:bicycle:retail": null, "service:bicycle:second_hand": null, "bus:lanes": null, "source:alt_name": null, "segregated": null, "service:bicycle:chain_tool": null, "not:operator:wikidata": null, "note": null, "barrier": null, "service": null, "branch": null, "contact:phone": null, "bin": null, "covered": null, "passenger_information_display": null, "shelter": null, "tactile_paving": null, "footway": null, "payment:cash": null, "payment:coins": null, "area": null, "addr:place": null, "access": null, "opening_hours:covid19": null, "addr:state": null, "cycleway": "crossing", "incline": null, "hazard": null, "orientation": null, "parking": null, "type": null, "addr:district": null, "box_id": 1, "provider": "osmnx" }, "geometry": { "type": "LineString", "coordinates": [ [ -49.2431405, -25.4285368 ], [ -49.2432016, -25.4285763 ], [ -49.243264, -25.4286165 ] ] } },
{ "type": "Feature", "properties": { "highway": "cycleway", "traffic_signals:direction": null, "crossing": null, "crossing_ref": null, "maxspeed": null, "traffic_signals": null, "traffic_signals:sound": null, "amenity": null, "addr:city": null, "addr:country": null, "addr:housenumber": null, "addr:street": null, "bicycle": "designated", "crossing:markings": null, "button_operated": null, "crossing:island": null, "name": null, "wheelchair": null, "addr:suburb": null, "brand": null, "brand:wikidata": null, "brand:wikipedia": null, "healthcare": null, "railway": null, "crossing:barrier": null, "capacity": null, "cuisine": null, "delivery": null, "internet_access": null, "opening_hours": null, "phone": null, "smoking": null, "takeaway": null, "website": null, "addr:postcode": null, "operator": null, "alt_name": null, "shop": null, "building": null, "name:en": null, "name:pt": null, "office": null, "old_name": null, "fee": null, "service:bicycle:bicycle": null, "service:bicycle:dealer": null, "service:bicycle:ebike": null, "service:bicycle:repair": null, "service:bicycle:sales": null, "direction": null, "stop": null, "bus": null, "public_transport": null, "brewery": null, "level": null, "microbrewery": null, "outdoor_seating": null, "payment:american_express": null, "payment:cards": null, "payment:credit_cards": null, "payment:cryptocurrencies": null, "payment:debit_cards": null, "payment:maestro": null, "payment:mastercard": null, "payment:notes": null, "payment:visa": null, "payment:visa_electron": null, "start_date": null, "network": null, "network:wikidata": null, "ref": null, "source": null, "bridge": null, "layer": null, "oneway": null, "lanes": null, "lit": null, "short_name": null, "surface": "asphalt", "admin_level": null, "boundary": null, "loc_name": null, "foot": "designated", "maxheight": null, "width": null, "sidewalk": null, "destination": null, "leisure": null, "email": null, "service:bicycle:cleaning": null, "service:bicycle:diy": null, "service:bicycle:pump": null, "service:bicycle:rental": null, "service:bicycle:retail": null, "service:bicycle:second_hand": null, "bus:lanes": null, "source:alt_name": null, "segregated": "no", "service:bicycle:chain_tool": null, "not:operator:wikidata": null, "note": null, "barrier": null, "service": null, "branch": null, "contact:phone": null, "bin": null, "covered": null, "passenger_information_display": null, "shelter": null, "tactile_paving": null, "footway": null, "payment:cash": null, "payment:coins": null, "area": null, "addr:place": null, "access": null, "opening_hours:covid19": null, "addr:state": null, "cycleway": null, "incline": null, "hazard": null, "orientation": null, "parking": null, "type": null, "addr:district": null, "box_id": 1, "provider": "osmnx" }, "geometry": { "type": "LineString", "coordinates": [ [ -49.2427539, -25.4283817 ], [ -49.2431405, -25.4285368 ] ] } },
{ "type": "Feature", "properties": { "highway": "cycleway", "traffic_signals:direction": null, "crossing": "unmarked", "crossing_ref": null, "maxspeed": null, "traffic_signals": null, "traffic_signals:sound": null, "amenity": null, "addr:city": null, "addr:country": null, "addr:housenumber": null, "addr:street": null, "bicycle": "designated", "crossing:markings": null, "button_operated": null, "crossing:island": null, "name": null, "wheelchair": null, "addr:suburb": null, "brand": null, "brand:wikidata": null, "brand:wikipedia": null, "healthcare": null, "railway": null, "crossing:barrier": null, "capacity": null, "cuisine": null, "delivery": null, "internet_access": null, "opening_hours": null, "phone": null, "smoking": null, "takeaway": null, "website": null, "addr:postcode": null, "operator": null, "alt_name": null, "shop": null, "building": null, "name:en": null, "name:pt": null, "office": null, "old_name": null, "fee": null, "service:bicycle:bicycle": null, "service:bicycle:dealer": null, "service:bicycle:ebike": null, "service:bicycle:repair": null, "service:bicycle:sales": null, "direction": null, "stop": null, "bus": null, "public_transport": null, "brewery": null, "level": null, "microbrewery": null, "outdoor_seating": null, "payment:american_express": null, "payment:cards": null, "payment:credit_cards": null, "payment:cryptocurrencies": null, "payment:debit_cards": null, "payment:maestro": null, "payment:mastercard": null, "payment:notes": null, "payment:visa": null, "payment:visa_electron": null, "start_date": null, "network": null, "network:wikidata": null, "ref": null, "source": null, "bridge": null, "layer": null, "oneway": null, "lanes": null, "lit": null, "short_name": null, "surface": "asphalt", "admin_level": null, "boundary": null, "loc_name": null, "foot": "designated", "maxheight": null, "width": null, "sidewalk": null, "destination": null, "leisure": null, "email": null, "service:bicycle:cleaning": null, "service:bicycle:diy": null, "service:bicycle:pump": null, "service:bicycle:rental": null, "service:bicycle:retail": null, "service:bicycle:second_hand": null, "bus:lanes": null, "source:alt_name": null, "segregated": null, "service:bicycle:chain_tool": null, "not:operator:wikidata": null, "note": null, "barrier": null, "service": null, "branch": null, "contact:phone": null, "bin": null, "covered": null, "passenger_information_display": null, "shelter": null, "tactile_paving": null, "footway": null, "payment:cash": null, "payment:coins": null, "area": null, "addr:place": null, "access": null, "opening_hours:covid19": null, "addr:state": null, "cycleway": "crossing", "incline": null, "hazard": null, "orientation": null, "parking": null, "type": null, "addr:district": null, "box_id": 1, "provider": "osmnx" }, "geometry": { "type": "LineString", "coordinates": [ [ -49.2426918, -25.4283568 ], [ -49.2427197, -25.428368 ], [ -49.2427539, -25.4283817 ] ] } },
{ "type": "Feature", "properties": { "highway": "cycleway", "traffic_signals:direction": null, "crossing": null, "crossing_ref": null, "maxspeed": null, "traffic_signals": null, "traffic_signals:sound": null, "amenity": null, "addr:city": null, "addr:country": null, "addr:housenumber": null, "addr:street": null, "bicycle": "designated", "crossing:markings": null, "button_operated": null, "crossing:island": null, "name": null, "wheelchair": null, "addr:suburb": null, "brand": null, "brand:wikidata": null, "brand:wikipedia": null, "healthcare": null, "railway": null, "crossing:barrier": null, "capacity": null, "cuisine": null, "delivery": null, "internet_access": null, "opening_hours": null, "phone": null, "smoking": null, "takeaway": null, "website": null, "addr:postcode": null, "operator": null, "alt_name": null, "shop": null, "building": null, "name:en": null, "name:pt": null, "office": null, "old_name": null, "fee": null, "service:bicycle:bicycle": null, "service:bicycle:dealer": null, "service:bicycle:ebike": null, "service:bicycle:repair": null, "service:bicycle:sales": null, "direction": null, "stop": null, "bus": null, "public_transport": null, "brewery": null, "level": null, "microbrewery": null, "outdoor_seating": null, "payment:american_express": null, "payment:cards": null, "payment:credit_cards": null, "payment:cryptocurrencies": null, "payment:debit_cards": null, "payment:maestro": null, "payment:mastercard": null, "payment:notes": null, "payment:visa": null, "payment:visa_electron": null, "start_date": null, "network": null, "network:wikidata": null, "ref": null, "source": null, "bridge": null, "layer": null, "oneway": null, "lanes": null, "lit": null, "short_name": null, "surface": "asphalt", "admin_level": null, "boundary": null, "loc_name": null, "foot": "designated", "maxheight": null, "width": null, "sidewalk": null, "destination": null, "leisure": null, "email": null, "service:bicycle:cleaning": null, "service:bicycle:diy": null, "service:bicycle:pump": null, "service:bicycle:rental": null, "service:bicycle:retail": null, "service:bicycle:second_hand": null, "bus:lanes": null, "source:alt_name": null, "segregated": "no", "service:bicycle:chain_tool": null, "not:operator:wikidata": null, "note": null, "barrier": null, "service": null, "branch": null, "contact:phone": null, "bin": null, "covered": null, "passenger_information_display": null, "shelter": null, "tactile_paving": null, "footway": null, "payment:cash": null, "payment:coins": null, "area": null, "addr:place": null, "access": null, "opening_hours:covid19": null, "addr:state": null, "cycleway": null, "incline": null, "hazard": null, "orientation": null, "parking": null, "type": null, "addr:district": null, "box_id": 1, "provider": "osmnx" }, "geometry": { "type": "LineString", "coordinates": [ [ -49.242548, -25.4282991 ], [ -49.2426918, -25.4283568 ] ] } },
{ "type": "Feature", "properties": { "highway": "cycleway", "traffic_signals:direction": null, "crossing": "uncontrolled", "crossing_ref": null, "maxspeed": null, "traffic_signals": null, "traffic_signals:sound": null, "amenity": null, "addr:city": null, "addr:country": null, "addr:housenumber": null, "addr:street": null, "bicycle": "designated", "crossing:markings": null, "button_operated": null, "crossing:island": null, "name": null, "wheelchair": null, "addr:suburb": null, "brand": null, "brand:wikidata": null, "brand:wikipedia": null, "healthcare": null, "railway": null, "crossing:barrier": null, "capacity": null, "cuisine": null, "delivery": null, "internet_access": null, "opening_hours": null, "phone": null, "smoking": null, "takeaway": null, "website": null, "addr:postcode": null, "operator": null, "alt_name": null, "shop": null, "building": null, "name:en": null, "name:pt": null, "office": null, "old_name": null, "fee": null, "service:bicycle:bicycle": null, "service:bicycle:dealer": null, "service:bicycle:ebike": null, "service:bicycle:repair": null, "service:bicycle:sales": null, "direction": null, "stop": null, "bus": null, "public_transport": null, "brewery": null, "level": null, "microbrewery": null, "outdoor_seating": null, "payment:american_express": null, "payment:cards": null, "payment:credit_cards": null, "payment:cryptocurrencies": null, "payment:debit_cards": null, "payment:maestro": null, "payment:mastercard": null, "payment:notes": null, "payment:visa": null, "payment:visa_electron": null, "start_date": null, "network": null, "network:wikidata": null, "ref": null, "source": null, "bridge": null, "layer": null, "oneway": null, "lanes": null, "lit": null, "short_name": null, "surface": "asphalt", "admin_level": null, "boundary": null, "loc_name": null, "foot": "designated", "maxheight": null, "width": null, "sidewalk": null, "destination": null, "leisure": null, "email": null, "service:bicycle:cleaning": null, "service:bicycle:diy": null, "service:bicycle:pump": null, "service:bicycle:rental": null, "service:bicycle:retail": null, "service:bicycle:second_hand": null, "bus:lanes": null, "source:alt_name": null, "segregated": null, "service:bicycle:chain_tool": null, "not:operator:wikidata": null, "note": null, "barrier": null, "service": null, "branch": null, "contact:phone": null, "bin": null, "covered": null, "passenger_information_display": null, "shelter": null, "tactile_paving": null, "footway": null, "payment:cash": null, "payment:coins": null, "area": null, "addr:place": null, "access": null, "opening_hours:covid19": null, "addr:state": null, "cycleway": "crossing", "incline": null, "hazard": null, "orientation": null, "parking": null, "type": null, "addr:district": null, "box_id": 1, "provider": "osmnx" }, "geometry": { "type": "LineString", "coordinates": [ [ -49.2423932, -25.4282813 ], [ -49.2424862, -25.428293 ], [ -49.242548, -25.4282991 ] ] } },
{ "type": "Feature", "properties": { "highway": "footway", "traffic_signals:direction": null, "crossing": "unmarked", "crossing_ref": null, "maxspeed": null, "traffic_signals": null, "traffic_signals:sound": null, "amenity": null, "addr:city": null, "addr:country": null, "addr:housenumber": null, "addr:street": null, "bicycle": null, "crossing:markings": "no", "button_operated": null, "crossing:island": null, "name": null, "wheelchair": null, "addr:suburb": null, "brand": null, "brand:wikidata": null, "brand:wikipedia": null, "healthcare": null, "railway": null, "crossing:barrier": null, "capacity": null, "cuisine": null, "delivery": null, "internet_access": null, "opening_hours": null, "phone": null, "smoking": null, "takeaway": null, "website": null, "addr:postcode": null, "operator": null, "alt_name": null, "shop": null, "building": null, "name:en": null, "name:pt": null, "office": null, "old_name": null, "fee": null, "service:bicycle:bicycle": null, "service:bicycle:dealer": null, "service:bicycle:ebike": null, "service:bicycle:repair": null, "service:bicycle:sales": null, "direction": null, "stop": null, "bus": null, "public_transport": null, "brewery": null, "level": null, "microbrewery": null, "outdoor_seating": null, "payment:american_express": null, "payment:cards": null, "payment:credit_cards": null, "payment:cryptocurrencies": null, "payment:debit_cards": null, "payment:maestro": null, "payment:mastercard": null, "payment:notes": null, "payment:visa": null, "payment:visa_electron": null, "start_date": null, "network": null, "network:wikidata": null, "ref": null, "source": null, "bridge": null, "layer": null, "oneway": null, "lanes": null, "lit": null, "short_name": null, "surface": "asphalt", "admin_level": null, "boundary": null, "loc_name": null, "foot": null, "maxheight": null, "width": null, "sidewalk": null, "destination": null, "leisure": null, "email": null, "service:bicycle:cleaning": null, "service:bicycle:diy": null, "service:bicycle:pump": null, "service:bicycle:rental": null, "service:bicycle:retail": null, "service:bicycle:second_hand": null, "bus:lanes": null, "source:alt_name": null, "segregated": null, "service:bicycle:chain_tool": null, "not:operator:wikidata": null, "note": null, "barrier": null, "service": null, "branch": null, "contact:phone": null, "bin": null, "covered": null, "passenger_information_display": null, "shelter": null, "tactile_paving": null, "footway": "crossing", "payment:cash": null, "payment:coins": null, "area": null, "addr:place": null, "access": null, "opening_hours:covid19": null, "addr:state": null, "cycleway": null, "incline": null, "hazard": null, "orientation": null, "parking": null, "type": null, "addr:district": null, "box_id": 1, "provider": "osmnx" }, "geometry": { "type": "LineString", "coordinates": [ [ -49.2427742, -25.4282184 ], [ -49.2427752, -25.4282453 ], [ -49.2427761, -25.4282722 ] ] } },
{ "type": "Feature", "properties": { "highway": "footway", "traffic_signals:direction": null, "crossing": null, "crossing_ref": null, "maxspeed": null, "traffic_signals": null, "traffic_signals:sound": null, "amenity": null, "addr:city": null, "addr:country": null, "addr:housenumber": null, "addr:street": null, "bicycle": null, "crossing:markings": null, "button_operated": null, "crossing:island": null, "name": null, "wheelchair": null, "addr:suburb": null, "brand": null, "brand:wikidata": null, "brand:wikipedia": null, "healthcare": null, "railway": null, "crossing:barrier": null, "capacity": null, "cuisine": null, "delivery": null, "internet_access": null, "opening_hours": null, "phone": null, "smoking": null, "takeaway": null, "website": null, "addr:postcode": null, "operator": null, "alt_name": null, "shop": null, "building": null, "name:en": null, "name:pt": null, "office": null, "old_name": null, "fee": null, "service:bicycle:bicycle": null, "service:bicycle:dealer": null, "service:bicycle:ebike": null, "service:bicycle:repair": null, "service:bicycle:sales": null, "direction": null, "stop": null, "bus": null, "public_transport": null, "brewery": null, "level": null, "microbrewery": null, "outdoor_seating": null, "payment:american_express": null, "payment:cards": null, "payment:credit_cards": null, "payment:cryptocurrencies": null, "payment:debit_cards": null, "payment:maestro": null, "payment:mastercard": null, "payment:notes": null, "payment:visa": null, "payment:visa_electron": null, "start_date": null, "network": null, "network:wikidata": null, "ref": null, "source": null, "bridge": null, "layer": null, "oneway": null, "lanes": null, "lit": null, "short_name": null, "surface": "interlock", "admin_level": null, "boundary": null, "loc_name": null, "foot": null, "maxheight": null, "width": null, "sidewalk": null, "destination": null, "leisure": null, "email": null, "service:bicycle:cleaning": null, "service:bicycle:diy": null, "service:bicycle:pump": null, "service:bicycle:rental": null, "service:bicycle:retail": null, "service:bicycle:second_hand": null, "bus:lanes": null, "source:alt_name": null, "segregated": null, "service:bicycle:chain_tool": null, "not:operator:wikidata": null, "note": null, "barrier": null, "service": null, "branch": null, "contact:phone": null, "bin": null, "covered": null, "passenger_information_display": null, "shelter": null, "tactile_paving": null, "footway": "sidewalk", "payment:cash": null, "payment:coins": null, "area": null, "addr:place": null, "access": null, "opening_hours:covid19": null, "addr:state": null, "cycleway": null, "incline": null, "hazard": null, "orientation": null, "parking": null, "type": null, "addr:district": null, "box_id": 1, "provider": "osmnx" }, "geometry": { "type": "LineString", "coordinates": [ [ -49.2425475, -25.428129 ], [ -49.2426068, -25.4281657 ], [ -49.2426985, -25.4282033 ], [ -49.2427742, -25.4282184 ] ] } },
{ "type": "Feature", "properties": { "highway": "primary", "traffic_signals:direction": null, "crossing": null, "crossing_ref": null, "maxspeed": "40", "traffic_signals": null, "traffic_signals:sound": null, "amenity": null, "addr:city": null, "addr:country": null, "addr:housenumber": null, "addr:street": null, "bicycle": null, "crossing:markings": null, "button_operated": null, "crossing:island": null, "name": "Rua Marechal Deodoro", "wheelchair": null, "addr:suburb": null, "brand": null, "brand:wikidata": null, "brand:wikipedia": null, "healthcare": null, "railway": null, "crossing:barrier": null, "capacity": null, "cuisine": null, "delivery": null, "internet_access": null, "opening_hours": null, "phone": null, "smoking": null, "takeaway": null, "website": null, "addr:postcode": null, "operator": null, "alt_name": "Rua Marechal Deodoro da Fonseca;Avenida Marechal Deodoro da Fonseca", "shop": null, "building": null, "name:en": null, "name:pt": null, "office": null, "old_name": null, "fee": null, "service:bicycle:bicycle": null, "service:bicycle:dealer": null, "service:bicycle:ebike": null, "service:bicycle:repair": null, "service:bicycle:sales": null, "direction": null, "stop": null, "bus": null, "public_transport": null, "brewery": null, "level": null, "microbrewery": null, "outdoor_seating": null, "payment:american_express": null, "payment:cards": null, "payment:credit_cards": null, "payment:cryptocurrencies": null, "payment:debit_cards": null, "payment:maestro": null, "payment:mastercard": null, "payment:notes": null, "payment:visa": null, "payment:visa_electron": null, "start_date": null, "network": null, "network:wikidata": null, "ref": null, "source": null, "bridge": null, "layer": null, "oneway": "yes", "lanes": "2", "lit": "yes", "short_name": null, "surface": "asphalt", "admin_level": null, "boundary": null, "loc_name": null, "foot": null, "maxheight": null, "width": null, "sidewalk": null, "destination": null, "leisure": null, "email": null, "service:bicycle:cleaning": null, "service:bicycle:diy": null, "service:bicycle:pump": null, "service:bicycle:rental": null, "service:bicycle:retail": null, "service:bicycle:second_hand": null, "bus:lanes": null, "source:alt_name": ";CNEFE 2022 / IBGE", "segregated": null, "service:bicycle:chain_tool": null, "not:operator:wikidata": null, "note": null, "barrier": null, "service": null, "branch": null, "contact:phone": null, "bin": null, "covered": null, "passenger_information_display": null, "shelter": null, "tactile_paving": null, "footway": null, "payment:cash": null, "payment:coins": null, "area": null, "addr:place": null, "access": null, "opening_hours:covid19": null, "addr:state": null, "cycleway": null, "incline": null, "hazard": null, "orientation": null, "parking": null, "type": null, "addr:district": null, "box_id": 1, "provider": "osmnx" }, "geometry": { "type": "LineString", "coordinates": [ [ -49.2436612, -25.4282092 ], [ -49.2429163, -25.4282701 ], [ -49.2428415, -25.4282729 ], [ -49.2427761, -25.4282722 ], [ -49.2427163, -25.4282695 ], [ -49.2426644, -25.4282584 ], [ -49.2426199, -25.4282457 ], [ -49.2425435, -25.4282153 ], [ -49.2424745, -25.4281746 ], [ -49.2424194, -25.4281292 ], [ -49.2422053, -25.4279151 ], [ -49.2421659, -25.427876 ], [ -49.2421159, -25.427836 ], [ -49.2420591, -25.4278031 ], [ -49.2419829, -25.4277747 ], [ -49.2419218, -25.4277628 ], [ -49.2418402, -25.4277589 ], [ -49.2416096, -25.4277747 ] ] } },
{ "type": "Feature", "properties": { "highway": "footway", "traffic_signals:direction": null, "crossing": null, "crossing_ref": null, "maxspeed": null, "traffic_signals": null, "traffic_signals:sound": null, "amenity": null, "addr:city": null, "addr:country": null, "addr:housenumber": null, "addr:street": null, "bicycle": null, "crossing:markings": null, "button_operated": null, "crossing:island": null, "name": null, "wheelchair": null, "addr:suburb": null, "brand": null, "brand:wikidata": null, "brand:wikipedia": null, "healthcare": null, "railway": null, "crossing:barrier": null, "capacity": null, "cuisine": null, "delivery": null, "internet_access": null, "opening_hours": null, "phone": null, "smoking": null, "takeaway": null, "website": null, "addr:postcode": null, "operator": null, "alt_name": null, "shop": null, "building": null, "name:en": null, "name:pt": null, "office": null, "old_name": null, "fee": null, "service:bicycle:bicycle": null, "service:bicycle:dealer": null, "service:bicycle:ebike": null, "service:bicycle:repair": null, "service:bicycle:sales": null, "direction": null, "stop": null, "bus": null, "public_transport": null, "brewery": null, "level": null, "microbrewery": null, "outdoor_seating": null, "payment:american_express": null, "payment:cards": null, "payment:credit_cards": null, "payment:cryptocurrencies": null, "payment:debit_cards": null, "payment:maestro": null, "payment:mastercard": null, "payment:notes": null, "payment:visa": null, "payment:visa_electron": null, "start_date": null, "network": null, "network:wikidata": null, "ref": null, "source": null, "bridge": null, "layer": null, "oneway": null, "lanes": null, "lit": null, "short_name": null, "surface": "sett", "admin_level": null, "boundary": null, "loc_name": null, "foot": null, "maxheight": null, "width": null, "sidewalk": null, "destination": null, "leisure": null, "email": null, "service:bicycle:cleaning": null, "service:bicycle:diy": null, "service:bicycle:pump": null, "service:bicycle:rental": null, "service:bicycle:retail": null, "service:bicycle:second_hand": null, "bus:lanes": null, "source:alt_name": null, "segregated": null, "service:bicycle:chain_tool": null, "not:operator:wikidata": null, "note": null, "barrier": null, "service": null, "branch": null, "contact:phone": null, "bin": null, "covered": null, "passenger_information_display": null, "shelter": null, "tactile_paving": null, "footway": null, "payment:cash": null, "payment:coins": null, "area": null, "addr:place": null, "access": null, "opening_hours:covid19": null, "addr:state": null, "cycleway": null, "incline": null, "hazard": null, "orientation": null, "parking": null, "type": null, "addr:district": null, "box_id": 1, "provider": "osmnx" }, "geometry": { "type": "LineString", "coordinates": [ [ -49.2425475, -25.428129 ], [ -49.2425165, -25.4277393 ] ] } },
{ "type": "Feature", "properties": { "highway": "service", "traffic_signals:direction": null, "crossing": null, "crossing_ref": null, "maxspeed": null, "traffic_signals": null, "traffic_signals:sound": null, "amenity": null, "addr:city": null, "addr:country": null, "addr:housenumber": null, "addr:street": null, "bicycle": null, "crossing:markings": null, "button_operated": null, "crossing:island": null, "name": null, "wheelchair": null, "addr:suburb": null, "brand": null, "brand:wikidata": null, "brand:wikipedia": null, "healthcare": null, "railway": null, "crossing:barrier": null, "capacity": null, "cuisine": null, "delivery": null, "internet_access": null, "opening_hours": null, "phone": null, "smoking": null, "takeaway": null, "website": null, "addr:postcode": null, "operator": null, "alt_name": null, "shop": null, "building": null, "name:en": null, "name:pt": null, "office": null, "old_name": null, "fee": null, "service:bicycle:bicycle": null, "service:bicycle:dealer": null, "service:bicycle:ebike": null, "service:bicycle:repair": null, "service:bicycle:sales": null, "direction": null, "stop": null, "bus": null, "public_transport": null, "brewery": null, "level": null, "microbrewery": null, "outdoor_seating": null, "payment:american_express": null, "payment:cards": null, "payment:credit_cards": null, "payment:cryptocurrencies": null, "payment:debit_cards": null, "payment:maestro": null, "payment:mastercard": null, "payment:notes": null, "payment:visa": null, "payment:visa_electron": null, "start_date": null, "network": null, "network:wikidata": null, "ref": null, "source": null, "bridge": null, "layer": null, "oneway": null, "lanes": null, "lit": null, "short_name": null, "surface": null, "admin_level": null, "boundary": null, "loc_name": null, "foot": null, "maxheight": null, "width": null, "sidewalk": null, "destination": null, "leisure": null, "email": null, "service:bicycle:cleaning": null, "service:bicycle:diy": null, "service:bicycle:pump": null, "service:bicycle:rental": null, "service:bicycle:retail": null, "service:bicycle:second_hand": null, "bus:lanes": null, "source:alt_name": null, "segregated": null, "service:bicycle:chain_tool": null, "not:operator:wikidata": null, "note": null, "barrier": null, "service": null, "branch": null, "contact:phone": null, "bin": null, "covered": null, "passenger_information_display": null, "shelter": null, "tactile_paving": null, "footway": null, "payment:cash": null, "payment:coins": null, "area": null, "addr:place": null, "access": null, "opening_hours:covid19": null, "addr:state": null, "cycleway": null, "incline": null, "hazard": null, "orientation": null, "parking": null, "type": null, "addr:district": null, "box_id": 1, "provider": "osmnx" }, "geometry": { "type": "LineString", "coordinates": [ [ -49.2430653, -25.4276032 ], [ -49.2431031, -25.4280074 ] ] } },
{ "type": "Feature", "properties": { "highway": "footway", "traffic_signals:direction": null, "crossing": "unmarked", "crossing_ref": null, "maxspeed": null, "traffic_signals": null, "traffic_signals:sound": null, "amenity": null, "addr:city": null, "addr:country": null, "addr:housenumber": null, "addr:street": null, "bicycle": null, "crossing:markings": "no", "button_operated": null, "crossing:island": null, "name": null, "wheelchair": null, "addr:suburb": null, "brand": null, "brand:wikidata": null, "brand:wikipedia": null, "healthcare": null, "railway": null, "crossing:barrier": null, "capacity": null, "cuisine": null, "delivery": null, "internet_access": null, "opening_hours": null, "phone": null, "smoking": null, "takeaway": null, "website": null, "addr:postcode": null, "operator": null, "alt_name": null, "shop": null, "building": null, "name:en": null, "name:pt": null, "office": null, "old_name": null, "fee": null, "service:bicycle:bicycle": null, "service:bicycle:dealer": null, "service:bicycle:ebike": null, "service:bicycle:repair": null, "service:bicycle:sales": null, "direction": null, "stop": null, "bus": null, "public_transport": null, "brewery": null, "level": null, "microbrewery": null, "outdoor_seating": null, "payment:american_express": null, "payment:cards": null, "payment:credit_cards": null, "payment:cryptocurrencies": null, "payment:debit_cards": null, "payment:maestro": null, "payment:mastercard": null, "payment:notes": null, "payment:visa": null, "payment:visa_electron": null, "start_date": null, "network": null, "network:wikidata": null, "ref": null, "source": null, "bridge": null, "layer": null, "oneway": null, "lanes": null, "lit": null, "short_name": null, "surface": "asphalt", "admin_level": null, "boundary": null, "loc_name": null, "foot": null, "maxheight": null, "width": null, "sidewalk": null, "destination": null, "leisure": null, "email": null, "service:bicycle:cleaning": null, "service:bicycle:diy": null, "service:bicycle:pump": null, "service:bicycle:rental": null, "service:bicycle:retail": null, "service:bicycle:second_hand": null, "bus:lanes": null, "source:alt_name": null, "segregated": null, "service:bicycle:chain_tool": null, "not:operator:wikidata": null, "note": null, "barrier": null, "service": null, "branch": null, "contact:phone": null, "bin": null, "covered": null, "passenger_information_display": null, "shelter": null, "tactile_paving": null, "footway": "crossing", "payment:cash": null, "payment:coins": null, "area": null, "addr:place": null, "access": null, "opening_hours:covid19": null, "addr:state": null, "cycleway": null, "incline": null, "hazard": null, "orientation": null, "parking": null, "type": null, "addr:district": null, "box_id": 1, "provider": "osmnx" }, "geometry": { "type": "LineString", "coordinates": [ [ -49.2425165, -25.4277393 ], [ -49.2425152, -25.4277233 ], [ -49.2425091, -25.4276464 ] ] } },
{ "type": "Feature", "properties": { "highway": "primary", "traffic_signals:direction": null, "crossing": null, "crossing_ref": null, "maxspeed": "40", "traffic_signals": null, "traffic_signals:sound": null, "amenity": null, "addr:city": null, "addr:country": null, "addr:housenumber": null, "addr:street": null, "bicycle": null, "crossing:markings": null, "button_operated": null, "crossing:island": null, "name": "Rua XV de Novembro", "wheelchair": null, "addr:suburb": null, "brand": null, "brand:wikidata": null, "brand:wikipedia": null, "healthcare": null, "railway": null, "crossing:barrier": null, "capacity": null, "cuisine": null, "delivery": null, "internet_access": null, "opening_hours": null, "phone": null, "smoking": null, "takeaway": null, "website": null, "addr:postcode": null, "operator": null, "alt_name": "Rua Quinze de Novembro", "shop": null, "building": null, "name:en": null, "name:pt": null, "office": null, "old_name": null, "fee": null, "service:bicycle:bicycle": null, "service:bicycle:dealer": null, "service:bicycle:ebike": null, "service:bicycle:repair": null, "service:bicycle:sales": null, "direction": null, "stop": null, "bus": null, "public_transport": null, "brewery": null, "level": null, "microbrewery": null, "outdoor_seating": null, "payment:american_express": null, "payment:cards": null, "payment:credit_cards": null, "payment:cryptocurrencies": null, "payment:debit_cards": null, "payment:maestro": null, "payment:mastercard": null, "payment:notes": null, "payment:visa": null, "payment:visa_electron": null, "start_date": null, "network": null, "network:wikidata": null, "ref": null, "source": null, "bridge": null, "layer": null, "oneway": "yes", "lanes": "2", "lit": "yes", "short_name": "Rua 15 de Novembro", "surface": null, "admin_level": null, "boundary": null, "loc_name": null, "foot": null, "maxheight": null, "width": null, "sidewalk": null, "destination": null, "leisure": null, "email": null, "service:bicycle:cleaning": null, "service:bicycle:diy": null, "service:bicycle:pump": null, "service:bicycle:rental": null, "service:bicycle:retail": null, "service:bicycle:second_hand": null, "bus:lanes": null, "source:alt_name": null, "segregated": null, "service:bicycle:chain_tool": null, "not:operator:wikidata": null, "note": null, "barrier": null, "service": null, "branch": null, "contact:phone": null, "bin": null, "covered": null, "passenger_information_display": null, "shelter": null, "tactile_paving": null, "footway": null, "payment:cash": null, "payment:coins": null, "area": null, "addr:place": null, "access": null, "opening_hours:covid19": null, "addr:state": null, "cycleway": null, "incline": null, "hazard": null, "orientation": null, "parking": null, "type": null, "addr:district": null, "box_id": 1, "provider": "osmnx" }, "geometry": { "type": "LineString", "coordinates": [ [ -49.2416604, -25.4276886 ], [ -49.2424239, -25.427653 ], [ -49.2425091, -25.4276464 ], [ -49.2429452, -25.4276126 ], [ -49.2430653, -25.4276032 ], [ -49.2435974, -25.4275631 ] ] } },
{ "type": "Feature", "properties": { "highway": "footway", "traffic_signals:direction": null, "crossing": null, "crossing_ref": null, "maxspeed": null, "traffic_signals": null, "traffic_signals:sound": null, "amenity": null, "addr:city": null, "addr:country": null, "addr:housenumber": null, "addr:street": null, "bicycle": null, "crossing:markings": null, "button_operated": null, "crossing:island": null, "name": null, "wheelchair": null, "addr:suburb": null, "brand": null, "brand:wikidata": null, "brand:wikipedia": null, "healthcare": null, "railway": null, "crossing:barrier": null, "capacity": null, "cuisine": null, "delivery": null, "internet_access": null, "opening_hours": null, "phone": null, "smoking": null, "takeaway": null, "website": null, "addr:postcode": null, "operator": null, "alt_name": null, "shop": null, "building": null, "name:en": null, "name:pt": null, "office": null, "old_name": null, "fee": null, "service:bicycle:bicycle": null, "service:bicycle:dealer": null, "service:bicycle:ebike": null, "service:bicycle:repair": null, "service:bicycle:sales": null, "direction": null, "stop": null, "bus": null, "public_transport": null, "brewery": null, "level": null, "microbrewery": null, "outdoor_seating": null, "payment:american_express": null, "payment:cards": null, "payment:credit_cards": null, "payment:cryptocurrencies": null, "payment:debit_cards": null, "payment:maestro": null, "payment:mastercard": null, "payment:notes": null, "payment:visa": null, "payment:visa_electron": null, "start_date": null, "network": null, "network:wikidata": null, "ref": null, "source": null, "bridge": null, "layer": null, "oneway": null, "lanes": null, "lit": null, "short_name": null, "surface": "sett", "admin_level": null, "boundary": null, "loc_name": null, "foot": null, "maxheight": null, "width": null, "sidewalk": null, "destination": null, "leisure": null, "email": null, "service:bicycle:cleaning": null, "service:bicycle:diy": null, "service:bicycle:pump": null, "service:bicycle:rental": null, "service:bicycle:retail": null, "service:bicycle:second_hand": null, "bus:lanes": null, "source:alt_name": null, "segregated": null, "service:bicycle:chain_tool": null, "not:operator:wikidata": null, "note": null, "barrier": null, "service": null, "branch": null, "contact:phone": null, "bin": null, "covered": null, "passenger_information_display": null, "shelter": null, "tactile_paving": null, "footway": "sidewalk", "payment:cash": null, "payment:coins": null, "area": null, "addr:place": null, "access": null, "opening_hours:covid19": null, "addr:state": null, "cycleway": null, "incline": null, "hazard": null, "orientation": null, "parking": null, "type": null, "addr:district": null, "box_id": 1, "provider": "osmnx" }, "geometry": { "type": "LineString", "coordinates": [ [ -49.2416006, -25.4279251 ], [ -49.2415303, -25.4280492 ] ] } },
{ "type": "Feature", "properties": { "highway": "footway", "traffic_signals:direction": null, "crossing": null, "crossing_ref": null, "maxspeed": null, "traffic_signals": null, "traffic_signals:sound": null, "amenity": null, "addr:city": null, "addr:country": null, "addr:housenumber": null, "addr:street": null, "bicycle": null, "crossing:markings": null, "button_operated": null, "crossing:island": null, "name": null, "wheelchair": null, "addr:suburb": null, "brand": null, "brand:wikidata": null, "brand:wikipedia": null, "healthcare": null, "railway": null, "crossing:barrier": null, "capacity": null, "cuisine": null, "delivery": null, "internet_access": null, "opening_hours": null, "phone": null, "smoking": null, "takeaway": null, "website": null, "addr:postcode": null, "operator": null, "alt_name": null, "shop": null, "building": null, "name:en": null, "name:pt": null, "office": null, "old_name": null, "fee": null, "service:bicycle:bicycle": null, "service:bicycle:dealer": null, "service:bicycle:ebike": null, "service:bicycle:repair": null, "service:bicycle:sales": null, "direction": null, "stop": null, "bus": null, "public_transport": null, "brewery": null, "level": null, "microbrewery": null, "outdoor_seating": null, "payment:american_express": null, "payment:cards": null, "payment:credit_cards": null, "payment:cryptocurrencies": null, "payment:debit_cards": null, "payment:maestro": null, "payment:mastercard": null, "payment:notes": null, "payment:visa": null, "payment:visa_electron": null, "start_date": null, "network": null, "network:wikidata": null, "ref": null, "source": null, "bridge": "yes", "layer": "1", "oneway": null, "lanes": null, "lit": null, "short_name": null, "surface": "sett", "admin_level": null, "boundary": null, "loc_name": null, "foot": null, "maxheight": null, "width": null, "sidewalk": null, "destination": null, "leisure": null, "email": null, "service:bicycle:cleaning": null, "service:bicycle:diy": null, "service:bicycle:pump": null, "service:bicycle:rental": null, "service:bicycle:retail": null, "service:bicycle:second_hand": null, "bus:lanes": null, "source:alt_name": null, "segregated": null, "service:bicycle:chain_tool": null, "not:operator:wikidata": null, "note": null, "barrier": null, "service": null, "branch": null, "contact:phone": null, "bin": null, "covered": null, "passenger_information_display": null, "shelter": null, "tactile_paving": null, "footway": "sidewalk", "payment:cash": null, "payment:coins": null, "area": null, "addr:place": null, "access": null, "opening_hours:covid19": null, "addr:state": null, "cycleway": null, "incline": null, "hazard": null, "orientation": null, "parking": null, "type": null, "addr:district": null, "box_id": 1, "provider": "osmnx" }, "geometry": { "type": "LineString", "coordinates": [ [ -49.2415284, -25.427556 ], [ -49.241327442703508, -25.427899466503408 ] ] } },
{ "type": "Feature", "properties": { "highway": "secondary", "traffic_signals:direction": null, "crossing": null, "crossing_ref": null, "maxspeed": null, "traffic_signals": null, "traffic_signals:sound": null, "amenity": null, "addr:city": null, "addr:country": null, "addr:housenumber": null, "addr:street": null, "bicycle": null, "crossing:markings": null, "button_operated": null, "crossing:island": null, "name": null, "wheelchair": null, "addr:suburb": null, "brand": null, "brand:wikidata": null, "brand:wikipedia": null, "healthcare": null, "railway": null, "crossing:barrier": null, "capacity": null, "cuisine": null, "delivery": null, "internet_access": null, "opening_hours": null, "phone": null, "smoking": null, "takeaway": null, "website": null, "addr:postcode": null, "operator": null, "alt_name": null, "shop": null, "building": null, "name:en": null, "name:pt": null, "office": null, "old_name": null, "fee": null, "service:bicycle:bicycle": null, "service:bicycle:dealer": null, "service:bicycle:ebike": null, "service:bicycle:repair": null, "service:bicycle:sales": null, "direction": null, "stop": null, "bus": null, "public_transport": null, "brewery": null, "level": null, "microbrewery": null, "outdoor_seating": null, "payment:american_express": null, "payment:cards": null, "payment:credit_cards": null, "payment:cryptocurrencies": null, "payment:debit_cards": null, "payment:maestro": null, "payment:mastercard": null, "payment:notes": null, "payment:visa": null, "payment:visa_electron": null, "start_date": null, "network": null, "network:wikidata": null, "ref": null, "source": null, "bridge": "yes", "layer": "1", "oneway": "yes", "lanes": null, "lit": null, "short_name": null, "surface": null, "admin_level": null, "boundary": null, "loc_name": null, "foot": null, "maxheight": null, "width": null, "sidewalk": null, "destination": null, "leisure": null, "email": null, "service:bicycle:cleaning": null, "service:bicycle:diy": null, "service:bicycle:pump": null, "service:bicycle:rental": null, "service:bicycle:retail": null, "service:bicycle:second_hand": null, "bus:lanes": null, "source:alt_name": null, "segregated": null, "service:bicycle:chain_tool": null, "not:operator:wikidata": null, "note": null, "barrier": null, "service": null, "branch": null, "contact:phone": null, "bin": null, "covered": null, "passenger_information_display": null, "shelter": null, "tactile_paving": null, "footway": null, "payment:cash": null, "payment:coins": null, "area": null, "addr:place": null, "access": null, "opening_hours:covid19": null, "addr:state": null, "cycleway": null, "incline": null, "hazard": null, "orientation": null, "parking": null, "type": null, "addr:district": null, "box_id": 1, "provider": "osmnx" }, "geometry": { "type": "LineString", "coordinates": [ [ -49.2413616, -25.4279557 ], [ -49.2415921, -25.4275487 ] ] } },
{ "type": "Feature", "properties": { "highway": "footway", "traffic_signals:direction": null, "crossing": null, "crossing_ref": null, "maxspeed": null, "traffic_signals": null, "traffic_signals:sound": null, "amenity": null, "addr:city": null, "addr:country": null, "addr:housenumber": null, "addr:street": null, "bicycle": null, "crossing:markings": null, "button_operated": null, "crossing:island": null, "name": null, "wheelchair": null, "addr:suburb": null, "brand": null, "brand:wikidata": null, "brand:wikipedia": null, "healthcare": null, "railway": null, "crossing:barrier": null, "capacity": null, "cuisine": null, "delivery": null, "internet_access": null, "opening_hours": null, "phone": null, "smoking": null, "takeaway": null, "website": null, "addr:postcode": null, "operator": null, "alt_name": null, "shop": null, "building": null, "name:en": null, "name:pt": null, "office": null, "old_name": null, "fee": null, "service:bicycle:bicycle": null, "service:bicycle:dealer": null, "service:bicycle:ebike": null, "service:bicycle:repair": null, "service:bicycle:sales": null, "direction": null, "stop": null, "bus": null, "public_transport": null, "brewery": null, "level": null, "microbrewery": null, "outdoor_seating": null, "payment:american_express": null, "payment:cards": null, "payment:credit_cards": null, "payment:cryptocurrencies": null, "payment:debit_cards": null, "payment:maestro": null, "payment:mastercard": null, "payment:notes": null, "payment:visa": null, "payment:visa_electron": null, "start_date": null, "network": null, "network:wikidata": null, "ref": null, "source": null, "bridge": "yes", "layer": "1", "oneway": null, "lanes": null, "lit": null, "short_name": null, "surface": "sett", "admin_level": null, "boundary": null, "loc_name": null, "foot": null, "maxheight": null, "width": null, "sidewalk": null, "destination": null, "leisure": null, "email": null, "service:bicycle:cleaning": null, "service:bicycle:diy": null, "service:bicycle:pump": null, "service:bicycle:rental": null, "service:bicycle:retail": null, "service:bicycle:second_hand": null, "bus:lanes": null, "source:alt_name": null, "segregated": null, "service:bicycle:chain_tool": null, "not:operator:wikidata": null, "note": null, "barrier": null, "service": null, "branch": null, "contact:phone": null, "bin": null, "covered": null, "passenger_information_display": null, "shelter": null, "tactile_paving": null, "footway": "sidewalk", "payment:cash": null, "payment:coins": null, "area": null, "addr:place": null, "access": null, "opening_hours:covid19": null, "addr:state": null, "cycleway": null, "incline": null, "hazard": null, "orientation": null, "parking": null, "type": null, "addr:district": null, "box_id": 1, "provider": "osmnx" }, "geometry": { "type": "LineString", "coordinates": [ [ -49.2414487, -25.4279446 ], [ -49.2416799, -25.4275382 ] ] } },
{ "type": "Feature", "properties": { "highway": "primary", "traffic_signals:direction": null, "crossing": null, "crossing_ref": null, "maxspeed": "40", "traffic_signals": null, "traffic_signals:sound": null, "amenity": null, "addr:city": null, "addr:country": null, "addr:housenumber": null, "addr:street": null, "bicycle": null, "crossing:markings": null, "button_operated": null, "crossing:island": null, "name": "Rua Raphael Papa", "wheelchair": null, "addr:suburb": null, "brand": null, "brand:wikidata": null, "brand:wikipedia": null, "healthcare": null, "railway": null, "crossing:barrier": null, "capacity": null, "cuisine": null, "delivery": null, "internet_access": null, "opening_hours": null, "phone": null, "smoking": null, "takeaway": null, "website": null, "addr:postcode": null, "operator": null, "alt_name": null, "shop": null, "building": null, "name:en": null, "name:pt": null, "office": null, "old_name": null, "fee": null, "service:bicycle:bicycle": null, "service:bicycle:dealer": null, "service:bicycle:ebike": null, "service:bicycle:repair": null, "service:bicycle:sales": null, "direction": null, "stop": null, "bus": null, "public_transport": null, "brewery": null, "level": null, "microbrewery": null, "outdoor_seating": null, "payment:american_express": null, "payment:cards": null, "payment:credit_cards": null, "payment:cryptocurrencies": null, "payment:debit_cards": null, "payment:maestro": null, "payment:mastercard": null, "payment:notes": null, "payment:visa": null, "payment:visa_electron": null, "start_date": null, "network": null, "network:wikidata": null, "ref": null, "source": null, "bridge": null, "layer": null, "oneway": "yes", "lanes": null, "lit": "yes", "short_name": null, "surface": "asphalt", "admin_level": null, "boundary": null, "loc_name": null, "foot": null, "maxheight": "5", "width": null, "sidewalk": null, "destination": null, "leisure": null, "email": null, "service:bicycle:cleaning": null, "service:bicycle:diy": null, "service:bicycle:pump": null, "service:bicycle:rental": null, "service:bicycle:retail": null, "service:bicycle:second_hand": null, "bus:lanes": null, "source:alt_name": null, "segregated": null, "service:bicycle:chain_tool": null, "not:operator:wikidata": null, "note": null, "barrier": null, "service": null, "branch": null, "contact:phone": null, "bin": null, "covered": null, "passenger_information_display": null, "shelter": null, "tactile_paving": null, "footway": null, "payment:cash": null, "payment:coins": null, "area": null, "addr:place": null, "access": null, "opening_hours:covid19": null, "addr:state": null, "cycleway": null, "incline": null, "hazard": null, "orientation": null, "parking": null, "type": null, "addr:district": null, "box_id": 1, "provider": "osmnx" }, "geometry": { "type": "LineString", "coordinates": [ [ -49.2416096, -25.4277747 ], [ -49.241328943605374, -25.42779606936222 ] ] } },
{ "type": "Feature", "properties": { "highway": "footway", "traffic_signals:direction": null, "crossing": null, "crossing_ref": null, "maxspeed": null, "traffic_signals": null, "traffic_signals:sound": null, "amenity": null, "addr:city": null, "addr:country": null, "addr:housenumber": null, "addr:street": null, "bicycle": null, "crossing:markings": null, "button_operated": null, "crossing:island": null, "name": null, "wheelchair": null, "addr:suburb": null, "brand": null, "brand:wikidata": null, "brand:wikipedia": null, "healthcare": null, "railway": null, "crossing:barrier": null, "capacity": null, "cuisine": null, "delivery": null, "internet_access": null, "opening_hours": null, "phone": null, "smoking": null, "takeaway": null, "website": null, "addr:postcode": null, "operator": null, "alt_name": null, "shop": null, "building": null, "name:en": null, "name:pt": null, "office": null, "old_name": null, "fee": null, "service:bicycle:bicycle": null, "service:bicycle:dealer": null, "service:bicycle:ebike": null, "service:bicycle:repair": null, "service:bicycle:sales": null, "direction": null, "stop": null, "bus": null, "public_transport": null, "brewery": null, "level": null, "microbrewery": null, "outdoor_seating": null, "payment:american_express": null, "payment:cards": null, "payment:credit_cards": null, "payment:cryptocurrencies": null, "payment:debit_cards": null, "payment:maestro": null, "payment:mastercard": null, "payment:notes": null, "payment:visa": null, "payment:visa_electron": null, "start_date": null, "network": null, "network:wikidata": null, "ref": null, "source": null, "bridge": "yes", "layer": "1", "oneway": null, "lanes": null, "lit": null, "short_name": null, "surface": "sett", "admin_level": null, "boundary": null, "loc_name": null, "foot": null, "maxheight": null, "width": null, "sidewalk": null, "destination": null, "leisure": null, "email": null, "service:bicycle:cleaning": null, "service:bicycle:diy": null, "service:bicycle:pump": null, "service:bicycle:rental": null, "service:bicycle:retail": null, "service:bicycle:second_hand": null, "bus:lanes": null, "source:alt_name": null, "segregated": null, "service:bicycle:chain_tool": null, "not:operator:wikidata": null, "note": null, "barrier": null, "service": null, "branch": null, "contact:phone": null, "bin": null, "covered": null, "passenger_information_display": null, "shelter": null, "tactile_paving": null, "footway": "sidewalk", "payment:cash": null, "payment:coins": null, "area": null, "addr:place": null, "access": null, "opening_hours:covid19": null, "addr:state": null, "cycleway": null, "incline": null, "hazard": null, "orientation": null, "parking": null, "type": null, "addr:district": null, "box_id": 1, "provider": "osmnx" }, "geometry": { "type": "LineString", "coordinates": [ [ -49.24183, -25.4275203 ], [ -49.2416006, -25.4279251 ] ] } },
{ "type": "Feature", "properties": { "highway": "secondary", "traffic_signals:direction": null, "crossing": null, "crossing_ref": null, "maxspeed": null, "traffic_signals": null, "traffic_signals:sound": null, "amenity": null, "addr:city": null, "addr:country": null, "addr:housenumber": null, "addr:street": null, "bicycle": null, "crossing:markings": null, "button_operated": null, "crossing:island": null, "name": null, "wheelchair": null, "addr:suburb": null, "brand": null, "brand:wikidata": null, "brand:wikipedia": null, "healthcare": null, "railway": null, "crossing:barrier": null, "capacity": null, "cuisine": null, "delivery": null, "internet_access": null, "opening_hours": null, "phone": null, "smoking": null, "takeaway": null, "website": null, "addr:postcode": null, "operator": null, "alt_name": null, "shop": null, "building": null, "name:en": null, "name:pt": null, "office": null, "old_name": null, "fee": null, "service:bicycle:bicycle": null, "service:bicycle:dealer": null, "service:bicycle:ebike": null, "service:bicycle:repair": null, "service:bicycle:sales": null, "direction": null, "stop": null, "bus": null, "public_transport": null, "brewery": null, "level": null, "microbrewery": null, "outdoor_seating": null, "payment:american_express": null, "payment:cards": null, "payment:credit_cards": null, "payment:cryptocurrencies": null, "payment:debit_cards": null, "payment:maestro": null, "payment:mastercard": null, "payment:notes": null, "payment:visa": null, "payment:visa_electron": null, "start_date": null, "network": null, "network:wikidata": null, "ref": null, "source": null, "bridge": "yes", "layer": "1", "oneway": "yes", "lanes": null, "lit": null, "short_name": null, "surface": null, "admin_level": null, "boundary": null, "loc_name": null, "foot": null, "maxheight": null, "width": null, "sidewalk": null, "destination": null, "leisure": null, "email": null, "service:bicycle:cleaning": null, "service:bicycle:diy": null, "service:bicycle:pump": null, "service:bicycle:rental": null, "service:bicycle:retail": null, "service:bicycle:second_hand": null, "bus:lanes": null, "source:alt_name": null, "segregated": null, "service:bicycle:chain_tool": null, "not:operator:wikidata": null, "note": null, "barrier": null, "service": null, "branch": null, "contact:phone": null, "bin": null, "covered": null, "passenger_information_display": null, "shelter": null, "tactile_paving": null, "footway": null, "payment:cash": null, "payment:coins": null, "area": null, "addr:place": null, "access": null, "opening_hours:covid19": null, "addr:state": null, "cycleway": null, "incline": null, "hazard": null, "orientation": null, "parking": null, "type": null, "addr:district": null, "box_id": 1, "provider": "osmnx" }, "geometry": { "type": "LineString", "coordinates": [ [ -49.2418829, -25.427514 ], [ -49.2416556, -25.427918 ] ] } },
{ "type": "Feature", "properties": { "highway": "cycleway", "traffic_signals:direction": null, "crossing": null, "crossing_ref": null, "maxspeed": null, "traffic_signals": null, "traffic_signals:sound": null, "amenity": null, "addr:city": null, "addr:country": null, "addr:housenumber": null, "addr:street": null, "bicycle": null, "crossing:markings": null, "button_operated": null, "crossing:island": null, "name": null, "wheelchair": null, "addr:suburb": null, "brand": null, "brand:wikidata": null, "brand:wikipedia": null, "healthcare": null, "railway": null, "crossing:barrier": null, "capacity": null, "cuisine": null, "delivery": null, "internet_access": null, "opening_hours": null, "phone": null, "smoking": null, "takeaway": null, "website": null, "addr:postcode": null, "operator": null, "alt_name": null, "shop": null, "building": null, "name:en": null, "name:pt": null, "office": null, "old_name": null, "fee": null, "service:bicycle:bicycle": null, "service:bicycle:dealer": null, "service:bicycle:ebike": null, "service:bicycle:repair": null, "service:bicycle:sales": null, "direction": null, "stop": null, "bus": null, "public_transport": null, "brewery": null, "level": null, "microbrewery": null, "outdoor_seating": null, "payment:american_express": null, "payment:cards": null, "payment:credit_cards": null, "payment:cryptocurrencies": null, "payment:debit_cards": null, "payment:maestro": null, "payment:mastercard": null, "payment:notes": null, "payment:visa": null, "payment:visa_electron": null, "start_date": null, "network": null, "network:wikidata": null, "ref": null, "source": null, "bridge": "yes", "layer": "1", "oneway": null, "lanes": null, "lit": null, "short_name": null, "surface": "asphalt", "admin_level": null, "boundary": null, "loc_name": null, "foot": null, "maxheight": null, "width": null, "sidewalk": null, "destination": null, "leisure": null, "email": null, "service:bicycle:cleaning": null, "service:bicycle:diy": null, "service:bicycle:pump": null, "service:bicycle:rental": null, "service:bicycle:retail": null, "service:bicycle:second_hand": null, "bus:lanes": null, "source:alt_name": null, "segregated": null, "service:bicycle:chain_tool": null, "not:operator:wikidata": null, "note": null, "barrier": null, "service": null, "branch": null, "contact:phone": null, "bin": null, "covered": null, "passenger_information_display": null, "shelter": null, "tactile_paving": null, "footway": null, "payment:cash": null, "payment:coins": null, "area": null, "addr:place": null, "access": null, "opening_hours:covid19": null, "addr:state": null, "cycleway": null, "incline": null, "hazard": null, "orientation": null, "parking": null, "type": null, "addr:district": null, "box_id": 1, "provider": "osmnx" }, "geometry": { "type": "LineString", "coordinates": [ [ -49.2417801, -25.4279021 ], [ -49.241985, -25.4275018 ] ] } },
{ "type": "Feature", "properties": { "highway": "footway", "traffic_signals:direction": null, "crossing": null, "crossing_ref": null, "maxspeed": null, "traffic_signals": null, "traffic_signals:sound": null, "amenity": null, "addr:city": null, "addr:country": null, "addr:housenumber": null, "addr:street": null, "bicycle": null, "crossing:markings": null, "button_operated": null, "crossing:island": null, "name": null, "wheelchair": null, "addr:suburb": null, "brand": null, "brand:wikidata": null, "brand:wikipedia": null, "healthcare": null, "railway": null, "crossing:barrier": null, "capacity": null, "cuisine": null, "delivery": null, "internet_access": null, "opening_hours": null, "phone": null, "smoking": null, "takeaway": null, "website": null, "addr:postcode": null, "operator": null, "alt_name": null, "shop": null, "building": null, "name:en": null, "name:pt": null, "office": null, "old_name": null, "fee": null, "service:bicycle:bicycle": null, "service:bicycle:dealer": null, "service:bicycle:ebike": null, "service:bicycle:repair": null, "service:bicycle:sales": null, "direction": null, "stop": null, "bus": null, "public_transport": null, "brewery": null, "level": null, "microbrewery": null, "outdoor_seating": null, "payment:american_express": null, "payment:cards": null, "payment:credit_cards": null, "payment:cryptocurrencies": null, "payment:debit_cards": null, "payment:maestro": null, "payment:mastercard": null, "payment:notes": null, "payment:visa": null, "payment:visa_electron": null, "start_date": null, "network": null, "network:wikidata": null, "ref": null, "source": null, "bridge": "yes", "layer": "1", "oneway": null, "lanes": null, "lit": null, "short_name": null, "surface": "sett", "admin_level": null, "boundary": null, "loc_name": null, "foot": null, "maxheight": null, "width": null, "sidewalk": null, "destination": null, "leisure": null, "email": null, "service:bicycle:cleaning": null, "service:bicycle:diy": null, "service:bicycle:pump": null, "service:bicycle:rental": null, "service:bicycle:retail": null, "service:bicycle:second_hand": null, "bus:lanes": null, "source:alt_name": null, "segregated": null, "service:bicycle:chain_tool": null, "not:operator:wikidata": null, "note": null, "barrier": null, "service": null, "branch": null, "contact:phone": null, "bin": null, "covered": null, "passenger_information_display": null, "shelter": null, "tactile_paving": null, "footway": "sidewalk", "payment:cash": null, "payment:coins": null, "area": null, "addr:place": null, "access": null, "opening_hours:covid19": null, "addr:state": null, "cycleway": null, "incline": null, "hazard": null, "orientation": null, "parking": null, "type": null, "addr:district": null, "box_id": 1, "provider": "osmnx" }, "geometry": { "type": "LineString", "coordinates": [ [ -49.2418106, -25.4278981 ], [ -49.2420142, -25.4274983 ] ] } },
{ "type": "Feature", "properties": { "highway": "primary", "traffic_signals:direction": null, "crossing": null, "crossing_ref": null, "maxspeed": "40", "traffic_signals": null, "traffic_signals:sound": null, "amenity": null, "addr:city": null, "addr:country": null, "addr:housenumber": null, "addr:street": null, "bicycle": null, "crossing:markings": null, "button_operated": null, "crossing:island": null, "name": "Rua Raphael Papa", "wheelchair": null, "addr:suburb": null, "brand": null, "brand:wikidata": null, "brand:wikipedia": null, "healthcare": null, "railway": null, "crossing:barrier": null, "capacity": null, "cuisine": null, "delivery": null, "internet_access": null, "opening_hours": null, "phone": null, "smoking": null, "takeaway": null, "website": null, "addr:postcode": null, "operator": null, "alt_name": null, "shop": null, "building": null, "name:en": null, "name:pt": null, "office": null, "old_name": null, "fee": null, "service:bicycle:bicycle": null, "service:bicycle:dealer": null, "service:bicycle:ebike": null, "service:bicycle:repair": null, "service:bicycle:sales": null, "direction": null, "stop": null, "bus": null, "public_transport": null, "brewery": null, "level": null, "microbrewery": null, "outdoor_seating": null, "payment:american_express": null, "payment:cards": null, "payment:credit_cards": null, "payment:cryptocurrencies": null, "payment:debit_cards": null, "payment:maestro": null, "payment:mastercard": null, "payment:notes": null, "payment:visa": null, "payment:visa_electron": null, "start_date": null, "network": null, "network:wikidata": null, "ref": null, "source": null, "bridge": null, "layer": null, "oneway": "yes", "lanes": null, "lit": "yes", "short_name": null, "surface": "asphalt", "admin_level": null, "boundary": null, "loc_name": null, "foot": null, "maxheight": null, "width": null, "sidewalk": null, "destination": null, "leisure": null, "email": null, "service:bicycle:cleaning": null, "service:bicycle:diy": null, "service:bicycle:pump": null, "service:bicycle:rental": null, "service:bicycle:retail": null, "service:bicycle:second_hand": null, "bus:lanes": null, "source:alt_name": null, "segregated": null, "service:bicycle:chain_tool": null, "not:operator:wikidata": null, "note": null, "barrier": null, "service": null, "branch": null, "contact:phone": null, "bin": null, "covered": null, "passenger_information_display": null, "shelter": null, "tactile_paving": null, "footway": null, "payment:cash": null, "payment:coins": null, "area": null, "addr:place": null, "access": null, "opening_hours:covid19": null, "addr:state": null, "cycleway": null, "incline": null, "hazard": null, "orientation": null, "parking": null, "type": null, "addr:district": null, "box_id": 1, "provider": "osmnx" }, "geometry": { "type": "LineString", "coordinates": [ [ -49.241330102758241, -25.427716215312156 ], [ -49.2416604, -25.4276886 ] ] } },
{ "type": "Feature", "properties": { "highway": "footway", "traffic_signals:direction": null, "crossing": null, "crossing_ref": null, "maxspeed": null, "traffic_signals": null, "traffic_signals:sound": null, "amenity": null, "addr:city": null, "addr:country": null, "addr:housenumber": null, "addr:street": null, "bicycle": null, "crossing:markings": null, "button_operated": null, "crossing:island": null, "name": null, "wheelchair": null, "addr:suburb": null, "brand": null, "brand:wikidata": null, "brand:wikipedia": null, "healthcare": null, "railway": null, "crossing:barrier": null, "capacity": null, "cuisine": null, "delivery": null, "internet_access": null, "opening_hours": null, "phone": null, "smoking": null, "takeaway": null, "website": null, "addr:postcode": null, "operator": null, "alt_name": null, "shop": null, "building": null, "name:en": null, "name:pt": null, "office": null, "old_name": null, "fee": null, "service:bicycle:bicycle": null, "service:bicycle:dealer": null, "service:bicycle:ebike": null, "service:bicycle:repair": null, "service:bicycle:sales": null, "direction": null, "stop": null, "bus": null, "public_transport": null, "brewery": null, "level": null, "microbrewery": null, "outdoor_seating": null, "payment:american_express": null, "payment:cards": null, "payment:credit_cards": null, "payment:cryptocurrencies": null, "payment:debit_cards": null, "payment:maestro": null, "payment:mastercard": null, "payment:notes": null, "payment:visa": null, "payment:visa_electron": null, "start_date": null, "network": null, "network:wikidata": null, "ref": null, "source": null, "bridge": null, "layer": null, "oneway": null, "lanes": null, "lit": null, "short_name": null, "surface": "sett", "admin_level": null, "boundary": null, "loc_name": null, "foot": null, "maxheight": null, "width": null, "sidewalk": null, "destination": null, "leisure": null, "email": null, "service:bicycle:cleaning": null, "service:bicycle:diy": null, "service:bicycle:pump": null, "service:bicycle:rental": null, "service:bicycle:retail": null, "service:bicycle:second_hand": null, "bus:lanes": null, "source:alt_name": null, "segregated": null, "service:bicycle:chain_tool": null, "not:operator:wikidata": null, "note": null, "barrier": null, "service": null, "branch": null, "contact:phone": null, "bin": null, "covered": null, "passenger_information_display": null, "shelter": null, "tactile_paving": null, "footway": "sidewalk", "payment:cash": null, "payment:coins": null, "area": null, "addr:place": null, "access": null, "opening_hours:covid19": null, "addr:state": null, "cycleway": null, "incline": null, "hazard": null, "orientation": null, "parking": null, "type": null, "addr:district": null, "box_id": 1, "provider": "osmnx" }, "geometry": { "type": "LineString", "coordinates": [ [ -49.2415281, -25.4275342 ], [ -49.2415284, -25.427556 ] ] } },
{ "type": "Feature", "properties": { "highway": "trunk_link", "traffic_signals:direction": null, "crossing": null, "crossing_ref": null, "maxspeed": null, "traffic_signals": null, "traffic_signals:sound": null, "amenity": null, "addr:city": null, "addr:country": null, "addr:housenumber": null, "addr:street": null, "bicycle": null, "crossing:markings": null, "button_operated": null, "crossing:island": null, "name": null, "wheelchair": null, "addr:suburb": null, "brand": null, "brand:wikidata": null, "brand:wikipedia": null, "healthcare": null, "railway": null, "crossing:barrier": null, "capacity": null, "cuisine": null, "delivery": null, "internet_access": null, "opening_hours": null, "phone": null, "smoking": null, "takeaway": null, "website": null, "addr:postcode": null, "operator": null, "alt_name": null, "shop": null, "building": null, "name:en": null, "name:pt": null, "office": null, "old_name": null, "fee": null, "service:bicycle:bicycle": null, "service:bicycle:dealer": null, "service:bicycle:ebike": null, "service:bicycle:repair": null, "service:bicycle:sales": null, "direction": null, "stop": null, "bus": null, "public_transport": null, "brewery": null, "level": null, "microbrewery": null, "outdoor_seating": null, "payment:american_express": null, "payment:cards": null, "payment:credit_cards": null, "payment:cryptocurrencies": null, "payment:debit_cards": null, "payment:maestro": null, "payment:mastercard": null, "payment:notes": null, "payment:visa": null, "payment:visa_electron": null, "start_date": null, "network": null, "network:wikidata": null, "ref": null, "source": null, "bridge": null, "layer": null, "oneway": "yes", "lanes": null, "lit": "yes", "short_name": null, "surface": "asphalt", "admin_level": null, "boundary": null, "loc_name": null, "foot": null, "maxheight": null, "width": null, "sidewalk": null, "destination": null, "leisure": null, "email": null, "service:bicycle:cleaning": null, "service:bicycle:diy": null, "service:bicycle:pump": null, "service:bicycle:rental": null, "service:bicycle:retail": null, "service:bicycle:second_hand": null, "bus:lanes": null, "source:alt_name": null, "segregated": null, "service:bicycle:chain_tool": null, "not:operator:wikidata": null, "note": null, "barrier": null, "service": null, "branch": null, "contact:phone": null, "bin": null, "covered": null, "passenger_information_display": null, "shelter": null, "tactile_paving": null, "footway": null, "payment:cash": null, "payment:coins": null, "area": null, "addr:place": null, "access": null, "opening_hours:covid19": null, "addr:state": null, "cycleway": null, "incline": null, "hazard": null, "orientation": null, "parking": null, "type": null, "addr:district": null, "box_id": 1, "provider": "osmnx" }, "geometry": { "type": "LineString", "coordinates": [ [ -49.241332712629529, -25.427536421259084 ], [ -49.2413638, -25.4275281 ], [ -49.2415075, -25.4274804 ], [ -49.2416625, -25.4274162 ] ] } },
{ "type": "Feature", "properties": { "highway": "secondary", "traffic_signals:direction": null, "crossing": null, "crossing_ref": null, "maxspeed": null, "traffic_signals": null, "traffic_signals:sound": null, "amenity": null, "addr:city": null, "addr:country": null, "addr:housenumber": null, "addr:street": null, "bicycle": null, "crossing:markings": null, "button_operated": null, "crossing:island": null, "name": "Avenida Nossa Senhora da Luz", "wheelchair": null, "addr:suburb": null, "brand": null, "brand:wikidata": null, "brand:wikipedia": null, "healthcare": null, "railway": null, "crossing:barrier": null, "capacity": null, "cuisine": null, "delivery": null, "internet_access": null, "opening_hours": null, "phone": null, "smoking": null, "takeaway": null, "website": null, "addr:postcode": null, "operator": null, "alt_name": null, "shop": null, "building": null, "name:en": null, "name:pt": null, "office": null, "old_name": null, "fee": null, "service:bicycle:bicycle": null, "service:bicycle:dealer": null, "service:bicycle:ebike": null, "service:bicycle:repair": null, "service:bicycle:sales": null, "direction": null, "stop": null, "bus": null, "public_transport": null, "brewery": null, "level": null, "microbrewery": null, "outdoor_seating": null, "payment:american_express": null, "payment:cards": null, "payment:credit_cards": null, "payment:cryptocurrencies": null, "payment:debit_cards": null, "payment:maestro": null, "payment:mastercard": null, "payment:notes": null, "payment:visa": null, "payment:visa_electron": null, "start_date": null, "network": null, "network:wikidata": null, "ref": null, "source": null, "bridge": null, "layer": null, "oneway": "yes", "lanes": null, "lit": null, "short_name": null, "surface": null, "admin_level": null, "boundary": null, "loc_name": null, "foot": null, "maxheight": null, "width": null, "sidewalk": null, "destination": null, "leisure": null, "email": null, "service:bicycle:cleaning": null, "service:bicycle:diy": null, "service:bicycle:pump": null, "service:bicycle:rental": null, "service:bicycle:retail": null, "service:bicycle:second_hand": null, "bus:lanes": null, "source:alt_name": null, "segregated": null, "service:bicycle:chain_tool": null, "not:operator:wikidata": null, "note": null, "barrier": null, "service": null, "branch": null, "contact:phone": null, "bin": null, "covered": null, "passenger_information_display": null, "shelter": null, "tactile_paving": null, "footway": null, "payment:cash": null, "payment:coins": null, "area": null, "addr:place": null, "access": null, "opening_hours:covid19": null, "addr:state": null, "cycleway": null, "incline": null, "hazard": null, "orientation": null, "parking": null, "type": null, "addr:district": null, "box_id": 1, "provider": "osmnx" }, "geometry": { "type": "LineString", "coordinates": [ [ -49.2415921, -25.4275487 ], [ -49.2416625, -25.4274162 ] ] } },
{ "type": "Feature", "properties": { "highway": "footway", "traffic_signals:direction": null, "crossing": null, "crossing_ref": null, "maxspeed": null, "traffic_signals": null, "traffic_signals:sound": null, "amenity": null, "addr:city": null, "addr:country": null, "addr:housenumber": null, "addr:street": null, "bicycle": null, "crossing:markings": null, "button_operated": null, "crossing:island": null, "name": null, "wheelchair": null, "addr:suburb": null, "brand": null, "brand:wikidata": null, "brand:wikipedia": null, "healthcare": null, "railway": null, "crossing:barrier": null, "capacity": null, "cuisine": null, "delivery": null, "internet_access": null, "opening_hours": null, "phone": null, "smoking": null, "takeaway": null, "website": null, "addr:postcode": null, "operator": null, "alt_name": null, "shop": null, "building": null, "name:en": null, "name:pt": null, "office": null, "old_name": null, "fee": null, "service:bicycle:bicycle": null, "service:bicycle:dealer": null, "service:bicycle:ebike": null, "service:bicycle:repair": null, "service:bicycle:sales": null, "direction": null, "stop": null, "bus": null, "public_transport": null, "brewery": null, "level": null, "microbrewery": null, "outdoor_seating": null, "payment:american_express": null, "payment:cards": null, "payment:credit_cards": null, "payment:cryptocurrencies": null, "payment:debit_cards": null, "payment:maestro": null, "payment:mastercard": null, "payment:notes": null, "payment:visa": null, "payment:visa_electron": null, "start_date": null, "network": null, "network:wikidata": null, "ref": null, "source": null, "bridge": null, "layer": null, "oneway": null, "lanes": null, "lit": null, "short_name": null, "surface": "sett", "admin_level": null, "boundary": null, "loc_name": null, "foot": null, "maxheight": null, "width": null, "sidewalk": null, "destination": null, "leisure": null, "email": null, "service:bicycle:cleaning": null, "service:bicycle:diy": null, "service:bicycle:pump": null, "service:bicycle:rental": null, "service:bicycle:retail": null, "service:bicycle:second_hand": null, "bus:lanes": null, "source:alt_name": null, "segregated": null, "service:bicycle:chain_tool": null, "not:operator:wikidata": null, "note": null, "barrier": null, "service": null, "branch": null, "contact:phone": null, "bin": null, "covered": null, "passenger_information_display": null, "shelter": null, "tactile_paving": null, "footway": "sidewalk", "payment:cash": null, "payment:coins": null, "area": null, "addr:place": null, "access": null, "opening_hours:covid19": null, "addr:state": null, "cycleway": null, "incline": null, "hazard": null, "orientation": null, "parking": null, "type": null, "addr:district": null, "box_id": 1, "provider": "osmnx" }, "geometry": { "type": "LineString", "coordinates": [ [ -49.2420142, -25.4274983 ], [ -49.2420207, -25.4274846 ], [ -49.24202, -25.4274644 ] ] } },
{ "type": "Feature", "properties": { "highway": "cycleway", "traffic_signals:direction": null, "crossing": null, "crossing_ref": null, "maxspeed": null, "traffic_signals": null, "traffic_signals:sound": null, "amenity": null, "addr:city": null, "addr:country": null, "addr:housenumber": null, "addr:street": null, "bicycle": null, "crossing:markings": null, "button_operated": null, "crossing:island": null, "name": null, "wheelchair": null, "addr:suburb": null, "brand": null, "brand:wikidata": null, "brand:wikipedia": null, "healthcare": null, "railway": null, "crossing:barrier": null, "capacity": null, "cuisine": null, "delivery": null, "internet_access": null, "opening_hours": null, "phone": null, "smoking": null, "takeaway": null, "website": null, "addr:postcode": null, "operator": null, "alt_name": null, "shop": null, "building": null, "name:en": null, "name:pt": null, "office": null, "old_name": null, "fee": null, "service:bicycle:bicycle": null, "service:bicycle:dealer": null, "service:bicycle:ebike": null, "service:bicycle:repair": null, "service:bicycle:sales": null, "direction": null, "stop": null, "bus": null, "public_transport": null, "brewery": null, "level": null, "microbrewery": null, "outdoor_seating": null, "payment:american_express": null, "payment:cards": null, "payment:credit_cards": null, "payment:cryptocurrencies": null, "payment:debit_cards": null, "payment:maestro": null, "payment:mastercard": null, "payment:notes": null, "payment:visa": null, "payment:visa_electron": null, "start_date": null, "network": null, "network:wikidata": null, "ref": null, "source": null, "bridge": null, "layer": null, "oneway": null, "lanes": null, "lit": null, "short_name": null, "surface": "asphalt", "admin_level": null, "boundary": null, "loc_name": null, "foot": null, "maxheight": null, "width": null, "sidewalk": null, "destination": null, "leisure": null, "email": null, "service:bicycle:cleaning": null, "service:bicycle:diy": null, "service:bicycle:pump": null, "service:bicycle:rental": null, "service:bicycle:retail": null, "service:bicycle:second_hand": null, "bus:lanes": null, "source:alt_name": null, "segregated": null, "service:bicycle:chain_tool": null, "not:operator:wikidata": null, "note": null, "barrier": null, "service": null, "branch": null, "contact:phone": null, "bin": null, "covered": null, "passenger_information_display": null, "shelter": null, "tactile_paving": null, "footway": null, "payment:cash": null, "payment:coins": null, "area": null, "addr:place": null, "access": null, "opening_hours:covid19": null, "addr:state": null, "cycleway": null, "incline": null, "hazard": null, "orientation": null, "parking": null, "type": null, "addr:district": null, "box_id": 1, "provider": "osmnx" }, "geometry": { "type": "LineString", "coordinates": [ [ -49.241985, -25.4275018 ], [ -49.2419965, -25.4274781 ], [ -49.2419918, -25.4274552 ] ] } },
{ "type": "Feature", "properties": { "highway": "footway", "traffic_signals:direction": null, "crossing": "unmarked", "crossing_ref": null, "maxspeed": null, "traffic_signals": null, "traffic_signals:sound": null, "amenity": null, "addr:city": null, "addr:country": null, "addr:housenumber": null, "addr:street": null, "bicycle": null, "crossing:markings": "no", "button_operated": null, "crossing:island": null, "name": null, "wheelchair": null, "addr:suburb": null, "brand": null, "brand:wikidata": null, "brand:wikipedia": null, "healthcare": null, "railway": null, "crossing:barrier": null, "capacity": null, "cuisine": null, "delivery": null, "internet_access": null, "opening_hours": null, "phone": null, "smoking": null, "takeaway": null, "website": null, "addr:postcode": null, "operator": null, "alt_name": null, "shop": null, "building": null, "name:en": null, "name:pt": null, "office": null, "old_name": null, "fee": null, "service:bicycle:bicycle": null, "service:bicycle:dealer": null, "service:bicycle:ebike": null, "service:bicycle:repair": null, "service:bicycle:sales": null, "direction": null, "stop": null, "bus": null, "public_transport": null, "brewery": null, "level": null, "microbrewery": null, "outdoor_seating": null, "payment:american_express": null, "payment:cards": null, "payment:credit_cards": null, "payment:cryptocurrencies": null, "payment:debit_cards": null, "payment:maestro": null, "payment:mastercard": null, "payment:notes": null, "payment:visa": null, "payment:visa_electron": null, "start_date": null, "network": null, "network:wikidata": null, "ref": null, "source": null, "bridge": null, "layer": null, "oneway": null, "lanes": null, "lit": null, "short_name": null, "surface": "asphalt", "admin_level": null, "boundary": null, "loc_name": null, "foot": null, "maxheight": null, "width": null, "sidewalk": null, "destination": null, "leisure": null, "email": null, "service:bicycle:cleaning": null, "service:bicycle:diy": null, "service:bicycle:pump": null, "service:bicycle:rental": null, "service:bicycle:retail": null, "service:bicycle:second_hand": null, "bus:lanes": null, "source:alt_name": null, "segregated": null, "service:bicycle:chain_tool": null, "not:operator:wikidata": null, "note": null, "barrier": null, "service": null, "branch": null, "contact:phone": null, "bin": null, "covered": null, "passenger_information_display": null, "shelter": null, "tactile_paving": null, "footway": "crossing", "payment:cash": null, "payment:coins": null, "area": null, "addr:place": null, "access": null, "opening_hours:covid19": null, "addr:state": null, "cycleway": null, "incline": null, "hazard": null, "orientation": null, "parking": null, "type": null, "addr:district": null, "box_id": 1, "provider": "osmnx" }, "geometry": { "type": "LineString", "coordinates": [ [ -49.2415281, -25.4275342 ], [ -49.2415215, -25.4275167 ], [ -49.2415075, -25.4274804 ], [ -49.2414947, -25.4274471 ], [ -49.241482, -25.4274139 ] ] } },
{ "type": "Feature", "properties": { "highway": "footway", "traffic_signals:direction": null, "crossing": null, "crossing_ref": null, "maxspeed": null, "traffic_signals": null, "traffic_signals:sound": null, "amenity": null, "addr:city": null, "addr:country": null, "addr:housenumber": null, "addr:street": null, "bicycle": null, "crossing:markings": null, "button_operated": null, "crossing:island": null, "name": null, "wheelchair": null, "addr:suburb": null, "brand": null, "brand:wikidata": null, "brand:wikipedia": null, "healthcare": null, "railway": null, "crossing:barrier": null, "capacity": null, "cuisine": null, "delivery": null, "internet_access": null, "opening_hours": null, "phone": null, "smoking": null, "takeaway": null, "website": null, "addr:postcode": null, "operator": null, "alt_name": null, "shop": null, "building": null, "name:en": null, "name:pt": null, "office": null, "old_name": null, "fee": null, "service:bicycle:bicycle": null, "service:bicycle:dealer": null, "service:bicycle:ebike": null, "service:bicycle:repair": null, "service:bicycle:sales": null, "direction": null, "stop": null, "bus": null, "public_transport": null, "brewery": null, "level": null, "microbrewery": null, "outdoor_seating": null, "payment:american_express": null, "payment:cards": null, "payment:credit_cards": null, "payment:cryptocurrencies": null, "payment:debit_cards": null, "payment:maestro": null, "payment:mastercard": null, "payment:notes": null, "payment:visa": null, "payment:visa_electron": null, "start_date": null, "network": null, "network:wikidata": null, "ref": null, "source": null, "bridge": null, "layer": null, "oneway": null, "lanes": null, "lit": null, "short_name": null, "surface": "sett", "admin_level": null, "boundary": null, "loc_name": null, "foot": null, "maxheight": null, "width": null, "sidewalk": null, "destination": null, "leisure": null, "email": null, "service:bicycle:cleaning": null, "service:bicycle:diy": null, "service:bicycle:pump": null, "service:bicycle:rental": null, "service:bicycle:retail": null, "service:bicycle:second_hand": null, "bus:lanes": null, "source:alt_name": null, "segregated": null, "service:bicycle:chain_tool": null, "not:operator:wikidata": null, "note": null, "barrier": null, "service": null, "branch": null, "contact:phone": null, "bin": null, "covered": null, "passenger_information_display": null, "shelter": null, "tactile_paving": null, "footway": "sidewalk", "payment:cash": null, "payment:coins": null, "area": null, "addr:place": null, "access": null, "opening_hours:covid19": null, "addr:state": null, "cycleway": null, "incline": null, "hazard": null, "orientation": null, "parking": null, "type": null, "addr:district": null, "box_id": 1, "provider": "osmnx" }, "geometry": { "type": "LineString", "coordinates": [ [ -49.2419918, -25.4274552 ], [ -49.24202, -25.4274644 ] ] } },
{ "type": "Feature", "properties": { "highway": "cycleway", "traffic_signals:direction": null, "crossing": "uncontrolled", "crossing_ref": null, "maxspeed": null, "traffic_signals": null, "traffic_signals:sound": null, "amenity": null, "addr:city": null, "addr:country": null, "addr:housenumber": null, "addr:street": null, "bicycle": "designated", "crossing:markings": null, "button_operated": null, "crossing:island": null, "name": null, "wheelchair": null, "addr:suburb": null, "brand": null, "brand:wikidata": null, "brand:wikipedia": null, "healthcare": null, "railway": null, "crossing:barrier": null, "capacity": null, "cuisine": null, "delivery": null, "internet_access": null, "opening_hours": null, "phone": null, "smoking": null, "takeaway": null, "website": null, "addr:postcode": null, "operator": null, "alt_name": null, "shop": null, "building": null, "name:en": null, "name:pt": null, "office": null, "old_name": null, "fee": null, "service:bicycle:bicycle": null, "service:bicycle:dealer": null, "service:bicycle:ebike": null, "service:bicycle:repair": null, "service:bicycle:sales": null, "direction": null, "stop": null, "bus": null, "public_transport": null, "brewery": null, "level": null, "microbrewery": null, "outdoor_seating": null, "payment:american_express": null, "payment:cards": null, "payment:credit_cards": null, "payment:cryptocurrencies": null, "payment:debit_cards": null, "payment:maestro": null, "payment:mastercard": null, "payment:notes": null, "payment:visa": null, "payment:visa_electron": null, "start_date": null, "network": null, "network:wikidata": null, "ref": null, "source": null, "bridge": null, "layer": null, "oneway": null, "lanes": null, "lit": null, "short_name": null, "surface": "asphalt", "admin_level": null, "boundary": null, "loc_name": null, "foot": "designated", "maxheight": null, "width": null, "sidewalk": null, "destination": null, "leisure": null, "email": null, "service:bicycle:cleaning": null, "service:bicycle:diy": null, "service:bicycle:pump": null, "service:bicycle:rental": null, "service:bicycle:retail": null, "service:bicycle:second_hand": null, "bus:lanes": null, "source:alt_name": null, "segregated": null, "service:bicycle:chain_tool": null, "not:operator:wikidata": null, "note": null, "barrier": null, "service": null, "branch": null, "contact:phone": null, "bin": null, "covered": null, "passenger_information_display": null, "shelter": null, "tactile_paving": null, "footway": null, "payment:cash": null, "payment:coins": null, "area": null, "addr:place": null, "access": null, "opening_hours:covid19": null, "addr:state": null, "cycleway": "crossing", "incline": null, "hazard": null, "orientation": null, "parking": null, "type": null, "addr:district": null, "box_id": 1, "provider": "osmnx" }, "geometry": { "type": "LineString", "coordinates": [ [ -49.2419918, -25.4274552 ], [ -49.2419764, -25.4274502 ], [ -49.2419245, -25.4274333 ], [ -49.2418989, -25.4274249 ], [ -49.2418836, -25.4274189 ] ] } },
{ "type": "Feature", "properties": { "highway": "footway", "traffic_signals:direction": null, "crossing": null, "crossing_ref": null, "maxspeed": null, "traffic_signals": null, "traffic_signals:sound": null, "amenity": null, "addr:city": null, "addr:country": null, "addr:housenumber": null, "addr:street": null, "bicycle": null, "crossing:markings": null, "button_operated": null, "crossing:island": null, "name": null, "wheelchair": null, "addr:suburb": null, "brand": null, "brand:wikidata": null, "brand:wikipedia": null, "healthcare": null, "railway": null, "crossing:barrier": null, "capacity": null, "cuisine": null, "delivery": null, "internet_access": null, "opening_hours": null, "phone": null, "smoking": null, "takeaway": null, "website": null, "addr:postcode": null, "operator": null, "alt_name": null, "shop": null, "building": null, "name:en": null, "name:pt": null, "office": null, "old_name": null, "fee": null, "service:bicycle:bicycle": null, "service:bicycle:dealer": null, "service:bicycle:ebike": null, "service:bicycle:repair": null, "service:bicycle:sales": null, "direction": null, "stop": null, "bus": null, "public_transport": null, "brewery": null, "level": null, "microbrewery": null, "outdoor_seating": null, "payment:american_express": null, "payment:cards": null, "payment:credit_cards": null, "payment:cryptocurrencies": null, "payment:debit_cards": null, "payment:maestro": null, "payment:mastercard": null, "payment:notes": null, "payment:visa": null, "payment:visa_electron": null, "start_date": null, "network": null, "network:wikidata": null, "ref": null, "source": null, "bridge": null, "layer": null, "oneway": null, "lanes": null, "lit": null, "short_name": null, "surface": "sett", "admin_level": null, "boundary": null, "loc_name": null, "foot": null, "maxheight": null, "width": null, "sidewalk": null, "destination": null, "leisure": null, "email": null, "service:bicycle:cleaning": null, "service:bicycle:diy": null, "service:bicycle:pump": null, "service:bicycle:rental": null, "service:bicycle:retail": null, "service:bicycle:second_hand": null, "bus:lanes": null, "source:alt_name": null, "segregated": null, "service:bicycle:chain_tool": null, "not:operator:wikidata": null, "note": null, "barrier": null, "service": null, "branch": null, "contact:phone": null, "bin": null, "covered": null, "passenger_information_display": null, "shelter": null, "tactile_paving": null, "footway": "sidewalk", "payment:cash": null, "payment:coins": null, "area": null, "addr:place": null, "access": null, "opening_hours:covid19": null, "addr:state": null, "cycleway": null, "incline": null, "hazard": null, "orientation": null, "parking": null, "type": null, "addr:district": null, "box_id": 1, "provider": "osmnx" }, "geometry": { "type": "LineString", "coordinates": [ [ -49.242302, -25.4271183 ], [ -49.2423528, -25.4275997 ], [ -49.2423364, -25.427612 ], [ -49.241972, -25.4276328 ], [ -49.241330585187917, -25.427682980727997 ] ] } },
{ "type": "Feature", "properties": { "highway": "cycleway", "traffic_signals:direction": null, "crossing": null, "crossing_ref": null, "maxspeed": null, "traffic_signals": null, "traffic_signals:sound": null, "amenity": null, "addr:city": null, "addr:country": null, "addr:housenumber": null, "addr:street": null, "bicycle": "designated", "crossing:markings": null, "button_operated": null, "crossing:island": null, "name": null, "wheelchair": null, "addr:suburb": null, "brand": null, "brand:wikidata": null, "brand:wikipedia": null, "healthcare": null, "railway": null, "crossing:barrier": null, "capacity": null, "cuisine": null, "delivery": null, "internet_access": null, "opening_hours": null, "phone": null, "smoking": null, "takeaway": null, "website": null, "addr:postcode": null, "operator": null, "alt_name": null, "shop": null, "building": null, "name:en": null, "name:pt": null, "office": null, "old_name": null, "fee": null, "service:bicycle:bicycle": null, "service:bicycle:dealer": null, "service:bicycle:ebike": null, "service:bicycle:repair": null, "service:bicycle:sales": null, "direction": null, "stop": null, "bus": null, "public_transport": null, "brewery": null, "level": null, "microbrewery": null, "outdoor_seating": null, "payment:american_express": null, "payment:cards": null, "payment:credit_cards": null, "payment:cryptocurrencies": null, "payment:debit_cards": null, "payment:maestro": null, "payment:mastercard": null, "payment:notes": null, "payment:visa": null, "payment:visa_electron": null, "start_date": null, "network": null, "network:wikidata": null, "ref": null, "source": null, "bridge": null, "layer": null, "oneway": null, "lanes": null, "lit": null, "short_name": null, "surface": "asphalt", "admin_level": null, "boundary": null, "loc_name": null, "foot": "designated", "maxheight": null, "width": null, "sidewalk": null, "destination": null, "leisure": null, "email": null, "service:bicycle:cleaning": null, "service:bicycle:diy": null, "service:bicycle:pump": null, "service:bicycle:rental": null, "service:bicycle:retail": null, "service:bicycle:second_hand": null, "bus:lanes": null, "source:alt_name": null, "segregated": "no", "service:bicycle:chain_tool": null, "not:operator:wikidata": null, "note": null, "barrier": null, "service": null, "branch": null, "contact:phone": null, "bin": null, "covered": null, "passenger_information_display": null, "shelter": null, "tactile_paving": null, "footway": null, "payment:cash": null, "payment:coins": null, "area": null, "addr:place": null, "access": null, "opening_hours:covid19": null, "addr:state": null, "cycleway": null, "incline": null, "hazard": null, "orientation": null, "parking": null, "type": null, "addr:district": null, "box_id": 1, "provider": "osmnx" }, "geometry": { "type": "LineString", "coordinates": [ [ -49.2418836, -25.4274189 ], [ -49.2417621, -25.4273763 ] ] } },
{ "type": "Feature", "properties": { "highway": "footway", "traffic_signals:direction": null, "crossing": "unmarked", "crossing_ref": null, "maxspeed": null, "traffic_signals": null, "traffic_signals:sound": null, "amenity": null, "addr:city": null, "addr:country": null, "addr:housenumber": null, "addr:street": null, "bicycle": null, "crossing:markings": "no", "button_operated": null, "crossing:island": null, "name": null, "wheelchair": null, "addr:suburb": null, "brand": null, "brand:wikidata": null, "brand:wikipedia": null, "healthcare": null, "railway": null, "crossing:barrier": null, "capacity": null, "cuisine": null, "delivery": null, "internet_access": null, "opening_hours": null, "phone": null, "smoking": null, "takeaway": null, "website": null, "addr:postcode": null, "operator": null, "alt_name": null, "shop": null, "building": null, "name:en": null, "name:pt": null, "office": null, "old_name": null, "fee": null, "service:bicycle:bicycle": null, "service:bicycle:dealer": null, "service:bicycle:ebike": null, "service:bicycle:repair": null, "service:bicycle:sales": null, "direction": null, "stop": null, "bus": null, "public_transport": null, "brewery": null, "level": null, "microbrewery": null, "outdoor_seating": null, "payment:american_express": null, "payment:cards": null, "payment:credit_cards": null, "payment:cryptocurrencies": null, "payment:debit_cards": null, "payment:maestro": null, "payment:mastercard": null, "payment:notes": null, "payment:visa": null, "payment:visa_electron": null, "start_date": null, "network": null, "network:wikidata": null, "ref": null, "source": null, "bridge": null, "layer": null, "oneway": null, "lanes": null, "lit": null, "short_name": null, "surface": "asphalt", "admin_level": null, "boundary": null, "loc_name": null, "foot": null, "maxheight": null, "width": null, "sidewalk": null, "destination": null, "leisure": null, "email": null, "service:bicycle:cleaning": null, "service:bicycle:diy": null, "service:bicycle:pump": null, "service:bicycle:rental": null, "service:bicycle:retail": null, "service:bicycle:second_hand": null, "bus:lanes": null, "source:alt_name": null, "segregated": null, "service:bicycle:chain_tool": null, "not:operator:wikidata": null, "note": null, "barrier": null, "service": null, "branch": null, "contact:phone": null, "bin": null, "covered": null, "passenger_information_display": null, "shelter": null, "tactile_paving": null, "footway": "crossing", "payment:cash": null, "payment:coins": null, "area": null, "addr:place": null, "access": null, "opening_hours:covid19": null, "addr:state": null, "cycleway": null, "incline": null, "hazard": null, "orientation": null, "parking": null, "type": null, "addr:district": null, "box_id": 1, "provider": "osmnx" }, "geometry": { "type": "LineString", "coordinates": [ [ -49.2423528, -25.4275997 ], [ -49.2423666, -25.4275986 ], [ -49.2424172, -25.4275949 ] ] } },
{ "type": "Feature", "properties": { "highway": "footway", "traffic_signals:direction": null, "crossing": null, "crossing_ref": null, "maxspeed": null, "traffic_signals": null, "traffic_signals:sound": null, "amenity": null, "addr:city": null, "addr:country": null, "addr:housenumber": null, "addr:street": null, "bicycle": null, "crossing:markings": null, "button_operated": null, "crossing:island": null, "name": null, "wheelchair": null, "addr:suburb": null, "brand": null, "brand:wikidata": null, "brand:wikipedia": null, "healthcare": null, "railway": null, "crossing:barrier": null, "capacity": null, "cuisine": null, "delivery": null, "internet_access": null, "opening_hours": null, "phone": null, "smoking": null, "takeaway": null, "website": null, "addr:postcode": null, "operator": null, "alt_name": null, "shop": null, "building": null, "name:en": null, "name:pt": null, "office": null, "old_name": null, "fee": null, "service:bicycle:bicycle": null, "service:bicycle:dealer": null, "service:bicycle:ebike": null, "service:bicycle:repair": null, "service:bicycle:sales": null, "direction": null, "stop": null, "bus": null, "public_transport": null, "brewery": null, "level": null, "microbrewery": null, "outdoor_seating": null, "payment:american_express": null, "payment:cards": null, "payment:credit_cards": null, "payment:cryptocurrencies": null, "payment:debit_cards": null, "payment:maestro": null, "payment:mastercard": null, "payment:notes": null, "payment:visa": null, "payment:visa_electron": null, "start_date": null, "network": null, "network:wikidata": null, "ref": null, "source": null, "bridge": null, "layer": null, "oneway": null, "lanes": null, "lit": null, "short_name": null, "surface": "sett", "admin_level": null, "boundary": null, "loc_name": null, "foot": null, "maxheight": null, "width": null, "sidewalk": null, "destination": null, "leisure": null, "email": null, "service:bicycle:cleaning": null, "service:bicycle:diy": null, "service:bicycle:pump": null, "service:bicycle:rental": null, "service:bicycle:retail": null, "service:bicycle:second_hand": null, "bus:lanes": null, "source:alt_name": null, "segregated": null, "service:bicycle:chain_tool": null, "not:operator:wikidata": null, "note": null, "barrier": null, "service": null, "branch": null, "contact:phone": null, "bin": null, "covered": null, "passenger_information_display": null, "shelter": null, "tactile_paving": null, "footway": null, "payment:cash": null, "payment:coins": null, "area": null, "addr:place": null, "access": null, "opening_hours:covid19": null, "addr:state": null, "cycleway": null, "incline": null, "hazard": null, "orientation": null, "parking": null, "type": null, "addr:district": null, "box_id": 1, "provider": "osmnx" }, "geometry": { "type": "LineString", "coordinates": [ [ -49.2421901, -25.4273278 ], [ -49.2421563, -25.4273299 ], [ -49.2421252, -25.4273422 ], [ -49.2421005, -25.4273632 ], [ -49.2420851, -25.4273905 ], [ -49.2420807, -25.4274209 ], [ -49.242088, -25.4274508 ], [ -49.2421059, -25.4274768 ], [ -49.2421326, -25.4274958 ] ] } },
{ "type": "Feature", "properties": { "highway": "footway", "traffic_signals:direction": null, "crossing": null, "crossing_ref": null, "maxspeed": null, "traffic_signals": null, "traffic_signals:sound": null, "amenity": null, "addr:city": null, "addr:country": null, "addr:housenumber": null, "addr:street": null, "bicycle": null, "crossing:markings": null, "button_operated": null, "crossing:island": null, "name": null, "wheelchair": null, "addr:suburb": null, "brand": null, "brand:wikidata": null, "brand:wikipedia": null, "healthcare": null, "railway": null, "crossing:barrier": null, "capacity": null, "cuisine": null, "delivery": null, "internet_access": null, "opening_hours": null, "phone": null, "smoking": null, "takeaway": null, "website": null, "addr:postcode": null, "operator": null, "alt_name": null, "shop": null, "building": null, "name:en": null, "name:pt": null, "office": null, "old_name": null, "fee": null, "service:bicycle:bicycle": null, "service:bicycle:dealer": null, "service:bicycle:ebike": null, "service:bicycle:repair": null, "service:bicycle:sales": null, "direction": null, "stop": null, "bus": null, "public_transport": null, "brewery": null, "level": null, "microbrewery": null, "outdoor_seating": null, "payment:american_express": null, "payment:cards": null, "payment:credit_cards": null, "payment:cryptocurrencies": null, "payment:debit_cards": null, "payment:maestro": null, "payment:mastercard": null, "payment:notes": null, "payment:visa": null, "payment:visa_electron": null, "start_date": null, "network": null, "network:wikidata": null, "ref": null, "source": null, "bridge": null, "layer": null, "oneway": null, "lanes": null, "lit": null, "short_name": null, "surface": "sett", "admin_level": null, "boundary": null, "loc_name": null, "foot": null, "maxheight": null, "width": null, "sidewalk": null, "destination": null, "leisure": null, "email": null, "service:bicycle:cleaning": null, "service:bicycle:diy": null, "service:bicycle:pump": null, "service:bicycle:rental": null, "service:bicycle:retail": null, "service:bicycle:second_hand": null, "bus:lanes": null, "source:alt_name": null, "segregated": null, "service:bicycle:chain_tool": null, "not:operator:wikidata": null, "note": null, "barrier": null, "service": null, "branch": null, "contact:phone": null, "bin": null, "covered": null, "passenger_information_display": null, "shelter": null, "tactile_paving": null, "footway": null, "payment:cash": null, "payment:coins": null, "area": null, "addr:place": null, "access": null, "opening_hours:covid19": null, "addr:state": null, "cycleway": null, "incline": null, "hazard": null, "orientation": null, "parking": null, "type": null, "addr:district": null, "box_id": 1, "provider": "osmnx" }, "geometry": { "type": "LineString", "coordinates": [ [ -49.2420851, -25.4273905 ], [ -49.2420529, -25.4273803 ] ] } },
{ "type": "Feature", "properties": { "highway": "service", "traffic_signals:direction": null, "crossing": null, "crossing_ref": null, "maxspeed": null, "traffic_signals": null, "traffic_signals:sound": null, "amenity": null, "addr:city": null, "addr:country": null, "addr:housenumber": null, "addr:street": null, "bicycle": null, "crossing:markings": null, "button_operated": null, "crossing:island": null, "name": null, "wheelchair": null, "addr:suburb": null, "brand": null, "brand:wikidata": null, "brand:wikipedia": null, "healthcare": null, "railway": null, "crossing:barrier": null, "capacity": null, "cuisine": null, "delivery": null, "internet_access": null, "opening_hours": null, "phone": null, "smoking": null, "takeaway": null, "website": null, "addr:postcode": null, "operator": null, "alt_name": null, "shop": null, "building": null, "name:en": null, "name:pt": null, "office": null, "old_name": null, "fee": null, "service:bicycle:bicycle": null, "service:bicycle:dealer": null, "service:bicycle:ebike": null, "service:bicycle:repair": null, "service:bicycle:sales": null, "direction": null, "stop": null, "bus": null, "public_transport": null, "brewery": null, "level": null, "microbrewery": null, "outdoor_seating": null, "payment:american_express": null, "payment:cards": null, "payment:credit_cards": null, "payment:cryptocurrencies": null, "payment:debit_cards": null, "payment:maestro": null, "payment:mastercard": null, "payment:notes": null, "payment:visa": null, "payment:visa_electron": null, "start_date": null, "network": null, "network:wikidata": null, "ref": null, "source": null, "bridge": null, "layer": null, "oneway": null, "lanes": null, "lit": null, "short_name": null, "surface": null, "admin_level": null, "boundary": null, "loc_name": null, "foot": null, "maxheight": null, "width": null, "sidewalk": null, "destination": null, "leisure": null, "email": null, "service:bicycle:cleaning": null, "service:bicycle:diy": null, "service:bicycle:pump": null, "service:bicycle:rental": null, "service:bicycle:retail": null, "service:bicycle:second_hand": null, "bus:lanes": null, "source:alt_name": null, "segregated": null, "service:bicycle:chain_tool": null, "not:operator:wikidata": null, "note": null, "barrier": null, "service": null, "branch": null, "contact:phone": null, "bin": null, "covered": null, "passenger_information_display": null, "shelter": null, "tactile_paving": null, "footway": null, "payment:cash": null, "payment:coins": null, "area": null, "addr:place": null, "access": null, "opening_hours:covid19": null, "addr:state": null, "cycleway": null, "incline": null, "hazard": null, "orientation": null, "parking": null, "type": null, "addr:district": null, "box_id": 1, "provider": "osmnx" }, "geometry": { "type": "LineString", "coordinates": [ [ -49.2439708, -25.4274163 ], [ -49.2442451, -25.4273824 ], [ -49.2442786, -25.4273685 ], [ -49.2443021, -25.4273485 ], [ -49.2443096, -25.4273322 ], [ -49.2443744, -25.4271919 ] ] } },
{ "type": "Feature", "properties": { "highway": "footway", "traffic_signals:direction": null, "crossing": null, "crossing_ref": null, "maxspeed": null, "traffic_signals": null, "traffic_signals:sound": null, "amenity": null, "addr:city": null, "addr:country": null, "addr:housenumber": null, "addr:street": null, "bicycle": null, "crossing:markings": null, "button_operated": null, "crossing:island": null, "name": null, "wheelchair": null, "addr:suburb": null, "brand": null, "brand:wikidata": null, "brand:wikipedia": null, "healthcare": null, "railway": null, "crossing:barrier": null, "capacity": null, "cuisine": null, "delivery": null, "internet_access": null, "opening_hours": null, "phone": null, "smoking": null, "takeaway": null, "website": null, "addr:postcode": null, "operator": null, "alt_name": null, "shop": null, "building": null, "name:en": null, "name:pt": null, "office": null, "old_name": null, "fee": null, "service:bicycle:bicycle": null, "service:bicycle:dealer": null, "service:bicycle:ebike": null, "service:bicycle:repair": null, "service:bicycle:sales": null, "direction": null, "stop": null, "bus": null, "public_transport": null, "brewery": null, "level": null, "microbrewery": null, "outdoor_seating": null, "payment:american_express": null, "payment:cards": null, "payment:credit_cards": null, "payment:cryptocurrencies": null, "payment:debit_cards": null, "payment:maestro": null, "payment:mastercard": null, "payment:notes": null, "payment:visa": null, "payment:visa_electron": null, "start_date": null, "network": null, "network:wikidata": null, "ref": null, "source": null, "bridge": null, "layer": null, "oneway": null, "lanes": null, "lit": null, "short_name": null, "surface": "sett", "admin_level": null, "boundary": null, "loc_name": null, "foot": null, "maxheight": null, "width": null, "sidewalk": null, "destination": null, "leisure": null, "email": null, "service:bicycle:cleaning": null, "service:bicycle:diy": null, "service:bicycle:pump": null, "service:bicycle:rental": null, "service:bicycle:retail": null, "service:bicycle:second_hand": null, "bus:lanes": null, "source:alt_name": null, "segregated": null, "service:bicycle:chain_tool": null, "not:operator:wikidata": null, "note": null, "barrier": null, "service": null, "branch": null, "contact:phone": null, "bin": null, "covered": null, "passenger_information_display": null, "shelter": null, "tactile_paving": null, "footway": null, "payment:cash": null, "payment:coins": null, "area": null, "addr:place": null, "access": null, "opening_hours:covid19": null, "addr:state": null, "cycleway": null, "incline": null, "hazard": null, "orientation": null, "parking": null, "type": null, "addr:district": null, "box_id": 1, "provider": "osmnx" }, "geometry": { "type": "LineString", "coordinates": [ [ -49.2422517, -25.427271 ], [ -49.2422365, -25.427283 ], [ -49.242218, -25.4272901 ], [ -49.2421979, -25.4272916 ], [ -49.2421783, -25.4272873 ], [ -49.2421612, -25.4272778 ], [ -49.2421482, -25.4272638 ], [ -49.2421407, -25.4272469 ], [ -49.2421395, -25.4272287 ], [ -49.2421453, -25.4272098 ], [ -49.2421579, -25.4271938 ], [ -49.2421757, -25.4271825 ], [ -49.2421967, -25.4271773 ], [ -49.2422184, -25.4271788 ], [ -49.2422382, -25.4271868 ], [ -49.2422539, -25.4272004 ], [ -49.2422636, -25.427218 ], [ -49.2422662, -25.4272375 ], [ -49.2422619, -25.4272553 ], [ -49.2422517, -25.427271 ] ] } },
{ "type": "Feature", "properties": { "highway": "footway", "traffic_signals:direction": null, "crossing": null, "crossing_ref": null, "maxspeed": null, "traffic_signals": null, "traffic_signals:sound": null, "amenity": null, "addr:city": null, "addr:country": null, "addr:housenumber": null, "addr:street": null, "bicycle": null, "crossing:markings": null, "button_operated": null, "crossing:island": null, "name": null, "wheelchair": null, "addr:suburb": null, "brand": null, "brand:wikidata": null, "brand:wikipedia": null, "healthcare": null, "railway": null, "crossing:barrier": null, "capacity": null, "cuisine": null, "delivery": null, "internet_access": null, "opening_hours": null, "phone": null, "smoking": null, "takeaway": null, "website": null, "addr:postcode": null, "operator": null, "alt_name": null, "shop": null, "building": null, "name:en": null, "name:pt": null, "office": null, "old_name": null, "fee": null, "service:bicycle:bicycle": null, "service:bicycle:dealer": null, "service:bicycle:ebike": null, "service:bicycle:repair": null, "service:bicycle:sales": null, "direction": null, "stop": null, "bus": null, "public_transport": null, "brewery": null, "level": null, "microbrewery": null, "outdoor_seating": null, "payment:american_express": null, "payment:cards": null, "payment:credit_cards": null, "payment:cryptocurrencies": null, "payment:debit_cards": null, "payment:maestro": null, "payment:mastercard": null, "payment:notes": null, "payment:visa": null, "payment:visa_electron": null, "start_date": null, "network": null, "network:wikidata": null, "ref": null, "source": null, "bridge": null, "layer": null, "oneway": null, "lanes": null, "lit": null, "short_name": null, "surface": "sett", "admin_level": null, "boundary": null, "loc_name": null, "foot": null, "maxheight": null, "width": null, "sidewalk": null, "destination": null, "leisure": null, "email": null, "service:bicycle:cleaning": null, "service:bicycle:diy": null, "service:bicycle:pump": null, "service:bicycle:rental": null, "service:bicycle:retail": null, "service:bicycle:second_hand": null, "bus:lanes": null, "source:alt_name": null, "segregated": null, "service:bicycle:chain_tool": null, "not:operator:wikidata": null, "note": null, "barrier": null, "service": null, "branch": null, "contact:phone": null, "bin": null, "covered": null, "passenger_information_display": null, "shelter": null, "tactile_paving": null, "footway": null, "payment:cash": null, "payment:coins": null, "area": null, "addr:place": null, "access": null, "opening_hours:covid19": null, "addr:state": null, "cycleway": null, "incline": null, "hazard": null, "orientation": null, "parking": null, "type": null, "addr:district": null, "box_id": 1, "provider": "osmnx" }, "geometry": { "type": "LineString", "coordinates": [ [ -49.2421453, -25.4272098 ], [ -49.2421224, -25.4272021 ] ] } },
{ "type": "Feature", "properties": { "highway": "service", "traffic_signals:direction": null, "crossing": null, "crossing_ref": null, "maxspeed": null, "traffic_signals": null, "traffic_signals:sound": null, "amenity": null, "addr:city": null, "addr:country": null, "addr:housenumber": null, "addr:street": null, "bicycle": null, "crossing:markings": null, "button_operated": null, "crossing:island": null, "name": null, "wheelchair": null, "addr:suburb": null, "brand": null, "brand:wikidata": null, "brand:wikipedia": null, "healthcare": null, "railway": null, "crossing:barrier": null, "capacity": null, "cuisine": null, "delivery": null, "internet_access": null, "opening_hours": null, "phone": null, "smoking": null, "takeaway": null, "website": null, "addr:postcode": null, "operator": null, "alt_name": null, "shop": null, "building": null, "name:en": null, "name:pt": null, "office": null, "old_name": null, "fee": null, "service:bicycle:bicycle": null, "service:bicycle:dealer": null, "service:bicycle:ebike": null, "service:bicycle:repair": null, "service:bicycle:sales": null, "direction": null, "stop": null, "bus": null, "public_transport": null, "brewery": null, "level": null, "microbrewery": null, "outdoor_seating": null, "payment:american_express": null, "payment:cards": null, "payment:credit_cards": null, "payment:cryptocurrencies": null, "payment:debit_cards": null, "payment:maestro": null, "payment:mastercard": null, "payment:notes": null, "payment:visa": null, "payment:visa_electron": null, "start_date": null, "network": null, "network:wikidata": null, "ref": null, "source": null, "bridge": null, "layer": null, "oneway": null, "lanes": null, "lit": null, "short_name": null, "surface": null, "admin_level": null, "boundary": null, "loc_name": null, "foot": null, "maxheight": null, "width": null, "sidewalk": null, "destination": null, "leisure": null, "email": null, "service:bicycle:cleaning": null, "service:bicycle:diy": null, "service:bicycle:pump": null, "service:bicycle:rental": null, "service:bicycle:retail": null, "service:bicycle:second_hand": null, "bus:lanes": null, "source:alt_name": null, "segregated": null, "service:bicycle:chain_tool": null, "not:operator:wikidata": null, "note": null, "barrier": null, "service": null, "branch": null, "contact:phone": null, "bin": null, "covered": null, "passenger_information_display": null, "shelter": null, "tactile_paving": null, "footway": null, "payment:cash": null, "payment:coins": null, "area": null, "addr:place": null, "access": null, "opening_hours:covid19": null, "addr:state": null, "cycleway": null, "incline": null, "hazard": null, "orientation": null, "parking": null, "type": null, "addr:district": null, "box_id": 1, "provider": "osmnx" }, "geometry": { "type": "LineString", "coordinates": [ [ -49.2443096, -25.4273322 ], [ -49.244011, -25.4272358 ], [ -49.2439547, -25.4271898 ], [ -49.2439235, -25.4270391 ] ] } },
{ "type": "Feature", "properties": { "highway": "footway", "traffic_signals:direction": null, "crossing": null, "crossing_ref": null, "maxspeed": null, "traffic_signals": null, "traffic_signals:sound": null, "amenity": null, "addr:city": null, "addr:country": null, "addr:housenumber": null, "addr:street": null, "bicycle": null, "crossing:markings": null, "button_operated": null, "crossing:island": null, "name": null, "wheelchair": null, "addr:suburb": null, "brand": null, "brand:wikidata": null, "brand:wikipedia": null, "healthcare": null, "railway": null, "crossing:barrier": null, "capacity": null, "cuisine": null, "delivery": null, "internet_access": null, "opening_hours": null, "phone": null, "smoking": null, "takeaway": null, "website": null, "addr:postcode": null, "operator": null, "alt_name": null, "shop": null, "building": null, "name:en": null, "name:pt": null, "office": null, "old_name": null, "fee": null, "service:bicycle:bicycle": null, "service:bicycle:dealer": null, "service:bicycle:ebike": null, "service:bicycle:repair": null, "service:bicycle:sales": null, "direction": null, "stop": null, "bus": null, "public_transport": null, "brewery": null, "level": null, "microbrewery": null, "outdoor_seating": null, "payment:american_express": null, "payment:cards": null, "payment:credit_cards": null, "payment:cryptocurrencies": null, "payment:debit_cards": null, "payment:maestro": null, "payment:mastercard": null, "payment:notes": null, "payment:visa": null, "payment:visa_electron": null, "start_date": null, "network": null, "network:wikidata": null, "ref": null, "source": null, "bridge": null, "layer": null, "oneway": null, "lanes": null, "lit": null, "short_name": null, "surface": "sett", "admin_level": null, "boundary": null, "loc_name": null, "foot": null, "maxheight": null, "width": null, "sidewalk": null, "destination": null, "leisure": null, "email": null, "service:bicycle:cleaning": null, "service:bicycle:diy": null, "service:bicycle:pump": null, "service:bicycle:rental": null, "service:bicycle:retail": null, "service:bicycle:second_hand": null, "bus:lanes": null, "source:alt_name": null, "segregated": null, "service:bicycle:chain_tool": null, "not:operator:wikidata": null, "note": null, "barrier": null, "service": null, "branch": null, "contact:phone": null, "bin": null, "covered": null, "passenger_information_display": null, "shelter": null, "tactile_paving": null, "footway": "sidewalk", "payment:cash": null, "payment:coins": null, "area": null, "addr:place": null, "access": null, "opening_hours:covid19": null, "addr:state": null, "cycleway": null, "incline": null, "hazard": null, "orientation": null, "parking": null, "type": null, "addr:district": null, "box_id": 1, "provider": "osmnx" }, "geometry": { "type": "LineString", "coordinates": [ [ -49.24202, -25.4274644 ], [ -49.2420529, -25.4273803 ], [ -49.2421224, -25.4272021 ], [ -49.2421624, -25.4270995 ], [ -49.2422298, -25.4269269 ], [ -49.242248, -25.4268992 ], [ -49.2422646, -25.4268958 ] ] } },
{ "type": "Feature", "properties": { "highway": "steps", "traffic_signals:direction": null, "crossing": null, "crossing_ref": null, "maxspeed": null, "traffic_signals": null, "traffic_signals:sound": null, "amenity": null, "addr:city": null, "addr:country": null, "addr:housenumber": null, "addr:street": null, "bicycle": null, "crossing:markings": null, "button_operated": null, "crossing:island": null, "name": null, "wheelchair": null, "addr:suburb": null, "brand": null, "brand:wikidata": null, "brand:wikipedia": null, "healthcare": null, "railway": null, "crossing:barrier": null, "capacity": null, "cuisine": null, "delivery": null, "internet_access": null, "opening_hours": null, "phone": null, "smoking": null, "takeaway": null, "website": null, "addr:postcode": null, "operator": null, "alt_name": null, "shop": null, "building": null, "name:en": null, "name:pt": null, "office": null, "old_name": null, "fee": null, "service:bicycle:bicycle": null, "service:bicycle:dealer": null, "service:bicycle:ebike": null, "service:bicycle:repair": null, "service:bicycle:sales": null, "direction": null, "stop": null, "bus": null, "public_transport": null, "brewery": null, "level": null, "microbrewery": null, "outdoor_seating": null, "payment:american_express": null, "payment:cards": null, "payment:credit_cards": null, "payment:cryptocurrencies": null, "payment:debit_cards": null, "payment:maestro": null, "payment:mastercard": null, "payment:notes": null, "payment:visa": null, "payment:visa_electron": null, "start_date": null, "network": null, "network:wikidata": null, "ref": null, "source": null, "bridge": null, "layer": null, "oneway": null, "lanes": null, "lit": null, "short_name": null, "surface": "concrete", "admin_level": null, "boundary": null, "loc_name": null, "foot": null, "maxheight": null, "width": null, "sidewalk": null, "destination": null, "leisure": null, "email": null, "service:bicycle:cleaning": null, "service:bicycle:diy": null, "service:bicycle:pump": null, "service:bicycle:rental": null, "service:bicycle:retail": null, "service:bicycle:second_hand": null, "bus:lanes": null, "source:alt_name": null, "segregated": null, "service:bicycle:chain_tool": null, "not:operator:wikidata": null, "note": null, "barrier": null, "service": null, "branch": null, "contact:phone": null, "bin": null, "covered": null, "passenger_information_display": null, "shelter": null, "tactile_paving": null, "footway": null, "payment:cash": null, "payment:coins": null, "area": null, "addr:place": null, "access": null, "opening_hours:covid19": null, "addr:state": null, "cycleway": null, "incline": "down", "hazard": null, "orientation": null, "parking": null, "type": null, "addr:district": null, "box_id": 1, "provider": "osmnx" }, "geometry": { "type": "LineString", "coordinates": [ [ -49.2421624, -25.4270995 ], [ -49.242302, -25.4271183 ] ] } },
{ "type": "Feature", "properties": { "highway": "residential", "traffic_signals:direction": null, "crossing": null, "crossing_ref": null, "maxspeed": "30", "traffic_signals": null, "traffic_signals:sound": null, "amenity": null, "addr:city": null, "addr:country": null, "addr:housenumber": null, "addr:street": null, "bicycle": null, "crossing:markings": null, "button_operated": null, "crossing:island": null, "name": "Rua Presidente Beaurepaire Rohan", "wheelchair": null, "addr:suburb": null, "brand": null, "brand:wikidata": null, "brand:wikipedia": null, "healthcare": null, "railway": null, "crossing:barrier": null, "capacity": null, "cuisine": null, "delivery": null, "internet_access": null, "opening_hours": null, "phone": null, "smoking": null, "takeaway": null, "website": null, "addr:postcode": null, "operator": null, "alt_name": null, "shop": null, "building": null, "name:en": null, "name:pt": null, "office": null, "old_name": null, "fee": null, "service:bicycle:bicycle": null, "service:bicycle:dealer": null, "service:bicycle:ebike": null, "service:bicycle:repair": null, "service:bicycle:sales": null, "direction": null, "stop": null, "bus": null, "public_transport": null, "brewery": null, "level": null, "microbrewery": null, "outdoor_seating": null, "payment:american_express": null, "payment:cards": null, "payment:credit_cards": null, "payment:cryptocurrencies": null, "payment:debit_cards": null, "payment:maestro": null, "payment:mastercard": null, "payment:notes": null, "payment:visa": null, "payment:visa_electron": null, "start_date": null, "network": null, "network:wikidata": null, "ref": null, "source": null, "bridge": null, "layer": null, "oneway": "yes", "lanes": null, "lit": null, "short_name": null, "surface": null, "admin_level": null, "boundary": null, "loc_name": null, "foot": null, "maxheight": null, "width": null, "sidewalk": null, "destination": null, "leisure": null, "email": null, "service:bicycle:cleaning": null, "service:bicycle:diy": null, "service:bicycle:pump": null, "service:bicycle:rental": null, "service:bicycle:retail": null, "service:bicycle:second_hand": null, "bus:lanes": null, "source:alt_name": null, "segregated": null, "service:bicycle:chain_tool": null, "not:operator:wikidata": null, "note": null, "barrier": null, "service": null, "branch": null, "contact:phone": null, "bin": null, "covered": null, "passenger_information_display": null, "shelter": null, "tactile_paving": null, "footway": null, "payment:cash": null, "payment:coins": null, "area": null, "addr:place": null, "access": null, "opening_hours:covid19": null, "addr:state": null, "cycleway": null, "incline": null, "hazard": null, "orientation": null, "parking": null, "type": null, "addr:district": null, "box_id": 1, "provider": "osmnx" }, "geometry": { "type": "LineString", "coordinates": [ [ -49.2423046, -25.4264534 ], [ -49.2423479, -25.426892 ], [ -49.2424172, -25.4275949 ], [ -49.2424239, -25.427653 ] ] } },
{ "type": "Feature", "properties": { "highway": "footway", "traffic_signals:direction": null, "crossing": "unmarked", "crossing_ref": null, "maxspeed": null, "traffic_signals": null, "traffic_signals:sound": null, "amenity": null, "addr:city": null, "addr:country": null, "addr:housenumber": null, "addr:street": null, "bicycle": null, "crossing:markings": "no", "button_operated": null, "crossing:island": null, "name": null, "wheelchair": null, "addr:suburb": null, "brand": null, "brand:wikidata": null, "brand:wikipedia": null, "healthcare": null, "railway": null, "crossing:barrier": null, "capacity": null, "cuisine": null, "delivery": null, "internet_access": null, "opening_hours": null, "phone": null, "smoking": null, "takeaway": null, "website": null, "addr:postcode": null, "operator": null, "alt_name": null, "shop": null, "building": null, "name:en": null, "name:pt": null, "office": null, "old_name": null, "fee": null, "service:bicycle:bicycle": null, "service:bicycle:dealer": null, "service:bicycle:ebike": null, "service:bicycle:repair": null, "service:bicycle:sales": null, "direction": null, "stop": null, "bus": null, "public_transport": null, "brewery": null, "level": null, "microbrewery": null, "outdoor_seating": null, "payment:american_express": null, "payment:cards": null, "payment:credit_cards": null, "payment:cryptocurrencies": null, "payment:debit_cards": null, "payment:maestro": null, "payment:mastercard": null, "payment:notes": null, "payment:visa": null, "payment:visa_electron": null, "start_date": null, "network": null, "network:wikidata": null, "ref": null, "source": null, "bridge": null, "layer": null, "oneway": null, "lanes": null, "lit": null, "short_name": null, "surface": "asphalt", "admin_level": null, "boundary": null, "loc_name": null, "foot": null, "maxheight": null, "width": null, "sidewalk": null, "destination": null, "leisure": null, "email": null, "service:bicycle:cleaning": null, "service:bicycle:diy": null, "service:bicycle:pump": null, "service:bicycle:rental": null, "service:bicycle:retail": null, "service:bicycle:second_hand": null, "bus:lanes": null, "source:alt_name": null, "segregated": null, "service:bicycle:chain_tool": null, "not:operator:wikidata": null, "note": null, "barrier": null, "service": null, "branch": null, "contact:phone": null, "bin": null, "covered": null, "passenger_information_display": null, "shelter": null, "tactile_paving": null, "footway": "crossing", "payment:cash": null, "payment:coins": null, "area": null, "addr:place": null, "access": null, "opening_hours:covid19": null, "addr:state": null, "cycleway": null, "incline": null, "hazard": null, "orientation": null, "parking": null, "type": null, "addr:district": null, "box_id": 1, "provider": "osmnx" }, "geometry": { "type": "LineString", "coordinates": [ [ -49.2422646, -25.4268958 ], [ -49.2422867, -25.4268948 ], [ -49.2423479, -25.426892 ] ] } },
{ "type": "Feature", "properties": { "highway": "residential", "traffic_signals:direction": null, "crossing": null, "crossing_ref": null, "maxspeed": "30", "traffic_signals": null, "traffic_signals:sound": null, "amenity": null, "addr:city": null, "addr:country": null, "addr:housenumber": null, "addr:street": null, "bicycle": null, "crossing:markings": null, "button_operated": null, "crossing:island": null, "name": "Avenida Visconde de Guarapuava", "wheelchair": null, "addr:suburb": null, "brand": null, "brand:wikidata": null, "brand:wikipedia": null, "healthcare": null, "railway": null, "crossing:barrier": null, "capacity": null, "cuisine": null, "delivery": null, "internet_access": null, "opening_hours": null, "phone": null, "smoking": null, "takeaway": null, "website": null, "addr:postcode": null, "operator": null, "alt_name": null, "shop": null, "building": null, "name:en": null, "name:pt": null, "office": null, "old_name": null, "fee": null, "service:bicycle:bicycle": null, "service:bicycle:dealer": null, "service:bicycle:ebike": null, "service:bicycle:repair": null, "service:bicycle:sales": null, "direction": null, "stop": null, "bus": null, "public_transport": null, "brewery": null, "level": null, "microbrewery": null, "outdoor_seating": null, "payment:american_express": null, "payment:cards": null, "payment:credit_cards": null, "payment:cryptocurrencies": null, "payment:debit_cards": null, "payment:maestro": null, "payment:mastercard": null, "payment:notes": null, "payment:visa": null, "payment:visa_electron": null, "start_date": null, "network": null, "network:wikidata": null, "ref": null, "source": null, "bridge": null, "layer": null, "oneway": null, "lanes": null, "lit": null, "short_name": null, "surface": null, "admin_level": null, "boundary": null, "loc_name": null, "foot": null, "maxheight": null, "width": null, "sidewalk": null, "destination": null, "leisure": null, "email": null, "service:bicycle:cleaning": null, "service:bicycle:diy": null, "service:bicycle:pump": null, "service:bicycle:rental": null, "service:bicycle:retail": null, "service:bicycle:second_hand": null, "bus:lanes": null, "source:alt_name": null, "segregated": null, "service:bicycle:chain_tool": null, "not:operator:wikidata": null, "note": null, "barrier": null, "service": null, "branch": null, "contact:phone": null, "bin": null, "covered": null, "passenger_information_display": null, "shelter": null, "tactile_paving": null, "footway": null, "payment:cash": null, "payment:coins": null, "area": null, "addr:place": null, "access": null, "opening_hours:covid19": null, "addr:state": null, "cycleway": null, "incline": null, "hazard": null, "orientation": null, "parking": null, "type": null, "addr:district": null, "box_id": 1, "provider": "osmnx" }, "geometry": { "type": "LineString", "coordinates": [ [ -49.2447508, -25.4273191 ], [ -49.2443744, -25.4271919 ], [ -49.2439235, -25.4270391 ], [ -49.2435725, -25.4269202 ], [ -49.2435286, -25.4269053 ], [ -49.2434644, -25.4268816 ], [ -49.2424645, -25.4265124 ], [ -49.2423569, -25.4264727 ], [ -49.2423046, -25.4264534 ] ] } },
{ "type": "Feature", "properties": { "highway": "secondary", "traffic_signals:direction": null, "crossing": null, "crossing_ref": null, "maxspeed": "60", "traffic_signals": null, "traffic_signals:sound": null, "amenity": null, "addr:city": null, "addr:country": null, "addr:housenumber": null, "addr:street": null, "bicycle": null, "crossing:markings": null, "button_operated": null, "crossing:island": null, "name": "Avenida Nossa Senhora da Luz", "wheelchair": null, "addr:suburb": null, "brand": null, "brand:wikidata": null, "brand:wikipedia": null, "healthcare": null, "railway": null, "crossing:barrier": null, "capacity": null, "cuisine": null, "delivery": null, "internet_access": null, "opening_hours": null, "phone": null, "smoking": null, "takeaway": null, "website": null, "addr:postcode": null, "operator": null, "alt_name": null, "shop": null, "building": null, "name:en": null, "name:pt": null, "office": null, "old_name": null, "fee": null, "service:bicycle:bicycle": null, "service:bicycle:dealer": null, "service:bicycle:ebike": null, "service:bicycle:repair": null, "service:bicycle:sales": null, "direction": null, "stop": null, "bus": null, "public_transport": null, "brewery": null, "level": null, "microbrewery": null, "outdoor_seating": null, "payment:american_express": null, "payment:cards": null, "payment:credit_cards": null, "payment:cryptocurrencies": null, "payment:debit_cards": null, "payment:maestro": null, "payment:mastercard": null, "payment:notes": null, "payment:visa": null, "payment:visa_electron": null, "start_date": null, "network": null, "network:wikidata": null, "ref": null, "source": null, "bridge": null, "layer": null, "oneway": "yes", "lanes": null, "lit": null, "short_name": null, "surface": null, "admin_level": null, "boundary": null, "loc_name": null, "foot": null, "maxheight": null, "width": null, "sidewalk": null, "destination": null, "leisure": null, "email": null, "service:bicycle:cleaning": null, "service:bicycle:diy": null, "service:bicycle:pump": null, "service:bicycle:rental": null, "service:bicycle:retail": null, "service:bicycle:second_hand": null, "bus:lanes": null, "source:alt_name": null, "segregated": null, "service:bicycle:chain_tool": null, "not:operator:wikidata": null, "note": null, "barrier": null, "service": null, "branch": null, "contact:phone": null, "bin": null, "covered": null, "passenger_information_display": null, "shelter": null, "tactile_paving": null, "footway": null, "payment:cash": null, "payment:coins": null, "area": null, "addr:place": null, "access": null, "opening_hours:covid19": null, "addr:state": null, "cycleway": null, "incline": null, "hazard": null, "orientation": null, "parking": null, "type": null, "addr:district": null, "box_id": 1, "provider": "osmnx" }, "geometry": { "type": "LineString", "coordinates": [ [ -49.2423046, -25.4264534 ], [ -49.2422257, -25.4266699 ], [ -49.2421389, -25.4268851 ], [ -49.2420079, -25.4272349 ] ] } },
{ "type": "Feature", "properties": { "highway": "residential", "traffic_signals:direction": null, "crossing": null, "crossing_ref": null, "maxspeed": null, "traffic_signals": null, "traffic_signals:sound": null, "amenity": null, "addr:city": null, "addr:country": null, "addr:housenumber": null, "addr:street": null, "bicycle": null, "crossing:markings": null, "button_operated": null, "crossing:island": null, "name": "Rua Prefeito Ângelo Ferrário Lopes", "wheelchair": null, "addr:suburb": null, "brand": null, "brand:wikidata": null, "brand:wikipedia": null, "healthcare": null, "railway": null, "crossing:barrier": null, "capacity": null, "cuisine": null, "delivery": null, "internet_access": null, "opening_hours": null, "phone": null, "smoking": null, "takeaway": null, "website": null, "addr:postcode": null, "operator": null, "alt_name": null, "shop": null, "building": null, "name:en": null, "name:pt": null, "office": null, "old_name": null, "fee": null, "service:bicycle:bicycle": null, "service:bicycle:dealer": null, "service:bicycle:ebike": null, "service:bicycle:repair": null, "service:bicycle:sales": null, "direction": null, "stop": null, "bus": null, "public_transport": null, "brewery": null, "level": null, "microbrewery": null, "outdoor_seating": null, "payment:american_express": null, "payment:cards": null, "payment:credit_cards": null, "payment:cryptocurrencies": null, "payment:debit_cards": null, "payment:maestro": null, "payment:mastercard": null, "payment:notes": null, "payment:visa": null, "payment:visa_electron": null, "start_date": null, "network": null, "network:wikidata": null, "ref": null, "source": null, "bridge": null, "layer": null, "oneway": null, "lanes": "2", "lit": null, "short_name": null, "surface": "asphalt", "admin_level": null, "boundary": null, "loc_name": null, "foot": null, "maxheight": null, "width": null, "sidewalk": null, "destination": null, "leisure": null, "email": null, "service:bicycle:cleaning": null, "service:bicycle:diy": null, "service:bicycle:pump": null, "service:bicycle:rental": null, "service:bicycle:retail": null, "service:bicycle:second_hand": null, "bus:lanes": null, "source:alt_name": null, "segregated": null, "service:bicycle:chain_tool": null, "not:operator:wikidata": null, "note": null, "barrier": null, "service": null, "branch": null, "contact:phone": null, "bin": null, "covered": null, "passenger_information_display": null, "shelter": null, "tactile_paving": null, "footway": null, "payment:cash": null, "payment:coins": null, "area": null, "addr:place": null, "access": null, "opening_hours:covid19": null, "addr:state": null, "cycleway": null, "incline": null, "hazard": null, "orientation": null, "parking": null, "type": null, "addr:district": null, "box_id": 1, "provider": "osmnx" }, "geometry": { "type": "LineString", "coordinates": [ [ -49.243809731860537, -25.42966852324837 ], [ -49.2437536, -25.4291173 ], [ -49.243721, -25.4287967 ], [ -49.243714, -25.4287281 ], [ -49.2436671, -25.4282674 ], [ -49.2436612, -25.4282092 ], [ -49.2436544, -25.4281408 ], [ -49.2436045, -25.4276355 ], [ -49.2435974, -25.4275631 ], [ -49.2435903, -25.4274957 ], [ -49.2435286, -25.4269053 ], [ -49.2434797, -25.426425 ], [ -49.2433182, -25.4248369 ], [ -49.2433123, -25.4247792 ], [ -49.2433063, -25.424716 ], [ -49.2432018, -25.4236066 ], [ -49.2431759, -25.4233423 ], [ -49.2431684, -25.423263 ], [ -49.2431609, -25.4231841 ], [ -49.2430985, -25.4225249 ], [ -49.2430131, -25.4216249 ], [ -49.24291873053469, -25.420630015119094 ] ] } },
{ "type": "Feature", "properties": { "highway": "secondary_link", "traffic_signals:direction": null, "crossing": null, "crossing_ref": null, "maxspeed": null, "traffic_signals": null, "traffic_signals:sound": null, "amenity": null, "addr:city": null, "addr:country": null, "addr:housenumber": null, "addr:street": null, "bicycle": null, "crossing:markings": null, "button_operated": null, "crossing:island": null, "name": null, "wheelchair": null, "addr:suburb": null, "brand": null, "brand:wikidata": null, "brand:wikipedia": null, "healthcare": null, "railway": null, "crossing:barrier": null, "capacity": null, "cuisine": null, "delivery": null, "internet_access": null, "opening_hours": null, "phone": null, "smoking": null, "takeaway": null, "website": null, "addr:postcode": null, "operator": null, "alt_name": null, "shop": null, "building": null, "name:en": null, "name:pt": null, "office": null, "old_name": null, "fee": null, "service:bicycle:bicycle": null, "service:bicycle:dealer": null, "service:bicycle:ebike": null, "service:bicycle:repair": null, "service:bicycle:sales": null, "direction": null, "stop": null, "bus": null, "public_transport": null, "brewery": null, "level": null, "microbrewery": null, "outdoor_seating": null, "payment:american_express": null, "payment:cards": null, "payment:credit_cards": null, "payment:cryptocurrencies": null, "payment:debit_cards": null, "payment:maestro": null, "payment:mastercard": null, "payment:notes": null, "payment:visa": null, "payment:visa_electron": null, "start_date": null, "network": null, "network:wikidata": null, "ref": null, "source": "Bing", "bridge": null, "layer": null, "oneway": "yes", "lanes": "2", "lit": null, "short_name": null, "surface": "asphalt", "admin_level": null, "boundary": null, "loc_name": null, "foot": "no", "maxheight": null, "width": null, "sidewalk": null, "destination": null, "leisure": null, "email": null, "service:bicycle:cleaning": null, "service:bicycle:diy": null, "service:bicycle:pump": null, "service:bicycle:rental": null, "service:bicycle:retail": null, "service:bicycle:second_hand": null, "bus:lanes": null, "source:alt_name": null, "segregated": null, "service:bicycle:chain_tool": null, "not:operator:wikidata": null, "note": null, "barrier": null, "service": null, "branch": null, "contact:phone": null, "bin": null, "covered": null, "passenger_information_display": null, "shelter": null, "tactile_paving": null, "footway": null, "payment:cash": null, "payment:coins": null, "area": null, "addr:place": null, "access": null, "opening_hours:covid19": null, "addr:state": null, "cycleway": null, "incline": null, "hazard": null, "orientation": null, "parking": null, "type": null, "addr:district": null, "box_id": 1, "provider": "osmnx" }, "geometry": { "type": "LineString", "coordinates": [ [ -49.2420971, -25.4263431 ], [ -49.2422417, -25.42642 ], [ -49.2423046, -25.4264534 ] ] } },
{ "type": "Feature", "properties": { "highway": "service", "traffic_signals:direction": null, "crossing": null, "crossing_ref": null, "maxspeed": null, "traffic_signals": null, "traffic_signals:sound": null, "amenity": null, "addr:city": null, "addr:country": null, "addr:housenumber": null, "addr:street": null, "bicycle": null, "crossing:markings": null, "button_operated": null, "crossing:island": null, "name": null, "wheelchair": null, "addr:suburb": null, "brand": null, "brand:wikidata": null, "brand:wikipedia": null, "healthcare": null, "railway": null, "crossing:barrier": null, "capacity": null, "cuisine": null, "delivery": null, "internet_access": null, "opening_hours": null, "phone": null, "smoking": null, "takeaway": null, "website": null, "addr:postcode": null, "operator": null, "alt_name": null, "shop": null, "building": null, "name:en": null, "name:pt": null, "office": null, "old_name": null, "fee": null, "service:bicycle:bicycle": null, "service:bicycle:dealer": null, "service:bicycle:ebike": null, "service:bicycle:repair": null, "service:bicycle:sales": null, "direction": null, "stop": null, "bus": null, "public_transport": null, "brewery": null, "level": null, "microbrewery": null, "outdoor_seating": null, "payment:american_express": null, "payment:cards": null, "payment:credit_cards": null, "payment:cryptocurrencies": null, "payment:debit_cards": null, "payment:maestro": null, "payment:mastercard": null, "payment:notes": null, "payment:visa": null, "payment:visa_electron": null, "start_date": null, "network": null, "network:wikidata": null, "ref": null, "source": null, "bridge": null, "layer": null, "oneway": null, "lanes": null, "lit": null, "short_name": null, "surface": null, "admin_level": null, "boundary": null, "loc_name": null, "foot": null, "maxheight": null, "width": null, "sidewalk": null, "destination": null, "leisure": null, "email": null, "service:bicycle:cleaning": null, "service:bicycle:diy": null, "service:bicycle:pump": null, "service:bicycle:rental": null, "service:bicycle:retail": null, "service:bicycle:second_hand": null, "bus:lanes": null, "source:alt_name": null, "segregated": null, "service:bicycle:chain_tool": null, "not:operator:wikidata": null, "note": null, "barrier": null, "service": null, "branch": null, "contact:phone": null, "bin": null, "covered": null, "passenger_information_display": null, "shelter": null, "tactile_paving": null, "footway": null, "payment:cash": null, "payment:coins": null, "area": null, "addr:place": null, "access": null, "opening_hours:covid19": null, "addr:state": null, "cycleway": null, "incline": null, "hazard": null, "orientation": null, "parking": null, "type": null, "addr:district": null, "box_id": 1, "provider": "osmnx" }, "geometry": { "type": "LineString", "coordinates": [ [ -49.2429999, -25.4262039 ], [ -49.2430113, -25.4263638 ], [ -49.24302, -25.4264649 ] ] } },
{ "type": "Feature", "properties": { "highway": "secondary", "traffic_signals:direction": null, "crossing": null, "crossing_ref": null, "maxspeed": "60", "traffic_signals": null, "traffic_signals:sound": null, "amenity": null, "addr:city": null, "addr:country": null, "addr:housenumber": null, "addr:street": null, "bicycle": null, "crossing:markings": null, "button_operated": null, "crossing:island": null, "name": "Avenida Nossa Senhora da Luz", "wheelchair": null, "addr:suburb": null, "brand": null, "brand:wikidata": null, "brand:wikipedia": null, "healthcare": null, "railway": null, "crossing:barrier": null, "capacity": null, "cuisine": null, "delivery": null, "internet_access": null, "opening_hours": null, "phone": null, "smoking": null, "takeaway": null, "website": null, "addr:postcode": null, "operator": null, "alt_name": null, "shop": null, "building": null, "name:en": null, "name:pt": null, "office": null, "old_name": null, "fee": null, "service:bicycle:bicycle": null, "service:bicycle:dealer": null, "service:bicycle:ebike": null, "service:bicycle:repair": null, "service:bicycle:sales": null, "direction": null, "stop": null, "bus": null, "public_transport": null, "brewery": null, "level": null, "microbrewery": null, "outdoor_seating": null, "payment:american_express": null, "payment:cards": null, "payment:credit_cards": null, "payment:cryptocurrencies": null, "payment:debit_cards": null, "payment:maestro": null, "payment:mastercard": null, "payment:notes": null, "payment:visa": null, "payment:visa_electron": null, "start_date": null, "network": null, "network:wikidata": null, "ref": null, "source": null, "bridge": null, "layer": null, "oneway": "yes", "lanes": null, "lit": null, "short_name": null, "surface": null, "admin_level": null, "boundary": null, "loc_name": null, "foot": null, "maxheight": null, "width": null, "sidewalk": null, "destination": null, "leisure": null, "email": null, "service:bicycle:cleaning": null, "service:bicycle:diy": null, "service:bicycle:pump": null, "service:bicycle:rental": null, "service:bicycle:retail": null, "service:bicycle:second_hand": null, "bus:lanes": null, "source:alt_name": null, "segregated": null, "service:bicycle:chain_tool": null, "not:operator:wikidata": null, "note": null, "barrier": null, "service": null, "branch": null, "contact:phone": null, "bin": null, "covered": null, "passenger_information_display": null, "shelter": null, "tactile_paving": null, "footway": null, "payment:cash": null, "payment:coins": null, "area": null, "addr:place": null, "access": null, "opening_hours:covid19": null, "addr:state": null, "cycleway": null, "incline": null, "hazard": null, "orientation": null, "parking": null, "type": null, "addr:district": null, "box_id": 1, "provider": "osmnx" }, "geometry": { "type": "LineString", "coordinates": [ [ -49.2417745, -25.4271488 ], [ -49.2420971, -25.4263431 ], [ -49.2422804, -25.4258466 ], [ -49.2423267, -25.4257082 ], [ -49.2423524, -25.4256201 ], [ -49.2423786, -25.4255118 ], [ -49.2424098, -25.4253701 ], [ -49.2424362, -25.4252205 ], [ -49.2424542, -25.4250848 ], [ -49.2424586, -25.4249856 ], [ -49.2424574, -25.4249139 ] ] } },
{ "type": "Feature", "properties": { "highway": "footway", "traffic_signals:direction": null, "crossing": "uncontrolled", "crossing_ref": null, "maxspeed": null, "traffic_signals": null, "traffic_signals:sound": null, "amenity": null, "addr:city": null, "addr:country": null, "addr:housenumber": null, "addr:street": null, "bicycle": null, "crossing:markings": null, "button_operated": null, "crossing:island": null, "name": null, "wheelchair": null, "addr:suburb": null, "brand": null, "brand:wikidata": null, "brand:wikipedia": null, "healthcare": null, "railway": null, "crossing:barrier": null, "capacity": null, "cuisine": null, "delivery": null, "internet_access": null, "opening_hours": null, "phone": null, "smoking": null, "takeaway": null, "website": null, "addr:postcode": null, "operator": null, "alt_name": null, "shop": null, "building": null, "name:en": null, "name:pt": null, "office": null, "old_name": null, "fee": null, "service:bicycle:bicycle": null, "service:bicycle:dealer": null, "service:bicycle:ebike": null, "service:bicycle:repair": null, "service:bicycle:sales": null, "direction": null, "stop": null, "bus": null, "public_transport": null, "brewery": null, "level": null, "microbrewery": null, "outdoor_seating": null, "payment:american_express": null, "payment:cards": null, "payment:credit_cards": null, "payment:cryptocurrencies": null, "payment:debit_cards": null, "payment:maestro": null, "payment:mastercard": null, "payment:notes": null, "payment:visa": null, "payment:visa_electron": null, "start_date": null, "network": null, "network:wikidata": null, "ref": null, "source": null, "bridge": null, "layer": null, "oneway": null, "lanes": null, "lit": null, "short_name": null, "surface": null, "admin_level": null, "boundary": null, "loc_name": null, "foot": null, "maxheight": null, "width": null, "sidewalk": null, "destination": null, "leisure": null, "email": null, "service:bicycle:cleaning": null, "service:bicycle:diy": null, "service:bicycle:pump": null, "service:bicycle:rental": null, "service:bicycle:retail": null, "service:bicycle:second_hand": null, "bus:lanes": null, "source:alt_name": null, "segregated": null, "service:bicycle:chain_tool": null, "not:operator:wikidata": null, "note": null, "barrier": null, "service": null, "branch": null, "contact:phone": null, "bin": null, "covered": null, "passenger_information_display": null, "shelter": null, "tactile_paving": null, "footway": "crossing", "payment:cash": null, "payment:coins": null, "area": null, "addr:place": null, "access": null, "opening_hours:covid19": null, "addr:state": null, "cycleway": null, "incline": null, "hazard": null, "orientation": null, "parking": null, "type": null, "addr:district": null, "box_id": 1, "provider": "osmnx" }, "geometry": { "type": "LineString", "coordinates": [ [ -49.2423267, -25.4257082 ], [ -49.2425133, -25.4257581 ] ] } },
{ "type": "Feature", "properties": { "highway": "secondary", "traffic_signals:direction": null, "crossing": null, "crossing_ref": null, "maxspeed": "60", "traffic_signals": null, "traffic_signals:sound": null, "amenity": null, "addr:city": null, "addr:country": null, "addr:housenumber": null, "addr:street": null, "bicycle": null, "crossing:markings": null, "button_operated": null, "crossing:island": null, "name": "Avenida Nossa Senhora da Luz", "wheelchair": null, "addr:suburb": null, "brand": null, "brand:wikidata": null, "brand:wikipedia": null, "healthcare": null, "railway": null, "crossing:barrier": null, "capacity": null, "cuisine": null, "delivery": null, "internet_access": null, "opening_hours": null, "phone": null, "smoking": null, "takeaway": null, "website": null, "addr:postcode": null, "operator": null, "alt_name": null, "shop": null, "building": null, "name:en": null, "name:pt": null, "office": null, "old_name": null, "fee": null, "service:bicycle:bicycle": null, "service:bicycle:dealer": null, "service:bicycle:ebike": null, "service:bicycle:repair": null, "service:bicycle:sales": null, "direction": null, "stop": null, "bus": null, "public_transport": null, "brewery": null, "level": null, "microbrewery": null, "outdoor_seating": null, "payment:american_express": null, "payment:cards": null, "payment:credit_cards": null, "payment:cryptocurrencies": null, "payment:debit_cards": null, "payment:maestro": null, "payment:mastercard": null, "payment:notes": null, "payment:visa": null, "payment:visa_electron": null, "start_date": null, "network": null, "network:wikidata": null, "ref": null, "source": null, "bridge": null, "layer": null, "oneway": "yes", "lanes": null, "lit": null, "short_name": null, "surface": null, "admin_level": null, "boundary": null, "loc_name": null, "foot": null, "maxheight": null, "width": null, "sidewalk": null, "destination": null, "leisure": null, "email": null, "service:bicycle:cleaning": null, "service:bicycle:diy": null, "service:bicycle:pump": null, "service:bicycle:rental": null, "service:bicycle:retail": null, "service:bicycle:second_hand": null, "bus:lanes": null, "source:alt_name": null, "segregated": null, "service:bicycle:chain_tool": null, "not:operator:wikidata": null, "note": null, "barrier": null, "service": null, "branch": null, "contact:phone": null, "bin": null, "covered": null, "passenger_information_display": null, "shelter": null, "tactile_paving": null, "footway": null, "payment:cash": null, "payment:coins": null, "area": null, "addr:place": null, "access": null, "opening_hours:covid19": null, "addr:state": null, "cycleway": null, "incline": null, "hazard": null, "orientation": null, "parking": null, "type": null, "addr:district": null, "box_id": 1, "provider": "osmnx" }, "geometry": { "type": "LineString", "coordinates": [ [ -49.2426176, -25.4248358 ], [ -49.2426192, -25.4249154 ], [ -49.242618, -25.4250159 ], [ -49.2426129, -25.4251383 ], [ -49.2426016, -25.4252677 ], [ -49.2425797, -25.4254146 ], [ -49.2425494, -25.4255884 ], [ -49.2425133, -25.4257581 ], [ -49.2424767, -25.4259037 ], [ -49.2424399, -25.4260334 ], [ -49.2423792, -25.4262334 ], [ -49.2423046, -25.4264534 ] ] } },
{ "type": "Feature", "properties": { "highway": "footway", "traffic_signals:direction": null, "crossing": "zebra", "crossing_ref": null, "maxspeed": null, "traffic_signals": null, "traffic_signals:sound": null, "amenity": null, "addr:city": null, "addr:country": null, "addr:housenumber": null, "addr:street": null, "bicycle": "yes", "crossing:markings": null, "button_operated": null, "crossing:island": null, "name": null, "wheelchair": null, "addr:suburb": null, "brand": null, "brand:wikidata": null, "brand:wikipedia": null, "healthcare": null, "railway": null, "crossing:barrier": null, "capacity": null, "cuisine": null, "delivery": null, "internet_access": null, "opening_hours": null, "phone": null, "smoking": null, "takeaway": null, "website": null, "addr:postcode": null, "operator": null, "alt_name": null, "shop": null, "building": null, "name:en": null, "name:pt": null, "office": null, "old_name": null, "fee": null, "service:bicycle:bicycle": null, "service:bicycle:dealer": null, "service:bicycle:ebike": null, "service:bicycle:repair": null, "service:bicycle:sales": null, "direction": null, "stop": null, "bus": null, "public_transport": null, "brewery": null, "level": null, "microbrewery": null, "outdoor_seating": null, "payment:american_express": null, "payment:cards": null, "payment:credit_cards": null, "payment:cryptocurrencies": null, "payment:debit_cards": null, "payment:maestro": null, "payment:mastercard": null, "payment:notes": null, "payment:visa": null, "payment:visa_electron": null, "start_date": null, "network": null, "network:wikidata": null, "ref": null, "source": null, "bridge": null, "layer": null, "oneway": null, "lanes": null, "lit": null, "short_name": null, "surface": null, "admin_level": null, "boundary": null, "loc_name": null, "foot": null, "maxheight": null, "width": null, "sidewalk": null, "destination": null, "leisure": null, "email": null, "service:bicycle:cleaning": null, "service:bicycle:diy": null, "service:bicycle:pump": null, "service:bicycle:rental": null, "service:bicycle:retail": null, "service:bicycle:second_hand": null, "bus:lanes": null, "source:alt_name": null, "segregated": null, "service:bicycle:chain_tool": null, "not:operator:wikidata": null, "note": null, "barrier": null, "service": null, "branch": null, "contact:phone": null, "bin": null, "covered": null, "passenger_information_display": null, "shelter": null, "tactile_paving": null, "footway": "crossing", "payment:cash": null, "payment:coins": null, "area": null, "addr:place": null, "access": null, "opening_hours:covid19": null, "addr:state": null, "cycleway": null, "incline": null, "hazard": null, "orientation": null, "parking": null, "type": null, "addr:district": null, "box_id": 1, "provider": "osmnx" }, "geometry": { "type": "LineString", "coordinates": [ [ -49.2426192, -25.4249154 ], [ -49.2424574, -25.4249139 ] ] } },
{ "type": "Feature", "properties": { "highway": "footway", "traffic_signals:direction": null, "crossing": null, "crossing_ref": null, "maxspeed": null, "traffic_signals": null, "traffic_signals:sound": null, "amenity": null, "addr:city": null, "addr:country": null, "addr:housenumber": null, "addr:street": null, "bicycle": null, "crossing:markings": null, "button_operated": null, "crossing:island": null, "name": null, "wheelchair": null, "addr:suburb": null, "brand": null, "brand:wikidata": null, "brand:wikipedia": null, "healthcare": null, "railway": null, "crossing:barrier": null, "capacity": null, "cuisine": null, "delivery": null, "internet_access": null, "opening_hours": null, "phone": null, "smoking": null, "takeaway": null, "website": null, "addr:postcode": null, "operator": null, "alt_name": null, "shop": null, "building": null, "name:en": null, "name:pt": null, "office": null, "old_name": null, "fee": null, "service:bicycle:bicycle": null, "service:bicycle:dealer": null, "service:bicycle:ebike": null, "service:bicycle:repair": null, "service:bicycle:sales": null, "direction": null, "stop": null, "bus": null, "public_transport": null, "brewery": null, "level": null, "microbrewery": null, "outdoor_seating": null, "payment:american_express": null, "payment:cards": null, "payment:credit_cards": null, "payment:cryptocurrencies": null, "payment:debit_cards": null, "payment:maestro": null, "payment:mastercard": null, "payment:notes": null, "payment:visa": null, "payment:visa_electron": null, "start_date": null, "network": null, "network:wikidata": null, "ref": null, "source": null, "bridge": null, "layer": null, "oneway": null, "lanes": null, "lit": null, "short_name": null, "surface": "sett", "admin_level": null, "boundary": null, "loc_name": null, "foot": null, "maxheight": null, "width": null, "sidewalk": null, "destination": null, "leisure": null, "email": null, "service:bicycle:cleaning": null, "service:bicycle:diy": null, "service:bicycle:pump": null, "service:bicycle:rental": null, "service:bicycle:retail": null, "service:bicycle:second_hand": null, "bus:lanes": null, "source:alt_name": null, "segregated": null, "service:bicycle:chain_tool": null, "not:operator:wikidata": null, "note": null, "barrier": null, "service": null, "branch": null, "contact:phone": null, "bin": null, "covered": null, "passenger_information_display": null, "shelter": null, "tactile_paving": null, "footway": "sidewalk", "payment:cash": null, "payment:coins": null, "area": null, "addr:place": null, "access": null, "opening_hours:covid19": null, "addr:state": null, "cycleway": null, "incline": null, "hazard": null, "orientation": null, "parking": null, "type": null, "addr:district": null, "box_id": 1, "provider": "osmnx" }, "geometry": { "type": "LineString", "coordinates": [ [ -49.2416799, -25.4275382 ], [ -49.2417621, -25.4273763 ], [ -49.2418126, -25.4272585 ], [ -49.2418464, -25.4272361 ], [ -49.2418903, -25.4272411 ], [ -49.2419267, -25.4272662 ], [ -49.2419372, -25.4273016 ], [ -49.2418836, -25.4274189 ], [ -49.24183, -25.4275203 ] ] } },
{ "type": "Feature", "properties": { "highway": "secondary", "traffic_signals:direction": null, "crossing": null, "crossing_ref": null, "maxspeed": "60", "traffic_signals": null, "traffic_signals:sound": null, "amenity": null, "addr:city": null, "addr:country": null, "addr:housenumber": null, "addr:street": null, "bicycle": null, "crossing:markings": null, "button_operated": null, "crossing:island": null, "name": "Avenida Nossa Senhora da Luz", "wheelchair": null, "addr:suburb": null, "brand": null, "brand:wikidata": null, "brand:wikipedia": null, "healthcare": null, "railway": null, "crossing:barrier": null, "capacity": null, "cuisine": null, "delivery": null, "internet_access": null, "opening_hours": null, "phone": null, "smoking": null, "takeaway": null, "website": null, "addr:postcode": null, "operator": null, "alt_name": null, "shop": null, "building": null, "name:en": null, "name:pt": null, "office": null, "old_name": null, "fee": null, "service:bicycle:bicycle": null, "service:bicycle:dealer": null, "service:bicycle:ebike": null, "service:bicycle:repair": null, "service:bicycle:sales": null, "direction": null, "stop": null, "bus": null, "public_transport": null, "brewery": null, "level": null, "microbrewery": null, "outdoor_seating": null, "payment:american_express": null, "payment:cards": null, "payment:credit_cards": null, "payment:cryptocurrencies": null, "payment:debit_cards": null, "payment:maestro": null, "payment:mastercard": null, "payment:notes": null, "payment:visa": null, "payment:visa_electron": null, "start_date": null, "network": null, "network:wikidata": null, "ref": null, "source": null, "bridge": null, "layer": null, "oneway": "yes", "lanes": null, "lit": null, "short_name": null, "surface": null, "admin_level": null, "boundary": null, "loc_name": null, "foot": null, "maxheight": null, "width": null, "sidewalk": null, "destination": null, "leisure": null, "email": null, "service:bicycle:cleaning": null, "service:bicycle:diy": null, "service:bicycle:pump": null, "service:bicycle:rental": null, "service:bicycle:retail": null, "service:bicycle:second_hand": null, "bus:lanes": null, "source:alt_name": null, "segregated": null, "service:bicycle:chain_tool": null, "not:operator:wikidata": null, "note": null, "barrier": null, "service": null, "branch": null, "contact:phone": null, "bin": null, "covered": null, "passenger_information_display": null, "shelter": null, "tactile_paving": null, "footway": null, "payment:cash": null, "payment:coins": null, "area": null, "addr:place": null, "access": null, "opening_hours:covid19": null, "addr:state": null, "cycleway": null, "incline": null, "hazard": null, "orientation": null, "parking": null, "type": null, "addr:district": null, "box_id": 1, "provider": "osmnx" }, "geometry": { "type": "LineString", "coordinates": [ [ -49.2420079, -25.4272349 ], [ -49.2419712, -25.4273251 ], [ -49.2419245, -25.4274333 ], [ -49.2418829, -25.427514 ] ] } },
{ "type": "Feature", "properties": { "highway": "cycleway", "traffic_signals:direction": null, "crossing": "uncontrolled", "crossing_ref": null, "maxspeed": null, "traffic_signals": null, "traffic_signals:sound": null, "amenity": null, "addr:city": null, "addr:country": null, "addr:housenumber": null, "addr:street": null, "bicycle": "designated", "crossing:markings": null, "button_operated": null, "crossing:island": null, "name": null, "wheelchair": null, "addr:suburb": null, "brand": null, "brand:wikidata": null, "brand:wikipedia": null, "healthcare": null, "railway": null, "crossing:barrier": null, "capacity": null, "cuisine": null, "delivery": null, "internet_access": null, "opening_hours": null, "phone": null, "smoking": null, "takeaway": null, "website": null, "addr:postcode": null, "operator": null, "alt_name": null, "shop": null, "building": null, "name:en": null, "name:pt": null, "office": null, "old_name": null, "fee": null, "service:bicycle:bicycle": null, "service:bicycle:dealer": null, "service:bicycle:ebike": null, "service:bicycle:repair": null, "service:bicycle:sales": null, "direction": null, "stop": null, "bus": null, "public_transport": null, "brewery": null, "level": null, "microbrewery": null, "outdoor_seating": null, "payment:american_express": null, "payment:cards": null, "payment:credit_cards": null, "payment:cryptocurrencies": null, "payment:debit_cards": null, "payment:maestro": null, "payment:mastercard": null, "payment:notes": null, "payment:visa": null, "payment:visa_electron": null, "start_date": null, "network": null, "network:wikidata": null, "ref": null, "source": null, "bridge": null, "layer": null, "oneway": null, "lanes": null, "lit": null, "short_name": null, "surface": "asphalt", "admin_level": null, "boundary": null, "loc_name": null, "foot": "designated", "maxheight": null, "width": null, "sidewalk": null, "destination": null, "leisure": null, "email": null, "service:bicycle:cleaning": null, "service:bicycle:diy": null, "service:bicycle:pump": null, "service:bicycle:rental": null, "service:bicycle:retail": null, "service:bicycle:second_hand": null, "bus:lanes": null, "source:alt_name": null, "segregated": null, "service:bicycle:chain_tool": null, "not:operator:wikidata": null, "note": null, "barrier": null, "service": null, "branch": null, "contact:phone": null, "bin": null, "covered": null, "passenger_information_display": null, "shelter": null, "tactile_paving": null, "footway": null, "payment:cash": null, "payment:coins": null, "area": null, "addr:place": null, "access": null, "opening_hours:covid19": null, "addr:state": null, "cycleway": "crossing", "incline": null, "hazard": null, "orientation": null, "parking": null, "type": null, "addr:district": null, "box_id": 1, "provider": "osmnx" }, "geometry": { "type": "LineString", "coordinates": [ [ -49.2417621, -25.4273763 ], [ -49.2417496, -25.4273726 ], [ -49.2416918, -25.4273552 ], [ -49.2416548, -25.4273441 ], [ -49.2416367, -25.4273387 ] ] } },
{ "type": "Feature", "properties": { "highway": "cycleway", "traffic_signals:direction": null, "crossing": null, "crossing_ref": null, "maxspeed": null, "traffic_signals": null, "traffic_signals:sound": null, "amenity": null, "addr:city": null, "addr:country": null, "addr:housenumber": null, "addr:street": null, "bicycle": "designated", "crossing:markings": null, "button_operated": null, "crossing:island": null, "name": null, "wheelchair": null, "addr:suburb": null, "brand": null, "brand:wikidata": null, "brand:wikipedia": null, "healthcare": null, "railway": null, "crossing:barrier": null, "capacity": null, "cuisine": null, "delivery": null, "internet_access": null, "opening_hours": null, "phone": null, "smoking": null, "takeaway": null, "website": null, "addr:postcode": null, "operator": null, "alt_name": null, "shop": null, "building": null, "name:en": null, "name:pt": null, "office": null, "old_name": null, "fee": null, "service:bicycle:bicycle": null, "service:bicycle:dealer": null, "service:bicycle:ebike": null, "service:bicycle:repair": null, "service:bicycle:sales": null, "direction": null, "stop": null, "bus": null, "public_transport": null, "brewery": null, "level": null, "microbrewery": null, "outdoor_seating": null, "payment:american_express": null, "payment:cards": null, "payment:credit_cards": null, "payment:cryptocurrencies": null, "payment:debit_cards": null, "payment:maestro": null, "payment:mastercard": null, "payment:notes": null, "payment:visa": null, "payment:visa_electron": null, "start_date": null, "network": null, "network:wikidata": null, "ref": null, "source": null, "bridge": null, "layer": null, "oneway": null, "lanes": null, "lit": null, "short_name": null, "surface": "asphalt", "admin_level": null, "boundary": null, "loc_name": null, "foot": "designated", "maxheight": null, "width": null, "sidewalk": null, "destination": null, "leisure": null, "email": null, "service:bicycle:cleaning": null, "service:bicycle:diy": null, "service:bicycle:pump": null, "service:bicycle:rental": null, "service:bicycle:retail": null, "service:bicycle:second_hand": null, "bus:lanes": null, "source:alt_name": null, "segregated": "no", "service:bicycle:chain_tool": null, "not:operator:wikidata": null, "note": null, "barrier": null, "service": null, "branch": null, "contact:phone": null, "bin": null, "covered": null, "passenger_information_display": null, "shelter": null, "tactile_paving": null, "footway": null, "payment:cash": null, "payment:coins": null, "area": null, "addr:place": null, "access": null, "opening_hours:covid19": null, "addr:state": null, "cycleway": null, "incline": null, "hazard": null, "orientation": null, "parking": null, "type": null, "addr:district": null, "box_id": 1, "provider": "osmnx" }, "geometry": { "type": "LineString", "coordinates": [ [ -49.2416367, -25.4273387 ], [ -49.2415347, -25.4273952 ], [ -49.241482, -25.4274139 ], [ -49.2413976, -25.4274437 ], [ -49.241333795773528, -25.427461803460321 ] ] } },
{ "type": "Feature", "properties": { "highway": "secondary", "traffic_signals:direction": null, "crossing": null, "crossing_ref": null, "maxspeed": "60", "traffic_signals": null, "traffic_signals:sound": null, "amenity": null, "addr:city": null, "addr:country": null, "addr:housenumber": null, "addr:street": null, "bicycle": null, "crossing:markings": null, "button_operated": null, "crossing:island": null, "name": "Avenida Nossa Senhora da Luz", "wheelchair": null, "addr:suburb": null, "brand": null, "brand:wikidata": null, "brand:wikipedia": null, "healthcare": null, "railway": null, "crossing:barrier": null, "capacity": null, "cuisine": null, "delivery": null, "internet_access": null, "opening_hours": null, "phone": null, "smoking": null, "takeaway": null, "website": null, "addr:postcode": null, "operator": null, "alt_name": null, "shop": null, "building": null, "name:en": null, "name:pt": null, "office": null, "old_name": null, "fee": null, "service:bicycle:bicycle": null, "service:bicycle:dealer": null, "service:bicycle:ebike": null, "service:bicycle:repair": null, "service:bicycle:sales": null, "direction": null, "stop": null, "bus": null, "public_transport": null, "brewery": null, "level": null, "microbrewery": null, "outdoor_seating": null, "payment:american_express": null, "payment:cards": null, "payment:credit_cards": null, "payment:cryptocurrencies": null, "payment:debit_cards": null, "payment:maestro": null, "payment:mastercard": null, "payment:notes": null, "payment:visa": null, "payment:visa_electron": null, "start_date": null, "network": null, "network:wikidata": null, "ref": null, "source": null, "bridge": null, "layer": null, "oneway": "yes", "lanes": null, "lit": null, "short_name": null, "surface": null, "admin_level": null, "boundary": null, "loc_name": null, "foot": null, "maxheight": null, "width": null, "sidewalk": null, "destination": null, "leisure": null, "email": null, "service:bicycle:cleaning": null, "service:bicycle:diy": null, "service:bicycle:pump": null, "service:bicycle:rental": null, "service:bicycle:retail": null, "service:bicycle:second_hand": null, "bus:lanes": null, "source:alt_name": null, "segregated": null, "service:bicycle:chain_tool": null, "not:operator:wikidata": null, "note": null, "barrier": null, "service": null, "branch": null, "contact:phone": null, "bin": null, "covered": null, "passenger_information_display": null, "shelter": null, "tactile_paving": null, "footway": null, "payment:cash": null, "payment:coins": null, "area": null, "addr:place": null, "access": null, "opening_hours:covid19": null, "addr:state": null, "cycleway": null, "incline": null, "hazard": null, "orientation": null, "parking": null, "type": null, "addr:district": null, "box_id": 1, "provider": "osmnx" }, "geometry": { "type": "LineString", "coordinates": [ [ -49.2416625, -25.4274162 ], [ -49.2416918, -25.4273552 ], [ -49.2417745, -25.4271488 ] ] } },
{ "type": "Feature", "properties": { "highway": "secondary_link", "traffic_signals:direction": null, "crossing": null, "crossing_ref": null, "maxspeed": null, "traffic_signals": null, "traffic_signals:sound": null, "amenity": null, "addr:city": null, "addr:country": null, "addr:housenumber": null, "addr:street": null, "bicycle": null, "crossing:markings": null, "button_operated": null, "crossing:island": null, "name": null, "wheelchair": null, "addr:suburb": null, "brand": null, "brand:wikidata": null, "brand:wikipedia": null, "healthcare": null, "railway": null, "crossing:barrier": null, "capacity": null, "cuisine": null, "delivery": null, "internet_access": null, "opening_hours": null, "phone": null, "smoking": null, "takeaway": null, "website": null, "addr:postcode": null, "operator": null, "alt_name": null, "shop": null, "building": null, "name:en": null, "name:pt": null, "office": null, "old_name": null, "fee": null, "service:bicycle:bicycle": null, "service:bicycle:dealer": null, "service:bicycle:ebike": null, "service:bicycle:repair": null, "service:bicycle:sales": null, "direction": null, "stop": null, "bus": null, "public_transport": null, "brewery": null, "level": null, "microbrewery": null, "outdoor_seating": null, "payment:american_express": null, "payment:cards": null, "payment:credit_cards": null, "payment:cryptocurrencies": null, "payment:debit_cards": null, "payment:maestro": null, "payment:mastercard": null, "payment:notes": null, "payment:visa": null, "payment:visa_electron": null, "start_date": null, "network": null, "network:wikidata": null, "ref": null, "source": null, "bridge": null, "layer": null, "oneway": "yes", "lanes": "2", "lit": null, "short_name": null, "surface": "asphalt", "admin_level": null, "boundary": null, "loc_name": null, "foot": "no", "maxheight": null, "width": null, "sidewalk": null, "destination": "Retorno", "leisure": null, "email": null, "service:bicycle:cleaning": null, "service:bicycle:diy": null, "service:bicycle:pump": null, "service:bicycle:rental": null, "service:bicycle:retail": null, "service:bicycle:second_hand": null, "bus:lanes": null, "source:alt_name": null, "segregated": null, "service:bicycle:chain_tool": null, "not:operator:wikidata": null, "note": null, "barrier": null, "service": null, "branch": null, "contact:phone": null, "bin": null, "covered": null, "passenger_information_display": null, "shelter": null, "tactile_paving": null, "footway": null, "payment:cash": null, "payment:coins": null, "area": null, "addr:place": null, "access": null, "opening_hours:covid19": null, "addr:state": null, "cycleway": null, "incline": null, "hazard": null, "orientation": null, "parking": null, "type": null, "addr:district": null, "box_id": 1, "provider": "osmnx" }, "geometry": { "type": "LineString", "coordinates": [ [ -49.2420079, -25.4272349 ], [ -49.2418294, -25.4271691 ], [ -49.2417745, -25.4271488 ] ] } },
{ "type": "Feature", "properties": { "highway": "residential", "traffic_signals:direction": null, "crossing": null, "crossing_ref": null, "maxspeed": null, "traffic_signals": null, "traffic_signals:sound": null, "amenity": null, "addr:city": null, "addr:country": null, "addr:housenumber": null, "addr:street": null, "bicycle": null, "crossing:markings": null, "button_operated": null, "crossing:island": null, "name": "Rua Engenheiro Carlos Westermann", "wheelchair": null, "addr:suburb": null, "brand": null, "brand:wikidata": null, "brand:wikipedia": null, "healthcare": null, "railway": null, "crossing:barrier": null, "capacity": null, "cuisine": null, "delivery": null, "internet_access": null, "opening_hours": null, "phone": null, "smoking": null, "takeaway": null, "website": null, "addr:postcode": null, "operator": null, "alt_name": null, "shop": null, "building": null, "name:en": null, "name:pt": null, "office": null, "old_name": null, "fee": null, "service:bicycle:bicycle": null, "service:bicycle:dealer": null, "service:bicycle:ebike": null, "service:bicycle:repair": null, "service:bicycle:sales": null, "direction": null, "stop": null, "bus": null, "public_transport": null, "brewery": null, "level": null, "microbrewery": null, "outdoor_seating": null, "payment:american_express": null, "payment:cards": null, "payment:credit_cards": null, "payment:cryptocurrencies": null, "payment:debit_cards": null, "payment:maestro": null, "payment:mastercard": null, "payment:notes": null, "payment:visa": null, "payment:visa_electron": null, "start_date": null, "network": null, "network:wikidata": null, "ref": null, "source": null, "bridge": null, "layer": null, "oneway": null, "lanes": "2", "lit": null, "short_name": null, "surface": "asphalt", "admin_level": null, "boundary": null, "loc_name": null, "foot": null, "maxheight": null, "width": null, "sidewalk": null, "destination": null, "leisure": null, "email": null, "service:bicycle:cleaning": null, "service:bicycle:diy": null, "service:bicycle:pump": null, "service:bicycle:rental": null, "service:bicycle:retail": null, "service:bicycle:second_hand": null, "bus:lanes": null, "source:alt_name": null, "segregated": null, "service:bicycle:chain_tool": null, "not:operator:wikidata": null, "note": null, "barrier": null, "service": null, "branch": null, "contact:phone": null, "bin": null, "covered": null, "passenger_information_display": null, "shelter": null, "tactile_paving": null, "footway": null, "payment:cash": null, "payment:coins": null, "area": null, "addr:place": null, "access": null, "opening_hours:covid19": null, "addr:state": null, "cycleway": null, "incline": null, "hazard": null, "orientation": null, "parking": null, "type": null, "addr:district": null, "box_id": 1, "provider": "osmnx" }, "geometry": { "type": "LineString", "coordinates": [ [ -49.2417745, -25.4271488 ], [ -49.2416625, -25.4271052 ], [ -49.241340789577812, -25.426980000228941 ] ] } },
{ "type": "Feature", "properties": { "highway": "residential", "traffic_signals:direction": null, "crossing": null, "crossing_ref": null, "maxspeed": null, "traffic_signals": null, "traffic_signals:sound": null, "amenity": null, "addr:city": null, "addr:country": null, "addr:housenumber": null, "addr:street": null, "bicycle": null, "crossing:markings": null, "button_operated": null, "crossing:island": null, "name": "Avenida Edgard Stellfeld", "wheelchair": null, "addr:suburb": null, "brand": null, "brand:wikidata": null, "brand:wikipedia": null, "healthcare": null, "railway": null, "crossing:barrier": null, "capacity": null, "cuisine": null, "delivery": null, "internet_access": null, "opening_hours": null, "phone": null, "smoking": null, "takeaway": null, "website": null, "addr:postcode": null, "operator": null, "alt_name": null, "shop": null, "building": null, "name:en": null, "name:pt": null, "office": null, "old_name": null, "fee": null, "service:bicycle:bicycle": null, "service:bicycle:dealer": null, "service:bicycle:ebike": null, "service:bicycle:repair": null, "service:bicycle:sales": null, "direction": null, "stop": null, "bus": null, "public_transport": null, "brewery": null, "level": null, "microbrewery": null, "outdoor_seating": null, "payment:american_express": null, "payment:cards": null, "payment:credit_cards": null, "payment:cryptocurrencies": null, "payment:debit_cards": null, "payment:maestro": null, "payment:mastercard": null, "payment:notes": null, "payment:visa": null, "payment:visa_electron": null, "start_date": null, "network": null, "network:wikidata": null, "ref": null, "source": "Bing", "bridge": null, "layer": null, "oneway": "no", "lanes": "2", "lit": null, "short_name": null, "surface": "asphalt", "admin_level": null, "boundary": null, "loc_name": null, "foot": null, "maxheight": null, "width": null, "sidewalk": null, "destination": null, "leisure": null, "email": null, "service:bicycle:cleaning": null, "service:bicycle:diy": null, "service:bicycle:pump": null, "service:bicycle:rental": null, "service:bicycle:retail": null, "service:bicycle:second_hand": null, "bus:lanes": null, "source:alt_name": null, "segregated": null, "service:bicycle:chain_tool": null, "not:operator:wikidata": null, "note": null, "barrier": null, "service": null, "branch": null, "contact:phone": null, "bin": null, "covered": null, "passenger_information_display": null, "shelter": null, "tactile_paving": null, "footway": null, "payment:cash": null, "payment:coins": null, "area": null, "addr:place": null, "access": null, "opening_hours:covid19": null, "addr:state": null, "cycleway": null, "incline": null, "hazard": null, "orientation": null, "parking": null, "type": null, "addr:district": null, "box_id": 1, "provider": "osmnx" }, "geometry": { "type": "LineString", "coordinates": [ [ -49.2420971, -25.4263431 ], [ -49.2419833, -25.4262995 ], [ -49.241354170483682, -25.426058189519551 ] ] } },
{ "type": "Feature", "properties": { "highway": "service", "traffic_signals:direction": null, "crossing": null, "crossing_ref": null, "maxspeed": null, "traffic_signals": null, "traffic_signals:sound": null, "amenity": null, "addr:city": null, "addr:country": null, "addr:housenumber": null, "addr:street": null, "bicycle": null, "crossing:markings": null, "button_operated": null, "crossing:island": null, "name": null, "wheelchair": null, "addr:suburb": null, "brand": null, "brand:wikidata": null, "brand:wikipedia": null, "healthcare": null, "railway": null, "crossing:barrier": null, "capacity": null, "cuisine": null, "delivery": null, "internet_access": null, "opening_hours": null, "phone": null, "smoking": null, "takeaway": null, "website": null, "addr:postcode": null, "operator": null, "alt_name": null, "shop": null, "building": null, "name:en": null, "name:pt": null, "office": null, "old_name": null, "fee": null, "service:bicycle:bicycle": null, "service:bicycle:dealer": null, "service:bicycle:ebike": null, "service:bicycle:repair": null, "service:bicycle:sales": null, "direction": null, "stop": null, "bus": null, "public_transport": null, "brewery": null, "level": null, "microbrewery": null, "outdoor_seating": null, "payment:american_express": null, "payment:cards": null, "payment:credit_cards": null, "payment:cryptocurrencies": null, "payment:debit_cards": null, "payment:maestro": null, "payment:mastercard": null, "payment:notes": null, "payment:visa": null, "payment:visa_electron": null, "start_date": null, "network": null, "network:wikidata": null, "ref": null, "source": null, "bridge": null, "layer": null, "oneway": null, "lanes": null, "lit": null, "short_name": null, "surface": null, "admin_level": null, "boundary": null, "loc_name": null, "foot": null, "maxheight": null, "width": null, "sidewalk": null, "destination": null, "leisure": null, "email": null, "service:bicycle:cleaning": null, "service:bicycle:diy": null, "service:bicycle:pump": null, "service:bicycle:rental": null, "service:bicycle:retail": null, "service:bicycle:second_hand": null, "bus:lanes": null, "source:alt_name": null, "segregated": null, "service:bicycle:chain_tool": null, "not:operator:wikidata": null, "note": null, "barrier": null, "service": null, "branch": null, "contact:phone": null, "bin": null, "covered": null, "passenger_information_display": null, "shelter": null, "tactile_paving": null, "footway": null, "payment:cash": null, "payment:coins": null, "area": null, "addr:place": null, "access": null, "opening_hours:covid19": null, "addr:state": null, "cycleway": null, "incline": null, "hazard": null, "orientation": null, "parking": null, "type": null, "addr:district": null, "box_id": 1, "provider": "osmnx" }, "geometry": { "type": "LineString", "coordinates": [ [ -49.2419101, -25.4236619 ], [ -49.2417973, -25.4237286 ], [ -49.2415099, -25.4238984 ] ] } },
{ "type": "Feature", "properties": { "highway": "secondary_link", "traffic_signals:direction": null, "crossing": null, "crossing_ref": null, "maxspeed": null, "traffic_signals": null, "traffic_signals:sound": null, "amenity": null, "addr:city": null, "addr:country": null, "addr:housenumber": null, "addr:street": null, "bicycle": null, "crossing:markings": null, "button_operated": null, "crossing:island": null, "name": null, "wheelchair": null, "addr:suburb": null, "brand": null, "brand:wikidata": null, "brand:wikipedia": null, "healthcare": null, "railway": null, "crossing:barrier": null, "capacity": null, "cuisine": null, "delivery": null, "internet_access": null, "opening_hours": null, "phone": null, "smoking": null, "takeaway": null, "website": null, "addr:postcode": null, "operator": null, "alt_name": null, "shop": null, "building": null, "name:en": null, "name:pt": null, "office": null, "old_name": null, "fee": null, "service:bicycle:bicycle": null, "service:bicycle:dealer": null, "service:bicycle:ebike": null, "service:bicycle:repair": null, "service:bicycle:sales": null, "direction": null, "stop": null, "bus": null, "public_transport": null, "brewery": null, "level": null, "microbrewery": null, "outdoor_seating": null, "payment:american_express": null, "payment:cards": null, "payment:credit_cards": null, "payment:cryptocurrencies": null, "payment:debit_cards": null, "payment:maestro": null, "payment:mastercard": null, "payment:notes": null, "payment:visa": null, "payment:visa_electron": null, "start_date": null, "network": null, "network:wikidata": null, "ref": null, "source": null, "bridge": null, "layer": null, "oneway": "yes", "lanes": null, "lit": null, "short_name": null, "surface": null, "admin_level": null, "boundary": null, "loc_name": null, "foot": "no", "maxheight": null, "width": null, "sidewalk": null, "destination": null, "leisure": null, "email": null, "service:bicycle:cleaning": null, "service:bicycle:diy": null, "service:bicycle:pump": null, "service:bicycle:rental": null, "service:bicycle:retail": null, "service:bicycle:second_hand": null, "bus:lanes": null, "source:alt_name": null, "segregated": null, "service:bicycle:chain_tool": null, "not:operator:wikidata": null, "note": null, "barrier": null, "service": null, "branch": null, "contact:phone": null, "bin": null, "covered": null, "passenger_information_display": null, "shelter": null, "tactile_paving": null, "footway": null, "payment:cash": null, "payment:coins": null, "area": null, "addr:place": null, "access": null, "opening_hours:covid19": null, "addr:state": null, "cycleway": null, "incline": null, "hazard": null, "orientation": null, "parking": null, "type": null, "addr:district": null, "box_id": 1, "provider": "osmnx" }, "geometry": { "type": "LineString", "coordinates": [ [ -49.2419101, -25.4236619 ], [ -49.2418969, -25.4235652 ], [ -49.2418981, -25.4235061 ], [ -49.2419188, -25.4233696 ] ] } },
{ "type": "Feature", "properties": { "highway": "residential", "traffic_signals:direction": null, "crossing": null, "crossing_ref": null, "maxspeed": null, "traffic_signals": null, "traffic_signals:sound": null, "amenity": null, "addr:city": null, "addr:country": null, "addr:housenumber": null, "addr:street": null, "bicycle": null, "crossing:markings": null, "button_operated": null, "crossing:island": null, "name": "Rua Coronel Assumpção", "wheelchair": null, "addr:suburb": null, "brand": null, "brand:wikidata": null, "brand:wikipedia": null, "healthcare": null, "railway": null, "crossing:barrier": null, "capacity": null, "cuisine": null, "delivery": null, "internet_access": null, "opening_hours": null, "phone": null, "smoking": null, "takeaway": null, "website": null, "addr:postcode": null, "operator": null, "alt_name": null, "shop": null, "building": null, "name:en": null, "name:pt": null, "office": null, "old_name": null, "fee": null, "service:bicycle:bicycle": null, "service:bicycle:dealer": null, "service:bicycle:ebike": null, "service:bicycle:repair": null, "service:bicycle:sales": null, "direction": null, "stop": null, "bus": null, "public_transport": null, "brewery": null, "level": null, "microbrewery": null, "outdoor_seating": null, "payment:american_express": null, "payment:cards": null, "payment:credit_cards": null, "payment:cryptocurrencies": null, "payment:debit_cards": null, "payment:maestro": null, "payment:mastercard": null, "payment:notes": null, "payment:visa": null, "payment:visa_electron": null, "start_date": null, "network": null, "network:wikidata": null, "ref": null, "source": "survey", "bridge": null, "layer": null, "oneway": null, "lanes": null, "lit": null, "short_name": null, "surface": null, "admin_level": null, "boundary": null, "loc_name": null, "foot": null, "maxheight": null, "width": null, "sidewalk": null, "destination": null, "leisure": null, "email": null, "service:bicycle:cleaning": null, "service:bicycle:diy": null, "service:bicycle:pump": null, "service:bicycle:rental": null, "service:bicycle:retail": null, "service:bicycle:second_hand": null, "bus:lanes": null, "source:alt_name": null, "segregated": null, "service:bicycle:chain_tool": null, "not:operator:wikidata": null, "note": null, "barrier": null, "service": null, "branch": null, "contact:phone": null, "bin": null, "covered": null, "passenger_information_display": null, "shelter": null, "tactile_paving": null, "footway": null, "payment:cash": null, "payment:coins": null, "area": null, "addr:place": null, "access": null, "opening_hours:covid19": null, "addr:state": null, "cycleway": null, "incline": null, "hazard": null, "orientation": null, "parking": null, "type": null, "addr:district": null, "box_id": 1, "provider": "osmnx" }, "geometry": { "type": "LineString", "coordinates": [ [ -49.2451536, -25.4230936 ], [ -49.2453071, -25.4246167 ], [ -49.2453598, -25.4251395 ], [ -49.245472, -25.4262519 ] ] } },
{ "type": "Feature", "properties": { "highway": "secondary", "traffic_signals:direction": null, "crossing": null, "crossing_ref": null, "maxspeed": null, "traffic_signals": null, "traffic_signals:sound": null, "amenity": null, "addr:city": null, "addr:country": null, "addr:housenumber": null, "addr:street": null, "bicycle": null, "crossing:markings": null, "button_operated": null, "crossing:island": null, "name": "Rua Professor Brandão", "wheelchair": null, "addr:suburb": null, "brand": null, "brand:wikidata": null, "brand:wikipedia": null, "healthcare": null, "railway": null, "crossing:barrier": null, "capacity": null, "cuisine": null, "delivery": null, "internet_access": null, "opening_hours": null, "phone": null, "smoking": null, "takeaway": null, "website": null, "addr:postcode": null, "operator": null, "alt_name": null, "shop": null, "building": null, "name:en": null, "name:pt": null, "office": null, "old_name": null, "fee": null, "service:bicycle:bicycle": null, "service:bicycle:dealer": null, "service:bicycle:ebike": null, "service:bicycle:repair": null, "service:bicycle:sales": null, "direction": null, "stop": null, "bus": null, "public_transport": null, "brewery": null, "level": null, "microbrewery": null, "outdoor_seating": null, "payment:american_express": null, "payment:cards": null, "payment:credit_cards": null, "payment:cryptocurrencies": null, "payment:debit_cards": null, "payment:maestro": null, "payment:mastercard": null, "payment:notes": null, "payment:visa": null, "payment:visa_electron": null, "start_date": null, "network": null, "network:wikidata": null, "ref": null, "source": null, "bridge": null, "layer": null, "oneway": "yes", "lanes": "2", "lit": null, "short_name": null, "surface": "asphalt", "admin_level": null, "boundary": null, "loc_name": null, "foot": null, "maxheight": null, "width": null, "sidewalk": null, "destination": null, "leisure": null, "email": null, "service:bicycle:cleaning": null, "service:bicycle:diy": null, "service:bicycle:pump": null, "service:bicycle:rental": null, "service:bicycle:retail": null, "service:bicycle:second_hand": null, "bus:lanes": null, "source:alt_name": null, "segregated": null, "service:bicycle:chain_tool": null, "not:operator:wikidata": null, "note": null, "barrier": null, "service": null, "branch": null, "contact:phone": null, "bin": null, "covered": null, "passenger_information_display": null, "shelter": null, "tactile_paving": null, "footway": null, "payment:cash": null, "payment:coins": null, "area": null, "addr:place": null, "access": null, "opening_hours:covid19": null, "addr:state": null, "cycleway": null, "incline": null, "hazard": null, "orientation": null, "parking": null, "type": null, "addr:district": null, "box_id": 1, "provider": "osmnx" }, "geometry": { "type": "LineString", "coordinates": [ [ -49.2486599, -25.4243435 ], [ -49.2483079, -25.4243722 ], [ -49.2482014, -25.4243801 ], [ -49.2481028, -25.4243883 ], [ -49.2479509, -25.4244013 ], [ -49.247379, -25.4244479 ], [ -49.2461304, -25.4245496 ], [ -49.2453071, -25.4246167 ], [ -49.2444963, -25.4246828 ], [ -49.2433123, -25.4247792 ], [ -49.2427048, -25.4248287 ], [ -49.2426176, -25.4248358 ] ] } },
{ "type": "Feature", "properties": { "highway": "service", "traffic_signals:direction": null, "crossing": null, "crossing_ref": null, "maxspeed": null, "traffic_signals": null, "traffic_signals:sound": null, "amenity": null, "addr:city": null, "addr:country": null, "addr:housenumber": null, "addr:street": null, "bicycle": null, "crossing:markings": null, "button_operated": null, "crossing:island": null, "name": "Rua Flávio Dallegrave", "wheelchair": null, "addr:suburb": null, "brand": null, "brand:wikidata": null, "brand:wikipedia": null, "healthcare": null, "railway": null, "crossing:barrier": null, "capacity": null, "cuisine": null, "delivery": null, "internet_access": null, "opening_hours": null, "phone": null, "smoking": null, "takeaway": null, "website": null, "addr:postcode": null, "operator": null, "alt_name": null, "shop": null, "building": null, "name:en": null, "name:pt": null, "office": null, "old_name": null, "fee": null, "service:bicycle:bicycle": null, "service:bicycle:dealer": null, "service:bicycle:ebike": null, "service:bicycle:repair": null, "service:bicycle:sales": null, "direction": null, "stop": null, "bus": null, "public_transport": null, "brewery": null, "level": null, "microbrewery": null, "outdoor_seating": null, "payment:american_express": null, "payment:cards": null, "payment:credit_cards": null, "payment:cryptocurrencies": null, "payment:debit_cards": null, "payment:maestro": null, "payment:mastercard": null, "payment:notes": null, "payment:visa": null, "payment:visa_electron": null, "start_date": null, "network": null, "network:wikidata": null, "ref": null, "source": null, "bridge": null, "layer": null, "oneway": null, "lanes": null, "lit": null, "short_name": null, "surface": null, "admin_level": null, "boundary": null, "loc_name": null, "foot": null, "maxheight": null, "width": null, "sidewalk": null, "destination": null, "leisure": null, "email": null, "service:bicycle:cleaning": null, "service:bicycle:diy": null, "service:bicycle:pump": null, "service:bicycle:rental": null, "service:bicycle:retail": null, "service:bicycle:second_hand": null, "bus:lanes": null, "source:alt_name": null, "segregated": null, "service:bicycle:chain_tool": null, "not:operator:wikidata": null, "note": null, "barrier": null, "service": "parking_aisle", "branch": null, "contact:phone": null, "bin": null, "covered": null, "passenger_information_display": null, "shelter": null, "tactile_paving": null, "footway": null, "payment:cash": null, "payment:coins": null, "area": null, "addr:place": null, "access": null, "opening_hours:covid19": null, "addr:state": null, "cycleway": null, "incline": null, "hazard": null, "orientation": null, "parking": null, "type": null, "addr:district": null, "box_id": 1, "provider": "osmnx" }, "geometry": { "type": "LineString", "coordinates": [ [ -49.2479509, -25.4244013 ], [ -49.2479033, -25.4243267 ], [ -49.2478876, -25.4243021 ], [ -49.2474699, -25.4236479 ] ] } },
{ "type": "Feature", "properties": { "highway": "residential", "traffic_signals:direction": null, "crossing": null, "crossing_ref": null, "maxspeed": null, "traffic_signals": null, "traffic_signals:sound": null, "amenity": null, "addr:city": null, "addr:country": null, "addr:housenumber": null, "addr:street": null, "bicycle": null, "crossing:markings": null, "button_operated": null, "crossing:island": null, "name": "Rua Fernandes de Barros", "wheelchair": null, "addr:suburb": null, "brand": null, "brand:wikidata": null, "brand:wikipedia": null, "healthcare": null, "railway": null, "crossing:barrier": null, "capacity": null, "cuisine": null, "delivery": null, "internet_access": null, "opening_hours": null, "phone": null, "smoking": null, "takeaway": null, "website": null, "addr:postcode": null, "operator": null, "alt_name": null, "shop": null, "building": null, "name:en": null, "name:pt": null, "office": null, "old_name": null, "fee": null, "service:bicycle:bicycle": null, "service:bicycle:dealer": null, "service:bicycle:ebike": null, "service:bicycle:repair": null, "service:bicycle:sales": null, "direction": null, "stop": null, "bus": null, "public_transport": null, "brewery": null, "level": null, "microbrewery": null, "outdoor_seating": null, "payment:american_express": null, "payment:cards": null, "payment:credit_cards": null, "payment:cryptocurrencies": null, "payment:debit_cards": null, "payment:maestro": null, "payment:mastercard": null, "payment:notes": null, "payment:visa": null, "payment:visa_electron": null, "start_date": null, "network": null, "network:wikidata": null, "ref": null, "source": null, "bridge": null, "layer": null, "oneway": "no", "lanes": "2", "lit": null, "short_name": null, "surface": "asphalt", "admin_level": null, "boundary": null, "loc_name": null, "foot": null, "maxheight": null, "width": null, "sidewalk": null, "destination": null, "leisure": null, "email": null, "service:bicycle:cleaning": null, "service:bicycle:diy": null, "service:bicycle:pump": null, "service:bicycle:rental": null, "service:bicycle:retail": null, "service:bicycle:second_hand": null, "bus:lanes": null, "source:alt_name": null, "segregated": null, "service:bicycle:chain_tool": null, "not:operator:wikidata": null, "note": null, "barrier": null, "service": null, "branch": null, "contact:phone": null, "bin": null, "covered": null, "passenger_information_display": null, "shelter": null, "tactile_paving": null, "footway": null, "payment:cash": null, "payment:coins": null, "area": null, "addr:place": null, "access": null, "opening_hours:covid19": null, "addr:state": null, "cycleway": null, "incline": null, "hazard": null, "orientation": null, "parking": null, "type": null, "addr:district": null, "box_id": 1, "provider": "osmnx" }, "geometry": { "type": "LineString", "coordinates": [ [ -49.246657979447718, -25.429702528255664 ], [ -49.2465925, -25.4290637 ], [ -49.2465748, -25.4288904 ], [ -49.2465624, -25.4287689 ], [ -49.2465101, -25.4282586 ], [ -49.2464814, -25.4279787 ], [ -49.246473, -25.427897 ], [ -49.2464318, -25.427494 ], [ -49.2464143, -25.4273225 ], [ -49.246404, -25.4272219 ], [ -49.2462973, -25.4261802 ], [ -49.2461502, -25.4247432 ], [ -49.2461304, -25.4245496 ], [ -49.2461161, -25.4244099 ], [ -49.2459985, -25.4232608 ], [ -49.2459742, -25.4230236 ], [ -49.2459615, -25.4228993 ], [ -49.2458997, -25.4222957 ], [ -49.2458063, -25.4213828 ], [ -49.2458013, -25.4213341 ], [ -49.2457871, -25.4211955 ], [ -49.2457755, -25.4210825 ], [ -49.245732648988756, -25.420663599180838 ] ] } },
{ "type": "Feature", "properties": { "highway": "secondary", "traffic_signals:direction": null, "crossing": null, "crossing_ref": null, "maxspeed": "50", "traffic_signals": null, "traffic_signals:sound": null, "amenity": null, "addr:city": null, "addr:country": null, "addr:housenumber": null, "addr:street": null, "bicycle": null, "crossing:markings": null, "button_operated": null, "crossing:island": null, "name": "Rua Itupava", "wheelchair": null, "addr:suburb": null, "brand": null, "brand:wikidata": null, "brand:wikipedia": null, "healthcare": null, "railway": null, "crossing:barrier": null, "capacity": null, "cuisine": null, "delivery": null, "internet_access": null, "opening_hours": null, "phone": null, "smoking": null, "takeaway": null, "website": null, "addr:postcode": null, "operator": null, "alt_name": null, "shop": null, "building": null, "name:en": null, "name:pt": null, "office": null, "old_name": null, "fee": null, "service:bicycle:bicycle": null, "service:bicycle:dealer": null, "service:bicycle:ebike": null, "service:bicycle:repair": null, "service:bicycle:sales": null, "direction": null, "stop": null, "bus": null, "public_transport": null, "brewery": null, "level": null, "microbrewery": null, "outdoor_seating": null, "payment:american_express": null, "payment:cards": null, "payment:credit_cards": null, "payment:cryptocurrencies": null, "payment:debit_cards": null, "payment:maestro": null, "payment:mastercard": null, "payment:notes": null, "payment:visa": null, "payment:visa_electron": null, "start_date": null, "network": null, "network:wikidata": null, "ref": null, "source": null, "bridge": null, "layer": null, "oneway": "yes", "lanes": "3", "lit": null, "short_name": null, "surface": "asphalt", "admin_level": "10", "boundary": "administrative", "loc_name": null, "foot": null, "maxheight": null, "width": null, "sidewalk": null, "destination": null, "leisure": null, "email": null, "service:bicycle:cleaning": null, "service:bicycle:diy": null, "service:bicycle:pump": null, "service:bicycle:rental": null, "service:bicycle:retail": null, "service:bicycle:second_hand": null, "bus:lanes": null, "source:alt_name": null, "segregated": null, "service:bicycle:chain_tool": null, "not:operator:wikidata": null, "note": null, "barrier": null, "service": null, "branch": null, "contact:phone": null, "bin": null, "covered": null, "passenger_information_display": null, "shelter": null, "tactile_paving": null, "footway": null, "payment:cash": null, "payment:coins": null, "area": null, "addr:place": null, "access": null, "opening_hours:covid19": null, "addr:state": null, "cycleway": null, "incline": null, "hazard": null, "orientation": null, "parking": null, "type": null, "addr:district": null, "box_id": 1, "provider": "osmnx" }, "geometry": { "type": "LineString", "coordinates": [ [ -49.2419188, -25.4233696 ], [ -49.2420315, -25.42336 ], [ -49.2431684, -25.423263 ], [ -49.2443496, -25.4231622 ], [ -49.2451536, -25.4230936 ], [ -49.2459742, -25.4230236 ], [ -49.2464361, -25.4229842 ], [ -49.2468541, -25.4229485 ], [ -49.2469639, -25.4229391 ] ] } },
{ "type": "Feature", "properties": { "highway": "service", "traffic_signals:direction": null, "crossing": null, "crossing_ref": null, "maxspeed": null, "traffic_signals": null, "traffic_signals:sound": null, "amenity": null, "addr:city": null, "addr:country": null, "addr:housenumber": null, "addr:street": null, "bicycle": null, "crossing:markings": null, "button_operated": null, "crossing:island": null, "name": null, "wheelchair": null, "addr:suburb": null, "brand": null, "brand:wikidata": null, "brand:wikipedia": null, "healthcare": null, "railway": null, "crossing:barrier": null, "capacity": null, "cuisine": null, "delivery": null, "internet_access": null, "opening_hours": null, "phone": null, "smoking": null, "takeaway": null, "website": null, "addr:postcode": null, "operator": null, "alt_name": null, "shop": null, "building": null, "name:en": null, "name:pt": null, "office": null, "old_name": null, "fee": null, "service:bicycle:bicycle": null, "service:bicycle:dealer": null, "service:bicycle:ebike": null, "service:bicycle:repair": null, "service:bicycle:sales": null, "direction": null, "stop": null, "bus": null, "public_transport": null, "brewery": null, "level": null, "microbrewery": null, "outdoor_seating": null, "payment:american_express": null, "payment:cards": null, "payment:credit_cards": null, "payment:cryptocurrencies": null, "payment:debit_cards": null, "payment:maestro": null, "payment:mastercard": null, "payment:notes": null, "payment:visa": null, "payment:visa_electron": null, "start_date": null, "network": null, "network:wikidata": null, "ref": null, "source": null, "bridge": null, "layer": null, "oneway": null, "lanes": null, "lit": null, "short_name": null, "surface": null, "admin_level": null, "boundary": null, "loc_name": null, "foot": null, "maxheight": null, "width": null, "sidewalk": null, "destination": null, "leisure": null, "email": null, "service:bicycle:cleaning": null, "service:bicycle:diy": null, "service:bicycle:pump": null, "service:bicycle:rental": null, "service:bicycle:retail": null, "service:bicycle:second_hand": null, "bus:lanes": null, "source:alt_name": null, "segregated": null, "service:bicycle:chain_tool": null, "not:operator:wikidata": null, "note": null, "barrier": null, "service": null, "branch": null, "contact:phone": null, "bin": null, "covered": null, "passenger_information_display": null, "shelter": null, "tactile_paving": null, "footway": null, "payment:cash": null, "payment:coins": null, "area": null, "addr:place": null, "access": null, "opening_hours:covid19": null, "addr:state": null, "cycleway": null, "incline": null, "hazard": null, "orientation": null, "parking": null, "type": null, "addr:district": null, "box_id": 1, "provider": "osmnx" }, "geometry": { "type": "LineString", "coordinates": [ [ -49.2468541, -25.4229485 ], [ -49.2468686, -25.4230402 ], [ -49.2468725, -25.4230712 ], [ -49.2468767, -25.423104 ] ] } },
{ "type": "Feature", "properties": { "highway": "cycleway", "traffic_signals:direction": null, "crossing": "uncontrolled", "crossing_ref": null, "maxspeed": null, "traffic_signals": null, "traffic_signals:sound": null, "amenity": null, "addr:city": null, "addr:country": null, "addr:housenumber": null, "addr:street": null, "bicycle": "designated", "crossing:markings": null, "button_operated": null, "crossing:island": null, "name": null, "wheelchair": null, "addr:suburb": null, "brand": null, "brand:wikidata": null, "brand:wikipedia": null, "healthcare": null, "railway": null, "crossing:barrier": null, "capacity": null, "cuisine": null, "delivery": null, "internet_access": null, "opening_hours": null, "phone": null, "smoking": null, "takeaway": null, "website": null, "addr:postcode": null, "operator": null, "alt_name": null, "shop": null, "building": null, "name:en": null, "name:pt": null, "office": null, "old_name": null, "fee": null, "service:bicycle:bicycle": null, "service:bicycle:dealer": null, "service:bicycle:ebike": null, "service:bicycle:repair": null, "service:bicycle:sales": null, "direction": null, "stop": null, "bus": null, "public_transport": null, "brewery": null, "level": null, "microbrewery": null, "outdoor_seating": null, "payment:american_express": null, "payment:cards": null, "payment:credit_cards": null, "payment:cryptocurrencies": null, "payment:debit_cards": null, "payment:maestro": null, "payment:mastercard": null, "payment:notes": null, "payment:visa": null, "payment:visa_electron": null, "start_date": null, "network": null, "network:wikidata": null, "ref": null, "source": null, "bridge": null, "layer": null, "oneway": null, "lanes": null, "lit": null, "short_name": null, "surface": "asphalt", "admin_level": null, "boundary": null, "loc_name": null, "foot": "designated", "maxheight": null, "width": null, "sidewalk": null, "destination": null, "leisure": null, "email": null, "service:bicycle:cleaning": null, "service:bicycle:diy": null, "service:bicycle:pump": null, "service:bicycle:rental": null, "service:bicycle:retail": null, "service:bicycle:second_hand": null, "bus:lanes": null, "source:alt_name": null, "segregated": null, "service:bicycle:chain_tool": null, "not:operator:wikidata": null, "note": null, "barrier": null, "service": null, "branch": null, "contact:phone": null, "bin": null, "covered": null, "passenger_information_display": null, "shelter": null, "tactile_paving": null, "footway": null, "payment:cash": null, "payment:coins": null, "area": null, "addr:place": null, "access": null, "opening_hours:covid19": null, "addr:state": null, "cycleway": "crossing", "incline": null, "hazard": null, "orientation": null, "parking": null, "type": null, "addr:district": null, "box_id": 1, "provider": "osmnx" }, "geometry": { "type": "LineString", "coordinates": [ [ -49.2471977, -25.4228385 ], [ -49.2472443, -25.422915 ], [ -49.2472704, -25.4229578 ] ] } },
{ "type": "Feature", "properties": { "highway": "residential", "traffic_signals:direction": null, "crossing": null, "crossing_ref": null, "maxspeed": null, "traffic_signals": null, "traffic_signals:sound": null, "amenity": null, "addr:city": null, "addr:country": null, "addr:housenumber": null, "addr:street": null, "bicycle": null, "crossing:markings": null, "button_operated": null, "crossing:island": null, "name": "Rua Flávio Dallegrave", "wheelchair": null, "addr:suburb": null, "brand": null, "brand:wikidata": null, "brand:wikipedia": null, "healthcare": null, "railway": null, "crossing:barrier": null, "capacity": null, "cuisine": null, "delivery": null, "internet_access": null, "opening_hours": null, "phone": null, "smoking": null, "takeaway": null, "website": null, "addr:postcode": null, "operator": null, "alt_name": null, "shop": null, "building": null, "name:en": null, "name:pt": null, "office": null, "old_name": null, "fee": null, "service:bicycle:bicycle": null, "service:bicycle:dealer": null, "service:bicycle:ebike": null, "service:bicycle:repair": null, "service:bicycle:sales": null, "direction": null, "stop": null, "bus": null, "public_transport": null, "brewery": null, "level": null, "microbrewery": null, "outdoor_seating": null, "payment:american_express": null, "payment:cards": null, "payment:credit_cards": null, "payment:cryptocurrencies": null, "payment:debit_cards": null, "payment:maestro": null, "payment:mastercard": null, "payment:notes": null, "payment:visa": null, "payment:visa_electron": null, "start_date": null, "network": null, "network:wikidata": null, "ref": null, "source": null, "bridge": null, "layer": null, "oneway": "no", "lanes": "2", "lit": null, "short_name": null, "surface": "asphalt", "admin_level": null, "boundary": null, "loc_name": null, "foot": null, "maxheight": null, "width": null, "sidewalk": null, "destination": null, "leisure": null, "email": null, "service:bicycle:cleaning": null, "service:bicycle:diy": null, "service:bicycle:pump": null, "service:bicycle:rental": null, "service:bicycle:retail": null, "service:bicycle:second_hand": null, "bus:lanes": null, "source:alt_name": null, "segregated": null, "service:bicycle:chain_tool": null, "not:operator:wikidata": null, "note": null, "barrier": null, "service": null, "branch": null, "contact:phone": null, "bin": null, "covered": null, "passenger_information_display": null, "shelter": null, "tactile_paving": null, "footway": null, "payment:cash": null, "payment:coins": null, "area": null, "addr:place": null, "access": null, "opening_hours:covid19": null, "addr:state": null, "cycleway": null, "incline": null, "hazard": null, "orientation": null, "parking": null, "type": null, "addr:district": null, "box_id": 1, "provider": "osmnx" }, "geometry": { "type": "LineString", "coordinates": [ [ -49.2465008, -25.4222465 ], [ -49.2469162, -25.4228677 ], [ -49.2469639, -25.4229391 ], [ -49.2470169, -25.4230198 ], [ -49.2471479, -25.4232195 ], [ -49.2472069, -25.4233115 ], [ -49.2472445, -25.423383 ], [ -49.2472708, -25.4234557 ] ] } },
{ "type": "Feature", "properties": { "highway": "footway", "traffic_signals:direction": null, "crossing": null, "crossing_ref": null, "maxspeed": null, "traffic_signals": null, "traffic_signals:sound": null, "amenity": null, "addr:city": null, "addr:country": null, "addr:housenumber": null, "addr:street": null, "bicycle": null, "crossing:markings": null, "button_operated": null, "crossing:island": null, "name": "Rua Camões", "wheelchair": null, "addr:suburb": null, "brand": null, "brand:wikidata": null, "brand:wikipedia": null, "healthcare": null, "railway": null, "crossing:barrier": null, "capacity": null, "cuisine": null, "delivery": null, "internet_access": null, "opening_hours": null, "phone": null, "smoking": null, "takeaway": null, "website": null, "addr:postcode": null, "operator": null, "alt_name": null, "shop": null, "building": null, "name:en": null, "name:pt": null, "office": null, "old_name": null, "fee": null, "service:bicycle:bicycle": null, "service:bicycle:dealer": null, "service:bicycle:ebike": null, "service:bicycle:repair": null, "service:bicycle:sales": null, "direction": null, "stop": null, "bus": null, "public_transport": null, "brewery": null, "level": null, "microbrewery": null, "outdoor_seating": null, "payment:american_express": null, "payment:cards": null, "payment:credit_cards": null, "payment:cryptocurrencies": null, "payment:debit_cards": null, "payment:maestro": null, "payment:mastercard": null, "payment:notes": null, "payment:visa": null, "payment:visa_electron": null, "start_date": null, "network": null, "network:wikidata": null, "ref": null, "source": null, "bridge": null, "layer": null, "oneway": "no", "lanes": null, "lit": null, "short_name": null, "surface": null, "admin_level": null, "boundary": null, "loc_name": null, "foot": "designated", "maxheight": null, "width": null, "sidewalk": null, "destination": null, "leisure": null, "email": null, "service:bicycle:cleaning": null, "service:bicycle:diy": null, "service:bicycle:pump": null, "service:bicycle:rental": null, "service:bicycle:retail": null, "service:bicycle:second_hand": null, "bus:lanes": null, "source:alt_name": null, "segregated": null, "service:bicycle:chain_tool": null, "not:operator:wikidata": null, "note": null, "barrier": null, "service": null, "branch": null, "contact:phone": null, "bin": null, "covered": null, "passenger_information_display": null, "shelter": null, "tactile_paving": null, "footway": null, "payment:cash": null, "payment:coins": null, "area": null, "addr:place": null, "access": null, "opening_hours:covid19": null, "addr:state": null, "cycleway": null, "incline": null, "hazard": null, "orientation": null, "parking": null, "type": null, "addr:district": null, "box_id": 1, "provider": "osmnx" }, "geometry": { "type": "LineString", "coordinates": [ [ -49.2471659, -25.4223518 ], [ -49.2474172, -25.4229005 ] ] } },
{ "type": "Feature", "properties": { "highway": "footway", "traffic_signals:direction": null, "crossing": null, "crossing_ref": null, "maxspeed": null, "traffic_signals": null, "traffic_signals:sound": null, "amenity": null, "addr:city": null, "addr:country": null, "addr:housenumber": null, "addr:street": null, "bicycle": "yes", "crossing:markings": null, "button_operated": null, "crossing:island": null, "name": null, "wheelchair": null, "addr:suburb": null, "brand": null, "brand:wikidata": null, "brand:wikipedia": null, "healthcare": null, "railway": null, "crossing:barrier": null, "capacity": null, "cuisine": null, "delivery": null, "internet_access": null, "opening_hours": null, "phone": null, "smoking": null, "takeaway": null, "website": null, "addr:postcode": null, "operator": null, "alt_name": null, "shop": null, "building": null, "name:en": null, "name:pt": null, "office": null, "old_name": null, "fee": null, "service:bicycle:bicycle": null, "service:bicycle:dealer": null, "service:bicycle:ebike": null, "service:bicycle:repair": null, "service:bicycle:sales": null, "direction": null, "stop": null, "bus": null, "public_transport": null, "brewery": null, "level": null, "microbrewery": null, "outdoor_seating": null, "payment:american_express": null, "payment:cards": null, "payment:credit_cards": null, "payment:cryptocurrencies": null, "payment:debit_cards": null, "payment:maestro": null, "payment:mastercard": null, "payment:notes": null, "payment:visa": null, "payment:visa_electron": null, "start_date": null, "network": null, "network:wikidata": null, "ref": null, "source": null, "bridge": null, "layer": null, "oneway": null, "lanes": null, "lit": null, "short_name": null, "surface": null, "admin_level": null, "boundary": null, "loc_name": null, "foot": "yes", "maxheight": null, "width": null, "sidewalk": null, "destination": null, "leisure": null, "email": null, "service:bicycle:cleaning": null, "service:bicycle:diy": null, "service:bicycle:pump": null, "service:bicycle:rental": null, "service:bicycle:retail": null, "service:bicycle:second_hand": null, "bus:lanes": null, "source:alt_name": null, "segregated": null, "service:bicycle:chain_tool": null, "not:operator:wikidata": null, "note": null, "barrier": null, "service": null, "branch": null, "contact:phone": null, "bin": null, "covered": null, "passenger_information_display": null, "shelter": null, "tactile_paving": null, "footway": "sidewalk", "payment:cash": null, "payment:coins": null, "area": null, "addr:place": null, "access": "no", "opening_hours:covid19": null, "addr:state": null, "cycleway": null, "incline": null, "hazard": null, "orientation": null, "parking": null, "type": null, "addr:district": null, "box_id": 1, "provider": "osmnx" }, "geometry": { "type": "LineString", "coordinates": [ [ -49.2471659, -25.4223518 ], [ -49.2469198, -25.4224455 ] ] } },
{ "type": "Feature", "properties": { "highway": "secondary", "traffic_signals:direction": null, "crossing": null, "crossing_ref": null, "maxspeed": "60", "traffic_signals": null, "traffic_signals:sound": null, "amenity": null, "addr:city": null, "addr:country": null, "addr:housenumber": null, "addr:street": null, "bicycle": null, "crossing:markings": null, "button_operated": null, "crossing:island": null, "name": "Avenida Nossa Senhora da Luz", "wheelchair": null, "addr:suburb": null, "brand": null, "brand:wikidata": null, "brand:wikipedia": null, "healthcare": null, "railway": null, "crossing:barrier": null, "capacity": null, "cuisine": null, "delivery": null, "internet_access": null, "opening_hours": null, "phone": null, "smoking": null, "takeaway": null, "website": null, "addr:postcode": null, "operator": null, "alt_name": null, "shop": null, "building": null, "name:en": null, "name:pt": null, "office": null, "old_name": null, "fee": null, "service:bicycle:bicycle": null, "service:bicycle:dealer": null, "service:bicycle:ebike": null, "service:bicycle:repair": null, "service:bicycle:sales": null, "direction": null, "stop": null, "bus": null, "public_transport": null, "brewery": null, "level": null, "microbrewery": null, "outdoor_seating": null, "payment:american_express": null, "payment:cards": null, "payment:credit_cards": null, "payment:cryptocurrencies": null, "payment:debit_cards": null, "payment:maestro": null, "payment:mastercard": null, "payment:notes": null, "payment:visa": null, "payment:visa_electron": null, "start_date": null, "network": null, "network:wikidata": null, "ref": null, "source": null, "bridge": null, "layer": null, "oneway": "yes", "lanes": null, "lit": null, "short_name": null, "surface": null, "admin_level": null, "boundary": null, "loc_name": null, "foot": null, "maxheight": null, "width": null, "sidewalk": null, "destination": null, "leisure": null, "email": null, "service:bicycle:cleaning": null, "service:bicycle:diy": null, "service:bicycle:pump": null, "service:bicycle:rental": null, "service:bicycle:retail": null, "service:bicycle:second_hand": null, "bus:lanes": null, "source:alt_name": null, "segregated": null, "service:bicycle:chain_tool": null, "not:operator:wikidata": null, "note": null, "barrier": null, "service": null, "branch": null, "contact:phone": null, "bin": null, "covered": null, "passenger_information_display": null, "shelter": null, "tactile_paving": null, "footway": null, "payment:cash": null, "payment:coins": null, "area": null, "addr:place": null, "access": null, "opening_hours:covid19": null, "addr:state": null, "cycleway": null, "incline": null, "hazard": null, "orientation": null, "parking": null, "type": null, "addr:district": null, "box_id": 1, "provider": "osmnx" }, "geometry": { "type": "LineString", "coordinates": [ [ -49.2424574, -25.4249139 ], [ -49.2424508, -25.4248622 ], [ -49.242437, -25.4247865 ], [ -49.2424056, -25.4246515 ] ] } },
{ "type": "Feature", "properties": { "highway": "secondary_link", "traffic_signals:direction": null, "crossing": null, "crossing_ref": null, "maxspeed": null, "traffic_signals": null, "traffic_signals:sound": null, "amenity": null, "addr:city": null, "addr:country": null, "addr:housenumber": null, "addr:street": null, "bicycle": "no", "crossing:markings": null, "button_operated": null, "crossing:island": null, "name": null, "wheelchair": null, "addr:suburb": null, "brand": null, "brand:wikidata": null, "brand:wikipedia": null, "healthcare": null, "railway": null, "crossing:barrier": null, "capacity": null, "cuisine": null, "delivery": null, "internet_access": null, "opening_hours": null, "phone": null, "smoking": null, "takeaway": null, "website": null, "addr:postcode": null, "operator": null, "alt_name": null, "shop": null, "building": null, "name:en": null, "name:pt": null, "office": null, "old_name": null, "fee": null, "service:bicycle:bicycle": null, "service:bicycle:dealer": null, "service:bicycle:ebike": null, "service:bicycle:repair": null, "service:bicycle:sales": null, "direction": null, "stop": null, "bus": null, "public_transport": null, "brewery": null, "level": null, "microbrewery": null, "outdoor_seating": null, "payment:american_express": null, "payment:cards": null, "payment:credit_cards": null, "payment:cryptocurrencies": null, "payment:debit_cards": null, "payment:maestro": null, "payment:mastercard": null, "payment:notes": null, "payment:visa": null, "payment:visa_electron": null, "start_date": null, "network": null, "network:wikidata": null, "ref": null, "source": null, "bridge": null, "layer": null, "oneway": "yes", "lanes": null, "lit": null, "short_name": null, "surface": null, "admin_level": null, "boundary": null, "loc_name": null, "foot": "no", "maxheight": null, "width": null, "sidewalk": null, "destination": null, "leisure": null, "email": null, "service:bicycle:cleaning": null, "service:bicycle:diy": null, "service:bicycle:pump": null, "service:bicycle:rental": null, "service:bicycle:retail": null, "service:bicycle:second_hand": null, "bus:lanes": null, "source:alt_name": null, "segregated": null, "service:bicycle:chain_tool": null, "not:operator:wikidata": null, "note": null, "barrier": null, "service": null, "branch": null, "contact:phone": null, "bin": null, "covered": null, "passenger_information_display": null, "shelter": null, "tactile_paving": null, "footway": null, "payment:cash": null, "payment:coins": null, "area": null, "addr:place": null, "access": null, "opening_hours:covid19": null, "addr:state": null, "cycleway": null, "incline": null, "hazard": null, "orientation": null, "parking": null, "type": null, "addr:district": null, "box_id": 1, "provider": "osmnx" }, "geometry": { "type": "LineString", "coordinates": [ [ -49.2426176, -25.4248358 ], [ -49.2424056, -25.4246515 ] ] } },
{ "type": "Feature", "properties": { "highway": "footway", "traffic_signals:direction": null, "crossing": "zebra", "crossing_ref": null, "maxspeed": null, "traffic_signals": null, "traffic_signals:sound": null, "amenity": null, "addr:city": null, "addr:country": null, "addr:housenumber": null, "addr:street": null, "bicycle": "yes", "crossing:markings": null, "button_operated": null, "crossing:island": null, "name": null, "wheelchair": null, "addr:suburb": null, "brand": null, "brand:wikidata": null, "brand:wikipedia": null, "healthcare": null, "railway": null, "crossing:barrier": null, "capacity": null, "cuisine": null, "delivery": null, "internet_access": null, "opening_hours": null, "phone": null, "smoking": null, "takeaway": null, "website": null, "addr:postcode": null, "operator": null, "alt_name": null, "shop": null, "building": null, "name:en": null, "name:pt": null, "office": null, "old_name": null, "fee": null, "service:bicycle:bicycle": null, "service:bicycle:dealer": null, "service:bicycle:ebike": null, "service:bicycle:repair": null, "service:bicycle:sales": null, "direction": null, "stop": null, "bus": null, "public_transport": null, "brewery": null, "level": null, "microbrewery": null, "outdoor_seating": null, "payment:american_express": null, "payment:cards": null, "payment:credit_cards": null, "payment:cryptocurrencies": null, "payment:debit_cards": null, "payment:maestro": null, "payment:mastercard": null, "payment:notes": null, "payment:visa": null, "payment:visa_electron": null, "start_date": null, "network": null, "network:wikidata": null, "ref": null, "source": null, "bridge": null, "layer": null, "oneway": null, "lanes": null, "lit": null, "short_name": null, "surface": null, "admin_level": null, "boundary": null, "loc_name": null, "foot": null, "maxheight": null, "width": null, "sidewalk": null, "destination": null, "leisure": null, "email": null, "service:bicycle:cleaning": null, "service:bicycle:diy": null, "service:bicycle:pump": null, "service:bicycle:rental": null, "service:bicycle:retail": null, "service:bicycle:second_hand": null, "bus:lanes": null, "source:alt_name": null, "segregated": null, "service:bicycle:chain_tool": null, "not:operator:wikidata": null, "note": null, "barrier": null, "service": null, "branch": null, "contact:phone": null, "bin": null, "covered": null, "passenger_information_display": null, "shelter": null, "tactile_paving": null, "footway": "crossing", "payment:cash": null, "payment:coins": null, "area": null, "addr:place": null, "access": null, "opening_hours:covid19": null, "addr:state": null, "cycleway": null, "incline": null, "hazard": null, "orientation": null, "parking": null, "type": null, "addr:district": null, "box_id": 1, "provider": "osmnx" }, "geometry": { "type": "LineString", "coordinates": [ [ -49.2425767, -25.424581 ], [ -49.242396, -25.4246149 ] ] } },
{ "type": "Feature", "properties": { "highway": "secondary", "traffic_signals:direction": null, "crossing": null, "crossing_ref": null, "maxspeed": "60", "traffic_signals": null, "traffic_signals:sound": null, "amenity": null, "addr:city": null, "addr:country": null, "addr:housenumber": null, "addr:street": null, "bicycle": null, "crossing:markings": null, "button_operated": null, "crossing:island": null, "name": "Avenida Nossa Senhora da Luz", "wheelchair": null, "addr:suburb": null, "brand": null, "brand:wikidata": null, "brand:wikipedia": null, "healthcare": null, "railway": null, "crossing:barrier": null, "capacity": null, "cuisine": null, "delivery": null, "internet_access": null, "opening_hours": null, "phone": null, "smoking": null, "takeaway": null, "website": null, "addr:postcode": null, "operator": null, "alt_name": null, "shop": null, "building": null, "name:en": null, "name:pt": null, "office": null, "old_name": null, "fee": null, "service:bicycle:bicycle": null, "service:bicycle:dealer": null, "service:bicycle:ebike": null, "service:bicycle:repair": null, "service:bicycle:sales": null, "direction": null, "stop": null, "bus": null, "public_transport": null, "brewery": null, "level": null, "microbrewery": null, "outdoor_seating": null, "payment:american_express": null, "payment:cards": null, "payment:credit_cards": null, "payment:cryptocurrencies": null, "payment:debit_cards": null, "payment:maestro": null, "payment:mastercard": null, "payment:notes": null, "payment:visa": null, "payment:visa_electron": null, "start_date": null, "network": null, "network:wikidata": null, "ref": null, "source": null, "bridge": null, "layer": null, "oneway": "yes", "lanes": null, "lit": null, "short_name": null, "surface": "asphalt", "admin_level": null, "boundary": null, "loc_name": null, "foot": null, "maxheight": null, "width": null, "sidewalk": null, "destination": null, "leisure": null, "email": null, "service:bicycle:cleaning": null, "service:bicycle:diy": null, "service:bicycle:pump": null, "service:bicycle:rental": null, "service:bicycle:retail": null, "service:bicycle:second_hand": null, "bus:lanes": null, "source:alt_name": null, "segregated": null, "service:bicycle:chain_tool": null, "not:operator:wikidata": null, "note": null, "barrier": null, "service": null, "branch": null, "contact:phone": null, "bin": null, "covered": null, "passenger_information_display": null, "shelter": null, "tactile_paving": null, "footway": null, "payment:cash": null, "payment:coins": null, "area": null, "addr:place": null, "access": null, "opening_hours:covid19": null, "addr:state": null, "cycleway": null, "incline": null, "hazard": null, "orientation": null, "parking": null, "type": null, "addr:district": null, "box_id": 1, "provider": "osmnx" }, "geometry": { "type": "LineString", "coordinates": [ [ -49.2424056, -25.4246515 ], [ -49.242396, -25.4246149 ], [ -49.242358, -25.424459 ], [ -49.2423225, -25.4243437 ], [ -49.2422872, -25.4242447 ], [ -49.2422369, -25.4241369 ], [ -49.2421749, -25.4240224 ], [ -49.2421249, -25.423945 ], [ -49.2420475, -25.4238346 ], [ -49.2419101, -25.4236619 ] ] } },
{ "type": "Feature", "properties": { "highway": "secondary", "traffic_signals:direction": null, "crossing": null, "crossing_ref": null, "maxspeed": "60", "traffic_signals": null, "traffic_signals:sound": null, "amenity": null, "addr:city": null, "addr:country": null, "addr:housenumber": null, "addr:street": null, "bicycle": null, "crossing:markings": null, "button_operated": null, "crossing:island": null, "name": "Avenida Nossa Senhora da Luz", "wheelchair": null, "addr:suburb": null, "brand": null, "brand:wikidata": null, "brand:wikipedia": null, "healthcare": null, "railway": null, "crossing:barrier": null, "capacity": null, "cuisine": null, "delivery": null, "internet_access": null, "opening_hours": null, "phone": null, "smoking": null, "takeaway": null, "website": null, "addr:postcode": null, "operator": null, "alt_name": null, "shop": null, "building": null, "name:en": null, "name:pt": null, "office": null, "old_name": null, "fee": null, "service:bicycle:bicycle": null, "service:bicycle:dealer": null, "service:bicycle:ebike": null, "service:bicycle:repair": null, "service:bicycle:sales": null, "direction": null, "stop": null, "bus": null, "public_transport": null, "brewery": null, "level": null, "microbrewery": null, "outdoor_seating": null, "payment:american_express": null, "payment:cards": null, "payment:credit_cards": null, "payment:cryptocurrencies": null, "payment:debit_cards": null, "payment:maestro": null, "payment:mastercard": null, "payment:notes": null, "payment:visa": null, "payment:visa_electron": null, "start_date": null, "network": null, "network:wikidata": null, "ref": null, "source": null, "bridge": null, "layer": null, "oneway": "yes", "lanes": null, "lit": null, "short_name": null, "surface": "asphalt", "admin_level": null, "boundary": null, "loc_name": null, "foot": null, "maxheight": null, "width": null, "sidewalk": null, "destination": null, "leisure": null, "email": null, "service:bicycle:cleaning": null, "service:bicycle:diy": null, "service:bicycle:pump": null, "service:bicycle:rental": null, "service:bicycle:retail": null, "service:bicycle:second_hand": null, "bus:lanes": null, "source:alt_name": null, "segregated": null, "service:bicycle:chain_tool": null, "not:operator:wikidata": null, "note": null, "barrier": null, "service": null, "branch": null, "contact:phone": null, "bin": null, "covered": null, "passenger_information_display": null, "shelter": null, "tactile_paving": null, "footway": null, "payment:cash": null, "payment:coins": null, "area": null, "addr:place": null, "access": null, "opening_hours:covid19": null, "addr:state": null, "cycleway": null, "incline": null, "hazard": null, "orientation": null, "parking": null, "type": null, "addr:district": null, "box_id": 1, "provider": "osmnx" }, "geometry": { "type": "LineString", "coordinates": [ [ -49.2419188, -25.4233696 ], [ -49.2421273, -25.4236285 ], [ -49.2422128, -25.4237396 ], [ -49.242285, -25.423842 ], [ -49.242345, -25.4239413 ], [ -49.2423902, -25.4240231 ], [ -49.2424547, -25.4241716 ], [ -49.2425018, -25.4243052 ], [ -49.2425445, -25.4244493 ], [ -49.2425767, -25.424581 ], [ -49.2425993, -25.4247035 ], [ -49.2426176, -25.4248358 ] ] } },
{ "type": "Feature", "properties": { "highway": "secondary_link", "traffic_signals:direction": null, "crossing": null, "crossing_ref": null, "maxspeed": null, "traffic_signals": null, "traffic_signals:sound": null, "amenity": null, "addr:city": null, "addr:country": null, "addr:housenumber": null, "addr:street": null, "bicycle": null, "crossing:markings": null, "button_operated": null, "crossing:island": null, "name": null, "wheelchair": null, "addr:suburb": null, "brand": null, "brand:wikidata": null, "brand:wikipedia": null, "healthcare": null, "railway": null, "crossing:barrier": null, "capacity": null, "cuisine": null, "delivery": null, "internet_access": null, "opening_hours": null, "phone": null, "smoking": null, "takeaway": null, "website": null, "addr:postcode": null, "operator": null, "alt_name": null, "shop": null, "building": null, "name:en": null, "name:pt": null, "office": null, "old_name": null, "fee": null, "service:bicycle:bicycle": null, "service:bicycle:dealer": null, "service:bicycle:ebike": null, "service:bicycle:repair": null, "service:bicycle:sales": null, "direction": null, "stop": null, "bus": null, "public_transport": null, "brewery": null, "level": null, "microbrewery": null, "outdoor_seating": null, "payment:american_express": null, "payment:cards": null, "payment:credit_cards": null, "payment:cryptocurrencies": null, "payment:debit_cards": null, "payment:maestro": null, "payment:mastercard": null, "payment:notes": null, "payment:visa": null, "payment:visa_electron": null, "start_date": null, "network": null, "network:wikidata": null, "ref": null, "source": null, "bridge": null, "layer": null, "oneway": "yes", "lanes": null, "lit": null, "short_name": null, "surface": null, "admin_level": null, "boundary": null, "loc_name": null, "foot": "no", "maxheight": null, "width": null, "sidewalk": null, "destination": null, "leisure": null, "email": null, "service:bicycle:cleaning": null, "service:bicycle:diy": null, "service:bicycle:pump": null, "service:bicycle:rental": null, "service:bicycle:retail": null, "service:bicycle:second_hand": null, "bus:lanes": null, "source:alt_name": null, "segregated": null, "service:bicycle:chain_tool": null, "not:operator:wikidata": null, "note": null, "barrier": null, "service": null, "branch": null, "contact:phone": null, "bin": null, "covered": null, "passenger_information_display": null, "shelter": null, "tactile_paving": null, "footway": null, "payment:cash": null, "payment:coins": null, "area": null, "addr:place": null, "access": null, "opening_hours:covid19": null, "addr:state": null, "cycleway": null, "incline": null, "hazard": null, "orientation": null, "parking": null, "type": null, "addr:district": null, "box_id": 1, "provider": "osmnx" }, "geometry": { "type": "LineString", "coordinates": [ [ -49.242285, -25.423842 ], [ -49.2421249, -25.423945 ] ] } },
{ "type": "Feature", "properties": { "highway": "service", "traffic_signals:direction": null, "crossing": null, "crossing_ref": null, "maxspeed": null, "traffic_signals": null, "traffic_signals:sound": null, "amenity": null, "addr:city": null, "addr:country": null, "addr:housenumber": null, "addr:street": null, "bicycle": null, "crossing:markings": null, "button_operated": null, "crossing:island": null, "name": null, "wheelchair": null, "addr:suburb": null, "brand": null, "brand:wikidata": null, "brand:wikipedia": null, "healthcare": null, "railway": null, "crossing:barrier": null, "capacity": null, "cuisine": null, "delivery": null, "internet_access": null, "opening_hours": null, "phone": null, "smoking": null, "takeaway": null, "website": null, "addr:postcode": null, "operator": null, "alt_name": null, "shop": null, "building": null, "name:en": null, "name:pt": null, "office": null, "old_name": null, "fee": null, "service:bicycle:bicycle": null, "service:bicycle:dealer": null, "service:bicycle:ebike": null, "service:bicycle:repair": null, "service:bicycle:sales": null, "direction": null, "stop": null, "bus": null, "public_transport": null, "brewery": null, "level": null, "microbrewery": null, "outdoor_seating": null, "payment:american_express": null, "payment:cards": null, "payment:credit_cards": null, "payment:cryptocurrencies": null, "payment:debit_cards": null, "payment:maestro": null, "payment:mastercard": null, "payment:notes": null, "payment:visa": null, "payment:visa_electron": null, "start_date": null, "network": null, "network:wikidata": null, "ref": null, "source": null, "bridge": null, "layer": null, "oneway": null, "lanes": null, "lit": null, "short_name": null, "surface": null, "admin_level": null, "boundary": null, "loc_name": null, "foot": null, "maxheight": null, "width": null, "sidewalk": null, "destination": null, "leisure": null, "email": null, "service:bicycle:cleaning": null, "service:bicycle:diy": null, "service:bicycle:pump": null, "service:bicycle:rental": null, "service:bicycle:retail": null, "service:bicycle:second_hand": null, "bus:lanes": null, "source:alt_name": null, "segregated": null, "service:bicycle:chain_tool": null, "not:operator:wikidata": null, "note": null, "barrier": null, "service": null, "branch": null, "contact:phone": null, "bin": null, "covered": null, "passenger_information_display": null, "shelter": null, "tactile_paving": null, "footway": null, "payment:cash": null, "payment:coins": null, "area": null, "addr:place": null, "access": null, "opening_hours:covid19": null, "addr:state": null, "cycleway": null, "incline": null, "hazard": null, "orientation": null, "parking": null, "type": null, "addr:district": null, "box_id": 1, "provider": "osmnx" }, "geometry": { "type": "LineString", "coordinates": [ [ -49.2432018, -25.4236066 ], [ -49.2430897, -25.4236155 ], [ -49.242749, -25.4236386 ] ] } },
{ "type": "Feature", "properties": { "highway": "residential", "traffic_signals:direction": null, "crossing": null, "crossing_ref": null, "maxspeed": null, "traffic_signals": null, "traffic_signals:sound": null, "amenity": null, "addr:city": null, "addr:country": null, "addr:housenumber": null, "addr:street": null, "bicycle": null, "crossing:markings": null, "button_operated": null, "crossing:island": null, "name": "Rua Professor Doutor Duílio Aníbal Calderari", "wheelchair": null, "addr:suburb": null, "brand": null, "brand:wikidata": null, "brand:wikipedia": null, "healthcare": null, "railway": null, "crossing:barrier": null, "capacity": null, "cuisine": null, "delivery": null, "internet_access": null, "opening_hours": null, "phone": null, "smoking": null, "takeaway": null, "website": null, "addr:postcode": null, "operator": null, "alt_name": null, "shop": null, "building": null, "name:en": null, "name:pt": null, "office": null, "old_name": null, "fee": null, "service:bicycle:bicycle": null, "service:bicycle:dealer": null, "service:bicycle:ebike": null, "service:bicycle:repair": null, "service:bicycle:sales": null, "direction": null, "stop": null, "bus": null, "public_transport": null, "brewery": null, "level": null, "microbrewery": null, "outdoor_seating": null, "payment:american_express": null, "payment:cards": null, "payment:credit_cards": null, "payment:cryptocurrencies": null, "payment:debit_cards": null, "payment:maestro": null, "payment:mastercard": null, "payment:notes": null, "payment:visa": null, "payment:visa_electron": null, "start_date": null, "network": null, "network:wikidata": null, "ref": null, "source": null, "bridge": null, "layer": null, "oneway": "no", "lanes": "2", "lit": null, "short_name": null, "surface": "asphalt", "admin_level": null, "boundary": null, "loc_name": null, "foot": null, "maxheight": null, "width": null, "sidewalk": null, "destination": null, "leisure": null, "email": null, "service:bicycle:cleaning": null, "service:bicycle:diy": null, "service:bicycle:pump": null, "service:bicycle:rental": null, "service:bicycle:retail": null, "service:bicycle:second_hand": null, "bus:lanes": null, "source:alt_name": null, "segregated": null, "service:bicycle:chain_tool": null, "not:operator:wikidata": null, "note": null, "barrier": null, "service": null, "branch": null, "contact:phone": null, "bin": null, "covered": null, "passenger_information_display": null, "shelter": null, "tactile_paving": null, "footway": null, "payment:cash": null, "payment:coins": null, "area": null, "addr:place": null, "access": null, "opening_hours:covid19": null, "addr:state": null, "cycleway": null, "incline": null, "hazard": null, "orientation": null, "parking": null, "type": null, "addr:district": null, "box_id": 1, "provider": "osmnx" }, "geometry": { "type": "LineString", "coordinates": [ [ -49.241403413949925, -25.422665806747542 ], [ -49.2414447, -25.4226602 ], [ -49.2419559, -25.4226183 ], [ -49.2429928, -25.4225335 ], [ -49.2430985, -25.4225249 ], [ -49.2432085, -25.4225159 ], [ -49.2442787, -25.4224283 ], [ -49.2457629, -25.4223069 ], [ -49.2458997, -25.4222957 ], [ -49.2460018, -25.4222873 ], [ -49.2465008, -25.4222465 ] ] } },
{ "type": "Feature", "properties": { "highway": "residential", "traffic_signals:direction": null, "crossing": null, "crossing_ref": null, "maxspeed": null, "traffic_signals": null, "traffic_signals:sound": null, "amenity": null, "addr:city": null, "addr:country": null, "addr:housenumber": null, "addr:street": null, "bicycle": null, "crossing:markings": null, "button_operated": null, "crossing:island": null, "name": "Rua Conselheiro Carrão", "wheelchair": null, "addr:suburb": null, "brand": null, "brand:wikidata": null, "brand:wikipedia": null, "healthcare": null, "railway": null, "crossing:barrier": null, "capacity": null, "cuisine": null, "delivery": null, "internet_access": null, "opening_hours": null, "phone": null, "smoking": null, "takeaway": null, "website": null, "addr:postcode": null, "operator": null, "alt_name": null, "shop": null, "building": null, "name:en": null, "name:pt": null, "office": null, "old_name": null, "fee": null, "service:bicycle:bicycle": null, "service:bicycle:dealer": null, "service:bicycle:ebike": null, "service:bicycle:repair": null, "service:bicycle:sales": null, "direction": null, "stop": null, "bus": null, "public_transport": null, "brewery": null, "level": null, "microbrewery": null, "outdoor_seating": null, "payment:american_express": null, "payment:cards": null, "payment:credit_cards": null, "payment:cryptocurrencies": null, "payment:debit_cards": null, "payment:maestro": null, "payment:mastercard": null, "payment:notes": null, "payment:visa": null, "payment:visa_electron": null, "start_date": null, "network": null, "network:wikidata": null, "ref": null, "source": null, "bridge": null, "layer": null, "oneway": "no", "lanes": "2", "lit": null, "short_name": null, "surface": "asphalt", "admin_level": null, "boundary": null, "loc_name": null, "foot": null, "maxheight": null, "width": null, "sidewalk": null, "destination": null, "leisure": null, "email": null, "service:bicycle:cleaning": null, "service:bicycle:diy": null, "service:bicycle:pump": null, "service:bicycle:rental": null, "service:bicycle:retail": null, "service:bicycle:second_hand": null, "bus:lanes": null, "source:alt_name": null, "segregated": null, "service:bicycle:chain_tool": null, "not:operator:wikidata": null, "note": null, "barrier": null, "service": null, "branch": null, "contact:phone": null, "bin": null, "covered": null, "passenger_information_display": null, "shelter": null, "tactile_paving": null, "footway": null, "payment:cash": null, "payment:coins": null, "area": null, "addr:place": null, "access": null, "opening_hours:covid19": null, "addr:state": null, "cycleway": null, "incline": null, "hazard": null, "orientation": null, "parking": null, "type": null, "addr:district": null, "box_id": 1, "provider": "osmnx" }, "geometry": { "type": "LineString", "coordinates": [ [ -49.2440352, -25.421537 ], [ -49.2431619, -25.4216121 ], [ -49.2430131, -25.4216249 ], [ -49.2428983, -25.4216348 ], [ -49.2419866, -25.4217132 ], [ -49.2418648, -25.4217237 ], [ -49.2417631, -25.4217324 ], [ -49.241416530451914, -25.421762210823456 ] ] } },
{ "type": "Feature", "properties": { "highway": "residential", "traffic_signals:direction": null, "crossing": null, "crossing_ref": null, "maxspeed": null, "traffic_signals": null, "traffic_signals:sound": null, "amenity": null, "addr:city": null, "addr:country": null, "addr:housenumber": null, "addr:street": null, "bicycle": null, "crossing:markings": null, "button_operated": null, "crossing:island": null, "name": "Rua Presidente Rodrigo Otávio", "wheelchair": null, "addr:suburb": null, "brand": null, "brand:wikidata": null, "brand:wikipedia": null, "healthcare": null, "railway": null, "crossing:barrier": null, "capacity": null, "cuisine": null, "delivery": null, "internet_access": null, "opening_hours": null, "phone": null, "smoking": null, "takeaway": null, "website": null, "addr:postcode": null, "operator": null, "alt_name": null, "shop": null, "building": null, "name:en": null, "name:pt": null, "office": null, "old_name": null, "fee": null, "service:bicycle:bicycle": null, "service:bicycle:dealer": null, "service:bicycle:ebike": null, "service:bicycle:repair": null, "service:bicycle:sales": null, "direction": null, "stop": null, "bus": null, "public_transport": null, "brewery": null, "level": null, "microbrewery": null, "outdoor_seating": null, "payment:american_express": null, "payment:cards": null, "payment:credit_cards": null, "payment:cryptocurrencies": null, "payment:debit_cards": null, "payment:maestro": null, "payment:mastercard": null, "payment:notes": null, "payment:visa": null, "payment:visa_electron": null, "start_date": null, "network": null, "network:wikidata": null, "ref": null, "source": null, "bridge": null, "layer": null, "oneway": "no", "lanes": "2", "lit": null, "short_name": null, "surface": "asphalt", "admin_level": null, "boundary": null, "loc_name": null, "foot": null, "maxheight": null, "width": null, "sidewalk": null, "destination": null, "leisure": null, "email": null, "service:bicycle:cleaning": null, "service:bicycle:diy": null, "service:bicycle:pump": null, "service:bicycle:rental": null, "service:bicycle:retail": null, "service:bicycle:second_hand": null, "bus:lanes": null, "source:alt_name": null, "segregated": null, "service:bicycle:chain_tool": null, "not:operator:wikidata": null, "note": null, "barrier": null, "service": null, "branch": null, "contact:phone": null, "bin": null, "covered": null, "passenger_information_display": null, "shelter": null, "tactile_paving": null, "footway": null, "payment:cash": null, "payment:coins": null, "area": null, "addr:place": null, "access": null, "opening_hours:covid19": null, "addr:state": null, "cycleway": null, "incline": null, "hazard": null, "orientation": null, "parking": null, "type": null, "addr:district": null, "box_id": 1, "provider": "osmnx" }, "geometry": { "type": "LineString", "coordinates": [ [ -49.2441668, -25.4213313 ], [ -49.244099219734743, -25.420644104234619 ] ] } },
{ "type": "Feature", "properties": { "highway": "residential", "traffic_signals:direction": null, "crossing": null, "crossing_ref": null, "maxspeed": null, "traffic_signals": null, "traffic_signals:sound": null, "amenity": null, "addr:city": null, "addr:country": null, "addr:housenumber": null, "addr:street": null, "bicycle": null, "crossing:markings": null, "button_operated": null, "crossing:island": null, "name": "Travessa Nelson Gonçalves de Lima", "wheelchair": null, "addr:suburb": null, "brand": null, "brand:wikidata": null, "brand:wikipedia": null, "healthcare": null, "railway": null, "crossing:barrier": null, "capacity": null, "cuisine": null, "delivery": null, "internet_access": null, "opening_hours": null, "phone": null, "smoking": null, "takeaway": null, "website": null, "addr:postcode": null, "operator": null, "alt_name": null, "shop": null, "building": null, "name:en": null, "name:pt": null, "office": null, "old_name": null, "fee": null, "service:bicycle:bicycle": null, "service:bicycle:dealer": null, "service:bicycle:ebike": null, "service:bicycle:repair": null, "service:bicycle:sales": null, "direction": null, "stop": null, "bus": null, "public_transport": null, "brewery": null, "level": null, "microbrewery": null, "outdoor_seating": null, "payment:american_express": null, "payment:cards": null, "payment:credit_cards": null, "payment:cryptocurrencies": null, "payment:debit_cards": null, "payment:maestro": null, "payment:mastercard": null, "payment:notes": null, "payment:visa": null, "payment:visa_electron": null, "start_date": null, "network": null, "network:wikidata": null, "ref": null, "source": null, "bridge": null, "layer": null, "oneway": null, "lanes": "2", "lit": null, "short_name": null, "surface": "asphalt", "admin_level": null, "boundary": null, "loc_name": null, "foot": null, "maxheight": null, "width": null, "sidewalk": null, "destination": null, "leisure": null, "email": null, "service:bicycle:cleaning": null, "service:bicycle:diy": null, "service:bicycle:pump": null, "service:bicycle:rental": null, "service:bicycle:retail": null, "service:bicycle:second_hand": null, "bus:lanes": null, "source:alt_name": null, "segregated": null, "service:bicycle:chain_tool": null, "not:operator:wikidata": null, "note": null, "barrier": null, "service": null, "branch": null, "contact:phone": null, "bin": null, "covered": null, "passenger_information_display": null, "shelter": null, "tactile_paving": null, "footway": null, "payment:cash": null, "payment:coins": null, "area": null, "addr:place": null, "access": null, "opening_hours:covid19": null, "addr:state": null, "cycleway": null, "incline": null, "hazard": null, "orientation": null, "parking": null, "type": null, "addr:district": null, "box_id": 1, "provider": "osmnx" }, "geometry": { "type": "LineString", "coordinates": [ [ -49.251332067104094, -25.423533446558807 ], [ -49.2509628, -25.4235661 ], [ -49.2510105, -25.4240536 ], [ -49.2510201, -25.4241513 ] ] } },
{ "type": "Feature", "properties": { "highway": "residential", "traffic_signals:direction": null, "crossing": null, "crossing_ref": null, "maxspeed": null, "traffic_signals": null, "traffic_signals:sound": null, "amenity": null, "addr:city": null, "addr:country": null, "addr:housenumber": null, "addr:street": null, "bicycle": null, "crossing:markings": null, "button_operated": null, "crossing:island": null, "name": null, "wheelchair": null, "addr:suburb": null, "brand": null, "brand:wikidata": null, "brand:wikipedia": null, "healthcare": null, "railway": null, "crossing:barrier": null, "capacity": null, "cuisine": null, "delivery": null, "internet_access": null, "opening_hours": null, "phone": null, "smoking": null, "takeaway": null, "website": null, "addr:postcode": null, "operator": null, "alt_name": null, "shop": null, "building": null, "name:en": null, "name:pt": null, "office": null, "old_name": null, "fee": null, "service:bicycle:bicycle": null, "service:bicycle:dealer": null, "service:bicycle:ebike": null, "service:bicycle:repair": null, "service:bicycle:sales": null, "direction": null, "stop": null, "bus": null, "public_transport": null, "brewery": null, "level": null, "microbrewery": null, "outdoor_seating": null, "payment:american_express": null, "payment:cards": null, "payment:credit_cards": null, "payment:cryptocurrencies": null, "payment:debit_cards": null, "payment:maestro": null, "payment:mastercard": null, "payment:notes": null, "payment:visa": null, "payment:visa_electron": null, "start_date": null, "network": null, "network:wikidata": null, "ref": null, "source": null, "bridge": null, "layer": null, "oneway": null, "lanes": null, "lit": null, "short_name": null, "surface": null, "admin_level": null, "boundary": null, "loc_name": null, "foot": null, "maxheight": null, "width": null, "sidewalk": null, "destination": null, "leisure": null, "email": null, "service:bicycle:cleaning": null, "service:bicycle:diy": null, "service:bicycle:pump": null, "service:bicycle:rental": null, "service:bicycle:retail": null, "service:bicycle:second_hand": null, "bus:lanes": null, "source:alt_name": null, "segregated": null, "service:bicycle:chain_tool": null, "not:operator:wikidata": null, "note": null, "barrier": null, "service": null, "branch": null, "contact:phone": null, "bin": null, "covered": null, "passenger_information_display": null, "shelter": null, "tactile_paving": null, "footway": null, "payment:cash": null, "payment:coins": null, "area": null, "addr:place": null, "access": null, "opening_hours:covid19": null, "addr:state": null, "cycleway": null, "incline": null, "hazard": null, "orientation": null, "parking": null, "type": null, "addr:district": null, "box_id": 1, "provider": "osmnx" }, "geometry": { "type": "LineString", "coordinates": [ [ -49.2509628, -25.4235661 ], [ -49.2509511, -25.4234465 ] ] } },
{ "type": "Feature", "properties": { "highway": "service", "traffic_signals:direction": null, "crossing": null, "crossing_ref": null, "maxspeed": null, "traffic_signals": null, "traffic_signals:sound": null, "amenity": null, "addr:city": null, "addr:country": null, "addr:housenumber": null, "addr:street": null, "bicycle": null, "crossing:markings": null, "button_operated": null, "crossing:island": null, "name": null, "wheelchair": null, "addr:suburb": null, "brand": null, "brand:wikidata": null, "brand:wikipedia": null, "healthcare": null, "railway": null, "crossing:barrier": null, "capacity": null, "cuisine": null, "delivery": null, "internet_access": null, "opening_hours": null, "phone": null, "smoking": null, "takeaway": null, "website": null, "addr:postcode": null, "operator": null, "alt_name": null, "shop": null, "building": null, "name:en": null, "name:pt": null, "office": null, "old_name": null, "fee": null, "service:bicycle:bicycle": null, "service:bicycle:dealer": null, "service:bicycle:ebike": null, "service:bicycle:repair": null, "service:bicycle:sales": null, "direction": null, "stop": null, "bus": null, "public_transport": null, "brewery": null, "level": null, "microbrewery": null, "outdoor_seating": null, "payment:american_express": null, "payment:cards": null, "payment:credit_cards": null, "payment:cryptocurrencies": null, "payment:debit_cards": null, "payment:maestro": null, "payment:mastercard": null, "payment:notes": null, "payment:visa": null, "payment:visa_electron": null, "start_date": null, "network": null, "network:wikidata": null, "ref": null, "source": null, "bridge": null, "layer": null, "oneway": null, "lanes": null, "lit": null, "short_name": null, "surface": null, "admin_level": null, "boundary": null, "loc_name": null, "foot": null, "maxheight": null, "width": null, "sidewalk": null, "destination": null, "leisure": null, "email": null, "service:bicycle:cleaning": null, "service:bicycle:diy": null, "service:bicycle:pump": null, "service:bicycle:rental": null, "service:bicycle:retail": null, "service:bicycle:second_hand": null, "bus:lanes": null, "source:alt_name": null, "segregated": null, "service:bicycle:chain_tool": null, "not:operator:wikidata": null, "note": null, "barrier": null, "service": "parking_aisle", "branch": null, "contact:phone": null, "bin": null, "covered": null, "passenger_information_display": null, "shelter": null, "tactile_paving": null, "footway": null, "payment:cash": null, "payment:coins": null, "area": null, "addr:place": null, "access": null, "opening_hours:covid19": null, "addr:state": null, "cycleway": null, "incline": null, "hazard": null, "orientation": null, "parking": null, "type": null, "addr:district": null, "box_id": 1, "provider": "osmnx" }, "geometry": { "type": "LineString", "coordinates": [ [ -49.2500353, -25.4229306 ], [ -49.2500883, -25.4229415 ], [ -49.2501111, -25.4229542 ], [ -49.2501278, -25.4229712 ], [ -49.2501815, -25.4230765 ], [ -49.2502579, -25.4233006 ] ] } },
{ "type": "Feature", "properties": { "highway": "service", "traffic_signals:direction": null, "crossing": null, "crossing_ref": null, "maxspeed": null, "traffic_signals": null, "traffic_signals:sound": null, "amenity": null, "addr:city": null, "addr:country": null, "addr:housenumber": null, "addr:street": null, "bicycle": null, "crossing:markings": null, "button_operated": null, "crossing:island": null, "name": null, "wheelchair": null, "addr:suburb": null, "brand": null, "brand:wikidata": null, "brand:wikipedia": null, "healthcare": null, "railway": null, "crossing:barrier": null, "capacity": null, "cuisine": null, "delivery": null, "internet_access": null, "opening_hours": null, "phone": null, "smoking": null, "takeaway": null, "website": null, "addr:postcode": null, "operator": null, "alt_name": null, "shop": null, "building": null, "name:en": null, "name:pt": null, "office": null, "old_name": null, "fee": null, "service:bicycle:bicycle": null, "service:bicycle:dealer": null, "service:bicycle:ebike": null, "service:bicycle:repair": null, "service:bicycle:sales": null, "direction": null, "stop": null, "bus": null, "public_transport": null, "brewery": null, "level": null, "microbrewery": null, "outdoor_seating": null, "payment:american_express": null, "payment:cards": null, "payment:credit_cards": null, "payment:cryptocurrencies": null, "payment:debit_cards": null, "payment:maestro": null, "payment:mastercard": null, "payment:notes": null, "payment:visa": null, "payment:visa_electron": null, "start_date": null, "network": null, "network:wikidata": null, "ref": null, "source": null, "bridge": null, "layer": null, "oneway": null, "lanes": null, "lit": null, "short_name": null, "surface": null, "admin_level": null, "boundary": null, "loc_name": null, "foot": null, "maxheight": null, "width": null, "sidewalk": null, "destination": null, "leisure": null, "email": null, "service:bicycle:cleaning": null, "service:bicycle:diy": null, "service:bicycle:pump": null, "service:bicycle:rental": null, "service:bicycle:retail": null, "service:bicycle:second_hand": null, "bus:lanes": null, "source:alt_name": null, "segregated": null, "service:bicycle:chain_tool": null, "not:operator:wikidata": null, "note": null, "barrier": null, "service": null, "branch": null, "contact:phone": null, "bin": null, "covered": null, "passenger_information_display": null, "shelter": null, "tactile_paving": null, "footway": null, "payment:cash": null, "payment:coins": null, "area": null, "addr:place": null, "access": null, "opening_hours:covid19": null, "addr:state": null, "cycleway": null, "incline": null, "hazard": null, "orientation": null, "parking": null, "type": null, "addr:district": null, "box_id": 1, "provider": "osmnx" }, "geometry": { "type": "LineString", "coordinates": [ [ -49.2506576, -25.4232401 ], [ -49.2505429, -25.4226337 ] ] } },
{ "type": "Feature", "properties": { "highway": "service", "traffic_signals:direction": null, "crossing": null, "crossing_ref": null, "maxspeed": null, "traffic_signals": null, "traffic_signals:sound": null, "amenity": null, "addr:city": null, "addr:country": null, "addr:housenumber": null, "addr:street": null, "bicycle": null, "crossing:markings": null, "button_operated": null, "crossing:island": null, "name": null, "wheelchair": null, "addr:suburb": null, "brand": null, "brand:wikidata": null, "brand:wikipedia": null, "healthcare": null, "railway": null, "crossing:barrier": null, "capacity": null, "cuisine": null, "delivery": null, "internet_access": null, "opening_hours": null, "phone": null, "smoking": null, "takeaway": null, "website": null, "addr:postcode": null, "operator": null, "alt_name": null, "shop": null, "building": null, "name:en": null, "name:pt": null, "office": null, "old_name": null, "fee": null, "service:bicycle:bicycle": null, "service:bicycle:dealer": null, "service:bicycle:ebike": null, "service:bicycle:repair": null, "service:bicycle:sales": null, "direction": null, "stop": null, "bus": null, "public_transport": null, "brewery": null, "level": null, "microbrewery": null, "outdoor_seating": null, "payment:american_express": null, "payment:cards": null, "payment:credit_cards": null, "payment:cryptocurrencies": null, "payment:debit_cards": null, "payment:maestro": null, "payment:mastercard": null, "payment:notes": null, "payment:visa": null, "payment:visa_electron": null, "start_date": null, "network": null, "network:wikidata": null, "ref": null, "source": null, "bridge": null, "layer": null, "oneway": null, "lanes": null, "lit": null, "short_name": null, "surface": null, "admin_level": null, "boundary": null, "loc_name": null, "foot": null, "maxheight": null, "width": null, "sidewalk": null, "destination": null, "leisure": null, "email": null, "service:bicycle:cleaning": null, "service:bicycle:diy": null, "service:bicycle:pump": null, "service:bicycle:rental": null, "service:bicycle:retail": null, "service:bicycle:second_hand": null, "bus:lanes": null, "source:alt_name": null, "segregated": null, "service:bicycle:chain_tool": null, "not:operator:wikidata": null, "note": null, "barrier": null, "service": null, "branch": null, "contact:phone": null, "bin": null, "covered": null, "passenger_information_display": null, "shelter": null, "tactile_paving": null, "footway": null, "payment:cash": null, "payment:coins": null, "area": null, "addr:place": null, "access": null, "opening_hours:covid19": null, "addr:state": null, "cycleway": null, "incline": null, "hazard": null, "orientation": null, "parking": null, "type": null, "addr:district": null, "box_id": 1, "provider": "osmnx" }, "geometry": { "type": "LineString", "coordinates": [ [ -49.2511792, -25.4231323 ], [ -49.2511028, -25.4226163 ], [ -49.2511006, -25.4225861 ] ] } },
{ "type": "Feature", "properties": { "highway": "service", "traffic_signals:direction": null, "crossing": null, "crossing_ref": null, "maxspeed": null, "traffic_signals": null, "traffic_signals:sound": null, "amenity": null, "addr:city": null, "addr:country": null, "addr:housenumber": null, "addr:street": null, "bicycle": null, "crossing:markings": null, "button_operated": null, "crossing:island": null, "name": null, "wheelchair": null, "addr:suburb": null, "brand": null, "brand:wikidata": null, "brand:wikipedia": null, "healthcare": null, "railway": null, "crossing:barrier": null, "capacity": null, "cuisine": null, "delivery": null, "internet_access": null, "opening_hours": null, "phone": null, "smoking": null, "takeaway": null, "website": null, "addr:postcode": null, "operator": null, "alt_name": null, "shop": null, "building": null, "name:en": null, "name:pt": null, "office": null, "old_name": null, "fee": null, "service:bicycle:bicycle": null, "service:bicycle:dealer": null, "service:bicycle:ebike": null, "service:bicycle:repair": null, "service:bicycle:sales": null, "direction": null, "stop": null, "bus": null, "public_transport": null, "brewery": null, "level": null, "microbrewery": null, "outdoor_seating": null, "payment:american_express": null, "payment:cards": null, "payment:credit_cards": null, "payment:cryptocurrencies": null, "payment:debit_cards": null, "payment:maestro": null, "payment:mastercard": null, "payment:notes": null, "payment:visa": null, "payment:visa_electron": null, "start_date": null, "network": null, "network:wikidata": null, "ref": null, "source": null, "bridge": null, "layer": null, "oneway": null, "lanes": null, "lit": null, "short_name": null, "surface": null, "admin_level": null, "boundary": null, "loc_name": null, "foot": null, "maxheight": null, "width": null, "sidewalk": null, "destination": null, "leisure": null, "email": null, "service:bicycle:cleaning": null, "service:bicycle:diy": null, "service:bicycle:pump": null, "service:bicycle:rental": null, "service:bicycle:retail": null, "service:bicycle:second_hand": null, "bus:lanes": null, "source:alt_name": null, "segregated": null, "service:bicycle:chain_tool": null, "not:operator:wikidata": null, "note": null, "barrier": null, "service": null, "branch": null, "contact:phone": null, "bin": null, "covered": null, "passenger_information_display": null, "shelter": null, "tactile_paving": null, "footway": null, "payment:cash": null, "payment:coins": null, "area": null, "addr:place": null, "access": null, "opening_hours:covid19": null, "addr:state": null, "cycleway": null, "incline": null, "hazard": null, "orientation": null, "parking": null, "type": null, "addr:district": null, "box_id": 1, "provider": "osmnx" }, "geometry": { "type": "LineString", "coordinates": [ [ -49.2499175, -25.4226871 ], [ -49.2499816, -25.4227937 ], [ -49.2500118, -25.42291 ], [ -49.2500219, -25.4229233 ], [ -49.2500353, -25.4229306 ] ] } },
{ "type": "Feature", "properties": { "highway": "service", "traffic_signals:direction": null, "crossing": null, "crossing_ref": null, "maxspeed": null, "traffic_signals": null, "traffic_signals:sound": null, "amenity": null, "addr:city": null, "addr:country": null, "addr:housenumber": null, "addr:street": null, "bicycle": null, "crossing:markings": null, "button_operated": null, "crossing:island": null, "name": null, "wheelchair": null, "addr:suburb": null, "brand": null, "brand:wikidata": null, "brand:wikipedia": null, "healthcare": null, "railway": null, "crossing:barrier": null, "capacity": null, "cuisine": null, "delivery": null, "internet_access": null, "opening_hours": null, "phone": null, "smoking": null, "takeaway": null, "website": null, "addr:postcode": null, "operator": null, "alt_name": null, "shop": null, "building": null, "name:en": null, "name:pt": null, "office": null, "old_name": null, "fee": null, "service:bicycle:bicycle": null, "service:bicycle:dealer": null, "service:bicycle:ebike": null, "service:bicycle:repair": null, "service:bicycle:sales": null, "direction": null, "stop": null, "bus": null, "public_transport": null, "brewery": null, "level": null, "microbrewery": null, "outdoor_seating": null, "payment:american_express": null, "payment:cards": null, "payment:credit_cards": null, "payment:cryptocurrencies": null, "payment:debit_cards": null, "payment:maestro": null, "payment:mastercard": null, "payment:notes": null, "payment:visa": null, "payment:visa_electron": null, "start_date": null, "network": null, "network:wikidata": null, "ref": null, "source": null, "bridge": null, "layer": null, "oneway": null, "lanes": null, "lit": null, "short_name": null, "surface": null, "admin_level": null, "boundary": null, "loc_name": null, "foot": null, "maxheight": null, "width": null, "sidewalk": null, "destination": null, "leisure": null, "email": null, "service:bicycle:cleaning": null, "service:bicycle:diy": null, "service:bicycle:pump": null, "service:bicycle:rental": null, "service:bicycle:retail": null, "service:bicycle:second_hand": null, "bus:lanes": null, "source:alt_name": null, "segregated": null, "service:bicycle:chain_tool": null, "not:operator:wikidata": null, "note": null, "barrier": null, "service": null, "branch": null, "contact:phone": null, "bin": null, "covered": null, "passenger_information_display": null, "shelter": null, "tactile_paving": null, "footway": null, "payment:cash": null, "payment:coins": null, "area": null, "addr:place": null, "access": null, "opening_hours:covid19": null, "addr:state": null, "cycleway": null, "incline": null, "hazard": null, "orientation": null, "parking": null, "type": null, "addr:district": null, "box_id": 1, "provider": "osmnx" }, "geometry": { "type": "LineString", "coordinates": [ [ -49.2499816, -25.4227937 ], [ -49.2501768, -25.4227725 ], [ -49.2501989, -25.422761 ], [ -49.2503153, -25.4226531 ] ] } },
{ "type": "Feature", "properties": { "highway": "secondary", "traffic_signals:direction": null, "crossing": null, "crossing_ref": null, "maxspeed": null, "traffic_signals": null, "traffic_signals:sound": null, "amenity": null, "addr:city": null, "addr:country": null, "addr:housenumber": null, "addr:street": null, "bicycle": null, "crossing:markings": null, "button_operated": null, "crossing:island": null, "name": "Rua Itupava", "wheelchair": null, "addr:suburb": null, "brand": null, "brand:wikidata": null, "brand:wikipedia": null, "healthcare": null, "railway": null, "crossing:barrier": null, "capacity": null, "cuisine": null, "delivery": null, "internet_access": null, "opening_hours": null, "phone": null, "smoking": null, "takeaway": null, "website": null, "addr:postcode": null, "operator": null, "alt_name": null, "shop": null, "building": null, "name:en": null, "name:pt": null, "office": null, "old_name": null, "fee": null, "service:bicycle:bicycle": null, "service:bicycle:dealer": null, "service:bicycle:ebike": null, "service:bicycle:repair": null, "service:bicycle:sales": null, "direction": null, "stop": null, "bus": null, "public_transport": null, "brewery": null, "level": null, "microbrewery": null, "outdoor_seating": null, "payment:american_express": null, "payment:cards": null, "payment:credit_cards": null, "payment:cryptocurrencies": null, "payment:debit_cards": null, "payment:maestro": null, "payment:mastercard": null, "payment:notes": null, "payment:visa": null, "payment:visa_electron": null, "start_date": null, "network": null, "network:wikidata": null, "ref": null, "source": null, "bridge": null, "layer": null, "oneway": "yes", "lanes": "3", "lit": null, "short_name": null, "surface": "asphalt", "admin_level": "10", "boundary": "administrative", "loc_name": null, "foot": null, "maxheight": null, "width": null, "sidewalk": null, "destination": null, "leisure": null, "email": null, "service:bicycle:cleaning": null, "service:bicycle:diy": null, "service:bicycle:pump": null, "service:bicycle:rental": null, "service:bicycle:retail": null, "service:bicycle:second_hand": null, "bus:lanes": null, "source:alt_name": null, "segregated": null, "service:bicycle:chain_tool": null, "not:operator:wikidata": null, "note": null, "barrier": null, "service": null, "branch": null, "contact:phone": null, "bin": null, "covered": null, "passenger_information_display": null, "shelter": null, "tactile_paving": null, "footway": null, "payment:cash": null, "payment:coins": null, "area": null, "addr:place": null, "access": null, "opening_hours:covid19": null, "addr:state": null, "cycleway": null, "incline": null, "hazard": null, "orientation": null, "parking": null, "type": null, "addr:district": null, "box_id": 1, "provider": "osmnx" }, "geometry": { "type": "LineString", "coordinates": [ [ -49.2485033, -25.4228078 ], [ -49.2497164, -25.4227042 ], [ -49.2499175, -25.4226871 ], [ -49.2500374, -25.4226769 ], [ -49.2503153, -25.4226531 ], [ -49.2505429, -25.4226337 ], [ -49.250666, -25.4226232 ], [ -49.2507558, -25.4226155 ], [ -49.2511006, -25.4225861 ], [ -49.251346044626217, -25.422565063414677 ] ] } },
{ "type": "Feature", "properties": { "highway": "service", "traffic_signals:direction": null, "crossing": null, "crossing_ref": null, "maxspeed": null, "traffic_signals": null, "traffic_signals:sound": null, "amenity": null, "addr:city": null, "addr:country": null, "addr:housenumber": null, "addr:street": null, "bicycle": null, "crossing:markings": null, "button_operated": null, "crossing:island": null, "name": null, "wheelchair": null, "addr:suburb": null, "brand": null, "brand:wikidata": null, "brand:wikipedia": null, "healthcare": null, "railway": null, "crossing:barrier": null, "capacity": null, "cuisine": null, "delivery": null, "internet_access": null, "opening_hours": null, "phone": null, "smoking": null, "takeaway": null, "website": null, "addr:postcode": null, "operator": null, "alt_name": null, "shop": null, "building": null, "name:en": null, "name:pt": null, "office": null, "old_name": null, "fee": null, "service:bicycle:bicycle": null, "service:bicycle:dealer": null, "service:bicycle:ebike": null, "service:bicycle:repair": null, "service:bicycle:sales": null, "direction": null, "stop": null, "bus": null, "public_transport": null, "brewery": null, "level": null, "microbrewery": null, "outdoor_seating": null, "payment:american_express": null, "payment:cards": null, "payment:credit_cards": null, "payment:cryptocurrencies": null, "payment:debit_cards": null, "payment:maestro": null, "payment:mastercard": null, "payment:notes": null, "payment:visa": null, "payment:visa_electron": null, "start_date": null, "network": null, "network:wikidata": null, "ref": null, "source": null, "bridge": null, "layer": null, "oneway": "yes", "lanes": null, "lit": null, "short_name": null, "surface": null, "admin_level": null, "boundary": null, "loc_name": null, "foot": null, "maxheight": null, "width": null, "sidewalk": null, "destination": null, "leisure": null, "email": null, "service:bicycle:cleaning": null, "service:bicycle:diy": null, "service:bicycle:pump": null, "service:bicycle:rental": null, "service:bicycle:retail": null, "service:bicycle:second_hand": null, "bus:lanes": null, "source:alt_name": null, "segregated": null, "service:bicycle:chain_tool": null, "not:operator:wikidata": null, "note": null, "barrier": null, "service": null, "branch": null, "contact:phone": null, "bin": null, "covered": null, "passenger_information_display": null, "shelter": null, "tactile_paving": null, "footway": null, "payment:cash": null, "payment:coins": null, "area": null, "addr:place": null, "access": null, "opening_hours:covid19": null, "addr:state": null, "cycleway": null, "incline": null, "hazard": null, "orientation": null, "parking": null, "type": null, "addr:district": null, "box_id": 1, "provider": "osmnx" }, "geometry": { "type": "LineString", "coordinates": [ [ -49.2503686, -25.4223395 ], [ -49.2504175, -25.4223577 ], [ -49.2504644, -25.4223655 ], [ -49.2505999, -25.4223674 ], [ -49.2506294, -25.4223776 ], [ -49.2506421, -25.4223995 ], [ -49.2506568, -25.4225194 ], [ -49.250666, -25.4226232 ] ] } },
{ "type": "Feature", "properties": { "highway": "service", "traffic_signals:direction": null, "crossing": null, "crossing_ref": null, "maxspeed": null, "traffic_signals": null, "traffic_signals:sound": null, "amenity": null, "addr:city": null, "addr:country": null, "addr:housenumber": null, "addr:street": null, "bicycle": null, "crossing:markings": null, "button_operated": null, "crossing:island": null, "name": null, "wheelchair": null, "addr:suburb": null, "brand": null, "brand:wikidata": null, "brand:wikipedia": null, "healthcare": null, "railway": null, "crossing:barrier": null, "capacity": null, "cuisine": null, "delivery": null, "internet_access": null, "opening_hours": null, "phone": null, "smoking": null, "takeaway": null, "website": null, "addr:postcode": null, "operator": null, "alt_name": null, "shop": null, "building": null, "name:en": null, "name:pt": null, "office": null, "old_name": null, "fee": null, "service:bicycle:bicycle": null, "service:bicycle:dealer": null, "service:bicycle:ebike": null, "service:bicycle:repair": null, "service:bicycle:sales": null, "direction": null, "stop": null, "bus": null, "public_transport": null, "brewery": null, "level": null, "microbrewery": null, "outdoor_seating": null, "payment:american_express": null, "payment:cards": null, "payment:credit_cards": null, "payment:cryptocurrencies": null, "payment:debit_cards": null, "payment:maestro": null, "payment:mastercard": null, "payment:notes": null, "payment:visa": null, "payment:visa_electron": null, "start_date": null, "network": null, "network:wikidata": null, "ref": null, "source": null, "bridge": null, "layer": null, "oneway": "yes", "lanes": null, "lit": null, "short_name": null, "surface": null, "admin_level": null, "boundary": null, "loc_name": null, "foot": null, "maxheight": null, "width": null, "sidewalk": null, "destination": null, "leisure": null, "email": null, "service:bicycle:cleaning": null, "service:bicycle:diy": null, "service:bicycle:pump": null, "service:bicycle:rental": null, "service:bicycle:retail": null, "service:bicycle:second_hand": null, "bus:lanes": null, "source:alt_name": null, "segregated": null, "service:bicycle:chain_tool": null, "not:operator:wikidata": null, "note": null, "barrier": null, "service": null, "branch": null, "contact:phone": null, "bin": null, "covered": null, "passenger_information_display": null, "shelter": null, "tactile_paving": null, "footway": null, "payment:cash": null, "payment:coins": null, "area": null, "addr:place": null, "access": null, "opening_hours:covid19": null, "addr:state": null, "cycleway": null, "incline": null, "hazard": null, "orientation": null, "parking": null, "type": null, "addr:district": null, "box_id": 1, "provider": "osmnx" }, "geometry": { "type": "LineString", "coordinates": [ [ -49.2503686, -25.4223395 ], [ -49.2504738, -25.4223183 ], [ -49.2505992, -25.4223019 ], [ -49.2506488, -25.4223013 ], [ -49.2506904, -25.422311 ], [ -49.2507159, -25.4223359 ], [ -49.2507416, -25.4225116 ], [ -49.2507558, -25.4226155 ] ] } },
{ "type": "Feature", "properties": { "highway": "service", "traffic_signals:direction": null, "crossing": null, "crossing_ref": null, "maxspeed": null, "traffic_signals": null, "traffic_signals:sound": null, "amenity": null, "addr:city": null, "addr:country": null, "addr:housenumber": null, "addr:street": null, "bicycle": null, "crossing:markings": null, "button_operated": null, "crossing:island": null, "name": null, "wheelchair": null, "addr:suburb": null, "brand": null, "brand:wikidata": null, "brand:wikipedia": null, "healthcare": null, "railway": null, "crossing:barrier": null, "capacity": null, "cuisine": null, "delivery": null, "internet_access": null, "opening_hours": null, "phone": null, "smoking": null, "takeaway": null, "website": null, "addr:postcode": null, "operator": null, "alt_name": null, "shop": null, "building": null, "name:en": null, "name:pt": null, "office": null, "old_name": null, "fee": null, "service:bicycle:bicycle": null, "service:bicycle:dealer": null, "service:bicycle:ebike": null, "service:bicycle:repair": null, "service:bicycle:sales": null, "direction": null, "stop": null, "bus": null, "public_transport": null, "brewery": null, "level": null, "microbrewery": null, "outdoor_seating": null, "payment:american_express": null, "payment:cards": null, "payment:credit_cards": null, "payment:cryptocurrencies": null, "payment:debit_cards": null, "payment:maestro": null, "payment:mastercard": null, "payment:notes": null, "payment:visa": null, "payment:visa_electron": null, "start_date": null, "network": null, "network:wikidata": null, "ref": null, "source": null, "bridge": null, "layer": null, "oneway": null, "lanes": null, "lit": null, "short_name": null, "surface": null, "admin_level": null, "boundary": null, "loc_name": null, "foot": null, "maxheight": null, "width": null, "sidewalk": null, "destination": null, "leisure": null, "email": null, "service:bicycle:cleaning": null, "service:bicycle:diy": null, "service:bicycle:pump": null, "service:bicycle:rental": null, "service:bicycle:retail": null, "service:bicycle:second_hand": null, "bus:lanes": null, "source:alt_name": null, "segregated": null, "service:bicycle:chain_tool": null, "not:operator:wikidata": null, "note": null, "barrier": null, "service": null, "branch": null, "contact:phone": null, "bin": null, "covered": null, "passenger_information_display": null, "shelter": null, "tactile_paving": null, "footway": null, "payment:cash": null, "payment:coins": null, "area": null, "addr:place": null, "access": null, "opening_hours:covid19": null, "addr:state": null, "cycleway": null, "incline": null, "hazard": null, "orientation": null, "parking": null, "type": null, "addr:district": null, "box_id": 1, "provider": "osmnx" }, "geometry": { "type": "LineString", "coordinates": [ [ -49.2501198, -25.4223231 ], [ -49.2499934, -25.4225579 ] ] } },
{ "type": "Feature", "properties": { "highway": "service", "traffic_signals:direction": null, "crossing": null, "crossing_ref": null, "maxspeed": null, "traffic_signals": null, "traffic_signals:sound": null, "amenity": null, "addr:city": null, "addr:country": null, "addr:housenumber": null, "addr:street": null, "bicycle": null, "crossing:markings": null, "button_operated": null, "crossing:island": null, "name": null, "wheelchair": null, "addr:suburb": null, "brand": null, "brand:wikidata": null, "brand:wikipedia": null, "healthcare": null, "railway": null, "crossing:barrier": null, "capacity": null, "cuisine": null, "delivery": null, "internet_access": null, "opening_hours": null, "phone": null, "smoking": null, "takeaway": null, "website": null, "addr:postcode": null, "operator": null, "alt_name": null, "shop": null, "building": null, "name:en": null, "name:pt": null, "office": null, "old_name": null, "fee": null, "service:bicycle:bicycle": null, "service:bicycle:dealer": null, "service:bicycle:ebike": null, "service:bicycle:repair": null, "service:bicycle:sales": null, "direction": null, "stop": null, "bus": null, "public_transport": null, "brewery": null, "level": null, "microbrewery": null, "outdoor_seating": null, "payment:american_express": null, "payment:cards": null, "payment:credit_cards": null, "payment:cryptocurrencies": null, "payment:debit_cards": null, "payment:maestro": null, "payment:mastercard": null, "payment:notes": null, "payment:visa": null, "payment:visa_electron": null, "start_date": null, "network": null, "network:wikidata": null, "ref": null, "source": null, "bridge": null, "layer": null, "oneway": "yes", "lanes": null, "lit": null, "short_name": null, "surface": null, "admin_level": null, "boundary": null, "loc_name": null, "foot": null, "maxheight": null, "width": null, "sidewalk": null, "destination": null, "leisure": null, "email": null, "service:bicycle:cleaning": null, "service:bicycle:diy": null, "service:bicycle:pump": null, "service:bicycle:rental": null, "service:bicycle:retail": null, "service:bicycle:second_hand": null, "bus:lanes": null, "source:alt_name": null, "segregated": null, "service:bicycle:chain_tool": null, "not:operator:wikidata": null, "note": null, "barrier": null, "service": null, "branch": null, "contact:phone": null, "bin": null, "covered": null, "passenger_information_display": null, "shelter": null, "tactile_paving": null, "footway": null, "payment:cash": null, "payment:coins": null, "area": null, "addr:place": null, "access": null, "opening_hours:covid19": null, "addr:state": null, "cycleway": null, "incline": null, "hazard": null, "orientation": null, "parking": null, "type": null, "addr:district": null, "box_id": 1, "provider": "osmnx" }, "geometry": { "type": "LineString", "coordinates": [ [ -49.2500374, -25.4226769 ], [ -49.2500034, -25.4225794 ], [ -49.2499978, -25.4225658 ], [ -49.2499934, -25.4225579 ], [ -49.2498522, -25.4222898 ], [ -49.2498442, -25.4222523 ], [ -49.2498482, -25.4222202 ], [ -49.2498656, -25.4221796 ] ] } },
{ "type": "Feature", "properties": { "highway": "service", "traffic_signals:direction": null, "crossing": null, "crossing_ref": null, "maxspeed": null, "traffic_signals": null, "traffic_signals:sound": null, "amenity": null, "addr:city": null, "addr:country": null, "addr:housenumber": null, "addr:street": null, "bicycle": null, "crossing:markings": null, "button_operated": null, "crossing:island": null, "name": null, "wheelchair": null, "addr:suburb": null, "brand": null, "brand:wikidata": null, "brand:wikipedia": null, "healthcare": null, "railway": null, "crossing:barrier": null, "capacity": null, "cuisine": null, "delivery": null, "internet_access": null, "opening_hours": null, "phone": null, "smoking": null, "takeaway": null, "website": null, "addr:postcode": null, "operator": null, "alt_name": null, "shop": null, "building": null, "name:en": null, "name:pt": null, "office": null, "old_name": null, "fee": null, "service:bicycle:bicycle": null, "service:bicycle:dealer": null, "service:bicycle:ebike": null, "service:bicycle:repair": null, "service:bicycle:sales": null, "direction": null, "stop": null, "bus": null, "public_transport": null, "brewery": null, "level": null, "microbrewery": null, "outdoor_seating": null, "payment:american_express": null, "payment:cards": null, "payment:credit_cards": null, "payment:cryptocurrencies": null, "payment:debit_cards": null, "payment:maestro": null, "payment:mastercard": null, "payment:notes": null, "payment:visa": null, "payment:visa_electron": null, "start_date": null, "network": null, "network:wikidata": null, "ref": null, "source": null, "bridge": null, "layer": null, "oneway": "yes", "lanes": null, "lit": null, "short_name": null, "surface": null, "admin_level": null, "boundary": null, "loc_name": null, "foot": null, "maxheight": null, "width": null, "sidewalk": null, "destination": null, "leisure": null, "email": null, "service:bicycle:cleaning": null, "service:bicycle:diy": null, "service:bicycle:pump": null, "service:bicycle:rental": null, "service:bicycle:retail": null, "service:bicycle:second_hand": null, "bus:lanes": null, "source:alt_name": null, "segregated": null, "service:bicycle:chain_tool": null, "not:operator:wikidata": null, "note": null, "barrier": null, "service": null, "branch": null, "contact:phone": null, "bin": null, "covered": null, "passenger_information_display": null, "shelter": null, "tactile_paving": null, "footway": null, "payment:cash": null, "payment:coins": null, "area": null, "addr:place": null, "access": null, "opening_hours:covid19": null, "addr:state": null, "cycleway": null, "incline": null, "hazard": null, "orientation": null, "parking": null, "type": null, "addr:district": null, "box_id": 1, "provider": "osmnx" }, "geometry": { "type": "LineString", "coordinates": [ [ -49.2498656, -25.4221796 ], [ -49.249879, -25.4222196 ], [ -49.2499052, -25.4222493 ], [ -49.2499937, -25.4222923 ], [ -49.2501198, -25.4223231 ], [ -49.2503686, -25.4223395 ] ] } },
{ "type": "Feature", "properties": { "highway": "service", "traffic_signals:direction": null, "crossing": null, "crossing_ref": null, "maxspeed": null, "traffic_signals": null, "traffic_signals:sound": null, "amenity": null, "addr:city": null, "addr:country": null, "addr:housenumber": null, "addr:street": null, "bicycle": null, "crossing:markings": null, "button_operated": null, "crossing:island": null, "name": null, "wheelchair": null, "addr:suburb": null, "brand": null, "brand:wikidata": null, "brand:wikipedia": null, "healthcare": null, "railway": null, "crossing:barrier": null, "capacity": null, "cuisine": null, "delivery": null, "internet_access": null, "opening_hours": null, "phone": null, "smoking": null, "takeaway": null, "website": null, "addr:postcode": null, "operator": null, "alt_name": null, "shop": null, "building": null, "name:en": null, "name:pt": null, "office": null, "old_name": null, "fee": null, "service:bicycle:bicycle": null, "service:bicycle:dealer": null, "service:bicycle:ebike": null, "service:bicycle:repair": null, "service:bicycle:sales": null, "direction": null, "stop": null, "bus": null, "public_transport": null, "brewery": null, "level": null, "microbrewery": null, "outdoor_seating": null, "payment:american_express": null, "payment:cards": null, "payment:credit_cards": null, "payment:cryptocurrencies": null, "payment:debit_cards": null, "payment:maestro": null, "payment:mastercard": null, "payment:notes": null, "payment:visa": null, "payment:visa_electron": null, "start_date": null, "network": null, "network:wikidata": null, "ref": null, "source": null, "bridge": null, "layer": null, "oneway": null, "lanes": null, "lit": null, "short_name": null, "surface": null, "admin_level": null, "boundary": null, "loc_name": null, "foot": null, "maxheight": null, "width": null, "sidewalk": null, "destination": null, "leisure": null, "email": null, "service:bicycle:cleaning": null, "service:bicycle:diy": null, "service:bicycle:pump": null, "service:bicycle:rental": null, "service:bicycle:retail": null, "service:bicycle:second_hand": null, "bus:lanes": null, "source:alt_name": null, "segregated": null, "service:bicycle:chain_tool": null, "not:operator:wikidata": null, "note": null, "barrier": null, "service": null, "branch": null, "contact:phone": null, "bin": null, "covered": null, "passenger_information_display": null, "shelter": null, "tactile_paving": null, "footway": null, "payment:cash": null, "payment:coins": null, "area": null, "addr:place": null, "access": null, "opening_hours:covid19": null, "addr:state": null, "cycleway": null, "incline": null, "hazard": null, "orientation": null, "parking": null, "type": null, "addr:district": null, "box_id": 1, "provider": "osmnx" }, "geometry": { "type": "LineString", "coordinates": [ [ -49.2498656, -25.4221796 ], [ -49.249833, -25.4217509 ] ] } },
{ "type": "Feature", "properties": { "highway": "service", "traffic_signals:direction": null, "crossing": null, "crossing_ref": null, "maxspeed": null, "traffic_signals": null, "traffic_signals:sound": null, "amenity": null, "addr:city": null, "addr:country": null, "addr:housenumber": null, "addr:street": null, "bicycle": null, "crossing:markings": null, "button_operated": null, "crossing:island": null, "name": null, "wheelchair": null, "addr:suburb": null, "brand": null, "brand:wikidata": null, "brand:wikipedia": null, "healthcare": null, "railway": null, "crossing:barrier": null, "capacity": null, "cuisine": null, "delivery": null, "internet_access": null, "opening_hours": null, "phone": null, "smoking": null, "takeaway": null, "website": null, "addr:postcode": null, "operator": null, "alt_name": null, "shop": null, "building": null, "name:en": null, "name:pt": null, "office": null, "old_name": null, "fee": null, "service:bicycle:bicycle": null, "service:bicycle:dealer": null, "service:bicycle:ebike": null, "service:bicycle:repair": null, "service:bicycle:sales": null, "direction": null, "stop": null, "bus": null, "public_transport": null, "brewery": null, "level": null, "microbrewery": null, "outdoor_seating": null, "payment:american_express": null, "payment:cards": null, "payment:credit_cards": null, "payment:cryptocurrencies": null, "payment:debit_cards": null, "payment:maestro": null, "payment:mastercard": null, "payment:notes": null, "payment:visa": null, "payment:visa_electron": null, "start_date": null, "network": null, "network:wikidata": null, "ref": null, "source": null, "bridge": null, "layer": null, "oneway": null, "lanes": null, "lit": null, "short_name": null, "surface": null, "admin_level": null, "boundary": null, "loc_name": null, "foot": null, "maxheight": null, "width": null, "sidewalk": null, "destination": null, "leisure": null, "email": null, "service:bicycle:cleaning": null, "service:bicycle:diy": null, "service:bicycle:pump": null, "service:bicycle:rental": null, "service:bicycle:retail": null, "service:bicycle:second_hand": null, "bus:lanes": null, "source:alt_name": null, "segregated": null, "service:bicycle:chain_tool": null, "not:operator:wikidata": null, "note": null, "barrier": null, "service": "parking_aisle", "branch": null, "contact:phone": null, "bin": null, "covered": null, "passenger_information_display": null, "shelter": null, "tactile_paving": null, "footway": null, "payment:cash": null, "payment:coins": null, "area": null, "addr:place": null, "access": null, "opening_hours:covid19": null, "addr:state": null, "cycleway": null, "incline": null, "hazard": null, "orientation": null, "parking": null, "type": null, "addr:district": null, "box_id": 1, "provider": "osmnx" }, "geometry": { "type": "LineString", "coordinates": [ [ -49.2502725, -25.4215972 ], [ -49.2498267, -25.4216426 ] ] } },
{ "type": "Feature", "properties": { "highway": "service", "traffic_signals:direction": null, "crossing": null, "crossing_ref": null, "maxspeed": null, "traffic_signals": null, "traffic_signals:sound": null, "amenity": null, "addr:city": null, "addr:country": null, "addr:housenumber": null, "addr:street": null, "bicycle": null, "crossing:markings": null, "button_operated": null, "crossing:island": null, "name": null, "wheelchair": null, "addr:suburb": null, "brand": null, "brand:wikidata": null, "brand:wikipedia": null, "healthcare": null, "railway": null, "crossing:barrier": null, "capacity": null, "cuisine": null, "delivery": null, "internet_access": null, "opening_hours": null, "phone": null, "smoking": null, "takeaway": null, "website": null, "addr:postcode": null, "operator": null, "alt_name": null, "shop": null, "building": null, "name:en": null, "name:pt": null, "office": null, "old_name": null, "fee": null, "service:bicycle:bicycle": null, "service:bicycle:dealer": null, "service:bicycle:ebike": null, "service:bicycle:repair": null, "service:bicycle:sales": null, "direction": null, "stop": null, "bus": null, "public_transport": null, "brewery": null, "level": null, "microbrewery": null, "outdoor_seating": null, "payment:american_express": null, "payment:cards": null, "payment:credit_cards": null, "payment:cryptocurrencies": null, "payment:debit_cards": null, "payment:maestro": null, "payment:mastercard": null, "payment:notes": null, "payment:visa": null, "payment:visa_electron": null, "start_date": null, "network": null, "network:wikidata": null, "ref": null, "source": null, "bridge": null, "layer": null, "oneway": null, "lanes": null, "lit": null, "short_name": null, "surface": null, "admin_level": null, "boundary": null, "loc_name": null, "foot": null, "maxheight": null, "width": null, "sidewalk": null, "destination": null, "leisure": null, "email": null, "service:bicycle:cleaning": null, "service:bicycle:diy": null, "service:bicycle:pump": null, "service:bicycle:rental": null, "service:bicycle:retail": null, "service:bicycle:second_hand": null, "bus:lanes": null, "source:alt_name": null, "segregated": null, "service:bicycle:chain_tool": null, "not:operator:wikidata": null, "note": null, "barrier": null, "service": "parking_aisle", "branch": null, "contact:phone": null, "bin": null, "covered": null, "passenger_information_display": null, "shelter": null, "tactile_paving": null, "footway": null, "payment:cash": null, "payment:coins": null, "area": null, "addr:place": null, "access": null, "opening_hours:covid19": null, "addr:state": null, "cycleway": null, "incline": null, "hazard": null, "orientation": null, "parking": null, "type": null, "addr:district": null, "box_id": 1, "provider": "osmnx" }, "geometry": { "type": "LineString", "coordinates": [ [ -49.2498214, -25.4215498 ], [ -49.2498328, -25.4215286 ], [ -49.2498569, -25.4215158 ], [ -49.2502157, -25.4214765 ], [ -49.2502465, -25.4214807 ], [ -49.2502619, -25.4214971 ], [ -49.2502725, -25.4215972 ], [ -49.2502814, -25.4216818 ], [ -49.2502707, -25.4216987 ], [ -49.2502458, -25.4217066 ], [ -49.249833, -25.4217509 ] ] } },
{ "type": "Feature", "properties": { "highway": "service", "traffic_signals:direction": null, "crossing": null, "crossing_ref": null, "maxspeed": null, "traffic_signals": null, "traffic_signals:sound": null, "amenity": null, "addr:city": null, "addr:country": null, "addr:housenumber": null, "addr:street": null, "bicycle": null, "crossing:markings": null, "button_operated": null, "crossing:island": null, "name": null, "wheelchair": null, "addr:suburb": null, "brand": null, "brand:wikidata": null, "brand:wikipedia": null, "healthcare": null, "railway": null, "crossing:barrier": null, "capacity": null, "cuisine": null, "delivery": null, "internet_access": null, "opening_hours": null, "phone": null, "smoking": null, "takeaway": null, "website": null, "addr:postcode": null, "operator": null, "alt_name": null, "shop": null, "building": null, "name:en": null, "name:pt": null, "office": null, "old_name": null, "fee": null, "service:bicycle:bicycle": null, "service:bicycle:dealer": null, "service:bicycle:ebike": null, "service:bicycle:repair": null, "service:bicycle:sales": null, "direction": null, "stop": null, "bus": null, "public_transport": null, "brewery": null, "level": null, "microbrewery": null, "outdoor_seating": null, "payment:american_express": null, "payment:cards": null, "payment:credit_cards": null, "payment:cryptocurrencies": null, "payment:debit_cards": null, "payment:maestro": null, "payment:mastercard": null, "payment:notes": null, "payment:visa": null, "payment:visa_electron": null, "start_date": null, "network": null, "network:wikidata": null, "ref": null, "source": null, "bridge": null, "layer": null, "oneway": null, "lanes": null, "lit": null, "short_name": null, "surface": null, "admin_level": null, "boundary": null, "loc_name": null, "foot": null, "maxheight": null, "width": null, "sidewalk": null, "destination": null, "leisure": null, "email": null, "service:bicycle:cleaning": null, "service:bicycle:diy": null, "service:bicycle:pump": null, "service:bicycle:rental": null, "service:bicycle:retail": null, "service:bicycle:second_hand": null, "bus:lanes": null, "source:alt_name": null, "segregated": null, "service:bicycle:chain_tool": null, "not:operator:wikidata": null, "note": null, "barrier": null, "service": null, "branch": null, "contact:phone": null, "bin": null, "covered": null, "passenger_information_display": null, "shelter": null, "tactile_paving": null, "footway": null, "payment:cash": null, "payment:coins": null, "area": null, "addr:place": null, "access": null, "opening_hours:covid19": null, "addr:state": null, "cycleway": null, "incline": null, "hazard": null, "orientation": null, "parking": null, "type": null, "addr:district": null, "box_id": 1, "provider": "osmnx" }, "geometry": { "type": "LineString", "coordinates": [ [ -49.2511819, -25.421256 ], [ -49.2505784, -25.4212893 ] ] } },
{ "type": "Feature", "properties": { "highway": "service", "traffic_signals:direction": null, "crossing": null, "crossing_ref": null, "maxspeed": null, "traffic_signals": null, "traffic_signals:sound": null, "amenity": null, "addr:city": null, "addr:country": null, "addr:housenumber": null, "addr:street": null, "bicycle": null, "crossing:markings": null, "button_operated": null, "crossing:island": null, "name": null, "wheelchair": null, "addr:suburb": null, "brand": null, "brand:wikidata": null, "brand:wikipedia": null, "healthcare": null, "railway": null, "crossing:barrier": null, "capacity": null, "cuisine": null, "delivery": null, "internet_access": null, "opening_hours": null, "phone": null, "smoking": null, "takeaway": null, "website": null, "addr:postcode": null, "operator": null, "alt_name": null, "shop": null, "building": null, "name:en": null, "name:pt": null, "office": null, "old_name": null, "fee": null, "service:bicycle:bicycle": null, "service:bicycle:dealer": null, "service:bicycle:ebike": null, "service:bicycle:repair": null, "service:bicycle:sales": null, "direction": null, "stop": null, "bus": null, "public_transport": null, "brewery": null, "level": null, "microbrewery": null, "outdoor_seating": null, "payment:american_express": null, "payment:cards": null, "payment:credit_cards": null, "payment:cryptocurrencies": null, "payment:debit_cards": null, "payment:maestro": null, "payment:mastercard": null, "payment:notes": null, "payment:visa": null, "payment:visa_electron": null, "start_date": null, "network": null, "network:wikidata": null, "ref": null, "source": null, "bridge": null, "layer": null, "oneway": null, "lanes": null, "lit": null, "short_name": null, "surface": null, "admin_level": null, "boundary": null, "loc_name": null, "foot": null, "maxheight": null, "width": null, "sidewalk": null, "destination": null, "leisure": null, "email": null, "service:bicycle:cleaning": null, "service:bicycle:diy": null, "service:bicycle:pump": null, "service:bicycle:rental": null, "service:bicycle:retail": null, "service:bicycle:second_hand": null, "bus:lanes": null, "source:alt_name": null, "segregated": null, "service:bicycle:chain_tool": null, "not:operator:wikidata": null, "note": null, "barrier": null, "service": null, "branch": null, "contact:phone": null, "bin": null, "covered": null, "passenger_information_display": null, "shelter": null, "tactile_paving": null, "footway": null, "payment:cash": null, "payment:coins": null, "area": null, "addr:place": null, "access": null, "opening_hours:covid19": null, "addr:state": null, "cycleway": null, "incline": null, "hazard": null, "orientation": null, "parking": null, "type": null, "addr:district": null, "box_id": 1, "provider": "osmnx" }, "geometry": { "type": "LineString", "coordinates": [ [ -49.2505664, -25.4211153 ], [ -49.2505744, -25.4211603 ], [ -49.2505858, -25.4212675 ], [ -49.2505784, -25.4212893 ], [ -49.2505489, -25.421299 ], [ -49.2503075, -25.4213178 ] ] } },
{ "type": "Feature", "properties": { "highway": "tertiary", "traffic_signals:direction": null, "crossing": null, "crossing_ref": null, "maxspeed": null, "traffic_signals": null, "traffic_signals:sound": null, "amenity": null, "addr:city": null, "addr:country": null, "addr:housenumber": null, "addr:street": null, "bicycle": null, "crossing:markings": null, "button_operated": null, "crossing:island": null, "name": "Rua Conselheiro Carrão", "wheelchair": null, "addr:suburb": null, "brand": null, "brand:wikidata": null, "brand:wikipedia": null, "healthcare": null, "railway": null, "crossing:barrier": null, "capacity": null, "cuisine": null, "delivery": null, "internet_access": null, "opening_hours": null, "phone": null, "smoking": null, "takeaway": null, "website": null, "addr:postcode": null, "operator": null, "alt_name": null, "shop": null, "building": null, "name:en": null, "name:pt": null, "office": null, "old_name": null, "fee": null, "service:bicycle:bicycle": null, "service:bicycle:dealer": null, "service:bicycle:ebike": null, "service:bicycle:repair": null, "service:bicycle:sales": null, "direction": null, "stop": null, "bus": null, "public_transport": null, "brewery": null, "level": null, "microbrewery": null, "outdoor_seating": null, "payment:american_express": null, "payment:cards": null, "payment:credit_cards": null, "payment:cryptocurrencies": null, "payment:debit_cards": null, "payment:maestro": null, "payment:mastercard": null, "payment:notes": null, "payment:visa": null, "payment:visa_electron": null, "start_date": null, "network": null, "network:wikidata": null, "ref": null, "source": null, "bridge": null, "layer": null, "oneway": "yes", "lanes": "1", "lit": null, "short_name": null, "surface": "asphalt", "admin_level": null, "boundary": null, "loc_name": null, "foot": null, "maxheight": null, "width": null, "sidewalk": null, "destination": null, "leisure": null, "email": null, "service:bicycle:cleaning": null, "service:bicycle:diy": null, "service:bicycle:pump": null, "service:bicycle:rental": null, "service:bicycle:retail": null, "service:bicycle:second_hand": null, "bus:lanes": null, "source:alt_name": null, "segregated": null, "service:bicycle:chain_tool": null, "not:operator:wikidata": null, "note": null, "barrier": null, "service": null, "branch": null, "contact:phone": null, "bin": null, "covered": null, "passenger_information_display": null, "shelter": null, "tactile_paving": null, "footway": null, "payment:cash": null, "payment:coins": null, "area": null, "addr:place": null, "access": null, "opening_hours:covid19": null, "addr:state": null, "cycleway": null, "incline": null, "hazard": null, "orientation": null, "parking": null, "type": null, "addr:district": null, "box_id": 1, "provider": "osmnx" }, "geometry": { "type": "LineString", "coordinates": [ [ -49.251367932525255, -25.421048637806543 ], [ -49.2513133, -25.4210532 ], [ -49.2505664, -25.4211153 ], [ -49.2498238, -25.421177 ], [ -49.2495669, -25.4211983 ] ] } },
{ "type": "Feature", "properties": { "highway": "service", "traffic_signals:direction": null, "crossing": null, "crossing_ref": null, "maxspeed": null, "traffic_signals": null, "traffic_signals:sound": null, "amenity": null, "addr:city": null, "addr:country": null, "addr:housenumber": null, "addr:street": null, "bicycle": null, "crossing:markings": null, "button_operated": null, "crossing:island": null, "name": null, "wheelchair": null, "addr:suburb": null, "brand": null, "brand:wikidata": null, "brand:wikipedia": null, "healthcare": null, "railway": null, "crossing:barrier": null, "capacity": null, "cuisine": null, "delivery": null, "internet_access": null, "opening_hours": null, "phone": null, "smoking": null, "takeaway": null, "website": null, "addr:postcode": null, "operator": null, "alt_name": null, "shop": null, "building": null, "name:en": null, "name:pt": null, "office": null, "old_name": null, "fee": null, "service:bicycle:bicycle": null, "service:bicycle:dealer": null, "service:bicycle:ebike": null, "service:bicycle:repair": null, "service:bicycle:sales": null, "direction": null, "stop": null, "bus": null, "public_transport": null, "brewery": null, "level": null, "microbrewery": null, "outdoor_seating": null, "payment:american_express": null, "payment:cards": null, "payment:credit_cards": null, "payment:cryptocurrencies": null, "payment:debit_cards": null, "payment:maestro": null, "payment:mastercard": null, "payment:notes": null, "payment:visa": null, "payment:visa_electron": null, "start_date": null, "network": null, "network:wikidata": null, "ref": null, "source": null, "bridge": null, "layer": null, "oneway": null, "lanes": null, "lit": null, "short_name": null, "surface": null, "admin_level": null, "boundary": null, "loc_name": null, "foot": null, "maxheight": null, "width": null, "sidewalk": null, "destination": null, "leisure": null, "email": null, "service:bicycle:cleaning": null, "service:bicycle:diy": null, "service:bicycle:pump": null, "service:bicycle:rental": null, "service:bicycle:retail": null, "service:bicycle:second_hand": null, "bus:lanes": null, "source:alt_name": null, "segregated": null, "service:bicycle:chain_tool": null, "not:operator:wikidata": null, "note": null, "barrier": null, "service": null, "branch": null, "contact:phone": null, "bin": null, "covered": null, "passenger_information_display": null, "shelter": null, "tactile_paving": null, "footway": null, "payment:cash": null, "payment:coins": null, "area": null, "addr:place": null, "access": null, "opening_hours:covid19": null, "addr:state": null, "cycleway": null, "incline": null, "hazard": null, "orientation": null, "parking": null, "type": null, "addr:district": null, "box_id": 1, "provider": "osmnx" }, "geometry": { "type": "LineString", "coordinates": [ [ -49.251264989452295, -25.420729627556124 ], [ -49.2512825, -25.4209241 ], [ -49.2513133, -25.4210532 ] ] } },
{ "type": "Feature", "properties": { "highway": "residential", "traffic_signals:direction": null, "crossing": null, "crossing_ref": null, "maxspeed": null, "traffic_signals": null, "traffic_signals:sound": null, "amenity": null, "addr:city": null, "addr:country": null, "addr:housenumber": null, "addr:street": null, "bicycle": null, "crossing:markings": null, "button_operated": null, "crossing:island": null, "name": "Rua Schiller", "wheelchair": null, "addr:suburb": null, "brand": null, "brand:wikidata": null, "brand:wikipedia": null, "healthcare": null, "railway": null, "crossing:barrier": null, "capacity": null, "cuisine": null, "delivery": null, "internet_access": null, "opening_hours": null, "phone": null, "smoking": null, "takeaway": null, "website": null, "addr:postcode": null, "operator": null, "alt_name": null, "shop": null, "building": null, "name:en": null, "name:pt": null, "office": null, "old_name": null, "fee": null, "service:bicycle:bicycle": null, "service:bicycle:dealer": null, "service:bicycle:ebike": null, "service:bicycle:repair": null, "service:bicycle:sales": null, "direction": null, "stop": null, "bus": null, "public_transport": null, "brewery": null, "level": null, "microbrewery": null, "outdoor_seating": null, "payment:american_express": null, "payment:cards": null, "payment:credit_cards": null, "payment:cryptocurrencies": null, "payment:debit_cards": null, "payment:maestro": null, "payment:mastercard": null, "payment:notes": null, "payment:visa": null, "payment:visa_electron": null, "start_date": null, "network": null, "network:wikidata": null, "ref": null, "source": null, "bridge": null, "layer": null, "oneway": "no", "lanes": "2", "lit": null, "short_name": null, "surface": "sett", "admin_level": null, "boundary": null, "loc_name": null, "foot": null, "maxheight": null, "width": null, "sidewalk": null, "destination": null, "leisure": null, "email": null, "service:bicycle:cleaning": null, "service:bicycle:diy": null, "service:bicycle:pump": null, "service:bicycle:rental": null, "service:bicycle:retail": null, "service:bicycle:second_hand": null, "bus:lanes": null, "source:alt_name": null, "segregated": null, "service:bicycle:chain_tool": null, "not:operator:wikidata": null, "note": null, "barrier": null, "service": null, "branch": null, "contact:phone": null, "bin": null, "covered": null, "passenger_information_display": null, "shelter": null, "tactile_paving": null, "footway": null, "payment:cash": null, "payment:coins": null, "area": null, "addr:place": null, "access": null, "opening_hours:covid19": null, "addr:state": null, "cycleway": null, "incline": null, "hazard": null, "orientation": null, "parking": null, "type": null, "addr:district": null, "box_id": 1, "provider": "osmnx" }, "geometry": { "type": "LineString", "coordinates": [ [ -49.2497094, -25.4226021 ], [ -49.2497129, -25.4226532 ], [ -49.2497164, -25.4227042 ], [ -49.2497205, -25.4227512 ], [ -49.2497235, -25.4227865 ] ] } },
{ "type": "Feature", "properties": { "highway": "residential", "traffic_signals:direction": null, "crossing": null, "crossing_ref": null, "maxspeed": null, "traffic_signals": null, "traffic_signals:sound": null, "amenity": null, "addr:city": null, "addr:country": null, "addr:housenumber": null, "addr:street": null, "bicycle": null, "crossing:markings": null, "button_operated": null, "crossing:island": null, "name": "Rua Schiller", "wheelchair": null, "addr:suburb": null, "brand": null, "brand:wikidata": null, "brand:wikipedia": null, "healthcare": null, "railway": null, "crossing:barrier": null, "capacity": null, "cuisine": null, "delivery": null, "internet_access": null, "opening_hours": null, "phone": null, "smoking": null, "takeaway": null, "website": null, "addr:postcode": null, "operator": null, "alt_name": null, "shop": null, "building": null, "name:en": null, "name:pt": null, "office": null, "old_name": null, "fee": null, "service:bicycle:bicycle": null, "service:bicycle:dealer": null, "service:bicycle:ebike": null, "service:bicycle:repair": null, "service:bicycle:sales": null, "direction": null, "stop": null, "bus": null, "public_transport": null, "brewery": null, "level": null, "microbrewery": null, "outdoor_seating": null, "payment:american_express": null, "payment:cards": null, "payment:credit_cards": null, "payment:cryptocurrencies": null, "payment:debit_cards": null, "payment:maestro": null, "payment:mastercard": null, "payment:notes": null, "payment:visa": null, "payment:visa_electron": null, "start_date": null, "network": null, "network:wikidata": null, "ref": null, "source": null, "bridge": null, "layer": null, "oneway": "yes", "lanes": "1", "lit": null, "short_name": null, "surface": "sett", "admin_level": null, "boundary": null, "loc_name": null, "foot": null, "maxheight": null, "width": null, "sidewalk": null, "destination": null, "leisure": null, "email": null, "service:bicycle:cleaning": null, "service:bicycle:diy": null, "service:bicycle:pump": null, "service:bicycle:rental": null, "service:bicycle:retail": null, "service:bicycle:second_hand": null, "bus:lanes": null, "source:alt_name": null, "segregated": null, "service:bicycle:chain_tool": null, "not:operator:wikidata": null, "note": null, "barrier": null, "service": null, "branch": null, "contact:phone": null, "bin": null, "covered": null, "passenger_information_display": null, "shelter": null, "tactile_paving": null, "footway": null, "payment:cash": null, "payment:coins": null, "area": null, "addr:place": null, "access": null, "opening_hours:covid19": null, "addr:state": null, "cycleway": null, "incline": null, "hazard": null, "orientation": null, "parking": null, "type": null, "addr:district": null, "box_id": 1, "provider": "osmnx" }, "geometry": { "type": "LineString", "coordinates": [ [ -49.2497094, -25.4226021 ], [ -49.2496719, -25.4225969 ], [ -49.2496357, -25.4225726 ], [ -49.2496163, -25.4225376 ], [ -49.2495966, -25.4223399 ], [ -49.2495053, -25.4214211 ], [ -49.2495197, -25.4213863 ], [ -49.2495438, -25.4213614 ], [ -49.2495816, -25.4213513 ] ] } },
{ "type": "Feature", "properties": { "highway": "residential", "traffic_signals:direction": null, "crossing": null, "crossing_ref": null, "maxspeed": null, "traffic_signals": null, "traffic_signals:sound": null, "amenity": null, "addr:city": null, "addr:country": null, "addr:housenumber": null, "addr:street": null, "bicycle": null, "crossing:markings": null, "button_operated": null, "crossing:island": null, "name": "Rua Schiller", "wheelchair": null, "addr:suburb": null, "brand": null, "brand:wikidata": null, "brand:wikipedia": null, "healthcare": null, "railway": null, "crossing:barrier": null, "capacity": null, "cuisine": null, "delivery": null, "internet_access": null, "opening_hours": null, "phone": null, "smoking": null, "takeaway": null, "website": null, "addr:postcode": null, "operator": null, "alt_name": null, "shop": null, "building": null, "name:en": null, "name:pt": null, "office": null, "old_name": null, "fee": null, "service:bicycle:bicycle": null, "service:bicycle:dealer": null, "service:bicycle:ebike": null, "service:bicycle:repair": null, "service:bicycle:sales": null, "direction": null, "stop": null, "bus": null, "public_transport": null, "brewery": null, "level": null, "microbrewery": null, "outdoor_seating": null, "payment:american_express": null, "payment:cards": null, "payment:credit_cards": null, "payment:cryptocurrencies": null, "payment:debit_cards": null, "payment:maestro": null, "payment:mastercard": null, "payment:notes": null, "payment:visa": null, "payment:visa_electron": null, "start_date": null, "network": null, "network:wikidata": null, "ref": null, "source": null, "bridge": null, "layer": null, "oneway": "yes", "lanes": "1", "lit": null, "short_name": null, "surface": "sett", "admin_level": null, "boundary": null, "loc_name": null, "foot": null, "maxheight": null, "width": null, "sidewalk": null, "destination": null, "leisure": null, "email": null, "service:bicycle:cleaning": null, "service:bicycle:diy": null, "service:bicycle:pump": null, "service:bicycle:rental": null, "service:bicycle:retail": null, "service:bicycle:second_hand": null, "bus:lanes": null, "source:alt_name": null, "segregated": null, "service:bicycle:chain_tool": null, "not:operator:wikidata": null, "note": null, "barrier": null, "service": null, "branch": null, "contact:phone": null, "bin": null, "covered": null, "passenger_information_display": null, "shelter": null, "tactile_paving": null, "footway": null, "payment:cash": null, "payment:coins": null, "area": null, "addr:place": null, "access": null, "opening_hours:covid19": null, "addr:state": null, "cycleway": null, "incline": null, "hazard": null, "orientation": null, "parking": null, "type": null, "addr:district": null, "box_id": 1, "provider": "osmnx" }, "geometry": { "type": "LineString", "coordinates": [ [ -49.2495816, -25.4213513 ], [ -49.2496262, -25.4213606 ], [ -49.2496578, -25.4213808 ], [ -49.2496717, -25.421419 ], [ -49.2496954, -25.4216376 ], [ -49.2497916, -25.4225243 ], [ -49.2497791, -25.4225613 ], [ -49.249747, -25.4225909 ], [ -49.2497094, -25.4226021 ] ] } },
{ "type": "Feature", "properties": { "highway": "service", "traffic_signals:direction": null, "crossing": null, "crossing_ref": null, "maxspeed": null, "traffic_signals": null, "traffic_signals:sound": null, "amenity": null, "addr:city": null, "addr:country": null, "addr:housenumber": null, "addr:street": null, "bicycle": null, "crossing:markings": null, "button_operated": null, "crossing:island": null, "name": null, "wheelchair": null, "addr:suburb": null, "brand": null, "brand:wikidata": null, "brand:wikipedia": null, "healthcare": null, "railway": null, "crossing:barrier": null, "capacity": null, "cuisine": null, "delivery": null, "internet_access": null, "opening_hours": null, "phone": null, "smoking": null, "takeaway": null, "website": null, "addr:postcode": null, "operator": null, "alt_name": null, "shop": null, "building": null, "name:en": null, "name:pt": null, "office": null, "old_name": null, "fee": null, "service:bicycle:bicycle": null, "service:bicycle:dealer": null, "service:bicycle:ebike": null, "service:bicycle:repair": null, "service:bicycle:sales": null, "direction": null, "stop": null, "bus": null, "public_transport": null, "brewery": null, "level": null, "microbrewery": null, "outdoor_seating": null, "payment:american_express": null, "payment:cards": null, "payment:credit_cards": null, "payment:cryptocurrencies": null, "payment:debit_cards": null, "payment:maestro": null, "payment:mastercard": null, "payment:notes": null, "payment:visa": null, "payment:visa_electron": null, "start_date": null, "network": null, "network:wikidata": null, "ref": null, "source": null, "bridge": null, "layer": null, "oneway": null, "lanes": null, "lit": null, "short_name": null, "surface": null, "admin_level": null, "boundary": null, "loc_name": null, "foot": null, "maxheight": null, "width": null, "sidewalk": null, "destination": null, "leisure": null, "email": null, "service:bicycle:cleaning": null, "service:bicycle:diy": null, "service:bicycle:pump": null, "service:bicycle:rental": null, "service:bicycle:retail": null, "service:bicycle:second_hand": null, "bus:lanes": null, "source:alt_name": null, "segregated": null, "service:bicycle:chain_tool": null, "not:operator:wikidata": null, "note": null, "barrier": null, "service": "parking_aisle", "branch": null, "contact:phone": null, "bin": null, "covered": null, "passenger_information_display": null, "shelter": null, "tactile_paving": null, "footway": null, "payment:cash": null, "payment:coins": null, "area": null, "addr:place": null, "access": null, "opening_hours:covid19": null, "addr:state": null, "cycleway": null, "incline": null, "hazard": null, "orientation": null, "parking": null, "type": null, "addr:district": null, "box_id": 1, "provider": "osmnx" }, "geometry": { "type": "LineString", "coordinates": [ [ -49.249833, -25.4217509 ], [ -49.2498267, -25.4216426 ], [ -49.2498214, -25.4215498 ] ] } },
{ "type": "Feature", "properties": { "highway": "tertiary", "traffic_signals:direction": null, "crossing": null, "crossing_ref": null, "maxspeed": null, "traffic_signals": null, "traffic_signals:sound": null, "amenity": null, "addr:city": null, "addr:country": null, "addr:housenumber": null, "addr:street": null, "bicycle": null, "crossing:markings": null, "button_operated": null, "crossing:island": null, "name": "Rua Conselheiro Carrão", "wheelchair": null, "addr:suburb": null, "brand": null, "brand:wikidata": null, "brand:wikipedia": null, "healthcare": null, "railway": null, "crossing:barrier": null, "capacity": null, "cuisine": null, "delivery": null, "internet_access": null, "opening_hours": null, "phone": null, "smoking": null, "takeaway": null, "website": null, "addr:postcode": null, "operator": null, "alt_name": null, "shop": null, "building": null, "name:en": null, "name:pt": null, "office": null, "old_name": null, "fee": null, "service:bicycle:bicycle": null, "service:bicycle:dealer": null, "service:bicycle:ebike": null, "service:bicycle:repair": null, "service:bicycle:sales": null, "direction": null, "stop": null, "bus": null, "public_transport": null, "brewery": null, "level": null, "microbrewery": null, "outdoor_seating": null, "payment:american_express": null, "payment:cards": null, "payment:credit_cards": null, "payment:cryptocurrencies": null, "payment:debit_cards": null, "payment:maestro": null, "payment:mastercard": null, "payment:notes": null, "payment:visa": null, "payment:visa_electron": null, "start_date": null, "network": null, "network:wikidata": null, "ref": null, "source": null, "bridge": null, "layer": null, "oneway": "yes", "lanes": "2", "lit": null, "short_name": null, "surface": "asphalt", "admin_level": null, "boundary": null, "loc_name": null, "foot": null, "maxheight": null, "width": null, "sidewalk": null, "destination": null, "leisure": null, "email": null, "service:bicycle:cleaning": null, "service:bicycle:diy": null, "service:bicycle:pump": null, "service:bicycle:rental": null, "service:bicycle:retail": null, "service:bicycle:second_hand": null, "bus:lanes": null, "source:alt_name": null, "segregated": null, "service:bicycle:chain_tool": null, "not:operator:wikidata": null, "note": null, "barrier": null, "service": null, "branch": null, "contact:phone": null, "bin": null, "covered": null, "passenger_information_display": null, "shelter": null, "tactile_paving": null, "footway": null, "payment:cash": null, "payment:coins": null, "area": null, "addr:place": null, "access": null, "opening_hours:covid19": null, "addr:state": null, "cycleway": null, "incline": null, "hazard": null, "orientation": null, "parking": null, "type": null, "addr:district": null, "box_id": 1, "provider": "osmnx" }, "geometry": { "type": "LineString", "coordinates": [ [ -49.2495669, -25.4211983 ], [ -49.2483495, -25.4212994 ] ] } },
{ "type": "Feature", "properties": { "highway": "residential", "traffic_signals:direction": null, "crossing": null, "crossing_ref": null, "maxspeed": null, "traffic_signals": null, "traffic_signals:sound": null, "amenity": null, "addr:city": null, "addr:country": null, "addr:housenumber": null, "addr:street": null, "bicycle": null, "crossing:markings": null, "button_operated": null, "crossing:island": null, "name": "Rua Schiller", "wheelchair": null, "addr:suburb": null, "brand": null, "brand:wikidata": null, "brand:wikipedia": null, "healthcare": null, "railway": null, "crossing:barrier": null, "capacity": null, "cuisine": null, "delivery": null, "internet_access": null, "opening_hours": null, "phone": null, "smoking": null, "takeaway": null, "website": null, "addr:postcode": null, "operator": null, "alt_name": null, "shop": null, "building": null, "name:en": null, "name:pt": null, "office": null, "old_name": null, "fee": null, "service:bicycle:bicycle": null, "service:bicycle:dealer": null, "service:bicycle:ebike": null, "service:bicycle:repair": null, "service:bicycle:sales": null, "direction": null, "stop": null, "bus": null, "public_transport": null, "brewery": null, "level": null, "microbrewery": null, "outdoor_seating": null, "payment:american_express": null, "payment:cards": null, "payment:credit_cards": null, "payment:cryptocurrencies": null, "payment:debit_cards": null, "payment:maestro": null, "payment:mastercard": null, "payment:notes": null, "payment:visa": null, "payment:visa_electron": null, "start_date": null, "network": null, "network:wikidata": null, "ref": null, "source": null, "bridge": null, "layer": null, "oneway": "no", "lanes": "2", "lit": null, "short_name": null, "surface": "sett", "admin_level": null, "boundary": null, "loc_name": null, "foot": null, "maxheight": null, "width": null, "sidewalk": null, "destination": null, "leisure": null, "email": null, "service:bicycle:cleaning": null, "service:bicycle:diy": null, "service:bicycle:pump": null, "service:bicycle:rental": null, "service:bicycle:retail": null, "service:bicycle:second_hand": null, "bus:lanes": null, "source:alt_name": null, "segregated": null, "service:bicycle:chain_tool": null, "not:operator:wikidata": null, "note": null, "barrier": null, "service": null, "branch": null, "contact:phone": null, "bin": null, "covered": null, "passenger_information_display": null, "shelter": null, "tactile_paving": null, "footway": null, "payment:cash": null, "payment:coins": null, "area": null, "addr:place": null, "access": null, "opening_hours:covid19": null, "addr:state": null, "cycleway": null, "incline": null, "hazard": null, "orientation": null, "parking": null, "type": null, "addr:district": null, "box_id": 1, "provider": "osmnx" }, "geometry": { "type": "LineString", "coordinates": [ [ -49.2495552, -25.4210774 ], [ -49.2495604, -25.4211313 ], [ -49.2495669, -25.4211983 ], [ -49.2495759, -25.4212917 ], [ -49.2495816, -25.4213513 ] ] } },
{ "type": "Feature", "properties": { "highway": "service", "traffic_signals:direction": null, "crossing": null, "crossing_ref": null, "maxspeed": null, "traffic_signals": null, "traffic_signals:sound": null, "amenity": null, "addr:city": null, "addr:country": null, "addr:housenumber": null, "addr:street": null, "bicycle": null, "crossing:markings": null, "button_operated": null, "crossing:island": null, "name": null, "wheelchair": null, "addr:suburb": null, "brand": null, "brand:wikidata": null, "brand:wikipedia": null, "healthcare": null, "railway": null, "crossing:barrier": null, "capacity": null, "cuisine": null, "delivery": null, "internet_access": null, "opening_hours": null, "phone": null, "smoking": null, "takeaway": null, "website": null, "addr:postcode": null, "operator": null, "alt_name": null, "shop": null, "building": null, "name:en": null, "name:pt": null, "office": null, "old_name": null, "fee": null, "service:bicycle:bicycle": null, "service:bicycle:dealer": null, "service:bicycle:ebike": null, "service:bicycle:repair": null, "service:bicycle:sales": null, "direction": null, "stop": null, "bus": null, "public_transport": null, "brewery": null, "level": null, "microbrewery": null, "outdoor_seating": null, "payment:american_express": null, "payment:cards": null, "payment:credit_cards": null, "payment:cryptocurrencies": null, "payment:debit_cards": null, "payment:maestro": null, "payment:mastercard": null, "payment:notes": null, "payment:visa": null, "payment:visa_electron": null, "start_date": null, "network": null, "network:wikidata": null, "ref": null, "source": null, "bridge": null, "layer": null, "oneway": null, "lanes": null, "lit": null, "short_name": null, "surface": null, "admin_level": null, "boundary": null, "loc_name": null, "foot": null, "maxheight": null, "width": null, "sidewalk": null, "destination": null, "leisure": null, "email": null, "service:bicycle:cleaning": null, "service:bicycle:diy": null, "service:bicycle:pump": null, "service:bicycle:rental": null, "service:bicycle:retail": null, "service:bicycle:second_hand": null, "bus:lanes": null, "source:alt_name": null, "segregated": null, "service:bicycle:chain_tool": null, "not:operator:wikidata": null, "note": null, "barrier": null, "service": "parking_aisle", "branch": null, "contact:phone": null, "bin": null, "covered": null, "passenger_information_display": null, "shelter": null, "tactile_paving": null, "footway": null, "payment:cash": null, "payment:coins": null, "area": null, "addr:place": null, "access": null, "opening_hours:covid19": null, "addr:state": null, "cycleway": null, "incline": null, "hazard": null, "orientation": null, "parking": null, "type": null, "addr:district": null, "box_id": 1, "provider": "osmnx" }, "geometry": { "type": "LineString", "coordinates": [ [ -49.2483, -25.4208145 ], [ -49.2484058, -25.4208079 ], [ -49.2485175, -25.4208015 ], [ -49.2486526, -25.4207933 ], [ -49.2486653, -25.4207855 ], [ -49.2486707, -25.4207733 ], [ -49.248664343364624, -25.420698588895903 ] ] } },
{ "type": "Feature", "properties": { "highway": "service", "traffic_signals:direction": null, "crossing": null, "crossing_ref": null, "maxspeed": null, "traffic_signals": null, "traffic_signals:sound": null, "amenity": null, "addr:city": null, "addr:country": null, "addr:housenumber": null, "addr:street": null, "bicycle": null, "crossing:markings": null, "button_operated": null, "crossing:island": null, "name": null, "wheelchair": null, "addr:suburb": null, "brand": null, "brand:wikidata": null, "brand:wikipedia": null, "healthcare": null, "railway": null, "crossing:barrier": null, "capacity": null, "cuisine": null, "delivery": null, "internet_access": null, "opening_hours": null, "phone": null, "smoking": null, "takeaway": null, "website": null, "addr:postcode": null, "operator": null, "alt_name": null, "shop": null, "building": null, "name:en": null, "name:pt": null, "office": null, "old_name": null, "fee": null, "service:bicycle:bicycle": null, "service:bicycle:dealer": null, "service:bicycle:ebike": null, "service:bicycle:repair": null, "service:bicycle:sales": null, "direction": null, "stop": null, "bus": null, "public_transport": null, "brewery": null, "level": null, "microbrewery": null, "outdoor_seating": null, "payment:american_express": null, "payment:cards": null, "payment:credit_cards": null, "payment:cryptocurrencies": null, "payment:debit_cards": null, "payment:maestro": null, "payment:mastercard": null, "payment:notes": null, "payment:visa": null, "payment:visa_electron": null, "start_date": null, "network": null, "network:wikidata": null, "ref": null, "source": null, "bridge": null, "layer": null, "oneway": null, "lanes": null, "lit": null, "short_name": null, "surface": null, "admin_level": null, "boundary": null, "loc_name": null, "foot": null, "maxheight": null, "width": null, "sidewalk": null, "destination": null, "leisure": null, "email": null, "service:bicycle:cleaning": null, "service:bicycle:diy": null, "service:bicycle:pump": null, "service:bicycle:rental": null, "service:bicycle:retail": null, "service:bicycle:second_hand": null, "bus:lanes": null, "source:alt_name": null, "segregated": null, "service:bicycle:chain_tool": null, "not:operator:wikidata": null, "note": null, "barrier": null, "service": "parking_aisle", "branch": null, "contact:phone": null, "bin": null, "covered": null, "passenger_information_display": null, "shelter": null, "tactile_paving": null, "footway": null, "payment:cash": null, "payment:coins": null, "area": null, "addr:place": null, "access": null, "opening_hours:covid19": null, "addr:state": null, "cycleway": null, "incline": null, "hazard": null, "orientation": null, "parking": null, "type": null, "addr:district": null, "box_id": 1, "provider": "osmnx" }, "geometry": { "type": "LineString", "coordinates": [ [ -49.248509909951011, -25.42069674573613 ], [ -49.2485175, -25.4208015 ] ] } },
{ "type": "Feature", "properties": { "highway": "residential", "traffic_signals:direction": null, "crossing": null, "crossing_ref": null, "maxspeed": null, "traffic_signals": null, "traffic_signals:sound": null, "amenity": null, "addr:city": null, "addr:country": null, "addr:housenumber": null, "addr:street": null, "bicycle": null, "crossing:markings": null, "button_operated": null, "crossing:island": null, "name": "Rua Schiller", "wheelchair": null, "addr:suburb": null, "brand": null, "brand:wikidata": null, "brand:wikipedia": null, "healthcare": null, "railway": null, "crossing:barrier": null, "capacity": null, "cuisine": null, "delivery": null, "internet_access": null, "opening_hours": null, "phone": null, "smoking": null, "takeaway": null, "website": null, "addr:postcode": null, "operator": null, "alt_name": null, "shop": null, "building": null, "name:en": null, "name:pt": null, "office": null, "old_name": null, "fee": null, "service:bicycle:bicycle": null, "service:bicycle:dealer": null, "service:bicycle:ebike": null, "service:bicycle:repair": null, "service:bicycle:sales": null, "direction": null, "stop": null, "bus": null, "public_transport": null, "brewery": null, "level": null, "microbrewery": null, "outdoor_seating": null, "payment:american_express": null, "payment:cards": null, "payment:credit_cards": null, "payment:cryptocurrencies": null, "payment:debit_cards": null, "payment:maestro": null, "payment:mastercard": null, "payment:notes": null, "payment:visa": null, "payment:visa_electron": null, "start_date": null, "network": null, "network:wikidata": null, "ref": null, "source": null, "bridge": null, "layer": null, "oneway": "yes", "lanes": null, "lit": null, "short_name": null, "surface": "cobblestone", "admin_level": null, "boundary": null, "loc_name": null, "foot": null, "maxheight": null, "width": null, "sidewalk": null, "destination": null, "leisure": null, "email": null, "service:bicycle:cleaning": null, "service:bicycle:diy": null, "service:bicycle:pump": null, "service:bicycle:rental": null, "service:bicycle:retail": null, "service:bicycle:second_hand": null, "bus:lanes": null, "source:alt_name": null, "segregated": null, "service:bicycle:chain_tool": null, "not:operator:wikidata": null, "note": null, "barrier": null, "service": null, "branch": null, "contact:phone": null, "bin": null, "covered": null, "passenger_information_display": null, "shelter": null, "tactile_paving": null, "footway": null, "payment:cash": null, "payment:coins": null, "area": null, "addr:place": null, "access": null, "opening_hours:covid19": null, "addr:state": null, "cycleway": null, "incline": null, "hazard": null, "orientation": null, "parking": null, "type": null, "addr:district": null, "box_id": 1, "provider": "osmnx" }, "geometry": { "type": "MultiLineString", "coordinates": [ [ [ -49.2495552, -25.4210774 ], [ -49.2495201, -25.4210746 ], [ -49.2494891, -25.4210583 ], [ -49.2494611, -25.4210278 ], [ -49.2494467, -25.4209985 ], [ -49.2494321, -25.4208454 ], [ -49.249418917292552, -25.420707594720984 ] ], [ [ -49.24960905641025, -25.420709864027636 ], [ -49.2496328, -25.4209673 ], [ -49.2496305, -25.421004 ], [ -49.2496152, -25.4210384 ], [ -49.2495898, -25.4210637 ], [ -49.2495552, -25.4210774 ] ] ] } },
{ "type": "Feature", "properties": { "highway": "tertiary", "traffic_signals:direction": null, "crossing": null, "crossing_ref": null, "maxspeed": null, "traffic_signals": null, "traffic_signals:sound": null, "amenity": null, "addr:city": null, "addr:country": null, "addr:housenumber": null, "addr:street": null, "bicycle": null, "crossing:markings": null, "button_operated": null, "crossing:island": null, "name": "Rua Padre Germano Mayer", "wheelchair": null, "addr:suburb": null, "brand": null, "brand:wikidata": null, "brand:wikipedia": null, "healthcare": null, "railway": null, "crossing:barrier": null, "capacity": null, "cuisine": null, "delivery": null, "internet_access": null, "opening_hours": null, "phone": null, "smoking": null, "takeaway": null, "website": null, "addr:postcode": null, "operator": null, "alt_name": null, "shop": null, "building": null, "name:en": null, "name:pt": null, "office": null, "old_name": null, "fee": null, "service:bicycle:bicycle": null, "service:bicycle:dealer": null, "service:bicycle:ebike": null, "service:bicycle:repair": null, "service:bicycle:sales": null, "direction": null, "stop": null, "bus": null, "public_transport": null, "brewery": null, "level": null, "microbrewery": null, "outdoor_seating": null, "payment:american_express": null, "payment:cards": null, "payment:credit_cards": null, "payment:cryptocurrencies": null, "payment:debit_cards": null, "payment:maestro": null, "payment:mastercard": null, "payment:notes": null, "payment:visa": null, "payment:visa_electron": null, "start_date": null, "network": null, "network:wikidata": null, "ref": null, "source": null, "bridge": null, "layer": null, "oneway": null, "lanes": "2", "lit": null, "short_name": null, "surface": "asphalt", "admin_level": null, "boundary": null, "loc_name": null, "foot": null, "maxheight": null, "width": null, "sidewalk": null, "destination": null, "leisure": null, "email": null, "service:bicycle:cleaning": null, "service:bicycle:diy": null, "service:bicycle:pump": null, "service:bicycle:rental": null, "service:bicycle:retail": null, "service:bicycle:second_hand": null, "bus:lanes": null, "source:alt_name": null, "segregated": null, "service:bicycle:chain_tool": null, "not:operator:wikidata": null, "note": null, "barrier": null, "service": null, "branch": null, "contact:phone": null, "bin": null, "covered": null, "passenger_information_display": null, "shelter": null, "tactile_paving": null, "footway": null, "payment:cash": null, "payment:coins": null, "area": null, "addr:place": null, "access": null, "opening_hours:covid19": null, "addr:state": null, "cycleway": null, "incline": null, "hazard": null, "orientation": null, "parking": null, "type": null, "addr:district": null, "box_id": 1, "provider": "osmnx" }, "geometry": { "type": "LineString", "coordinates": [ [ -49.2485033, -25.4228078 ], [ -49.2483495, -25.4212994 ], [ -49.2483, -25.4208145 ], [ -49.248287721606467, -25.420694093922581 ] ] } },
{ "type": "Feature", "properties": { "highway": "footway", "traffic_signals:direction": null, "crossing": "zebra", "crossing_ref": null, "maxspeed": null, "traffic_signals": null, "traffic_signals:sound": null, "amenity": null, "addr:city": null, "addr:country": null, "addr:housenumber": null, "addr:street": null, "bicycle": null, "crossing:markings": null, "button_operated": null, "crossing:island": null, "name": null, "wheelchair": null, "addr:suburb": null, "brand": null, "brand:wikidata": null, "brand:wikipedia": null, "healthcare": null, "railway": null, "crossing:barrier": null, "capacity": null, "cuisine": null, "delivery": null, "internet_access": null, "opening_hours": null, "phone": null, "smoking": null, "takeaway": null, "website": null, "addr:postcode": null, "operator": null, "alt_name": null, "shop": null, "building": null, "name:en": null, "name:pt": null, "office": null, "old_name": null, "fee": null, "service:bicycle:bicycle": null, "service:bicycle:dealer": null, "service:bicycle:ebike": null, "service:bicycle:repair": null, "service:bicycle:sales": null, "direction": null, "stop": null, "bus": null, "public_transport": null, "brewery": null, "level": null, "microbrewery": null, "outdoor_seating": null, "payment:american_express": null, "payment:cards": null, "payment:credit_cards": null, "payment:cryptocurrencies": null, "payment:debit_cards": null, "payment:maestro": null, "payment:mastercard": null, "payment:notes": null, "payment:visa": null, "payment:visa_electron": null, "start_date": null, "network": null, "network:wikidata": null, "ref": null, "source": null, "bridge": null, "layer": null, "oneway": null, "lanes": null, "lit": null, "short_name": null, "surface": null, "admin_level": null, "boundary": null, "loc_name": null, "foot": null, "maxheight": null, "width": null, "sidewalk": null, "destination": null, "leisure": null, "email": null, "service:bicycle:cleaning": null, "service:bicycle:diy": null, "service:bicycle:pump": null, "service:bicycle:rental": null, "service:bicycle:retail": null, "service:bicycle:second_hand": null, "bus:lanes": null, "source:alt_name": null, "segregated": null, "service:bicycle:chain_tool": null, "not:operator:wikidata": null, "note": null, "barrier": null, "service": null, "branch": null, "contact:phone": null, "bin": null, "covered": null, "passenger_information_display": null, "shelter": null, "tactile_paving": null, "footway": "crossing", "payment:cash": null, "payment:coins": null, "area": null, "addr:place": null, "access": null, "opening_hours:covid19": null, "addr:state": null, "cycleway": null, "incline": null, "hazard": null, "orientation": null, "parking": null, "type": null, "addr:district": null, "box_id": 1, "provider": "osmnx" }, "geometry": { "type": "LineString", "coordinates": [ [ -49.2418877, -25.4233289 ], [ -49.2418002, -25.4233884 ], [ -49.2417627, -25.4233448 ], [ -49.2416961, -25.4233868 ] ] } },
{ "type": "Feature", "properties": { "highway": "service", "traffic_signals:direction": null, "crossing": null, "crossing_ref": null, "maxspeed": null, "traffic_signals": null, "traffic_signals:sound": null, "amenity": null, "addr:city": null, "addr:country": null, "addr:housenumber": null, "addr:street": null, "bicycle": null, "crossing:markings": null, "button_operated": null, "crossing:island": null, "name": null, "wheelchair": null, "addr:suburb": null, "brand": null, "brand:wikidata": null, "brand:wikipedia": null, "healthcare": null, "railway": null, "crossing:barrier": null, "capacity": null, "cuisine": null, "delivery": null, "internet_access": null, "opening_hours": null, "phone": null, "smoking": null, "takeaway": null, "website": null, "addr:postcode": null, "operator": null, "alt_name": null, "shop": null, "building": null, "name:en": null, "name:pt": null, "office": null, "old_name": null, "fee": null, "service:bicycle:bicycle": null, "service:bicycle:dealer": null, "service:bicycle:ebike": null, "service:bicycle:repair": null, "service:bicycle:sales": null, "direction": null, "stop": null, "bus": null, "public_transport": null, "brewery": null, "level": null, "microbrewery": null, "outdoor_seating": null, "payment:american_express": null, "payment:cards": null, "payment:credit_cards": null, "payment:cryptocurrencies": null, "payment:debit_cards": null, "payment:maestro": null, "payment:mastercard": null, "payment:notes": null, "payment:visa": null, "payment:visa_electron": null, "start_date": null, "network": null, "network:wikidata": null, "ref": null, "source": null, "bridge": null, "layer": null, "oneway": "yes", "lanes": null, "lit": null, "short_name": null, "surface": null, "admin_level": null, "boundary": null, "loc_name": null, "foot": null, "maxheight": null, "width": null, "sidewalk": null, "destination": null, "leisure": null, "email": null, "service:bicycle:cleaning": null, "service:bicycle:diy": null, "service:bicycle:pump": null, "service:bicycle:rental": null, "service:bicycle:retail": null, "service:bicycle:second_hand": null, "bus:lanes": null, "source:alt_name": null, "segregated": null, "service:bicycle:chain_tool": null, "not:operator:wikidata": null, "note": null, "barrier": null, "service": null, "branch": null, "contact:phone": null, "bin": null, "covered": null, "passenger_information_display": null, "shelter": null, "tactile_paving": null, "footway": null, "payment:cash": null, "payment:coins": null, "area": null, "addr:place": null, "access": null, "opening_hours:covid19": null, "addr:state": null, "cycleway": null, "incline": null, "hazard": null, "orientation": null, "parking": null, "type": null, "addr:district": null, "box_id": 1, "provider": "osmnx" }, "geometry": { "type": "MultiLineString", "coordinates": [ [ [ -49.2416211, -25.4233044 ], [ -49.2415504, -25.4233438 ], [ -49.241392290925887, -25.423432071959674 ] ], [ [ -49.241394394577675, -25.423287151371703 ], [ -49.2414709, -25.4232277 ], [ -49.2415254, -25.423186 ] ] ] } },
{ "type": "Feature", "properties": { "highway": "residential", "traffic_signals:direction": null, "crossing": null, "crossing_ref": null, "maxspeed": null, "traffic_signals": null, "traffic_signals:sound": null, "amenity": null, "addr:city": null, "addr:country": null, "addr:housenumber": null, "addr:street": null, "bicycle": null, "crossing:markings": null, "button_operated": null, "crossing:island": null, "name": "Rua Valdívia", "wheelchair": null, "addr:suburb": null, "brand": null, "brand:wikidata": null, "brand:wikipedia": null, "healthcare": null, "railway": null, "crossing:barrier": null, "capacity": null, "cuisine": null, "delivery": null, "internet_access": null, "opening_hours": null, "phone": null, "smoking": null, "takeaway": null, "website": null, "addr:postcode": null, "operator": null, "alt_name": null, "shop": null, "building": null, "name:en": null, "name:pt": null, "office": null, "old_name": null, "fee": null, "service:bicycle:bicycle": null, "service:bicycle:dealer": null, "service:bicycle:ebike": null, "service:bicycle:repair": null, "service:bicycle:sales": null, "direction": null, "stop": null, "bus": null, "public_transport": null, "brewery": null, "level": null, "microbrewery": null, "outdoor_seating": null, "payment:american_express": null, "payment:cards": null, "payment:credit_cards": null, "payment:cryptocurrencies": null, "payment:debit_cards": null, "payment:maestro": null, "payment:mastercard": null, "payment:notes": null, "payment:visa": null, "payment:visa_electron": null, "start_date": null, "network": null, "network:wikidata": null, "ref": null, "source": null, "bridge": null, "layer": null, "oneway": "no", "lanes": "2", "lit": null, "short_name": null, "surface": "sett", "admin_level": null, "boundary": null, "loc_name": null, "foot": null, "maxheight": null, "width": null, "sidewalk": null, "destination": null, "leisure": null, "email": null, "service:bicycle:cleaning": null, "service:bicycle:diy": null, "service:bicycle:pump": null, "service:bicycle:rental": null, "service:bicycle:retail": null, "service:bicycle:second_hand": null, "bus:lanes": null, "source:alt_name": null, "segregated": null, "service:bicycle:chain_tool": null, "not:operator:wikidata": null, "note": null, "barrier": null, "service": null, "branch": null, "contact:phone": null, "bin": null, "covered": null, "passenger_information_display": null, "shelter": null, "tactile_paving": null, "footway": null, "payment:cash": null, "payment:coins": null, "area": null, "addr:place": null, "access": null, "opening_hours:covid19": null, "addr:state": null, "cycleway": null, "incline": null, "hazard": null, "orientation": null, "parking": null, "type": null, "addr:district": null, "box_id": 1, "provider": "osmnx" }, "geometry": { "type": "LineString", "coordinates": [ [ -49.2420315, -25.42336 ], [ -49.2420249, -25.4232952 ], [ -49.2419963, -25.4230015 ] ] } },
{ "type": "Feature", "properties": { "highway": "service", "traffic_signals:direction": null, "crossing": null, "crossing_ref": null, "maxspeed": null, "traffic_signals": null, "traffic_signals:sound": null, "amenity": null, "addr:city": null, "addr:country": null, "addr:housenumber": null, "addr:street": null, "bicycle": null, "crossing:markings": null, "button_operated": null, "crossing:island": null, "name": null, "wheelchair": null, "addr:suburb": null, "brand": null, "brand:wikidata": null, "brand:wikipedia": null, "healthcare": null, "railway": null, "crossing:barrier": null, "capacity": null, "cuisine": null, "delivery": null, "internet_access": null, "opening_hours": null, "phone": null, "smoking": null, "takeaway": null, "website": null, "addr:postcode": null, "operator": null, "alt_name": null, "shop": null, "building": null, "name:en": null, "name:pt": null, "office": null, "old_name": null, "fee": null, "service:bicycle:bicycle": null, "service:bicycle:dealer": null, "service:bicycle:ebike": null, "service:bicycle:repair": null, "service:bicycle:sales": null, "direction": null, "stop": null, "bus": null, "public_transport": null, "brewery": null, "level": null, "microbrewery": null, "outdoor_seating": null, "payment:american_express": null, "payment:cards": null, "payment:credit_cards": null, "payment:cryptocurrencies": null, "payment:debit_cards": null, "payment:maestro": null, "payment:mastercard": null, "payment:notes": null, "payment:visa": null, "payment:visa_electron": null, "start_date": null, "network": null, "network:wikidata": null, "ref": null, "source": null, "bridge": null, "layer": null, "oneway": "yes", "lanes": null, "lit": null, "short_name": null, "surface": null, "admin_level": null, "boundary": null, "loc_name": null, "foot": null, "maxheight": null, "width": null, "sidewalk": null, "destination": null, "leisure": null, "email": null, "service:bicycle:cleaning": null, "service:bicycle:diy": null, "service:bicycle:pump": null, "service:bicycle:rental": null, "service:bicycle:retail": null, "service:bicycle:second_hand": null, "bus:lanes": null, "source:alt_name": null, "segregated": null, "service:bicycle:chain_tool": null, "not:operator:wikidata": null, "note": null, "barrier": null, "service": null, "branch": null, "contact:phone": null, "bin": null, "covered": null, "passenger_information_display": null, "shelter": null, "tactile_paving": null, "footway": null, "payment:cash": null, "payment:coins": null, "area": null, "addr:place": null, "access": null, "opening_hours:covid19": null, "addr:state": null, "cycleway": null, "incline": null, "hazard": null, "orientation": null, "parking": null, "type": null, "addr:district": null, "box_id": 1, "provider": "osmnx" }, "geometry": { "type": "LineString", "coordinates": [ [ -49.2414283, -25.4230659 ], [ -49.241397632764745, -25.423064072639516 ] ] } },
{ "type": "Feature", "properties": { "highway": "secondary_link", "traffic_signals:direction": null, "crossing": null, "crossing_ref": null, "maxspeed": null, "traffic_signals": null, "traffic_signals:sound": null, "amenity": null, "addr:city": null, "addr:country": null, "addr:housenumber": null, "addr:street": null, "bicycle": null, "crossing:markings": null, "button_operated": null, "crossing:island": null, "name": null, "wheelchair": null, "addr:suburb": null, "brand": null, "brand:wikidata": null, "brand:wikipedia": null, "healthcare": null, "railway": null, "crossing:barrier": null, "capacity": null, "cuisine": null, "delivery": null, "internet_access": null, "opening_hours": null, "phone": null, "smoking": null, "takeaway": null, "website": null, "addr:postcode": null, "operator": null, "alt_name": null, "shop": null, "building": null, "name:en": null, "name:pt": null, "office": null, "old_name": null, "fee": null, "service:bicycle:bicycle": null, "service:bicycle:dealer": null, "service:bicycle:ebike": null, "service:bicycle:repair": null, "service:bicycle:sales": null, "direction": null, "stop": null, "bus": null, "public_transport": null, "brewery": null, "level": null, "microbrewery": null, "outdoor_seating": null, "payment:american_express": null, "payment:cards": null, "payment:credit_cards": null, "payment:cryptocurrencies": null, "payment:debit_cards": null, "payment:maestro": null, "payment:mastercard": null, "payment:notes": null, "payment:visa": null, "payment:visa_electron": null, "start_date": null, "network": null, "network:wikidata": null, "ref": null, "source": null, "bridge": null, "layer": null, "oneway": "yes", "lanes": "1", "lit": null, "short_name": null, "surface": null, "admin_level": null, "boundary": null, "loc_name": null, "foot": "no", "maxheight": null, "width": null, "sidewalk": null, "destination": null, "leisure": null, "email": null, "service:bicycle:cleaning": null, "service:bicycle:diy": null, "service:bicycle:pump": null, "service:bicycle:rental": null, "service:bicycle:retail": null, "service:bicycle:second_hand": null, "bus:lanes": null, "source:alt_name": null, "segregated": null, "service:bicycle:chain_tool": null, "not:operator:wikidata": null, "note": null, "barrier": null, "service": null, "branch": null, "contact:phone": null, "bin": null, "covered": null, "passenger_information_display": null, "shelter": null, "tactile_paving": null, "footway": null, "payment:cash": null, "payment:coins": null, "area": null, "addr:place": null, "access": null, "opening_hours:covid19": null, "addr:state": null, "cycleway": null, "incline": null, "hazard": null, "orientation": null, "parking": null, "type": null, "addr:district": null, "box_id": 1, "provider": "osmnx" }, "geometry": { "type": "LineString", "coordinates": [ [ -49.2414872, -25.4228352 ], [ -49.241400081475689, -25.422895380923464 ] ] } },
{ "type": "Feature", "properties": { "highway": "footway", "traffic_signals:direction": null, "crossing": null, "crossing_ref": null, "maxspeed": null, "traffic_signals": null, "traffic_signals:sound": null, "amenity": null, "addr:city": null, "addr:country": null, "addr:housenumber": null, "addr:street": null, "bicycle": "yes", "crossing:markings": null, "button_operated": null, "crossing:island": null, "name": "Rua Valdívia", "wheelchair": null, "addr:suburb": null, "brand": null, "brand:wikidata": null, "brand:wikipedia": null, "healthcare": null, "railway": null, "crossing:barrier": null, "capacity": null, "cuisine": null, "delivery": null, "internet_access": null, "opening_hours": null, "phone": null, "smoking": null, "takeaway": null, "website": null, "addr:postcode": null, "operator": null, "alt_name": null, "shop": null, "building": null, "name:en": null, "name:pt": null, "office": null, "old_name": null, "fee": null, "service:bicycle:bicycle": null, "service:bicycle:dealer": null, "service:bicycle:ebike": null, "service:bicycle:repair": null, "service:bicycle:sales": null, "direction": null, "stop": null, "bus": null, "public_transport": null, "brewery": null, "level": null, "microbrewery": null, "outdoor_seating": null, "payment:american_express": null, "payment:cards": null, "payment:credit_cards": null, "payment:cryptocurrencies": null, "payment:debit_cards": null, "payment:maestro": null, "payment:mastercard": null, "payment:notes": null, "payment:visa": null, "payment:visa_electron": null, "start_date": null, "network": null, "network:wikidata": null, "ref": null, "source": null, "bridge": null, "layer": null, "oneway": null, "lanes": null, "lit": null, "short_name": null, "surface": null, "admin_level": null, "boundary": null, "loc_name": null, "foot": null, "maxheight": null, "width": null, "sidewalk": null, "destination": null, "leisure": null, "email": null, "service:bicycle:cleaning": null, "service:bicycle:diy": null, "service:bicycle:pump": null, "service:bicycle:rental": null, "service:bicycle:retail": null, "service:bicycle:second_hand": null, "bus:lanes": null, "source:alt_name": null, "segregated": null, "service:bicycle:chain_tool": null, "not:operator:wikidata": null, "note": null, "barrier": null, "service": null, "branch": null, "contact:phone": null, "bin": null, "covered": null, "passenger_information_display": null, "shelter": null, "tactile_paving": null, "footway": null, "payment:cash": null, "payment:coins": null, "area": null, "addr:place": null, "access": null, "opening_hours:covid19": null, "addr:state": null, "cycleway": null, "incline": null, "hazard": null, "orientation": null, "parking": null, "type": null, "addr:district": null, "box_id": 1, "provider": "osmnx" }, "geometry": { "type": "LineString", "coordinates": [ [ -49.2419559, -25.4226183 ], [ -49.2419963, -25.4230015 ] ] } },
{ "type": "Feature", "properties": { "highway": "residential", "traffic_signals:direction": null, "crossing": null, "crossing_ref": null, "maxspeed": null, "traffic_signals": null, "traffic_signals:sound": null, "amenity": null, "addr:city": null, "addr:country": null, "addr:housenumber": null, "addr:street": null, "bicycle": null, "crossing:markings": null, "button_operated": null, "crossing:island": null, "name": "Rua Professor Ewaldo Schiebler", "wheelchair": null, "addr:suburb": null, "brand": null, "brand:wikidata": null, "brand:wikipedia": null, "healthcare": null, "railway": null, "crossing:barrier": null, "capacity": null, "cuisine": null, "delivery": null, "internet_access": null, "opening_hours": null, "phone": null, "smoking": null, "takeaway": null, "website": null, "addr:postcode": null, "operator": null, "alt_name": null, "shop": null, "building": null, "name:en": null, "name:pt": null, "office": null, "old_name": null, "fee": null, "service:bicycle:bicycle": null, "service:bicycle:dealer": null, "service:bicycle:ebike": null, "service:bicycle:repair": null, "service:bicycle:sales": null, "direction": null, "stop": null, "bus": null, "public_transport": null, "brewery": null, "level": null, "microbrewery": null, "outdoor_seating": null, "payment:american_express": null, "payment:cards": null, "payment:credit_cards": null, "payment:cryptocurrencies": null, "payment:debit_cards": null, "payment:maestro": null, "payment:mastercard": null, "payment:notes": null, "payment:visa": null, "payment:visa_electron": null, "start_date": null, "network": null, "network:wikidata": null, "ref": null, "source": "Bing", "bridge": null, "layer": null, "oneway": "no", "lanes": "2", "lit": null, "short_name": null, "surface": "asphalt", "admin_level": null, "boundary": null, "loc_name": null, "foot": null, "maxheight": null, "width": null, "sidewalk": null, "destination": null, "leisure": null, "email": null, "service:bicycle:cleaning": null, "service:bicycle:diy": null, "service:bicycle:pump": null, "service:bicycle:rental": null, "service:bicycle:retail": null, "service:bicycle:second_hand": null, "bus:lanes": null, "source:alt_name": null, "segregated": null, "service:bicycle:chain_tool": null, "not:operator:wikidata": null, "note": null, "barrier": null, "service": null, "branch": null, "contact:phone": null, "bin": null, "covered": null, "passenger_information_display": null, "shelter": null, "tactile_paving": null, "footway": null, "payment:cash": null, "payment:coins": null, "area": null, "addr:place": null, "access": null, "opening_hours:covid19": null, "addr:state": null, "cycleway": null, "incline": null, "hazard": null, "orientation": null, "parking": null, "type": null, "addr:district": null, "box_id": 1, "provider": "osmnx" }, "geometry": { "type": "LineString", "coordinates": [ [ -49.241377524407525, -25.424449337524688 ], [ -49.2423108, -25.4248083 ], [ -49.2424508, -25.4248622 ] ] } },
{ "type": "Feature", "properties": { "highway": "secondary", "traffic_signals:direction": null, "crossing": null, "crossing_ref": null, "maxspeed": "60", "traffic_signals": null, "traffic_signals:sound": null, "amenity": null, "addr:city": null, "addr:country": null, "addr:housenumber": null, "addr:street": null, "bicycle": null, "crossing:markings": null, "button_operated": null, "crossing:island": null, "name": "Avenida Nossa Senhora da Luz", "wheelchair": null, "addr:suburb": null, "brand": null, "brand:wikidata": null, "brand:wikipedia": null, "healthcare": null, "railway": null, "crossing:barrier": null, "capacity": null, "cuisine": null, "delivery": null, "internet_access": null, "opening_hours": null, "phone": null, "smoking": null, "takeaway": null, "website": null, "addr:postcode": null, "operator": null, "alt_name": null, "shop": null, "building": null, "name:en": null, "name:pt": null, "office": null, "old_name": null, "fee": null, "service:bicycle:bicycle": null, "service:bicycle:dealer": null, "service:bicycle:ebike": null, "service:bicycle:repair": null, "service:bicycle:sales": null, "direction": null, "stop": null, "bus": null, "public_transport": null, "brewery": null, "level": null, "microbrewery": null, "outdoor_seating": null, "payment:american_express": null, "payment:cards": null, "payment:credit_cards": null, "payment:cryptocurrencies": null, "payment:debit_cards": null, "payment:maestro": null, "payment:mastercard": null, "payment:notes": null, "payment:visa": null, "payment:visa_electron": null, "start_date": null, "network": null, "network:wikidata": null, "ref": null, "source": null, "bridge": null, "layer": null, "oneway": "yes", "lanes": null, "lit": null, "short_name": null, "surface": null, "admin_level": null, "boundary": null, "loc_name": null, "foot": null, "maxheight": null, "width": null, "sidewalk": null, "destination": null, "leisure": null, "email": null, "service:bicycle:cleaning": null, "service:bicycle:diy": null, "service:bicycle:pump": null, "service:bicycle:rental": null, "service:bicycle:retail": null, "service:bicycle:second_hand": null, "bus:lanes": null, "source:alt_name": null, "segregated": null, "service:bicycle:chain_tool": null, "not:operator:wikidata": null, "note": null, "barrier": null, "service": null, "branch": null, "contact:phone": null, "bin": null, "covered": null, "passenger_information_display": null, "shelter": null, "tactile_paving": null, "footway": null, "payment:cash": null, "payment:coins": null, "area": null, "addr:place": null, "access": null, "opening_hours:covid19": null, "addr:state": null, "cycleway": null, "incline": null, "hazard": null, "orientation": null, "parking": null, "type": null, "addr:district": null, "box_id": 1, "provider": "osmnx" }, "geometry": { "type": "LineString", "coordinates": [ [ -49.2419101, -25.4236619 ], [ -49.2416961, -25.4233868 ], [ -49.2416211, -25.4233044 ], [ -49.2415254, -25.423186 ], [ -49.2414283, -25.4230659 ], [ -49.241398147361821, -25.423028622042658 ] ] } },
{ "type": "Feature", "properties": { "highway": "secondary", "traffic_signals:direction": null, "crossing": null, "crossing_ref": null, "maxspeed": "60", "traffic_signals": null, "traffic_signals:sound": null, "amenity": null, "addr:city": null, "addr:country": null, "addr:housenumber": null, "addr:street": null, "bicycle": null, "crossing:markings": null, "button_operated": null, "crossing:island": null, "name": "Avenida Nossa Senhora da Luz", "wheelchair": null, "addr:suburb": null, "brand": null, "brand:wikidata": null, "brand:wikipedia": null, "healthcare": null, "railway": null, "crossing:barrier": null, "capacity": null, "cuisine": null, "delivery": null, "internet_access": null, "opening_hours": null, "phone": null, "smoking": null, "takeaway": null, "website": null, "addr:postcode": null, "operator": null, "alt_name": null, "shop": null, "building": null, "name:en": null, "name:pt": null, "office": null, "old_name": null, "fee": null, "service:bicycle:bicycle": null, "service:bicycle:dealer": null, "service:bicycle:ebike": null, "service:bicycle:repair": null, "service:bicycle:sales": null, "direction": null, "stop": null, "bus": null, "public_transport": null, "brewery": null, "level": null, "microbrewery": null, "outdoor_seating": null, "payment:american_express": null, "payment:cards": null, "payment:credit_cards": null, "payment:cryptocurrencies": null, "payment:debit_cards": null, "payment:maestro": null, "payment:mastercard": null, "payment:notes": null, "payment:visa": null, "payment:visa_electron": null, "start_date": null, "network": null, "network:wikidata": null, "ref": null, "source": null, "bridge": null, "layer": null, "oneway": "yes", "lanes": null, "lit": null, "short_name": null, "surface": "asphalt", "admin_level": null, "boundary": null, "loc_name": null, "foot": null, "maxheight": null, "width": null, "sidewalk": null, "destination": null, "leisure": null, "email": null, "service:bicycle:cleaning": null, "service:bicycle:diy": null, "service:bicycle:pump": null, "service:bicycle:rental": null, "service:bicycle:retail": null, "service:bicycle:second_hand": null, "bus:lanes": null, "source:alt_name": null, "segregated": null, "service:bicycle:chain_tool": null, "not:operator:wikidata": null, "note": null, "barrier": null, "service": null, "branch": null, "contact:phone": null, "bin": null, "covered": null, "passenger_information_display": null, "shelter": null, "tactile_paving": null, "footway": null, "payment:cash": null, "payment:coins": null, "area": null, "addr:place": null, "access": null, "opening_hours:covid19": null, "addr:state": null, "cycleway": null, "incline": null, "hazard": null, "orientation": null, "parking": null, "type": null, "addr:district": null, "box_id": 1, "provider": "osmnx" }, "geometry": { "type": "LineString", "coordinates": [ [ -49.241402477383843, -25.422730326792006 ], [ -49.2414872, -25.4228352 ], [ -49.2418877, -25.4233289 ], [ -49.2419188, -25.4233696 ] ] } },
{ "type": "Feature", "properties": { "highway": "residential", "traffic_signals:direction": null, "crossing": null, "crossing_ref": null, "maxspeed": null, "traffic_signals": null, "traffic_signals:sound": null, "amenity": null, "addr:city": null, "addr:country": null, "addr:housenumber": null, "addr:street": null, "bicycle": null, "crossing:markings": null, "button_operated": null, "crossing:island": null, "name": "Rua Valdívia", "wheelchair": null, "addr:suburb": null, "brand": null, "brand:wikidata": null, "brand:wikipedia": null, "healthcare": null, "railway": null, "crossing:barrier": null, "capacity": null, "cuisine": null, "delivery": null, "internet_access": null, "opening_hours": null, "phone": null, "smoking": null, "takeaway": null, "website": null, "addr:postcode": null, "operator": null, "alt_name": null, "shop": null, "building": null, "name:en": null, "name:pt": null, "office": null, "old_name": null, "fee": null, "service:bicycle:bicycle": null, "service:bicycle:dealer": null, "service:bicycle:ebike": null, "service:bicycle:repair": null, "service:bicycle:sales": null, "direction": null, "stop": null, "bus": null, "public_transport": null, "brewery": null, "level": null, "microbrewery": null, "outdoor_seating": null, "payment:american_express": null, "payment:cards": null, "payment:credit_cards": null, "payment:cryptocurrencies": null, "payment:debit_cards": null, "payment:maestro": null, "payment:mastercard": null, "payment:notes": null, "payment:visa": null, "payment:visa_electron": null, "start_date": null, "network": null, "network:wikidata": null, "ref": null, "source": null, "bridge": null, "layer": null, "oneway": "no", "lanes": "2", "lit": null, "short_name": null, "surface": "asphalt", "admin_level": null, "boundary": null, "loc_name": null, "foot": null, "maxheight": null, "width": null, "sidewalk": null, "destination": null, "leisure": null, "email": null, "service:bicycle:cleaning": null, "service:bicycle:diy": null, "service:bicycle:pump": null, "service:bicycle:rental": null, "service:bicycle:retail": null, "service:bicycle:second_hand": null, "bus:lanes": null, "source:alt_name": null, "segregated": null, "service:bicycle:chain_tool": null, "not:operator:wikidata": null, "note": null, "barrier": null, "service": null, "branch": null, "contact:phone": null, "bin": null, "covered": null, "passenger_information_display": null, "shelter": null, "tactile_paving": null, "footway": null, "payment:cash": null, "payment:coins": null, "area": null, "addr:place": null, "access": null, "opening_hours:covid19": null, "addr:state": null, "cycleway": null, "incline": null, "hazard": null, "orientation": null, "parking": null, "type": null, "addr:district": null, "box_id": 1, "provider": "osmnx" }, "geometry": { "type": "LineString", "coordinates": [ [ -49.24175188729285, -25.42061608886781 ], [ -49.2418648, -25.4217237 ], [ -49.2419497, -25.4225568 ], [ -49.2419559, -25.4226183 ] ] } },
{ "type": "Feature", "properties": { "highway": "cycleway", "traffic_signals:direction": null, "crossing": null, "crossing_ref": null, "maxspeed": null, "traffic_signals": null, "traffic_signals:sound": null, "amenity": null, "addr:city": null, "addr:country": null, "addr:housenumber": null, "addr:street": null, "bicycle": "designated", "crossing:markings": null, "button_operated": null, "crossing:island": null, "name": null, "wheelchair": null, "addr:suburb": null, "brand": null, "brand:wikidata": null, "brand:wikipedia": null, "healthcare": null, "railway": null, "crossing:barrier": null, "capacity": null, "cuisine": null, "delivery": null, "internet_access": null, "opening_hours": null, "phone": null, "smoking": null, "takeaway": null, "website": null, "addr:postcode": null, "operator": null, "alt_name": null, "shop": null, "building": null, "name:en": null, "name:pt": null, "office": null, "old_name": null, "fee": null, "service:bicycle:bicycle": null, "service:bicycle:dealer": null, "service:bicycle:ebike": null, "service:bicycle:repair": null, "service:bicycle:sales": null, "direction": null, "stop": null, "bus": null, "public_transport": null, "brewery": null, "level": null, "microbrewery": null, "outdoor_seating": null, "payment:american_express": null, "payment:cards": null, "payment:credit_cards": null, "payment:cryptocurrencies": null, "payment:debit_cards": null, "payment:maestro": null, "payment:mastercard": null, "payment:notes": null, "payment:visa": null, "payment:visa_electron": null, "start_date": null, "network": null, "network:wikidata": null, "ref": null, "source": null, "bridge": null, "layer": null, "oneway": null, "lanes": null, "lit": null, "short_name": null, "surface": "asphalt", "admin_level": null, "boundary": null, "loc_name": null, "foot": "designated", "maxheight": null, "width": null, "sidewalk": null, "destination": null, "leisure": null, "email": null, "service:bicycle:cleaning": null, "service:bicycle:diy": null, "service:bicycle:pump": null, "service:bicycle:rental": null, "service:bicycle:retail": null, "service:bicycle:second_hand": null, "bus:lanes": null, "source:alt_name": null, "segregated": "no", "service:bicycle:chain_tool": null, "not:operator:wikidata": null, "note": null, "barrier": null, "service": null, "branch": null, "contact:phone": null, "bin": null, "covered": null, "passenger_information_display": null, "shelter": null, "tactile_paving": null, "footway": null, "payment:cash": null, "payment:coins": null, "area": null, "addr:place": null, "access": null, "opening_hours:covid19": null, "addr:state": null, "cycleway": null, "incline": null, "hazard": null, "orientation": null, "parking": null, "type": null, "addr:district": null, "box_id": 1, "provider": "osmnx" }, "geometry": { "type": "LineString", "coordinates": [ [ -49.2458406, -25.4212485 ], [ -49.2460504, -25.4214568 ], [ -49.2465421, -25.4219775 ], [ -49.246714, -25.4221703 ], [ -49.2469198, -25.4224455 ], [ -49.247074, -25.4226592 ], [ -49.2471977, -25.4228385 ] ] } },
{ "type": "Feature", "properties": { "highway": "footway", "traffic_signals:direction": null, "crossing": null, "crossing_ref": null, "maxspeed": null, "traffic_signals": null, "traffic_signals:sound": null, "amenity": null, "addr:city": null, "addr:country": null, "addr:housenumber": null, "addr:street": null, "bicycle": null, "crossing:markings": null, "button_operated": null, "crossing:island": null, "name": "Rua Presidente Rodrigo Otávio", "wheelchair": null, "addr:suburb": null, "brand": null, "brand:wikidata": null, "brand:wikipedia": null, "healthcare": null, "railway": null, "crossing:barrier": null, "capacity": null, "cuisine": null, "delivery": null, "internet_access": null, "opening_hours": null, "phone": null, "smoking": null, "takeaway": null, "website": null, "addr:postcode": null, "operator": null, "alt_name": null, "shop": null, "building": null, "name:en": null, "name:pt": null, "office": null, "old_name": null, "fee": null, "service:bicycle:bicycle": null, "service:bicycle:dealer": null, "service:bicycle:ebike": null, "service:bicycle:repair": null, "service:bicycle:sales": null, "direction": null, "stop": null, "bus": null, "public_transport": null, "brewery": null, "level": null, "microbrewery": null, "outdoor_seating": null, "payment:american_express": null, "payment:cards": null, "payment:credit_cards": null, "payment:cryptocurrencies": null, "payment:debit_cards": null, "payment:maestro": null, "payment:mastercard": null, "payment:notes": null, "payment:visa": null, "payment:visa_electron": null, "start_date": null, "network": null, "network:wikidata": null, "ref": null, "source": null, "bridge": null, "layer": null, "oneway": null, "lanes": null, "lit": null, "short_name": null, "surface": null, "admin_level": null, "boundary": null, "loc_name": null, "foot": null, "maxheight": null, "width": null, "sidewalk": null, "destination": null, "leisure": null, "email": null, "service:bicycle:cleaning": null, "service:bicycle:diy": null, "service:bicycle:pump": null, "service:bicycle:rental": null, "service:bicycle:retail": null, "service:bicycle:second_hand": null, "bus:lanes": null, "source:alt_name": null, "segregated": null, "service:bicycle:chain_tool": null, "not:operator:wikidata": null, "note": null, "barrier": null, "service": null, "branch": null, "contact:phone": null, "bin": null, "covered": null, "passenger_information_display": null, "shelter": null, "tactile_paving": null, "footway": null, "payment:cash": null, "payment:coins": null, "area": null, "addr:place": null, "access": null, "opening_hours:covid19": null, "addr:state": null, "cycleway": null, "incline": null, "hazard": null, "orientation": null, "parking": null, "type": null, "addr:district": null, "box_id": 1, "provider": "osmnx" }, "geometry": { "type": "LineString", "coordinates": [ [ -49.2442099, -25.4217149 ], [ -49.2441885, -25.4215237 ], [ -49.2441668, -25.4213313 ] ] } },
{ "type": "Feature", "properties": { "highway": "footway", "traffic_signals:direction": null, "crossing": null, "crossing_ref": null, "maxspeed": null, "traffic_signals": null, "traffic_signals:sound": null, "amenity": null, "addr:city": null, "addr:country": null, "addr:housenumber": null, "addr:street": null, "bicycle": null, "crossing:markings": null, "button_operated": null, "crossing:island": null, "name": "Rua Conselheiro Carrão", "wheelchair": null, "addr:suburb": null, "brand": null, "brand:wikidata": null, "brand:wikipedia": null, "healthcare": null, "railway": null, "crossing:barrier": null, "capacity": null, "cuisine": null, "delivery": null, "internet_access": null, "opening_hours": null, "phone": null, "smoking": null, "takeaway": null, "website": null, "addr:postcode": null, "operator": null, "alt_name": null, "shop": null, "building": null, "name:en": null, "name:pt": null, "office": null, "old_name": null, "fee": null, "service:bicycle:bicycle": null, "service:bicycle:dealer": null, "service:bicycle:ebike": null, "service:bicycle:repair": null, "service:bicycle:sales": null, "direction": null, "stop": null, "bus": null, "public_transport": null, "brewery": null, "level": null, "microbrewery": null, "outdoor_seating": null, "payment:american_express": null, "payment:cards": null, "payment:credit_cards": null, "payment:cryptocurrencies": null, "payment:debit_cards": null, "payment:maestro": null, "payment:mastercard": null, "payment:notes": null, "payment:visa": null, "payment:visa_electron": null, "start_date": null, "network": null, "network:wikidata": null, "ref": null, "source": null, "bridge": null, "layer": null, "oneway": null, "lanes": null, "lit": null, "short_name": null, "surface": null, "admin_level": null, "boundary": null, "loc_name": null, "foot": null, "maxheight": null, "width": null, "sidewalk": null, "destination": null, "leisure": null, "email": null, "service:bicycle:cleaning": null, "service:bicycle:diy": null, "service:bicycle:pump": null, "service:bicycle:rental": null, "service:bicycle:retail": null, "service:bicycle:second_hand": null, "bus:lanes": null, "source:alt_name": null, "segregated": null, "service:bicycle:chain_tool": null, "not:operator:wikidata": null, "note": null, "barrier": null, "service": null, "branch": null, "contact:phone": null, "bin": null, "covered": null, "passenger_information_display": null, "shelter": null, "tactile_paving": null, "footway": null, "payment:cash": null, "payment:coins": null, "area": null, "addr:place": null, "access": null, "opening_hours:covid19": null, "addr:state": null, "cycleway": null, "incline": null, "hazard": null, "orientation": null, "parking": null, "type": null, "addr:district": null, "box_id": 1, "provider": "osmnx" }, "geometry": { "type": "LineString", "coordinates": [ [ -49.2444368, -25.4215021 ], [ -49.2441885, -25.4215237 ], [ -49.2440352, -25.421537 ] ] } },
{ "type": "Feature", "properties": { "highway": "residential", "traffic_signals:direction": null, "crossing": null, "crossing_ref": null, "maxspeed": null, "traffic_signals": null, "traffic_signals:sound": null, "amenity": null, "addr:city": null, "addr:country": null, "addr:housenumber": null, "addr:street": null, "bicycle": null, "crossing:markings": null, "button_operated": null, "crossing:island": null, "name": "Rua Conselheiro Carrão", "wheelchair": null, "addr:suburb": null, "brand": null, "brand:wikidata": null, "brand:wikipedia": null, "healthcare": null, "railway": null, "crossing:barrier": null, "capacity": null, "cuisine": null, "delivery": null, "internet_access": null, "opening_hours": null, "phone": null, "smoking": null, "takeaway": null, "website": null, "addr:postcode": null, "operator": null, "alt_name": null, "shop": null, "building": null, "name:en": null, "name:pt": null, "office": null, "old_name": null, "fee": null, "service:bicycle:bicycle": null, "service:bicycle:dealer": null, "service:bicycle:ebike": null, "service:bicycle:repair": null, "service:bicycle:sales": null, "direction": null, "stop": null, "bus": null, "public_transport": null, "brewery": null, "level": null, "microbrewery": null, "outdoor_seating": null, "payment:american_express": null, "payment:cards": null, "payment:credit_cards": null, "payment:cryptocurrencies": null, "payment:debit_cards": null, "payment:maestro": null, "payment:mastercard": null, "payment:notes": null, "payment:visa": null, "payment:visa_electron": null, "start_date": null, "network": null, "network:wikidata": null, "ref": null, "source": null, "bridge": null, "layer": null, "oneway": "no", "lanes": "2", "lit": null, "short_name": null, "surface": "asphalt", "admin_level": null, "boundary": null, "loc_name": null, "foot": null, "maxheight": null, "width": null, "sidewalk": null, "destination": null, "leisure": null, "email": null, "service:bicycle:cleaning": null, "service:bicycle:diy": null, "service:bicycle:pump": null, "service:bicycle:rental": null, "service:bicycle:retail": null, "service:bicycle:second_hand": null, "bus:lanes": null, "source:alt_name": null, "segregated": null, "service:bicycle:chain_tool": null, "not:operator:wikidata": null, "note": null, "barrier": null, "service": null, "branch": null, "contact:phone": null, "bin": null, "covered": null, "passenger_information_display": null, "shelter": null, "tactile_paving": null, "footway": null, "payment:cash": null, "payment:coins": null, "area": null, "addr:place": null, "access": null, "opening_hours:covid19": null, "addr:state": null, "cycleway": null, "incline": null, "hazard": null, "orientation": null, "parking": null, "type": null, "addr:district": null, "box_id": 1, "provider": "osmnx" }, "geometry": { "type": "LineString", "coordinates": [ [ -49.2458063, -25.4213828 ], [ -49.2457289, -25.4213896 ], [ -49.2456514, -25.4213963 ], [ -49.2444368, -25.4215021 ] ] } },
{ "type": "Feature", "properties": { "highway": "residential", "traffic_signals:direction": null, "crossing": null, "crossing_ref": null, "maxspeed": null, "traffic_signals": null, "traffic_signals:sound": null, "amenity": null, "addr:city": null, "addr:country": null, "addr:housenumber": null, "addr:street": null, "bicycle": null, "crossing:markings": null, "button_operated": null, "crossing:island": null, "name": "Rua Conselheiro Carrão", "wheelchair": null, "addr:suburb": null, "brand": null, "brand:wikidata": null, "brand:wikipedia": null, "healthcare": null, "railway": null, "crossing:barrier": null, "capacity": null, "cuisine": null, "delivery": null, "internet_access": null, "opening_hours": null, "phone": null, "smoking": null, "takeaway": null, "website": null, "addr:postcode": null, "operator": null, "alt_name": null, "shop": null, "building": null, "name:en": null, "name:pt": null, "office": null, "old_name": null, "fee": null, "service:bicycle:bicycle": null, "service:bicycle:dealer": null, "service:bicycle:ebike": null, "service:bicycle:repair": null, "service:bicycle:sales": null, "direction": null, "stop": null, "bus": null, "public_transport": null, "brewery": null, "level": null, "microbrewery": null, "outdoor_seating": null, "payment:american_express": null, "payment:cards": null, "payment:credit_cards": null, "payment:cryptocurrencies": null, "payment:debit_cards": null, "payment:maestro": null, "payment:mastercard": null, "payment:notes": null, "payment:visa": null, "payment:visa_electron": null, "start_date": null, "network": null, "network:wikidata": null, "ref": null, "source": null, "bridge": null, "layer": null, "oneway": "yes", "lanes": "2", "lit": null, "short_name": null, "surface": "asphalt", "admin_level": null, "boundary": null, "loc_name": null, "foot": null, "maxheight": null, "width": null, "sidewalk": null, "destination": null, "leisure": null, "email": null, "service:bicycle:cleaning": null, "service:bicycle:diy": null, "service:bicycle:pump": null, "service:bicycle:rental": null, "service:bicycle:retail": null, "service:bicycle:second_hand": null, "bus:lanes": null, "source:alt_name": null, "segregated": null, "service:bicycle:chain_tool": null, "not:operator:wikidata": null, "note": null, "barrier": null, "service": null, "branch": null, "contact:phone": null, "bin": null, "covered": null, "passenger_information_display": null, "shelter": null, "tactile_paving": null, "footway": null, "payment:cash": null, "payment:coins": null, "area": null, "addr:place": null, "access": null, "opening_hours:covid19": null, "addr:state": null, "cycleway": null, "incline": null, "hazard": null, "orientation": null, "parking": null, "type": null, "addr:district": null, "box_id": 1, "provider": "osmnx" }, "geometry": { "type": "LineString", "coordinates": [ [ -49.2483495, -25.4212994 ], [ -49.2470698, -25.4214058 ], [ -49.2461896, -25.4214789 ] ] } },
{ "type": "Feature", "properties": { "highway": "residential", "traffic_signals:direction": null, "crossing": null, "crossing_ref": null, "maxspeed": null, "traffic_signals": null, "traffic_signals:sound": null, "amenity": null, "addr:city": null, "addr:country": null, "addr:housenumber": null, "addr:street": null, "bicycle": null, "crossing:markings": null, "button_operated": null, "crossing:island": null, "name": "Rua Conselheiro Carrão", "wheelchair": null, "addr:suburb": null, "brand": null, "brand:wikidata": null, "brand:wikipedia": null, "healthcare": null, "railway": null, "crossing:barrier": null, "capacity": null, "cuisine": null, "delivery": null, "internet_access": null, "opening_hours": null, "phone": null, "smoking": null, "takeaway": null, "website": null, "addr:postcode": null, "operator": null, "alt_name": null, "shop": null, "building": null, "name:en": null, "name:pt": null, "office": null, "old_name": null, "fee": null, "service:bicycle:bicycle": null, "service:bicycle:dealer": null, "service:bicycle:ebike": null, "service:bicycle:repair": null, "service:bicycle:sales": null, "direction": null, "stop": null, "bus": null, "public_transport": null, "brewery": null, "level": null, "microbrewery": null, "outdoor_seating": null, "payment:american_express": null, "payment:cards": null, "payment:credit_cards": null, "payment:cryptocurrencies": null, "payment:debit_cards": null, "payment:maestro": null, "payment:mastercard": null, "payment:notes": null, "payment:visa": null, "payment:visa_electron": null, "start_date": null, "network": null, "network:wikidata": null, "ref": null, "source": null, "bridge": null, "layer": null, "oneway": "yes", "lanes": "2", "lit": null, "short_name": null, "surface": "asphalt", "admin_level": null, "boundary": null, "loc_name": null, "foot": null, "maxheight": null, "width": null, "sidewalk": null, "destination": null, "leisure": null, "email": null, "service:bicycle:cleaning": null, "service:bicycle:diy": null, "service:bicycle:pump": null, "service:bicycle:rental": null, "service:bicycle:retail": null, "service:bicycle:second_hand": null, "bus:lanes": null, "source:alt_name": null, "segregated": null, "service:bicycle:chain_tool": null, "not:operator:wikidata": null, "note": null, "barrier": null, "service": null, "branch": null, "contact:phone": null, "bin": null, "covered": null, "passenger_information_display": null, "shelter": null, "tactile_paving": null, "footway": null, "payment:cash": null, "payment:coins": null, "area": null, "addr:place": null, "access": null, "opening_hours:covid19": null, "addr:state": null, "cycleway": null, "incline": null, "hazard": null, "orientation": null, "parking": null, "type": null, "addr:district": null, "box_id": 1, "provider": "osmnx" }, "geometry": { "type": "LineString", "coordinates": [ [ -49.2461896, -25.4214789 ], [ -49.2458662, -25.4211693 ], [ -49.2457755, -25.4210825 ] ] } },
{ "type": "Feature", "properties": { "highway": "residential", "traffic_signals:direction": null, "crossing": null, "crossing_ref": null, "maxspeed": null, "traffic_signals": null, "traffic_signals:sound": null, "amenity": null, "addr:city": null, "addr:country": null, "addr:housenumber": null, "addr:street": null, "bicycle": null, "crossing:markings": null, "button_operated": null, "crossing:island": null, "name": "Rua Camões", "wheelchair": null, "addr:suburb": null, "brand": null, "brand:wikidata": null, "brand:wikipedia": null, "healthcare": null, "railway": null, "crossing:barrier": null, "capacity": null, "cuisine": null, "delivery": null, "internet_access": null, "opening_hours": null, "phone": null, "smoking": null, "takeaway": null, "website": null, "addr:postcode": null, "operator": null, "alt_name": null, "shop": null, "building": null, "name:en": null, "name:pt": null, "office": null, "old_name": null, "fee": null, "service:bicycle:bicycle": null, "service:bicycle:dealer": null, "service:bicycle:ebike": null, "service:bicycle:repair": null, "service:bicycle:sales": null, "direction": null, "stop": null, "bus": null, "public_transport": null, "brewery": null, "level": null, "microbrewery": null, "outdoor_seating": null, "payment:american_express": null, "payment:cards": null, "payment:credit_cards": null, "payment:cryptocurrencies": null, "payment:debit_cards": null, "payment:maestro": null, "payment:mastercard": null, "payment:notes": null, "payment:visa": null, "payment:visa_electron": null, "start_date": null, "network": null, "network:wikidata": null, "ref": null, "source": null, "bridge": null, "layer": null, "oneway": "no", "lanes": "2", "lit": null, "short_name": null, "surface": "asphalt", "admin_level": null, "boundary": null, "loc_name": null, "foot": null, "maxheight": null, "width": null, "sidewalk": null, "destination": null, "leisure": null, "email": null, "service:bicycle:cleaning": null, "service:bicycle:diy": null, "service:bicycle:pump": null, "service:bicycle:rental": null, "service:bicycle:retail": null, "service:bicycle:second_hand": null, "bus:lanes": null, "source:alt_name": null, "segregated": null, "service:bicycle:chain_tool": null, "not:operator:wikidata": null, "note": null, "barrier": null, "service": null, "branch": null, "contact:phone": null, "bin": null, "covered": null, "passenger_information_display": null, "shelter": null, "tactile_paving": null, "footway": null, "payment:cash": null, "payment:coins": null, "area": null, "addr:place": null, "access": null, "opening_hours:covid19": null, "addr:state": null, "cycleway": null, "incline": null, "hazard": null, "orientation": null, "parking": null, "type": null, "addr:district": null, "box_id": 1, "provider": "osmnx" }, "geometry": { "type": "LineString", "coordinates": [ [ -49.246995855853307, -25.420678675530073 ], [ -49.24706, -25.4213092 ], [ -49.2470698, -25.4214058 ], [ -49.247079, -25.421496 ], [ -49.2471659, -25.4223518 ] ] } },
{ "type": "Feature", "properties": { "highway": "cycleway", "traffic_signals:direction": null, "crossing": "uncontrolled", "crossing_ref": null, "maxspeed": null, "traffic_signals": null, "traffic_signals:sound": null, "amenity": null, "addr:city": null, "addr:country": null, "addr:housenumber": null, "addr:street": null, "bicycle": "designated", "crossing:markings": null, "button_operated": null, "crossing:island": null, "name": null, "wheelchair": null, "addr:suburb": null, "brand": null, "brand:wikidata": null, "brand:wikipedia": null, "healthcare": null, "railway": null, "crossing:barrier": null, "capacity": null, "cuisine": null, "delivery": null, "internet_access": null, "opening_hours": null, "phone": null, "smoking": null, "takeaway": null, "website": null, "addr:postcode": null, "operator": null, "alt_name": null, "shop": null, "building": null, "name:en": null, "name:pt": null, "office": null, "old_name": null, "fee": null, "service:bicycle:bicycle": null, "service:bicycle:dealer": null, "service:bicycle:ebike": null, "service:bicycle:repair": null, "service:bicycle:sales": null, "direction": null, "stop": null, "bus": null, "public_transport": null, "brewery": null, "level": null, "microbrewery": null, "outdoor_seating": null, "payment:american_express": null, "payment:cards": null, "payment:credit_cards": null, "payment:cryptocurrencies": null, "payment:debit_cards": null, "payment:maestro": null, "payment:mastercard": null, "payment:notes": null, "payment:visa": null, "payment:visa_electron": null, "start_date": null, "network": null, "network:wikidata": null, "ref": null, "source": null, "bridge": null, "layer": null, "oneway": null, "lanes": null, "lit": null, "short_name": null, "surface": "asphalt", "admin_level": null, "boundary": null, "loc_name": null, "foot": "designated", "maxheight": null, "width": null, "sidewalk": null, "destination": null, "leisure": null, "email": null, "service:bicycle:cleaning": null, "service:bicycle:diy": null, "service:bicycle:pump": null, "service:bicycle:rental": null, "service:bicycle:retail": null, "service:bicycle:second_hand": null, "bus:lanes": null, "source:alt_name": null, "segregated": null, "service:bicycle:chain_tool": null, "not:operator:wikidata": null, "note": null, "barrier": null, "service": null, "branch": null, "contact:phone": null, "bin": null, "covered": null, "passenger_information_display": null, "shelter": null, "tactile_paving": null, "footway": null, "payment:cash": null, "payment:coins": null, "area": null, "addr:place": null, "access": null, "opening_hours:covid19": null, "addr:state": null, "cycleway": "crossing", "incline": null, "hazard": null, "orientation": null, "parking": null, "type": null, "addr:district": null, "box_id": 1, "provider": "osmnx" }, "geometry": { "type": "LineString", "coordinates": [ [ -49.2457051, -25.4211149 ], [ -49.2457871, -25.4211955 ], [ -49.2458406, -25.4212485 ] ] } },
{ "type": "Feature", "properties": { "highway": "cycleway", "traffic_signals:direction": null, "crossing": null, "crossing_ref": null, "maxspeed": null, "traffic_signals": null, "traffic_signals:sound": null, "amenity": null, "addr:city": null, "addr:country": null, "addr:housenumber": null, "addr:street": null, "bicycle": "designated", "crossing:markings": null, "button_operated": null, "crossing:island": null, "name": null, "wheelchair": null, "addr:suburb": null, "brand": null, "brand:wikidata": null, "brand:wikipedia": null, "healthcare": null, "railway": null, "crossing:barrier": null, "capacity": null, "cuisine": null, "delivery": null, "internet_access": null, "opening_hours": null, "phone": null, "smoking": null, "takeaway": null, "website": null, "addr:postcode": null, "operator": null, "alt_name": null, "shop": null, "building": null, "name:en": null, "name:pt": null, "office": null, "old_name": null, "fee": null, "service:bicycle:bicycle": null, "service:bicycle:dealer": null, "service:bicycle:ebike": null, "service:bicycle:repair": null, "service:bicycle:sales": null, "direction": null, "stop": null, "bus": null, "public_transport": null, "brewery": null, "level": null, "microbrewery": null, "outdoor_seating": null, "payment:american_express": null, "payment:cards": null, "payment:credit_cards": null, "payment:cryptocurrencies": null, "payment:debit_cards": null, "payment:maestro": null, "payment:mastercard": null, "payment:notes": null, "payment:visa": null, "payment:visa_electron": null, "start_date": null, "network": null, "network:wikidata": null, "ref": null, "source": null, "bridge": null, "layer": null, "oneway": null, "lanes": null, "lit": null, "short_name": null, "surface": "asphalt", "admin_level": null, "boundary": null, "loc_name": null, "foot": "designated", "maxheight": null, "width": null, "sidewalk": null, "destination": null, "leisure": null, "email": null, "service:bicycle:cleaning": null, "service:bicycle:diy": null, "service:bicycle:pump": null, "service:bicycle:rental": null, "service:bicycle:retail": null, "service:bicycle:second_hand": null, "bus:lanes": null, "source:alt_name": null, "segregated": "no", "service:bicycle:chain_tool": null, "not:operator:wikidata": null, "note": null, "barrier": null, "service": null, "branch": null, "contact:phone": null, "bin": null, "covered": null, "passenger_information_display": null, "shelter": null, "tactile_paving": null, "footway": null, "payment:cash": null, "payment:coins": null, "area": null, "addr:place": null, "access": null, "opening_hours:covid19": null, "addr:state": null, "cycleway": null, "incline": null, "hazard": null, "orientation": null, "parking": null, "type": null, "addr:district": null, "box_id": 1, "provider": "osmnx" }, "geometry": { "type": "LineString", "coordinates": [ [ -49.245252508736563, -25.420657868716312 ], [ -49.2456231, -25.4210344 ], [ -49.2457051, -25.4211149 ] ] } },
{ "type": "Feature", "properties": { "highway": "residential", "traffic_signals:direction": null, "crossing": null, "crossing_ref": null, "maxspeed": null, "traffic_signals": null, "traffic_signals:sound": null, "amenity": null, "addr:city": null, "addr:country": null, "addr:housenumber": null, "addr:street": null, "bicycle": null, "crossing:markings": null, "button_operated": null, "crossing:island": null, "name": "Rua Flávio Dallegrave", "wheelchair": null, "addr:suburb": null, "brand": null, "brand:wikidata": null, "brand:wikipedia": null, "healthcare": null, "railway": null, "crossing:barrier": null, "capacity": null, "cuisine": null, "delivery": null, "internet_access": null, "opening_hours": null, "phone": null, "smoking": null, "takeaway": null, "website": null, "addr:postcode": null, "operator": null, "alt_name": null, "shop": null, "building": null, "name:en": null, "name:pt": null, "office": null, "old_name": null, "fee": null, "service:bicycle:bicycle": null, "service:bicycle:dealer": null, "service:bicycle:ebike": null, "service:bicycle:repair": null, "service:bicycle:sales": null, "direction": null, "stop": null, "bus": null, "public_transport": null, "brewery": null, "level": null, "microbrewery": null, "outdoor_seating": null, "payment:american_express": null, "payment:cards": null, "payment:credit_cards": null, "payment:cryptocurrencies": null, "payment:debit_cards": null, "payment:maestro": null, "payment:mastercard": null, "payment:notes": null, "payment:visa": null, "payment:visa_electron": null, "start_date": null, "network": null, "network:wikidata": null, "ref": null, "source": null, "bridge": null, "layer": null, "oneway": "no", "lanes": "2", "lit": null, "short_name": null, "surface": "asphalt", "admin_level": null, "boundary": null, "loc_name": null, "foot": null, "maxheight": null, "width": null, "sidewalk": null, "destination": null, "leisure": null, "email": null, "service:bicycle:cleaning": null, "service:bicycle:diy": null, "service:bicycle:pump": null, "service:bicycle:rental": null, "service:bicycle:retail": null, "service:bicycle:second_hand": null, "bus:lanes": null, "source:alt_name": null, "segregated": null, "service:bicycle:chain_tool": null, "not:operator:wikidata": null, "note": null, "barrier": null, "service": null, "branch": null, "contact:phone": null, "bin": null, "covered": null, "passenger_information_display": null, "shelter": null, "tactile_paving": null, "footway": null, "payment:cash": null, "payment:coins": null, "area": null, "addr:place": null, "access": null, "opening_hours:covid19": null, "addr:state": null, "cycleway": null, "incline": null, "hazard": null, "orientation": null, "parking": null, "type": null, "addr:district": null, "box_id": 1, "provider": "osmnx" }, "geometry": { "type": "LineString", "coordinates": [ [ -49.2456514, -25.4213963 ], [ -49.2455855, -25.4213303 ], [ -49.244910119847191, -25.420653782311611 ] ] } }
]
}
