{
"type": "FeatureCollection",
"name": "curitiba_1km_osmnx_sidewalk_crossings",
"crs": { "type": "name", "properties": { "name": "urn:ogc:def:crs:OGC:1.3:CRS84" } },
"features": [
{ "type": "Feature", "properties": { "length_m": 4.0800106781707273, "length_ok": true, "above_tolerance": false, "segment_id": 0, "node_degree": 4, "center_offset_m": 4.6778340080720673, "used_fallback": false, "box_id": 1, "provider": "osmnx" }, "geometry": { "type": "LineString", "coordinates": [ [ -49.295385863704389, -25.431535201720152 ], [ -49.295391264402099, -25.431537745643944 ], [ -49.295403866031016, -25.431543681465371 ], [ -49.295416467661212, -25.431549617285782 ], [ -49.295421868360265, -25.431552161208511 ] ] } },
{ "type": "Feature", "properties": { "length_m": 4.0000000009523458, "length_ok": true, "above_tolerance": false, "segment_id": 1, "node_degree": 4, "center_offset_m": 7.0, "used_fallback": false, "box_id": 1, "provider": "osmnx" }, "geometry": { "type": "LineString", "coordinates": [ [ -49.295332677367739, -25.431629010366343 ], [ -49.295337986142115, -25.431631479771347 ], [ -49.295350373283199, -25.431637241715649 ], [ -49.295362760425519, -25.431643003658952 ], [ -49.295368069201174, -25.431645473062929 ] ] } },
{ "type": "Feature", "properties": { "length_m": 3.9999999997072639, "length_ok": true, "above_tolerance": false, "segment_id": 1, "node_degree": 4, "center_offset_m": 7.0, "used_fallback": false, "box_id": 1, "provider": "osmnx" }, "geometry": { "type": "LineString", "coordinates": [ [ -49.29492323092704, -25.43235482753866 ], [ -49.294928539723045, -25.432357296959442 ], [ -49.294940926914592, -25.432363058940556 ], [ -49.29495331410736, -25.43236882092069 ], [ -49.294958622904637, -25.432371290340441 ] ] } },
{ "type": "Feature", "properties": { "length_m": 4.0000000008595267, "length_ok": true, "above_tolerance": false, "segment_id": 2, "node_degree": 4, "center_offset_m": 7.0, "used_fallback": false, "box_id": 1, "provider": "osmnx" }, "geometry": { "type": "LineString", "coordinates": [ [ -49.294859696870802, -25.432467242228675 ], [ -49.294865001545475, -25.432469718949932 ], [ -49.294877379120614, -25.432475497965484 ], [ -49.294889756696975, -25.432481276980042 ], [ -49.294895061372934, -25.432483753700261 ] ] } },
{ "type": "Feature", "properties": { "length_m": 3.99999999950803, "length_ok": true, "above_tolerance": false, "segment_id": 2, "node_degree": 4, "center_offset_m": 7.0, "used_fallback": false, "box_id": 1, "provider": "osmnx" }, "geometry": { "type": "LineString", "coordinates": [ [ -49.29430183869561, -25.433452446721425 ], [ -49.294307143399529, -25.433454923464151 ], [ -49.294319521042873, -25.433460702529803 ], [ -49.294331898687446, -25.433466481594476 ], [ -49.294337203392644, -25.433468958336174 ] ] } },
{ "type": "Feature", "properties": { "length_m": 4.0000000003203562, "length_ok": true, "above_tolerance": false, "segment_id": 3, "node_degree": 4, "center_offset_m": 7.0, "used_fallback": false, "box_id": 1, "provider": "osmnx" }, "geometry": { "type": "LineString", "coordinates": [ [ -49.294238207774555, -25.433564851783242 ], [ -49.294243513093782, -25.433567327447363 ], [ -49.294255892172842, -25.433573103996277 ], [ -49.294268271253138, -25.433578880544207 ], [ -49.294273576573644, -25.433581356207299 ] ] } },
{ "type": "Feature", "properties": { "length_m": 4.0000000000077103, "length_ok": true, "above_tolerance": false, "segment_id": 3, "node_degree": 4, "center_offset_m": 7.0, "used_fallback": false, "box_id": 1, "provider": "osmnx" }, "geometry": { "type": "LineString", "coordinates": [ [ -49.293866223829198, -25.434222143827434 ], [ -49.293871529167937, -25.434224619505873 ], [ -49.293883908292536, -25.434230396088214 ], [ -49.293896287418363, -25.434236172669571 ], [ -49.293901592758388, -25.434238648346987 ] ] } },
{ "type": "Feature", "properties": { "length_m": 4.000000005169257, "length_ok": true, "above_tolerance": false, "segment_id": 4, "node_degree": 4, "center_offset_m": 7.0, "used_fallback": false, "box_id": 1, "provider": "osmnx" }, "geometry": { "type": "LineString", "coordinates": [ [ -49.293802620197653, -25.434334561909083 ], [ -49.293807926169499, -25.434337036476883 ], [ -49.293820306771359, -25.434342810467719 ], [ -49.293832687374447, -25.434348584457581 ], [ -49.293837993347573, -25.434351059024351 ] ] } },
{ "type": "Feature", "properties": { "length_m": 3.9999999301488143, "length_ok": true, "above_tolerance": false, "segment_id": 4, "node_degree": 4, "center_offset_m": 7.0, "used_fallback": false, "box_id": 1, "provider": "osmnx" }, "geometry": { "type": "LineString", "coordinates": [ [ -49.293310578260318, -25.435204635642343 ], [ -49.293315885365175, -25.435207108270504 ], [ -49.293328268610729, -25.435212877735502 ], [ -49.293340651857505, -25.435218647199509 ], [ -49.293345958963641, -25.435221119826647 ] ] } },
{ "type": "Feature", "properties": { "length_m": 3.9999999996329336, "length_ok": true, "above_tolerance": false, "segment_id": 5, "node_degree": 4, "center_offset_m": 7.0, "used_fallback": false, "box_id": 1, "provider": "osmnx" }, "geometry": { "type": "LineString", "coordinates": [ [ -49.293247033495938, -25.435317074067864 ], [ -49.293252340254433, -25.435319547317459 ], [ -49.293264722691795, -25.435325318232486 ], [ -49.2932771051304, -25.435331089146516 ], [ -49.293282411890168, -25.435333562395087 ] ] } },
{ "type": "Feature", "properties": { "length_m": 4.000000000360286, "length_ok": true, "above_tolerance": false, "segment_id": 5, "node_degree": 3, "center_offset_m": 7.0, "used_fallback": false, "box_id": 1, "provider": "osmnx" }, "geometry": { "type": "LineString", "coordinates": [ [ -49.292952787841507, -25.435837637477878 ], [ -49.292958094615486, -25.435840110738813 ], [ -49.292970477088971, -25.43584588168029 ], [ -49.292982859563686, -25.435851652620787 ], [ -49.292988166338944, -25.435854125880692 ] ] } },
{ "type": "Feature", "properties": { "length_m": 7.0000000001108624, "length_ok": true, "above_tolerance": true, "segment_id": 6, "node_degree": 3, "center_offset_m": 17.0, "used_fallback": true, "box_id": 1, "provider": "osmnx" }, "geometry": { "type": "LineString", "coordinates": [ [ -49.292832610642179, -25.436020017349882 ], [ -49.292841889081025, -25.436024360436253 ], [ -49.292863538774341, -25.436034494302298 ], [ -49.292885188471438, -25.43604462816532 ], [ -49.292894466914206, -25.436048971248557 ] ] } },
{ "type": "Feature", "properties": { "length_m": 7.0000000001108624, "length_ok": true, "above_tolerance": true, "segment_id": 6, "node_degree": 4, "center_offset_m": 17.0, "used_fallback": true, "box_id": 1, "provider": "osmnx" }, "geometry": { "type": "LineString", "coordinates": [ [ -49.29257293366048, -25.436477429010875 ], [ -49.292582212123015, -25.436481772114728 ], [ -49.292603861871612, -25.436491906021569 ], [ -49.292625511623989, -25.436502039925386 ], [ -49.292634790090446, -25.436506383026099 ] ] } },
{ "type": "Feature", "properties": { "length_m": 6.999999999737379, "length_ok": true, "above_tolerance": false, "segment_id": 7, "node_degree": 4, "center_offset_m": 17.0, "used_fallback": true, "box_id": 1, "provider": "osmnx" }, "geometry": { "type": "LineString", "coordinates": [ [ -49.292422991705706, -25.436742499568805 ], [ -49.292432284190632, -25.436746817918053 ], [ -49.292453966658137, -25.436756894064114 ], [ -49.2924756491294, -25.436766970207149 ], [ -49.292484941618234, -25.436771288553238 ] ] } },
{ "type": "Feature", "properties": { "length_m": 6.9999999997999973, "length_ok": true, "above_tolerance": false, "segment_id": 8, "node_degree": 4, "center_offset_m": 17.0, "used_fallback": true, "box_id": 1, "provider": "osmnx" }, "geometry": { "type": "LineString", "coordinates": [ [ -49.292392107796303, -25.436535983139255 ], [ -49.292387947941258, -25.436544676635187 ], [ -49.292378241610351, -25.436564961458416 ], [ -49.292368535276019, -25.436585246280785 ], [ -49.292364375417399, -25.436593939775815 ] ] } },
{ "type": "Feature", "properties": { "length_m": 7.0000000001296199, "length_ok": true, "above_tolerance": true, "segment_id": 8, "node_degree": 3, "center_offset_m": 17.0, "used_fallback": true, "box_id": 1, "provider": "osmnx" }, "geometry": { "type": "LineString", "coordinates": [ [ -49.291230320842715, -25.436077751566927 ], [ -49.291226162746639, -25.43608644574584 ], [ -49.291216460520026, -25.436106732162699 ], [ -49.291206758289981, -25.436127018578691 ], [ -49.291202600190346, -25.436135712756705 ] ] } },
{ "type": "Feature", "properties": { "length_m": 6.999999999677585, "length_ok": true, "above_tolerance": false, "segment_id": 9, "node_degree": 3, "center_offset_m": 17.0, "used_fallback": true, "box_id": 1, "provider": "osmnx" }, "geometry": { "type": "LineString", "coordinates": [ [ -49.294154827178346, -25.436351675901417 ], [ -49.294150636210112, -25.436360357073081 ], [ -49.294140857281768, -25.43638061313969 ], [ -49.294131078349992, -25.436400869205418 ], [ -49.294126887378169, -25.436409550376176 ] ] } },
{ "type": "Feature", "properties": { "length_m": 7.0000000003040359, "length_ok": true, "above_tolerance": true, "segment_id": 9, "node_degree": 3, "center_offset_m": 17.0, "used_fallback": true, "box_id": 1, "provider": "osmnx" }, "geometry": { "type": "LineString", "coordinates": [ [ -49.293102907843078, -25.435932958818039 ], [ -49.29309871681766, -25.435941639957012 ], [ -49.293088937755897, -25.435961895947305 ], [ -49.293079158690688, -25.435982151936731 ], [ -49.293074967661688, -25.435990833074793 ] ] } },
{ "type": "Feature", "properties": { "length_m": 4.0000000001561844, "length_ok": true, "above_tolerance": false, "segment_id": 10, "node_degree": 3, "center_offset_m": 7.0, "used_fallback": false, "box_id": 1, "provider": "osmnx" }, "geometry": { "type": "LineString", "coordinates": [ [ -49.291748413287579, -25.434755414807391 ], [ -49.29175068013236, -25.434750404813325 ], [ -49.291755969436075, -25.434738714826985 ], [ -49.29176125873871, -25.434727024840381 ], [ -49.291763525582375, -25.434722014846049 ] ] } },
{ "type": "Feature", "properties": { "length_m": 4.1631184436816779, "length_ok": true, "above_tolerance": false, "segment_id": 10, "node_degree": 4, "center_offset_m": 7.0, "used_fallback": false, "box_id": 1, "provider": "osmnx" }, "geometry": { "type": "LineString", "coordinates": [ [ -49.292311957867184, -25.434967248292384 ], [ -49.292314317134, -25.434962033982757 ], [ -49.29231982208907, -25.43494986726008 ], [ -49.292325327042974, -25.434937700537141 ], [ -49.292327686308575, -25.434932486227215 ] ] } },
{ "type": "Feature", "properties": { "length_m": 4.2543706578019309, "length_ok": true, "above_tolerance": false, "segment_id": 11, "node_degree": 4, "center_offset_m": 7.0, "used_fallback": false, "box_id": 1, "provider": "osmnx" }, "geometry": { "type": "LineString", "coordinates": [ [ -49.292445842645115, -25.43500807743678 ], [ -49.292447602738264, -25.435002542770278 ], [ -49.292451709621595, -25.434989628548315 ], [ -49.292455816503967, -25.434976714326165 ], [ -49.292457576596121, -25.43497117965947 ] ] } },
{ "type": "Feature", "properties": { "length_m": 6.3936139156346661, "length_ok": true, "above_tolerance": false, "segment_id": 11, "node_degree": 3, "center_offset_m": 9.5, "used_fallback": false, "box_id": 1, "provider": "osmnx" }, "geometry": { "type": "LineString", "coordinates": [ [ -49.292621946557446, -25.435054253703701 ], [ -49.292624591674937, -25.435045936013633 ], [ -49.292630763614213, -25.435026528069859 ], [ -49.292636935551336, -25.435007120125665 ], [ -49.292639580666574, -25.434998802435171 ] ] } },
{ "type": "Feature", "properties": { "length_m": 3.9999833204919462, "length_ok": true, "above_tolerance": false, "segment_id": 12, "node_degree": 3, "center_offset_m": 7.0, "used_fallback": false, "box_id": 1, "provider": "osmnx" }, "geometry": { "type": "LineString", "coordinates": [ [ -49.292775886985744, -25.435100388733311 ], [ -49.292778044531069, -25.435095339122221 ], [ -49.292783078802763, -25.435083556696174 ], [ -49.292788113073414, -25.435071774269879 ], [ -49.292790270617658, -25.435066724658537 ] ] } },
{ "type": "Feature", "properties": { "length_m": 3.9999991088071525, "length_ok": true, "above_tolerance": false, "segment_id": 12, "node_degree": 4, "center_offset_m": 7.0, "used_fallback": false, "box_id": 1, "provider": "osmnx" }, "geometry": { "type": "LineString", "coordinates": [ [ -49.293224560656689, -25.435261973970686 ], [ -49.293226809023139, -25.43525695711012 ], [ -49.29323205521073, -25.435245251101982 ], [ -49.293237301397248, -25.435233545093581 ], [ -49.293239549762575, -25.435228528232752 ] ] } },
{ "type": "Feature", "properties": { "length_m": 7.0000000001371294, "length_ok": true, "above_tolerance": true, "segment_id": 13, "node_degree": 4, "center_offset_m": 6.2290741938361718, "used_fallback": true, "box_id": 1, "provider": "osmnx" }, "geometry": { "type": "LineString", "coordinates": [ [ -49.289955433121008, -25.437054709925391 ], [ -49.289945888792268, -25.437050871054961 ], [ -49.289923618694367, -25.437041913688322 ], [ -49.289901348599919, -25.437032956318465 ], [ -49.289891804274788, -25.437029117444688 ] ] } },
{ "type": "Feature", "properties": { "length_m": 6.9999999997144062, "length_ok": true, "above_tolerance": false, "segment_id": 14, "node_degree": 4, "center_offset_m": 17.0, "used_fallback": true, "box_id": 1, "provider": "osmnx" }, "geometry": { "type": "LineString", "coordinates": [ [ -49.290046948137793, -25.436867108533679 ], [ -49.290037403775074, -25.436863269762245 ], [ -49.290015133597855, -25.43685431262659 ], [ -49.289992863424104, -25.436845355487719 ], [ -49.289983319064987, -25.436841516712935 ] ] } },
{ "type": "Feature", "properties": { "length_m": 6.9999999997144062, "length_ok": true, "above_tolerance": false, "segment_id": 14, "node_degree": 4, "center_offset_m": 17.0, "used_fallback": true, "box_id": 1, "provider": "osmnx" }, "geometry": { "type": "LineString", "coordinates": [ [ -49.290480181847023, -25.435978983871497 ], [ -49.290470637537055, -25.435975145130701 ], [ -49.290448367482945, -25.435966188066523 ], [ -49.290426097432295, -25.435957230999126 ], [ -49.290416553125937, -25.435953392254977 ] ] } },
{ "type": "Feature", "properties": { "length_m": 7.0000000006383152, "length_ok": true, "above_tolerance": true, "segment_id": 15, "node_degree": 4, "center_offset_m": 17.0, "used_fallback": true, "box_id": 1, "provider": "osmnx" }, "geometry": { "type": "LineString", "coordinates": [ [ -49.289784338215995, -25.436960323317265 ], [ -49.289788485161054, -25.436951624743706 ], [ -49.28979816136377, -25.436931328071452 ], [ -49.289807837563067, -25.436911031398331 ], [ -49.289811984504574, -25.436902332823884 ] ] } },
{ "type": "Feature", "properties": { "length_m": 6.9999999992551301, "length_ok": true, "above_tolerance": false, "segment_id": 16, "node_degree": 4, "center_offset_m": 14.856263684923574, "used_fallback": true, "box_id": 1, "provider": "osmnx" }, "geometry": { "type": "LineString", "coordinates": [ [ -49.29007041681745, -25.437072774561553 ], [ -49.290074563875031, -25.437064076029568 ], [ -49.290084240340278, -25.437043779454328 ], [ -49.2900939168021, -25.437023482878235 ], [ -49.290098063856121, -25.437014784345362 ] ] } },
{ "type": "Feature", "properties": { "length_m": 6.9999999998636238, "length_ok": true, "above_tolerance": false, "segment_id": 17, "node_degree": 3, "center_offset_m": 17.0, "used_fallback": true, "box_id": 1, "provider": "osmnx" }, "geometry": { "type": "LineString", "coordinates": [ [ -49.29092940580675, -25.435959079064279 ], [ -49.290925247052456, -25.43596777298081 ], [ -49.290915543289984, -25.435988058785433 ], [ -49.290905839524086, -25.43600834458918 ], [ -49.290901680766225, -25.436017038504819 ] ] } },
{ "type": "Feature", "properties": { "length_m": 7.0000000005012515, "length_ok": true, "above_tolerance": true, "segment_id": 17, "node_degree": 4, "center_offset_m": 17.0, "used_fallback": true, "box_id": 1, "provider": "osmnx" }, "geometry": { "type": "LineString", "coordinates": [ [ -49.290679118419796, -25.435860363007173 ], [ -49.29067495965181, -25.435869056915966 ], [ -49.290665255857391, -25.435889342702552 ], [ -49.290655552059548, -25.435909628488272 ], [ -49.290651393287988, -25.435918322396173 ] ] } },
{ "type": "Feature", "properties": { "length_m": 4.1631184432566855, "length_ok": true, "above_tolerance": false, "segment_id": 18, "node_degree": 4, "center_offset_m": 7.0, "used_fallback": false, "box_id": 1, "provider": "osmnx" }, "geometry": { "type": "LineString", "coordinates": [ [ -49.292318340657083, -25.435000866086714 ], [ -49.292322486585959, -25.435005062019219 ], [ -49.292332160421118, -25.43501485252801 ], [ -49.292341834257826, -25.435024643036225 ], [ -49.29234598018833, -25.435028838968144 ] ] } },
{ "type": "Feature", "properties": { "length_m": 4.1097010508510596, "length_ok": true, "above_tolerance": false, "segment_id": 18, "node_degree": 3, "center_offset_m": 7.0, "used_fallback": false, "box_id": 1, "provider": "osmnx" }, "geometry": { "type": "LineString", "coordinates": [ [ -49.291104505887127, -25.435991747446206 ], [ -49.291108598606897, -25.435995889573174 ], [ -49.291118148287431, -25.436005554535704 ], [ -49.291127697969493, -25.43601521949768 ], [ -49.291131790690834, -25.436019361624066 ] ] } },
{ "type": "Feature", "properties": { "length_m": 7.0000000000576055, "length_ok": true, "above_tolerance": true, "segment_id": 19, "node_degree": 4, "center_offset_m": 17.0, "used_fallback": true, "box_id": 1, "provider": "osmnx" }, "geometry": { "type": "LineString", "coordinates": [ [ -49.290613061384981, -25.435706616829631 ], [ -49.290603517525021, -25.435702777208977 ], [ -49.290581248520944, -25.435693818091835 ], [ -49.29055897952032, -25.435684858971459 ], [ -49.290549435663969, -25.435681019347459 ] ] } },
{ "type": "Feature", "properties": { "length_m": 7.0000000000576055, "length_ok": true, "above_tolerance": true, "segment_id": 19, "node_degree": 3, "center_offset_m": 17.0, "used_fallback": true, "box_id": 1, "provider": "osmnx" }, "geometry": { "type": "LineString", "coordinates": [ [ -49.290858265381651, -25.435204080904423 ], [ -49.290848721551548, -25.435200241301104 ], [ -49.290826452617097, -25.435191282224405 ], [ -49.29080418368612, -25.435182323144488 ], [ -49.29079463985962, -25.435178483537818 ] ] } },
{ "type": "Feature", "properties": { "length_m": 4.841411072144477, "length_ok": true, "above_tolerance": false, "segment_id": 20, "node_degree": 3, "center_offset_m": 11.0, "used_fallback": false, "box_id": 1, "provider": "osmnx" }, "geometry": { "type": "LineString", "coordinates": [ [ -49.290979082276991, -25.434995297155144 ], [ -49.290974374169927, -25.434990327193788 ], [ -49.290963388588288, -25.434978730616756 ], [ -49.290952403008724, -25.434967134039002 ], [ -49.290947694903842, -25.434962164076872 ] ] } },
{ "type": "Feature", "properties": { "length_m": 4.2545510143459921, "length_ok": true, "above_tolerance": false, "segment_id": 20, "node_degree": 3, "center_offset_m": 7.0, "used_fallback": false, "box_id": 1, "provider": "osmnx" }, "geometry": { "type": "LineString", "coordinates": [ [ -49.29162900577591, -25.434742454017819 ], [ -49.291627124215395, -25.434736952146434 ], [ -49.291622733908149, -25.434724114446471 ], [ -49.291618343601755, -25.434711276746398 ], [ -49.291616462042128, -25.43470577487491 ] ] } },
{ "type": "Feature", "properties": { "length_m": 7.0000000006284173, "length_ok": true, "above_tolerance": true, "segment_id": 21, "node_degree": 4, "center_offset_m": 17.0, "used_fallback": true, "box_id": 1, "provider": "osmnx" }, "geometry": { "type": "LineString", "coordinates": [ [ -49.290378207984567, -25.435741677491862 ], [ -49.290374049125354, -25.435750371361877 ], [ -49.290364345118093, -25.435770657057972 ], [ -49.290354641107399, -25.435790942753201 ], [ -49.290350482244619, -25.435799636622324 ] ] } },
{ "type": "Feature", "properties": { "length_m": 7.0000000000949019, "length_ok": true, "above_tolerance": true, "segment_id": 22, "node_degree": 3, "center_offset_m": 17.0, "used_fallback": true, "box_id": 1, "provider": "osmnx" }, "geometry": { "type": "LineString", "coordinates": [ [ -49.290936120974521, -25.434904831623374 ], [ -49.290925698952407, -25.434905365450167 ], [ -49.290901380900642, -25.434906611043129 ], [ -49.290877062848622, -25.434907856632041 ], [ -49.290866640826252, -25.43490839045462 ] ] } },
{ "type": "Feature", "properties": { "length_m": 8.7298308529378428, "length_ok": true, "above_tolerance": true, "segment_id": 23, "node_degree": 3, "center_offset_m": 7.0, "used_fallback": false, "box_id": 1, "provider": "osmnx" }, "geometry": { "type": "LineString", "coordinates": [ [ -49.292504386166314, -25.434725930876457 ], [ -49.292517114546861, -25.434723450657064 ], [ -49.292546814099687, -25.434717663474057 ], [ -49.292576513650033, -25.434711876284901 ], [ -49.292589242027994, -25.434709396059088 ] ] } },
{ "type": "Feature", "properties": { "length_m": 6.4019604541833814, "length_ok": true, "above_tolerance": false, "segment_id": 23, "node_degree": 3, "center_offset_m": 9.5, "used_fallback": false, "box_id": 1, "provider": "osmnx" }, "geometry": { "type": "LineString", "coordinates": [ [ -49.292633020112461, -25.435006413455042 ], [ -49.292641279180124, -25.435002065387351 ], [ -49.292660550335789, -25.434991919894149 ], [ -49.292679821488314, -25.434981774398221 ], [ -49.292688080552729, -25.434977426327709 ] ] } },
{ "type": "Feature", "properties": { "length_m": 4.0000002649357285, "length_ok": true, "above_tolerance": false, "segment_id": 24, "node_degree": 4, "center_offset_m": 7.0, "used_fallback": false, "box_id": 1, "provider": "osmnx" }, "geometry": { "type": "LineString", "coordinates": [ [ -49.292804721220413, -25.433943385935994 ], [ -49.292810356449849, -25.433945161580301 ], [ -49.292823505319227, -25.433949304749532 ], [ -49.292836654189564, -25.433953447917631 ], [ -49.292842289420001, -25.433955223560751 ] ] } },
{ "type": "Feature", "properties": { "length_m": 4.0000000222224434, "length_ok": true, "above_tolerance": false, "segment_id": 24, "node_degree": 3, "center_offset_m": 7.0, "used_fallback": false, "box_id": 1, "provider": "osmnx" }, "geometry": { "type": "LineString", "coordinates": [ [ -49.292559230205015, -25.434585782237921 ], [ -49.292564865459234, -25.434587557892744 ], [ -49.292578014386429, -25.434591701086532 ], [ -49.29259116331459, -25.434595844279198 ], [ -49.292596798569811, -25.434597619932845 ] ] } },
{ "type": "Feature", "properties": { "length_m": 8.7298308520557448, "length_ok": true, "above_tolerance": true, "segment_id": 25, "node_degree": 3, "center_offset_m": 7.0, "used_fallback": false, "box_id": 1, "provider": "osmnx" }, "geometry": { "type": "LineString", "coordinates": [ [ -49.292512842963767, -25.434704688801496 ], [ -49.292525085695772, -25.434708707599047 ], [ -49.292553652073828, -25.434718084789534 ], [ -49.292582218456616, -25.434727461974678 ], [ -49.292594461193545, -25.434731480766668 ] ] } },
{ "type": "Feature", "properties": { "length_m": 4.0407481761060735, "length_ok": true, "above_tolerance": false, "segment_id": 25, "node_degree": 4, "center_offset_m": 7.0, "used_fallback": false, "box_id": 1, "provider": "osmnx" }, "geometry": { "type": "LineString", "coordinates": [ [ -49.292416706235869, -25.43491800710628 ], [ -49.292421666984133, -25.434921113041302 ], [ -49.292433242064433, -25.434928360222418 ], [ -49.292444817146148, -25.434935607402686 ], [ -49.292449777895889, -25.434938713336834 ] ] } },
{ "type": "Feature", "properties": { "length_m": 4.0000000004340146, "length_ok": true, "above_tolerance": false, "segment_id": 26, "node_degree": 4, "center_offset_m": 7.0, "used_fallback": false, "box_id": 1, "provider": "osmnx" }, "geometry": { "type": "LineString", "coordinates": [ [ -49.296152331717003, -25.435176421125806 ], [ -49.296149950588934, -25.435181387230934 ], [ -49.296144394622637, -25.435192974809365 ], [ -49.29613883865521, -25.435204562387508 ], [ -49.296136457525975, -25.435209528492337 ] ] } },
{ "type": "Feature", "properties": { "length_m": 4.0000000012925954, "length_ok": true, "above_tolerance": false, "segment_id": 26, "node_degree": 3, "center_offset_m": 7.0, "used_fallback": false, "box_id": 1, "provider": "osmnx" }, "geometry": { "type": "LineString", "coordinates": [ [ -49.295828942972328, -25.43504857167229 ], [ -49.295826561834161, -25.435053537771701 ], [ -49.295821005844296, -25.435065125336806 ], [ -49.295815449853322, -25.435076712901605 ], [ -49.295813068713983, -25.435081679000728 ] ] } },
{ "type": "Feature", "properties": { "length_m": 4.000000014913355, "length_ok": true, "above_tolerance": false, "segment_id": 27, "node_degree": 3, "center_offset_m": 7.0, "used_fallback": false, "box_id": 1, "provider": "osmnx" }, "geometry": { "type": "LineString", "coordinates": [ [ -49.29570133674941, -25.434998115738573 ], [ -49.295698955016029, -25.435003081601984 ], [ -49.295693397637358, -25.435014668616397 ], [ -49.295687840257564, -25.435026255630511 ], [ -49.295685458523025, -25.435031221493624 ] ] } },
{ "type": "Feature", "properties": { "length_m": 3.9999999987855501, "length_ok": true, "above_tolerance": false, "segment_id": 27, "node_degree": 4, "center_offset_m": 7.0, "used_fallback": false, "box_id": 1, "provider": "osmnx" }, "geometry": { "type": "LineString", "coordinates": [ [ -49.295185141439894, -25.434793978689989 ], [ -49.295182759690412, -25.434798944544241 ], [ -49.295177202274168, -25.434810531537316 ], [ -49.295171644856794, -25.434822118530104 ], [ -49.295169263106153, -25.434827084384064 ] ] } },
{ "type": "Feature", "properties": { "length_m": 3.9999999993971609, "length_ok": true, "above_tolerance": false, "segment_id": 28, "node_degree": 4, "center_offset_m": 7.0, "used_fallback": false, "box_id": 1, "provider": "osmnx" }, "geometry": { "type": "LineString", "coordinates": [ [ -49.295057533074399, -25.434743519303989 ], [ -49.295055151765496, -25.434748485331781 ], [ -49.29504959537725, -25.434760072729759 ], [ -49.295044038987889, -25.434771660127453 ], [ -49.295041657677821, -25.434776626154942 ] ] } },
{ "type": "Feature", "properties": { "length_m": 3.9999999994422679, "length_ok": true, "above_tolerance": false, "segment_id": 28, "node_degree": 4, "center_offset_m": 7.0, "used_fallback": false, "box_id": 1, "provider": "osmnx" }, "geometry": { "type": "LineString", "coordinates": [ [ -49.293923842250045, -25.434295274146073 ], [ -49.29392146090575, -25.434300240153821 ], [ -49.293915904434932, -25.434311827505038 ], [ -49.293910347962992, -25.434323414855957 ], [ -49.293907966617532, -25.434328380863416 ] ] } },
{ "type": "Feature", "properties": { "length_m": 3.9999999997054396, "length_ok": true, "above_tolerance": false, "segment_id": 29, "node_degree": 4, "center_offset_m": 7.0, "used_fallback": false, "box_id": 1, "provider": "osmnx" }, "geometry": { "type": "LineString", "coordinates": [ [ -49.293796205010167, -25.43424485122955 ], [ -49.29379382713492, -25.434249818607061 ], [ -49.293788278758541, -25.434261409154377 ], [ -49.293782730381047, -25.434272999701417 ], [ -49.293780352504633, -25.434277967078632 ] ] } },
{ "type": "Feature", "properties": { "length_m": 3.9999999988016008, "length_ok": true, "above_tolerance": false, "segment_id": 29, "node_degree": 4, "center_offset_m": 7.0, "used_fallback": false, "box_id": 1, "provider": "osmnx" }, "geometry": { "type": "LineString", "coordinates": [ [ -49.292918047150543, -25.433898233141907 ], [ -49.292915669247847, -25.433903200503902 ], [ -49.292910120807434, -25.433914791015042 ], [ -49.292904572365899, -25.433926381525886 ], [ -49.292902194462044, -25.433931348887594 ] ] } },
{ "type": "Feature", "properties": { "length_m": 4.0000000358853738, "length_ok": true, "above_tolerance": false, "segment_id": 30, "node_degree": 4, "center_offset_m": 7.0, "used_fallback": false, "box_id": 1, "provider": "osmnx" }, "geometry": { "type": "LineString", "coordinates": [ [ -49.292790480927046, -25.433847766795846 ], [ -49.292788093968028, -25.433852730574451 ], [ -49.292782524396181, -25.433864312724339 ], [ -49.292776954823218, -25.43387589487395 ], [ -49.292774567863027, -25.433880858652255 ] ] } },
{ "type": "Feature", "properties": { "length_m": 4.0000009181231837, "length_ok": true, "above_tolerance": false, "segment_id": 30, "node_degree": 3, "center_offset_m": 7.0, "used_fallback": false, "box_id": 1, "provider": "osmnx" }, "geometry": { "type": "LineString", "coordinates": [ [ -49.292259531192776, -25.433637241722714 ], [ -49.292257144216698, -25.433642205493005 ], [ -49.292251574605032, -25.433653787623498 ], [ -49.292246004992251, -25.433665369753715 ], [ -49.292243618015, -25.433670333523715 ] ] } },
{ "type": "Feature", "properties": { "length_m": 4.0285513153907084, "length_ok": true, "above_tolerance": false, "segment_id": 31, "node_degree": 3, "center_offset_m": 7.0, "used_fallback": false, "box_id": 1, "provider": "osmnx" }, "geometry": { "type": "LineString", "coordinates": [ [ -49.292132056698172, -25.43358647261287 ], [ -49.292129657231953, -25.433591473612825 ], [ -49.29212405847661, -25.433603142612519 ], [ -49.292118459720136, -25.433614811611918 ], [ -49.292116060252731, -25.433619812611571 ] ] } },
{ "type": "Feature", "properties": { "length_m": 4.000000000273034, "length_ok": true, "above_tolerance": false, "segment_id": 31, "node_degree": 4, "center_offset_m": 7.0, "used_fallback": false, "box_id": 1, "provider": "osmnx" }, "geometry": { "type": "LineString", "coordinates": [ [ -49.291757539581781, -25.433438587794111 ], [ -49.291755157109463, -25.433443553344144 ], [ -49.291749598006589, -25.43345513962737 ], [ -49.291744038902586, -25.433466725910289 ], [ -49.291741656429103, -25.433471691460035 ] ] } },
{ "type": "Feature", "properties": { "length_m": 6.9999999992529016, "length_ok": true, "above_tolerance": false, "segment_id": 32, "node_degree": 4, "center_offset_m": 17.0, "used_fallback": true, "box_id": 1, "provider": "osmnx" }, "geometry": { "type": "LineString", "coordinates": [ [ -49.291549295309984, -25.433341469365676 ], [ -49.291545128194272, -25.433350159950511 ], [ -49.291535404921838, -25.433370437981168 ], [ -49.291525681645972, -25.433390716010955 ], [ -49.291521514526693, -25.433399406594884 ] ] } },
{ "type": "Feature", "properties": { "length_m": 6.9999999992529016, "length_ok": true, "above_tolerance": false, "segment_id": 32, "node_degree": 4, "center_offset_m": 17.0, "used_fallback": true, "box_id": 1, "provider": "osmnx" }, "geometry": { "type": "LineString", "coordinates": [ [ -49.289867684655796, -25.432676595340197 ], [ -49.289863517448239, -25.432685285872985 ], [ -49.289853793961484, -25.432705563782228 ], [ -49.289844070471311, -25.432725841690601 ], [ -49.28983990326018, -25.432734532222494 ] ] } },
{ "type": "Feature", "properties": { "length_m": 3.9999999977515213, "length_ok": true, "above_tolerance": false, "segment_id": 33, "node_degree": 4, "center_offset_m": 7.0, "used_fallback": false, "box_id": 1, "provider": "osmnx" }, "geometry": { "type": "LineString", "coordinates": [ [ -49.29375447035067, -25.432034429744032 ], [ -49.293759898976681, -25.432036674056704 ], [ -49.293772565771526, -25.432041910785532 ], [ -49.293785232567529, -25.432047147513327 ], [ -49.293790661194741, -25.432049391824918 ] ] } },
{ "type": "Feature", "properties": { "length_m": 3.9999999970457716, "length_ok": true, "above_tolerance": false, "segment_id": 33, "node_degree": 4, "center_offset_m": 7.0, "used_fallback": false, "box_id": 1, "provider": "osmnx" }, "geometry": { "type": "LineString", "coordinates": [ [ -49.293250031596465, -25.433040605919132 ], [ -49.293255460445287, -25.433042849874251 ], [ -49.293268127760044, -25.433048085768792 ], [ -49.293280795075944, -25.433053321662292 ], [ -49.293286223925968, -25.433055565616328 ] ] } },
{ "type": "Feature", "properties": { "length_m": 4.000000000847483, "length_ok": true, "above_tolerance": false, "segment_id": 34, "node_degree": 4, "center_offset_m": 7.0, "used_fallback": false, "box_id": 1, "provider": "osmnx" }, "geometry": { "type": "LineString", "coordinates": [ [ -49.293192373391207, -25.433155632750758 ], [ -49.293197802245771, -25.433157876704378 ], [ -49.293210469573921, -25.433163112595409 ], [ -49.293223136903222, -25.433168348485388 ], [ -49.293228565758987, -25.433170592437921 ] ] } },
{ "type": "Feature", "properties": { "length_m": 4.0000000389223862, "length_ok": true, "above_tolerance": false, "segment_id": 34, "node_degree": 4, "center_offset_m": 7.0, "used_fallback": false, "box_id": 1, "provider": "osmnx" }, "geometry": { "type": "LineString", "coordinates": [ [ -49.292857025548869, -25.433824603633436 ], [ -49.292862454425716, -25.433826847600503 ], [ -49.292875121805864, -25.433832083522915 ], [ -49.292887789187155, -25.433837319444304 ], [ -49.292893218065203, -25.433839563410285 ] ] } },
{ "type": "Feature", "properties": { "length_m": 4.0292101494963442, "length_ok": true, "above_tolerance": false, "segment_id": 35, "node_degree": 3, "center_offset_m": 7.0, "used_fallback": false, "box_id": 1, "provider": "osmnx" }, "geometry": { "type": "LineString", "coordinates": [ [ -49.292209756275355, -25.433565860740597 ], [ -49.292203750393362, -25.433565702667483 ], [ -49.292189736668846, -25.433565333829279 ], [ -49.292175722944499, -25.433564964989731 ], [ -49.292169717062684, -25.433564806915236 ] ] } },
{ "type": "Feature", "properties": { "length_m": 4.0000002310042007, "length_ok": true, "above_tolerance": false, "segment_id": 35, "node_degree": 3, "center_offset_m": 7.0, "used_fallback": false, "box_id": 1, "provider": "osmnx" }, "geometry": { "type": "LineString", "coordinates": [ [ -49.292302509571833, -25.432798810859058 ], [ -49.292296627053595, -25.432797914264647 ], [ -49.292282901178112, -25.432795822210114 ], [ -49.292269175303183, -25.43279373015433 ], [ -49.29226329278552, -25.432792833558608 ] ] } },
{ "type": "Feature", "properties": { "length_m": 7.0000000000956559, "length_ok": true, "above_tolerance": true, "segment_id": 36, "node_degree": 3, "center_offset_m": 17.0, "used_fallback": true, "box_id": 1, "provider": "osmnx" }, "geometry": { "type": "LineString", "coordinates": [ [ -49.291457249739423, -25.433976410884586 ], [ -49.291447705716422, -25.43397257186842 ], [ -49.291425436331913, -25.433963614161744 ], [ -49.291403166950865, -25.433954656451842 ], [ -49.291393622931473, -25.433950817432333 ] ] } },
{ "type": "Feature", "properties": { "length_m": 7.0000000000956559, "length_ok": true, "above_tolerance": true, "segment_id": 36, "node_degree": 4, "center_offset_m": 17.0, "used_fallback": true, "box_id": 1, "provider": "osmnx" }, "geometry": { "type": "LineString", "coordinates": [ [ -49.291651177543386, -25.433578882987977 ], [ -49.291641633544003, -25.43357504398552 ], [ -49.291619364214583, -25.433566086310829 ], [ -49.29159709488863, -25.433557128632923 ], [ -49.291587550892849, -25.433553289627117 ] ] } },
{ "type": "Feature", "properties": { "length_m": 4.0000000001492326, "length_ok": true, "above_tolerance": false, "segment_id": 37, "node_degree": 4, "center_offset_m": 7.0, "used_fallback": false, "box_id": 1, "provider": "osmnx" }, "geometry": { "type": "LineString", "coordinates": [ [ -49.291732169981515, -25.433379440573926 ], [ -49.291726716521993, -25.43337724635461 ], [ -49.291713991783908, -25.43337212650879 ], [ -49.291701267046953, -25.433367006661914 ], [ -49.291695813588611, -25.433364812441511 ] ] } },
{ "type": "Feature", "properties": { "length_m": 4.0000000000422027, "length_ok": true, "above_tolerance": false, "segment_id": 37, "node_degree": 4, "center_offset_m": 7.0, "used_fallback": false, "box_id": 1, "provider": "osmnx" }, "geometry": { "type": "LineString", "coordinates": [ [ -49.292058886604075, -25.432709887866203 ], [ -49.292053433167268, -25.432707693660088 ], [ -49.292040708482197, -25.432702573845056 ], [ -49.292027983798256, -25.432697454028965 ], [ -49.29202253036263, -25.432695259821759 ] ] } },
{ "type": "Feature", "properties": { "length_m": 3.999999989403066, "length_ok": true, "above_tolerance": false, "segment_id": 38, "node_degree": 4, "center_offset_m": 7.0, "used_fallback": false, "box_id": 1, "provider": "osmnx" }, "geometry": { "type": "LineString", "coordinates": [ [ -49.292115250956819, -25.432594327294158 ], [ -49.292109796748313, -25.432592134680569 ], [ -49.292097070262621, -25.432587018581401 ], [ -49.292084343778058, -25.432581902481193 ], [ -49.292078889570739, -25.432579709866499 ] ] } },
{ "type": "Feature", "properties": { "length_m": 4.0000000302513339, "length_ok": true, "above_tolerance": false, "segment_id": 38, "node_degree": 3, "center_offset_m": 7.0, "used_fallback": false, "box_id": 1, "provider": "osmnx" }, "geometry": { "type": "LineString", "coordinates": [ [ -49.292332294689309, -25.432149188637403 ], [ -49.292326841031361, -25.432146994934495 ], [ -49.292314115830308, -25.432141876293606 ], [ -49.292301390630378, -25.432136757651666 ], [ -49.292295936973609, -25.432134563947649 ] ] } },
{ "type": "Feature", "properties": { "length_m": 4.0000000154858375, "length_ok": true, "above_tolerance": false, "segment_id": 39, "node_degree": 3, "center_offset_m": 7.0, "used_fallback": false, "box_id": 1, "provider": "osmnx" }, "geometry": { "type": "LineString", "coordinates": [ [ -49.292388672494816, -25.432033643024784 ], [ -49.292383219223566, -25.432031448539689 ], [ -49.29237049492481, -25.432026328073725 ], [ -49.292357770627177, -25.432021207606724 ], [ -49.292352317357114, -25.432019013120527 ] ] } },
{ "type": "Feature", "properties": { "length_m": 4.0000000023164946, "length_ok": true, "above_tolerance": false, "segment_id": 39, "node_degree": 4, "center_offset_m": 7.0, "used_fallback": false, "box_id": 1, "provider": "osmnx" }, "geometry": { "type": "LineString", "coordinates": [ [ -49.292608271948502, -25.431583785428653 ], [ -49.292602819068826, -25.431581590181551 ], [ -49.292590095683728, -25.431576467937571 ], [ -49.29257737229976, -25.431571345692539 ], [ -49.29257191942127, -25.431569150444346 ] ] } },
{ "type": "Feature", "properties": { "length_m": 3.9999998881673897, "length_ok": true, "above_tolerance": false, "segment_id": 40, "node_degree": 3, "center_offset_m": 7.0, "used_fallback": false, "box_id": 1, "provider": "osmnx" }, "geometry": { "type": "LineString", "coordinates": [ [ -49.291368969426244, -25.434164893368678 ], [ -49.291374424385978, -25.434162702156353 ], [ -49.291387152624637, -25.434157589326759 ], [ -49.291399880862272, -25.43415247649601 ], [ -49.291405335820954, -25.434150285282467 ] ] } },
{ "type": "Feature", "properties": { "length_m": 4.2476857194002555, "length_ok": true, "above_tolerance": false, "segment_id": 40, "node_degree": 3, "center_offset_m": 7.0, "used_fallback": false, "box_id": 1, "provider": "osmnx" }, "geometry": { "type": "LineString", "coordinates": [ [ -49.291626343340987, -25.434680715185376 ], [ -49.291631400319162, -25.434677251548791 ], [ -49.291643199933802, -25.434669169729361 ], [ -49.2916549995469, -25.434661087908879 ], [ -49.291660056523469, -25.434657624271207 ] ] } },
{ "type": "Feature", "properties": { "length_m": 7.0000000003834488, "length_ok": true, "above_tolerance": true, "segment_id": 41, "node_degree": 3, "center_offset_m": 5.7117041415538727, "used_fallback": true, "box_id": 1, "provider": "osmnx" }, "geometry": { "type": "LineString", "coordinates": [ [ -49.290735183500374, -25.43431123187932 ], [ -49.290727564311894, -25.434304752821145 ], [ -49.290709786208637, -25.434289635017329 ], [ -49.290692008109836, -25.434274517211563 ], [ -49.290684388926003, -25.434268038151348 ] ] } },
{ "type": "Feature", "properties": { "length_m": 7.0000000006638041, "length_ok": true, "above_tolerance": true, "segment_id": 42, "node_degree": 3, "center_offset_m": 17.0, "used_fallback": true, "box_id": 1, "provider": "osmnx" }, "geometry": { "type": "LineString", "coordinates": [ [ -49.29091599210517, -25.434243027014798 ], [ -49.290913228059864, -25.434233886719618 ], [ -49.290906778622293, -25.434212559364024 ], [ -49.290900329186769, -25.434191232008203 ], [ -49.290897565143602, -25.434182091712795 ] ] } },
{ "type": "Feature", "properties": { "length_m": 7.0000000006638041, "length_ok": true, "above_tolerance": true, "segment_id": 42, "node_degree": 3, "center_offset_m": 17.0, "used_fallback": true, "box_id": 1, "provider": "osmnx" }, "geometry": { "type": "LineString", "coordinates": [ [ -49.291210034477416, -25.434169709246 ], [ -49.291207270410887, -25.4341605689552 ], [ -49.291200820923798, -25.434139241609849 ], [ -49.291194371438756, -25.434117914264277 ], [ -49.291191607374365, -25.434108773973243 ] ] } },
{ "type": "Feature", "properties": { "length_m": 6.9999999999437774, "length_ok": true, "above_tolerance": false, "segment_id": 43, "node_degree": 4, "center_offset_m": 17.0, "used_fallback": true, "box_id": 1, "provider": "osmnx" }, "geometry": { "type": "LineString", "coordinates": [ [ -49.289608661932107, -25.432771732693109 ], [ -49.289618310941201, -25.432775348619781 ], [ -49.289640825298129, -25.432783785779666 ], [ -49.289663339658368, -25.432792222936254 ], [ -49.289672988670929, -25.432795838859494 ] ] } },
{ "type": "Feature", "properties": { "length_m": 6.9999999999350004, "length_ok": true, "above_tolerance": false, "segment_id": 44, "node_degree": 3, "center_offset_m": 17.0, "used_fallback": true, "box_id": 1, "provider": "osmnx" }, "geometry": { "type": "LineString", "coordinates": [ [ -49.290584638334508, -25.434296628621631 ], [ -49.290584823274237, -25.434287151479733 ], [ -49.290585254799986, -25.43426503814861 ], [ -49.290585686325315, -25.434242924817411 ], [ -49.290585871264618, -25.434233447675439 ] ] } },
{ "type": "Feature", "properties": { "length_m": 6.9999999999798694, "length_ok": true, "above_tolerance": false, "segment_id": 45, "node_degree": 4, "center_offset_m": 17.0, "used_fallback": true, "box_id": 1, "provider": "osmnx" }, "geometry": { "type": "LineString", "coordinates": [ [ -49.289564955388002, -25.432560193776887 ], [ -49.289560982658173, -25.432568959085053 ], [ -49.289551712952864, -25.432589411470204 ], [ -49.289542443244244, -25.432609863854552 ], [ -49.289538470510969, -25.432618629161883 ] ] } },
{ "type": "Feature", "properties": { "length_m": 7.0000000002553966, "length_ok": true, "above_tolerance": true, "segment_id": 46, "node_degree": 4, "center_offset_m": 17.0, "used_fallback": true, "box_id": 1, "provider": "osmnx" }, "geometry": { "type": "LineString", "coordinates": [ [ -49.289585322443855, -25.431837608388733 ], [ -49.289580979042583, -25.431828989299898 ], [ -49.289570844441883, -25.431808878092216 ], [ -49.289560709844388, -25.431788766883958 ], [ -49.28955636644644, -25.431780147794523 ] ] } },
{ "type": "Feature", "properties": { "length_m": 3.9999999998249507, "length_ok": true, "above_tolerance": false, "segment_id": 47, "node_degree": 4, "center_offset_m": 7.0, "used_fallback": false, "box_id": 1, "provider": "osmnx" }, "geometry": { "type": "LineString", "coordinates": [ [ -49.29384832922976, -25.431934368750934 ], [ -49.293842900545719, -25.431932124562614 ], [ -49.293830233617129, -25.431926888122451 ], [ -49.293817566689683, -25.431921651681247 ], [ -49.293812138006849, -25.431919407491847 ] ] } },
{ "type": "Feature", "properties": { "length_m": 3.9999999998249507, "length_ok": true, "above_tolerance": false, "segment_id": 47, "node_degree": 3, "center_offset_m": 7.0, "used_fallback": false, "box_id": 1, "provider": "osmnx" }, "geometry": { "type": "LineString", "coordinates": [ [ -49.294220662810531, -25.431191692040475 ], [ -49.294215234151167, -25.431189447867062 ], [ -49.294202567280159, -25.431184211461698 ], [ -49.294189900410295, -25.431178975055293 ], [ -49.294184471752132, -25.431176730880797 ] ] } },
{ "type": "Feature", "properties": { "length_m": 3.9999999988738209, "length_ok": true, "above_tolerance": false, "segment_id": 48, "node_degree": 4, "center_offset_m": 7.0, "used_fallback": false, "box_id": 1, "provider": "osmnx" }, "geometry": { "type": "LineString", "coordinates": [ [ -49.295326209241168, -25.431539247540574 ], [ -49.295323830994079, -25.43154421475591 ], [ -49.295318281750063, -25.431555804924827 ], [ -49.295312732504932, -25.431567395093474 ], [ -49.295310354256664, -25.431572362308522 ] ] } },
{ "type": "Feature", "properties": { "length_m": 3.9999999998226854, "length_ok": true, "above_tolerance": false, "segment_id": 48, "node_degree": 3, "center_offset_m": 7.0, "used_fallback": false, "box_id": 1, "provider": "osmnx" }, "geometry": { "type": "LineString", "coordinates": [ [ -49.294303145238651, -25.431135338130602 ], [ -49.294300766959587, -25.431140305327876 ], [ -49.294295217640979, -25.431151895454651 ], [ -49.294289668321255, -25.431163485581138 ], [ -49.294287290041026, -25.431168452778113 ] ] } },
{ "type": "Feature", "properties": { "length_m": 3.9999992308235095, "length_ok": true, "above_tolerance": false, "segment_id": 49, "node_degree": 3, "center_offset_m": 7.0, "used_fallback": false, "box_id": 1, "provider": "osmnx" }, "geometry": { "type": "LineString", "coordinates": [ [ -49.294175483770552, -25.431084975598285 ], [ -49.294173108611972, -25.431089944024777 ], [ -49.294167566574501, -25.431101537019725 ], [ -49.294162024535922, -25.431113130014403 ], [ -49.294159649376176, -25.43111809844061 ] ] } },
{ "type": "Feature", "properties": { "length_m": 3.9999999880614729, "length_ok": true, "above_tolerance": false, "segment_id": 49, "node_degree": 4, "center_offset_m": 7.0, "used_fallback": false, "box_id": 1, "provider": "osmnx" }, "geometry": { "type": "LineString", "coordinates": [ [ -49.293110350454135, -25.43066510213642 ], [ -49.293107975261798, -25.430670070545052 ], [ -49.293102433145542, -25.430681663498355 ], [ -49.293096891028163, -25.430693256451381 ], [ -49.29309451583466, -25.430698224859736 ] ] } },
{ "type": "Feature", "properties": { "length_m": 4.000000000106974, "length_ok": true, "above_tolerance": false, "segment_id": 50, "node_degree": 4, "center_offset_m": 7.0, "used_fallback": false, "box_id": 1, "provider": "osmnx" }, "geometry": { "type": "LineString", "coordinates": [ [ -49.292664648623983, -25.431468225041353 ], [ -49.292659194368404, -25.431466032624908 ], [ -49.292646467772848, -25.431460916985781 ], [ -49.29263374117842, -25.431455801345603 ], [ -49.292628286924014, -25.431453608928067 ] ] } },
{ "type": "Feature", "properties": { "length_m": 4.000000000106974, "length_ok": true, "above_tolerance": false, "segment_id": 50, "node_degree": 4, "center_offset_m": 7.0, "used_fallback": false, "box_id": 1, "provider": "osmnx" }, "geometry": { "type": "LineString", "coordinates": [ [ -49.293028613503409, -25.430721591241781 ], [ -49.293023159273176, -25.430719398840036 ], [ -49.293010432736772, -25.430714283235233 ], [ -49.292997706201504, -25.430709167629363 ], [ -49.292992251972443, -25.430706975226517 ] ] } },
{ "type": "Feature", "properties": { "length_m": 4.0600969623127625, "length_ok": true, "above_tolerance": false, "segment_id": 51, "node_degree": 4, "center_offset_m": 4.6059031855656807, "used_fallback": false, "box_id": 1, "provider": "osmnx" }, "geometry": { "type": "LineString", "coordinates": [ [ -49.293075855179438, -25.43062611810733 ], [ -49.293070332749288, -25.430623864787801 ], [ -49.293057447079804, -25.430618607041474 ], [ -49.293044561411492, -25.430613349294081 ], [ -49.293039038982577, -25.430611095973433 ] ] } },
{ "type": "Feature", "properties": { "length_m": 7.0000000008529701, "length_ok": true, "above_tolerance": true, "segment_id": 52, "node_degree": 4, "center_offset_m": 17.0, "used_fallback": true, "box_id": 1, "provider": "osmnx" }, "geometry": { "type": "LineString", "coordinates": [ [ -49.28973657300353, -25.429201114912473 ], [ -49.289740726613942, -25.429192419057671 ], [ -49.289750418369117, -25.429172128729178 ], [ -49.289760110120874, -25.429151838399825 ], [ -49.289764263727726, -25.429143142544124 ] ] } },
{ "type": "Feature", "properties": { "length_m": 6.9999999991642863, "length_ok": true, "above_tolerance": false, "segment_id": 53, "node_degree": 4, "center_offset_m": 17.0, "used_fallback": true, "box_id": 1, "provider": "osmnx" }, "geometry": { "type": "LineString", "coordinates": [ [ -49.290037535898939, -25.429319657250911 ], [ -49.290041689484553, -25.429310961383539 ], [ -49.290051381181883, -25.429290671025743 ], [ -49.29006107287578, -25.429270380667091 ], [ -49.290065226457834, -25.429261684798824 ] ] } },
{ "type": "Feature", "properties": { "length_m": 6.9999999991642863, "length_ok": true, "above_tolerance": false, "segment_id": 53, "node_degree": 4, "center_offset_m": 17.0, "used_fallback": true, "box_id": 1, "provider": "osmnx" }, "geometry": { "type": "LineString", "coordinates": [ [ -49.290898372452077, -25.429658715901134 ], [ -49.290902525990553, -25.429650020007216 ], [ -49.290912217577876, -25.429629729587429 ], [ -49.290921909161789, -25.429609439166782 ], [ -49.290926062696698, -25.429600743271966 ] ] } },
{ "type": "Feature", "properties": { "length_m": 4.0000000008033529, "length_ok": true, "above_tolerance": false, "segment_id": 54, "node_degree": 4, "center_offset_m": 7.0, "used_fallback": false, "box_id": 1, "provider": "osmnx" }, "geometry": { "type": "LineString", "coordinates": [ [ -49.291118570047416, -25.429730774021081 ], [ -49.291120950600472, -25.429725807740166 ], [ -49.291126505223453, -25.429714219751165 ], [ -49.291132059845317, -25.429702631761888 ], [ -49.291134440397201, -25.429697665480685 ] ] } },
{ "type": "Feature", "properties": { "length_m": 4.0000000007582619, "length_ok": true, "above_tolerance": false, "segment_id": 54, "node_degree": 3, "center_offset_m": 7.0, "used_fallback": false, "box_id": 1, "provider": "osmnx" }, "geometry": { "type": "LineString", "coordinates": [ [ -49.292050759643004, -25.430099234861093 ], [ -49.292053140166963, -25.430094268563707 ], [ -49.292058694722044, -25.430082680536263 ], [ -49.292064249276017, -25.430071092508541 ], [ -49.292066629798803, -25.430066126210853 ] ] } },
{ "type": "Feature", "properties": { "length_m": 3.9999999941593218, "length_ok": true, "above_tolerance": false, "segment_id": 55, "node_degree": 3, "center_offset_m": 7.0, "used_fallback": false, "box_id": 1, "provider": "osmnx" }, "geometry": { "type": "LineString", "coordinates": [ [ -49.292178376726049, -25.43014966768618 ], [ -49.292180756534151, -25.430144701105224 ], [ -49.292186309418923, -25.430133112416126 ], [ -49.29219186230258, -25.430121523726754 ], [ -49.292194242109524, -25.430116557145499 ] ] } },
{ "type": "Feature", "properties": { "length_m": 3.9999999990837596, "length_ok": true, "above_tolerance": false, "segment_id": 55, "node_degree": 3, "center_offset_m": 7.0, "used_fallback": false, "box_id": 1, "provider": "osmnx" }, "geometry": { "type": "LineString", "coordinates": [ [ -49.29237445838239, -25.430227142860623 ], [ -49.292376838184367, -25.430222176276207 ], [ -49.292382391054865, -25.430210587578994 ], [ -49.292387943924233, -25.430198998881512 ], [ -49.292390323725051, -25.430194032296797 ] ] } },
{ "type": "Feature", "properties": { "length_m": 6.1948615335905846, "length_ok": true, "above_tolerance": false, "segment_id": 56, "node_degree": 3, "center_offset_m": 7.0, "used_fallback": false, "box_id": 1, "provider": "osmnx" }, "geometry": { "type": "LineString", "coordinates": [ [ -49.292502044178562, -25.430277617552196 ], [ -49.292505733138967, -25.430269927039699 ], [ -49.292514340711335, -25.430251982510054 ], [ -49.292522948281018, -25.430234037979741 ], [ -49.29252663723863, -25.430226347466544 ] ] } },
{ "type": "Feature", "properties": { "length_m": 4.000000028375446, "length_ok": true, "above_tolerance": false, "segment_id": 56, "node_degree": 4, "center_offset_m": 7.0, "used_fallback": false, "box_id": 1, "provider": "osmnx" }, "geometry": { "type": "LineString", "coordinates": [ [ -49.29304356089343, -25.430491619989805 ], [ -49.293045942616502, -25.430486654161189 ], [ -49.29305149996955, -25.430475067227526 ], [ -49.293057057321469, -25.430463480293575 ], [ -49.293059439043375, -25.430458514464661 ] ] } },
{ "type": "Feature", "properties": { "length_m": 4.0000000004440288, "length_ok": true, "above_tolerance": false, "segment_id": 57, "node_degree": 4, "center_offset_m": 7.0, "used_fallback": false, "box_id": 1, "provider": "osmnx" }, "geometry": { "type": "LineString", "coordinates": [ [ -49.293171314418331, -25.430541914253673 ], [ -49.29317367777842, -25.430536941195236 ], [ -49.293179192284491, -25.430525337392012 ], [ -49.293184706789454, -25.430513733588509 ], [ -49.293187070148377, -25.430508760529779 ] ] } },
{ "type": "Feature", "properties": { "length_m": 4.0000000004887841, "length_ok": true, "above_tolerance": false, "segment_id": 57, "node_degree": 3, "center_offset_m": 7.0, "used_fallback": false, "box_id": 1, "provider": "osmnx" }, "geometry": { "type": "LineString", "coordinates": [ [ -49.29423882935901, -25.430960239602992 ], [ -49.294241192685568, -25.430955266525807 ], [ -49.294246707113402, -25.430943662678821 ], [ -49.294252221540127, -25.430932058831562 ], [ -49.29425458486552, -25.430927085754078 ] ] } },
{ "type": "Feature", "properties": { "length_m": 4.0000000008967165, "length_ok": true, "above_tolerance": false, "segment_id": 58, "node_degree": 3, "center_offset_m": 7.0, "used_fallback": false, "box_id": 1, "provider": "osmnx" }, "geometry": { "type": "LineString", "coordinates": [ [ -49.294366546440216, -25.431010390916573 ], [ -49.294368918015856, -25.431005421077916 ], [ -49.294374451691553, -25.430993824787514 ], [ -49.294379985366135, -25.430982228496831 ], [ -49.294382356940616, -25.430977258657887 ] ] } },
{ "type": "Feature", "properties": { "length_m": 4.0000000000375078, "length_ok": true, "above_tolerance": false, "segment_id": 58, "node_degree": 4, "center_offset_m": 7.0, "used_fallback": false, "box_id": 1, "provider": "osmnx" }, "geometry": { "type": "LineString", "coordinates": [ [ -49.295398742467654, -25.431416541925373 ], [ -49.295401114010971, -25.431411572068534 ], [ -49.29540664761123, -25.431399975735708 ], [ -49.295412181210381, -25.431388379402598 ], [ -49.295414552752526, -25.431383409545461 ] ] } },
{ "type": "Feature", "properties": { "length_m": 3.9999999999100737, "length_ok": true, "above_tolerance": false, "segment_id": 59, "node_degree": 4, "center_offset_m": 7.0, "used_fallback": false, "box_id": 1, "provider": "osmnx" }, "geometry": { "type": "LineString", "coordinates": [ [ -49.295526429505749, -25.431466809241055 ], [ -49.295528803062709, -25.431461840176269 ], [ -49.295534341361481, -25.431450245691554 ], [ -49.295539879659131, -25.431438651206548 ], [ -49.295542253214933, -25.431433682141474 ] ] } },
{ "type": "Feature", "properties": { "length_m": 3.9999999994132218, "length_ok": true, "above_tolerance": false, "segment_id": 59, "node_degree": 3, "center_offset_m": 7.0, "used_fallback": false, "box_id": 1, "provider": "osmnx" }, "geometry": { "type": "LineString", "coordinates": [ [ -49.297586445482821, -25.432278122273754 ], [ -49.297588818705442, -25.432273153066372 ], [ -49.297594356224096, -25.432261558248946 ], [ -49.297599893741626, -25.432249963431236 ], [ -49.297602266963075, -25.432244994223563 ] ] } },
{ "type": "Feature", "properties": { "length_m": 6.999999999955139, "length_ok": true, "above_tolerance": false, "segment_id": 60, "node_degree": 3, "center_offset_m": 17.0, "used_fallback": true, "box_id": 1, "provider": "osmnx" }, "geometry": { "type": "LineString", "coordinates": [ [ -49.297794836349965, -25.43237496287302 ], [ -49.297798990456563, -25.432366267138867 ], [ -49.297808683369503, -25.432345977091892 ], [ -49.297818376279032, -25.432325687044063 ], [ -49.297822530382064, -25.432316991309008 ] ] } },
{ "type": "Feature", "properties": { "length_m": 4.0365354820043464, "length_ok": true, "above_tolerance": false, "segment_id": 61, "node_degree": 4, "center_offset_m": 4.6773645207908237, "used_fallback": false, "box_id": 1, "provider": "osmnx" }, "geometry": { "type": "LineString", "coordinates": [ [ -49.293114788460706, -25.430546267284495 ], [ -49.293109284109732, -25.430544055494131 ], [ -49.293096440624936, -25.430538894649189 ], [ -49.29308359714129, -25.430533733803173 ], [ -49.293078092791511, -25.430531522011698 ] ] } },
{ "type": "Feature", "properties": { "length_m": 4.0000000000421601, "length_ok": true, "above_tolerance": false, "segment_id": 62, "node_degree": 4, "center_offset_m": 7.0, "used_fallback": false, "box_id": 1, "provider": "osmnx" }, "geometry": { "type": "LineString", "coordinates": [ [ -49.293161798062812, -25.43044993874647 ], [ -49.293156350396622, -25.430447732952427 ], [ -49.293143639176336, -25.430442586098906 ], [ -49.293130927957179, -25.430437439244351 ], [ -49.293125480292176, -25.430435233449209 ] ] } },
{ "type": "Feature", "properties": { "length_m": 4.0973056706326325, "length_ok": true, "above_tolerance": false, "segment_id": 62, "node_degree": 4, "center_offset_m": 7.0, "used_fallback": false, "box_id": 1, "provider": "osmnx" }, "geometry": { "type": "LineString", "coordinates": [ [ -49.294122562117181, -25.429531698082055 ], [ -49.294118461180233, -25.429527585442671 ], [ -49.294108892328452, -25.429517989283706 ], [ -49.294099323478179, -25.429508393124184 ], [ -49.294095222542808, -25.429504280484224 ] ] } },
{ "type": "Feature", "properties": { "length_m": 6.9999999997956275, "length_ok": true, "above_tolerance": false, "segment_id": 63, "node_degree": 3, "center_offset_m": 8.3197592363698512, "used_fallback": true, "box_id": 1, "provider": "osmnx" }, "geometry": { "type": "LineString", "coordinates": [ [ -49.294067984243384, -25.429473640542472 ], [ -49.294072153752865, -25.429464950941711 ], [ -49.29408188260588, -25.429444675205978 ], [ -49.294091611455464, -25.429424399469386 ], [ -49.294095780961385, -25.429415709867719 ] ] } },
{ "type": "Feature", "properties": { "length_m": 6.9999999997956275, "length_ok": true, "above_tolerance": false, "segment_id": 63, "node_degree": 4, "center_offset_m": 8.3197592363698512, "used_fallback": true, "box_id": 1, "provider": "osmnx" }, "geometry": { "type": "LineString", "coordinates": [ [ -49.29407107903679, -25.429474865056875 ], [ -49.294075248546108, -25.429466175456021 ], [ -49.294084977398725, -25.429445899720069 ], [ -49.294094706247911, -25.429425623983256 ], [ -49.294098875753654, -25.429416934381493 ] ] } },
{ "type": "Feature", "properties": { "length_m": 6.1899165637314661, "length_ok": true, "above_tolerance": false, "segment_id": 64, "node_degree": 3, "center_offset_m": 7.0, "used_fallback": false, "box_id": 1, "provider": "osmnx" }, "geometry": { "type": "LineString", "coordinates": [ [ -49.292527293609169, -25.430236834878357 ], [ -49.292522664887599, -25.430229583249933 ], [ -49.292511864539357, -25.430212662783131 ], [ -49.292501064194035, -25.430195742315657 ], [ -49.292496435475506, -25.430188490686522 ] ] } },
{ "type": "Feature", "properties": { "length_m": 6.2002655395494424, "length_ok": true, "above_tolerance": false, "segment_id": 64, "node_degree": 3, "center_offset_m": 7.0, "used_fallback": false, "box_id": 1, "provider": "osmnx" }, "geometry": { "type": "LineString", "coordinates": [ [ -49.293955765886295, -25.429462109712503 ], [ -49.29395112936416, -25.429454846001502 ], [ -49.293940310814612, -25.429437897342012 ], [ -49.293929492267985, -25.429420948681845 ], [ -49.293924855748905, -25.429413684970129 ] ] } },
{ "type": "Feature", "properties": { "length_m": 3.9999993510710667, "length_ok": true, "above_tolerance": false, "segment_id": 65, "node_degree": 3, "center_offset_m": 7.0, "used_fallback": false, "box_id": 1, "provider": "osmnx" }, "geometry": { "type": "LineString", "coordinates": [ [ -49.292168571346451, -25.430057207068273 ], [ -49.292163104035829, -25.430055041767954 ], [ -49.292150346978538, -25.430049989399784 ], [ -49.292137589922362, -25.430044937030559 ], [ -49.292132122612919, -25.430042771729145 ] ] } },
{ "type": "Feature", "properties": { "length_m": 3.9999999900889076, "length_ok": true, "above_tolerance": false, "segment_id": 65, "node_degree": 3, "center_offset_m": 7.0, "used_fallback": false, "box_id": 1, "provider": "osmnx" }, "geometry": { "type": "LineString", "coordinates": [ [ -49.292693342068866, -25.428964553847248 ], [ -49.292687874775424, -25.428962388608404 ], [ -49.292675117758193, -25.428957336383682 ], [ -49.292662360742078, -25.428952284157898 ], [ -49.292656893449802, -25.428950118917957 ] ] } },
{ "type": "Feature", "properties": { "length_m": 6.9999999997502407, "length_ok": true, "above_tolerance": false, "segment_id": 66, "node_degree": 4, "center_offset_m": 8.5973703837734465, "used_fallback": true, "box_id": 1, "provider": "osmnx" }, "geometry": { "type": "LineString", "coordinates": [ [ -49.294228686177881, -25.429419142192238 ], [ -49.294219242457338, -25.429415104482455 ], [ -49.294197207111985, -25.429405683157412 ], [ -49.29417517177022, -25.429396261829229 ], [ -49.294165728053422, -25.429392224116178 ] ] } },
{ "type": "Feature", "properties": { "length_m": 6.9999999997502407, "length_ok": true, "above_tolerance": false, "segment_id": 66, "node_degree": 3, "center_offset_m": 8.5973703837734465, "used_fallback": true, "box_id": 1, "provider": "osmnx" }, "geometry": { "type": "LineString", "coordinates": [ [ -49.294230172187348, -25.429416276185982 ], [ -49.294220728466968, -25.429412238476317 ], [ -49.294198693121984, -25.429402817151509 ], [ -49.294176657780604, -25.42939339582356 ], [ -49.294167214063961, -25.429389358110623 ] ] } },
{ "type": "Feature", "properties": { "length_m": 3.9999992384175336, "length_ok": true, "above_tolerance": false, "segment_id": 67, "node_degree": 3, "center_offset_m": 7.0, "used_fallback": false, "box_id": 1, "provider": "osmnx" }, "geometry": { "type": "LineString", "coordinates": [ [ -49.291154454000818, -25.431440337100344 ], [ -49.291159891634244, -25.431438110911401 ], [ -49.291172579444833, -25.431432916469703 ], [ -49.291185267254392, -25.43142772202685 ], [ -49.291190704886745, -25.431425495836695 ] ] } },
{ "type": "Feature", "properties": { "length_m": 3.9999999991926471, "length_ok": true, "above_tolerance": false, "segment_id": 67, "node_degree": 3, "center_offset_m": 7.0, "used_fallback": false, "box_id": 1, "provider": "osmnx" }, "geometry": { "type": "LineString", "coordinates": [ [ -49.292270501169575, -25.432075720121428 ], [ -49.292272861888925, -25.432070746020408 ], [ -49.292278370233298, -25.432059139784471 ], [ -49.292283878576562, -25.43204753354825 ], [ -49.292286239294754, -25.432042559446938 ] ] } },
{ "type": "Feature", "properties": { "length_m": 4.1319718398382603, "length_ok": true, "above_tolerance": false, "segment_id": 68, "node_degree": 4, "center_offset_m": 4.3943162008488423, "used_fallback": false, "box_id": 1, "provider": "osmnx" }, "geometry": { "type": "LineString", "coordinates": [ [ -49.290988754604648, -25.429801647097744 ], [ -49.290994447515835, -25.42980378719605 ], [ -49.291007730976105, -25.429808780757927 ], [ -49.29102101443754, -25.429813774318653 ], [ -49.291026707349943, -25.429815914415759 ] ] } },
{ "type": "Feature", "properties": { "length_m": 4.0000000005098766, "length_ok": true, "above_tolerance": false, "segment_id": 69, "node_degree": 4, "center_offset_m": 7.0, "used_fallback": false, "box_id": 1, "provider": "osmnx" }, "geometry": { "type": "LineString", "coordinates": [ [ -49.290946086111411, -25.429896888373278 ], [ -49.290951592091396, -25.429898971288786 ], [ -49.290964439378818, -25.429903831424213 ], [ -49.290977286667321, -25.429908691558566 ], [ -49.290982792648443, -25.429910774472958 ] ] } },
{ "type": "Feature", "properties": { "length_m": 4.0000000006179048, "length_ok": true, "above_tolerance": false, "segment_id": 69, "node_degree": 4, "center_offset_m": 7.0, "used_fallback": false, "box_id": 1, "provider": "osmnx" }, "geometry": { "type": "LineString", "coordinates": [ [ -49.29059790738556, -25.430655825798297 ], [ -49.290603413392432, -25.430657908728129 ], [ -49.290616260742581, -25.430662768896983 ], [ -49.290629108093832, -25.430667629064764 ], [ -49.290634614101833, -25.430669711993481 ] ] } },
{ "type": "Feature", "properties": { "length_m": 7.0000000000736273, "length_ok": true, "above_tolerance": true, "segment_id": 70, "node_degree": 4, "center_offset_m": 17.0, "used_fallback": true, "box_id": 1, "provider": "osmnx" }, "geometry": { "type": "LineString", "coordinates": [ [ -49.290494417343055, -25.430846517775841 ], [ -49.290504056224478, -25.430850155582167 ], [ -49.290526546950183, -25.430858643794565 ], [ -49.290549037679213, -25.430867132003673 ], [ -49.290558676564103, -25.430870769806578 ] ] } },
{ "type": "Feature", "properties": { "length_m": 7.0000000000736273, "length_ok": true, "above_tolerance": true, "segment_id": 70, "node_degree": 4, "center_offset_m": 17.0, "used_fallback": true, "box_id": 1, "provider": "osmnx" }, "geometry": { "type": "LineString", "coordinates": [ [ -49.290194024268274, -25.431502831120707 ], [ -49.290203663190447, -25.431506468948673 ], [ -49.290226154011236, -25.431514957211586 ], [ -49.290248644835366, -25.431523445471193 ], [ -49.290258283761005, -25.431527083295745 ] ] } },
{ "type": "Feature", "properties": { "length_m": 5.854013237566555, "length_ok": true, "above_tolerance": false, "segment_id": 71, "node_degree": 4, "center_offset_m": 7.0, "used_fallback": false, "box_id": 1, "provider": "osmnx" }, "geometry": { "type": "LineString", "coordinates": [ [ -49.290101090310429, -25.431697473564579 ], [ -49.290109149690707, -25.431700519204899 ], [ -49.290127954913011, -25.431707625697324 ], [ -49.290146760137652, -25.431714732187441 ], [ -49.290154819520346, -25.431717777825366 ] ] } },
{ "type": "Feature", "properties": { "length_m": 3.9999999998218838, "length_ok": true, "above_tolerance": false, "segment_id": 71, "node_degree": 4, "center_offset_m": 7.0, "used_fallback": false, "box_id": 1, "provider": "osmnx" }, "geometry": { "type": "LineString", "coordinates": [ [ -49.290077080892708, -25.431793422348672 ], [ -49.290082587805948, -25.431795503411248 ], [ -49.290095437270956, -25.431800359223143 ], [ -49.290108286737059, -25.431805215033961 ], [ -49.290113793651436, -25.431807296095418 ] ] } },
{ "type": "Feature", "properties": { "length_m": 7.0000000002980389, "length_ok": true, "above_tolerance": true, "segment_id": 72, "node_degree": 4, "center_offset_m": 17.0, "used_fallback": true, "box_id": 1, "provider": "osmnx" }, "geometry": { "type": "LineString", "coordinates": [ [ -49.289972952916983, -25.431983699981547 ], [ -49.289982572488711, -25.431987379882081 ], [ -49.29000501815846, -25.431995966314322 ], [ -49.290027463831578, -25.432004552743287 ], [ -49.290037083406794, -25.432008232640417 ] ] } },
{ "type": "Feature", "properties": { "length_m": 7.0000000002980389, "length_ok": true, "above_tolerance": true, "segment_id": 72, "node_degree": 4, "center_offset_m": 17.0, "used_fallback": true, "box_id": 1, "provider": "osmnx" }, "geometry": { "type": "LineString", "coordinates": [ [ -49.289735017693978, -25.432496567227883 ], [ -49.289744637297268, -25.432500247145498 ], [ -49.289767083040672, -25.43250883361759 ], [ -49.289789528787431, -25.432517420086402 ], [ -49.289799148394216, -25.432521100000606 ] ] } },
{ "type": "Feature", "properties": { "length_m": 7.0000000006914309, "length_ok": true, "above_tolerance": true, "segment_id": 73, "node_degree": 4, "center_offset_m": 17.0, "used_fallback": true, "box_id": 1, "provider": "osmnx" }, "geometry": { "type": "LineString", "coordinates": [ [ -49.289555558717275, -25.431717159398964 ], [ -49.289559675179518, -25.431708448960208 ], [ -49.289569280255655, -25.431688124602502 ], [ -49.289578885328396, -25.431667800243943 ], [ -49.289583001787108, -25.43165908980431 ] ] } },
{ "type": "Feature", "properties": { "length_m": 7.0000000002596838, "length_ok": true, "above_tolerance": true, "segment_id": 74, "node_degree": 4, "center_offset_m": 14.247733796280494, "used_fallback": true, "box_id": 1, "provider": "osmnx" }, "geometry": { "type": "LineString", "coordinates": [ [ -49.289390076548969, -25.430389533180477 ], [ -49.289380488355498, -25.43038578663511 ], [ -49.289358115906516, -25.430377044693611 ], [ -49.289335743460938, -25.43036830274886 ], [ -49.289326155271013, -25.430364556200118 ] ] } },
{ "type": "Feature", "properties": { "length_m": 6.9999999997503597, "length_ok": true, "above_tolerance": false, "segment_id": 75, "node_degree": 4, "center_offset_m": 17.0, "used_fallback": true, "box_id": 1, "provider": "osmnx" }, "geometry": { "type": "LineString", "coordinates": [ [ -49.289887642503182, -25.431743645982635 ], [ -49.289885258794605, -25.431734417812095 ], [ -49.289879696809194, -25.431712885414029 ], [ -49.289874134825531, -25.431691353015804 ], [ -49.289871751118781, -25.431682124845086 ] ] } },
{ "type": "Feature", "properties": { "length_m": 6.9999999997503597, "length_ok": true, "above_tolerance": false, "segment_id": 75, "node_degree": 4, "center_offset_m": 17.0, "used_fallback": true, "box_id": 1, "provider": "osmnx" }, "geometry": { "type": "LineString", "coordinates": [ [ -49.290011449861154, -25.431717275654631 ], [ -49.290009066143412, -25.431708047485603 ], [ -49.290003504136592, -25.43168651509108 ], [ -49.289997942131535, -25.43166498269639 ], [ -49.289995558415612, -25.431655754527192 ] ] } },
{ "type": "Feature", "properties": { "length_m": 5.685029100253157, "length_ok": true, "above_tolerance": false, "segment_id": 76, "node_degree": 4, "center_offset_m": 8.0, "used_fallback": false, "box_id": 1, "provider": "osmnx" }, "geometry": { "type": "LineString", "coordinates": [ [ -49.290245044202251, -25.431648250015446 ], [ -49.290242521879286, -25.431640900607132 ], [ -49.290236636460115, -25.431623751987601 ], [ -49.290230751042479, -25.431606603367882 ], [ -49.290228228721105, -25.431599253959384 ] ] } },
{ "type": "Feature", "properties": { "length_m": 3.9999998916063206, "length_ok": true, "above_tolerance": false, "segment_id": 76, "node_degree": 3, "center_offset_m": 7.0, "used_fallback": false, "box_id": 1, "provider": "osmnx" }, "geometry": { "type": "LineString", "coordinates": [ [ -49.291083465213021, -25.431411319419198 ], [ -49.291081692505614, -25.4314061477899 ], [ -49.29107755618886, -25.431394080654808 ], [ -49.291073419872859, -25.431382013519634 ], [ -49.291071647166234, -25.431376841890238 ] ] } },
{ "type": "Feature", "properties": { "length_m": 3.9999999998157478, "length_ok": true, "above_tolerance": false, "segment_id": 77, "node_degree": 3, "center_offset_m": 7.0, "used_fallback": false, "box_id": 1, "provider": "osmnx" }, "geometry": { "type": "LineString", "coordinates": [ [ -49.291216353767787, -25.431373758879662 ], [ -49.291214581049303, -25.431368587253147 ], [ -49.291210444706707, -25.431356520124556 ], [ -49.291206308364877, -25.431344452995869 ], [ -49.291204535647175, -25.431339281369265 ] ] } },
{ "type": "Feature", "properties": { "length_m": 4.7771312204774086, "length_ok": true, "above_tolerance": false, "segment_id": 77, "node_degree": 4, "center_offset_m": 7.0, "used_fallback": false, "box_id": 1, "provider": "osmnx" }, "geometry": { "type": "LineString", "coordinates": [ [ -49.291669457857793, -25.431214480185162 ], [ -49.291665407743324, -25.431209158745908 ], [ -49.291655957477595, -25.431196742053935 ], [ -49.291646507213756, -25.431184325361443 ], [ -49.291642457101261, -25.431179003921645 ] ] } },
{ "type": "Feature", "properties": { "length_m": 3.9999999993144142, "length_ok": true, "above_tolerance": false, "segment_id": 78, "node_degree": 4, "center_offset_m": 7.0, "used_fallback": false, "box_id": 1, "provider": "osmnx" }, "geometry": { "type": "LineString", "coordinates": [ [ -49.291769670002473, -25.431120220285862 ], [ -49.291764646853643, -25.431117299485443 ], [ -49.291752926174013, -25.431110484283824 ], [ -49.291741205495725, -25.431103669081331 ], [ -49.291736182348309, -25.431100748280002 ] ] } },
{ "type": "Feature", "properties": { "length_m": 3.9999999993144142, "length_ok": true, "above_tolerance": false, "segment_id": 78, "node_degree": 3, "center_offset_m": 7.0, "used_fallback": false, "box_id": 1, "provider": "osmnx" }, "geometry": { "type": "LineString", "coordinates": [ [ -49.292263118472974, -25.430420451978332 ], [ -49.292258095339157, -25.43041753119541 ], [ -49.292246374694557, -25.430410716034626 ], [ -49.292234654051306, -25.430403900872964 ], [ -49.292229630918904, -25.430400980089132 ] ] } },
{ "type": "Feature", "properties": { "length_m": 3.9999999993639515, "length_ok": true, "above_tolerance": false, "segment_id": 79, "node_degree": 4, "center_offset_m": 7.0, "used_fallback": false, "box_id": 1, "provider": "osmnx" }, "geometry": { "type": "LineString", "coordinates": [ [ -49.292562340193726, -25.431477023632784 ], [ -49.292559970193196, -25.431481994089754 ], [ -49.292554440191168, -25.431493591822498 ], [ -49.292548910188025, -25.431505189554954 ], [ -49.292546540186336, -25.431510160011644 ] ] } },
{ "type": "Feature", "properties": { "length_m": 4.0000000004028067, "length_ok": true, "above_tolerance": false, "segment_id": 79, "node_degree": 4, "center_offset_m": 7.0, "used_fallback": false, "box_id": 1, "provider": "osmnx" }, "geometry": { "type": "LineString", "coordinates": [ [ -49.291787159690188, -25.431172240203281 ], [ -49.291784789665371, -25.43117721064662 ], [ -49.291779259606656, -25.431188808347507 ], [ -49.291773729546833, -25.431200406048116 ], [ -49.291771359520858, -25.43120537649115 ] ] } },
{ "type": "Feature", "properties": { "length_m": 4.7771072831618362, "length_ok": true, "above_tolerance": false, "segment_id": 80, "node_degree": 4, "center_offset_m": 7.0, "used_fallback": false, "box_id": 1, "provider": "osmnx" }, "geometry": { "type": "LineString", "coordinates": [ [ -49.29165943764373, -25.431122027326897 ], [ -49.291656607654645, -25.431127963598723 ], [ -49.291650004345641, -25.43114181489937 ], [ -49.291643401035053, -25.431155666199615 ], [ -49.291640571044312, -25.431161602471033 ] ] } },
{ "type": "Feature", "properties": { "length_m": 3.9999999987181529, "length_ok": true, "above_tolerance": false, "segment_id": 80, "node_degree": 4, "center_offset_m": 7.0, "used_fallback": false, "box_id": 1, "provider": "osmnx" }, "geometry": { "type": "LineString", "coordinates": [ [ -49.290661259498677, -25.430729636235672 ], [ -49.290658889841687, -25.430734606817651 ], [ -49.290653360641244, -25.430746204842055 ], [ -49.290647831439685, -25.430757802866193 ], [ -49.29064546178153, -25.430762773447878 ] ] } },
{ "type": "Feature", "properties": { "length_m": 6.9999999999060716, "length_ok": true, "above_tolerance": false, "segment_id": 81, "node_degree": 4, "center_offset_m": 17.0, "used_fallback": true, "box_id": 1, "provider": "osmnx" }, "geometry": { "type": "LineString", "coordinates": [ [ -49.290452803563447, -25.430632917620752 ], [ -49.290448655672975, -25.430641615747593 ], [ -49.290438977259427, -25.43066191137628 ], [ -49.290429298842476, -25.4306822070041 ], [ -49.290425150948437, -25.430690905130049 ] ] } },
{ "type": "Feature", "properties": { "length_m": 6.9999999999060716, "length_ok": true, "above_tolerance": false, "segment_id": 81, "node_degree": 4, "center_offset_m": 17.0, "used_fallback": true, "box_id": 1, "provider": "osmnx" }, "geometry": { "type": "LineString", "coordinates": [ [ -49.289578448193708, -25.430289096501834 ], [ -49.289574300255296, -25.430297794601728 ], [ -49.289564621729909, -25.430318090167521 ], [ -49.28955494320109, -25.430338385732455 ], [ -49.289550795259125, -25.43034708383145 ] ] } },
{ "type": "Feature", "properties": { "length_m": 3.999999989532498, "length_ok": true, "above_tolerance": false, "segment_id": 82, "node_degree": 4, "center_offset_m": 7.0, "used_fallback": false, "box_id": 1, "provider": "osmnx" }, "geometry": { "type": "LineString", "coordinates": [ [ -49.292982764380625, -25.430614687821571 ], [ -49.292980379699429, -25.430619652480118 ], [ -49.292974815442498, -25.43063123668318 ], [ -49.292969251184452, -25.430642820885961 ], [ -49.292966866502084, -25.430647785544199 ] ] } },
{ "type": "Feature", "properties": { "length_m": 4.0000000135492773, "length_ok": true, "above_tolerance": false, "segment_id": 82, "node_degree": 3, "center_offset_m": 7.0, "used_fallback": false, "box_id": 1, "provider": "osmnx" }, "geometry": { "type": "LineString", "coordinates": [ [ -49.292355631457397, -25.430366229749051 ], [ -49.292353245538067, -25.430371193913722 ], [ -49.292347678392183, -25.430382776964418 ], [ -49.292342111245162, -25.430394360014827 ], [ -49.292339725324673, -25.430399324179209 ] ] } },
{ "type": "Feature", "properties": { "length_m": 3.9999994258165543, "length_ok": true, "above_tolerance": false, "segment_id": 83, "node_degree": 3, "center_offset_m": 7.0, "used_fallback": false, "box_id": 1, "provider": "osmnx" }, "geometry": { "type": "LineString", "coordinates": [ [ -49.292228050192485, -25.430315703320776 ], [ -49.292225667213607, -25.43032066864841 ], [ -49.29222010692876, -25.430332254412701 ], [ -49.292214546642789, -25.430343840176697 ], [ -49.292212163662747, -25.430348805504032 ] ] } },
{ "type": "Feature", "properties": { "length_m": 4.0000000040052361, "length_ok": true, "above_tolerance": false, "segment_id": 83, "node_degree": 4, "center_offset_m": 7.0, "used_fallback": false, "box_id": 1, "provider": "osmnx" }, "geometry": { "type": "LineString", "coordinates": [ [ -49.291062932558106, -25.429854218782999 ], [ -49.291060547551432, -25.429859183302359 ], [ -49.291054982535073, -25.429870767180656 ], [ -49.291049417517584, -25.429882351058662 ], [ -49.291047032509752, -25.429887315577727 ] ] } },
{ "type": "Feature", "properties": { "length_m": 3.9999999999039182, "length_ok": true, "above_tolerance": false, "segment_id": 84, "node_degree": 4, "center_offset_m": 7.0, "used_fallback": false, "box_id": 1, "provider": "osmnx" }, "geometry": { "type": "LineString", "coordinates": [ [ -49.290935324134047, -25.429803731984393 ], [ -49.290932944278651, -25.429808698541105 ], [ -49.290927391281933, -25.429820287173229 ], [ -49.290921838284092, -25.429831875805071 ], [ -49.290919458427531, -25.429836842361478 ] ] } },
{ "type": "Feature", "properties": { "length_m": 4.0000000008978214, "length_ok": true, "above_tolerance": false, "segment_id": 84, "node_degree": 4, "center_offset_m": 7.0, "used_fallback": false, "box_id": 1, "provider": "osmnx" }, "geometry": { "type": "LineString", "coordinates": [ [ -49.289899540730275, -25.429394458124232 ], [ -49.289897160842543, -25.429399424662638 ], [ -49.289891607770372, -25.42941101325205 ], [ -49.289886054697078, -25.429422601841175 ], [ -49.289883674808181, -25.429427568379293 ] ] } },
{ "type": "Feature", "properties": { "length_m": 6.9999999993931636, "length_ok": true, "above_tolerance": false, "segment_id": 85, "node_degree": 4, "center_offset_m": 17.0, "used_fallback": true, "box_id": 1, "provider": "osmnx" }, "geometry": { "type": "LineString", "coordinates": [ [ -49.289691300750626, -25.429297367576154 ], [ -49.289687133625833, -25.429306058098724 ], [ -49.28967741033221, -25.429326335984101 ], [ -49.289667687035156, -25.429346613868624 ], [ -49.289663519906796, -25.429355304390281 ] ] } },
{ "type": "Feature", "properties": { "length_m": 6.9999999999956497, "length_ok": true, "above_tolerance": false, "segment_id": 86, "node_degree": 4, "center_offset_m": 17.0, "used_fallback": true, "box_id": 1, "provider": "osmnx" }, "geometry": { "type": "LineString", "coordinates": [ [ -49.289510891819937, -25.430134565864186 ], [ -49.289501303543211, -25.43013081953579 ], [ -49.289478930899946, -25.430122078100553 ], [ -49.289456558260078, -25.430113336662075 ], [ -49.289446969986898, -25.430109590330286 ] ] } },
{ "type": "Feature", "properties": { "length_m": 6.9999999999956497, "length_ok": true, "above_tolerance": false, "segment_id": 86, "node_degree": 4, "center_offset_m": 17.0, "used_fallback": true, "box_id": 1, "provider": "osmnx" }, "geometry": { "type": "LineString", "coordinates": [ [ -49.289794930569691, -25.429535110087038 ], [ -49.289785342329317, -25.429531363778899 ], [ -49.289762969770884, -25.42952262239093 ], [ -49.289740597215847, -25.429513880999714 ], [ -49.289731008979025, -25.429510134688186 ] ] } },
{ "type": "Feature", "properties": { "length_m": 7.000000000195385, "length_ok": true, "above_tolerance": true, "segment_id": 87, "node_degree": 4, "center_offset_m": 4.3258282163838651, "used_fallback": true, "box_id": 1, "provider": "osmnx" }, "geometry": { "type": "LineString", "coordinates": [ [ -49.289876761231525, -25.429362424536066 ], [ -49.289867173713887, -25.429358676730921 ], [ -49.289844802841806, -25.429349931849917 ], [ -49.289822431973143, -25.429341186965658 ], [ -49.28981284445905, -25.429337439157123 ] ] } },
{ "type": "Feature", "properties": { "length_m": 7.0000000004954179, "length_ok": true, "above_tolerance": true, "segment_id": 88, "node_degree": 4, "center_offset_m": 5.9228084952025322, "used_fallback": true, "box_id": 1, "provider": "osmnx" }, "geometry": { "type": "LineString", "coordinates": [ [ -49.289373933794749, -25.430208634845858 ], [ -49.289369779296813, -25.430217330362016 ], [ -49.289360085465859, -25.430237619899085 ], [ -49.289350391631473, -25.430257909435287 ], [ -49.289346237129976, -25.430266604950546 ] ] } },
{ "type": "Feature", "properties": { "length_m": 7.0000000003453291, "length_ok": true, "above_tolerance": true, "segment_id": 89, "node_degree": 4, "center_offset_m": 4.7967288095173917, "used_fallback": true, "box_id": 1, "provider": "osmnx" }, "geometry": { "type": "LineString", "coordinates": [ [ -49.289914054346738, -25.429283655011194 ], [ -49.289904463215059, -25.429279914851794 ], [ -49.289882083910229, -25.429271187810873 ], [ -49.289859704608801, -25.429262460766701 ], [ -49.289850113480654, -25.429258720603908 ] ] } },
{ "type": "Feature", "properties": { "length_m": 6.9999999998223812, "length_ok": true, "above_tolerance": false, "segment_id": 90, "node_degree": 4, "center_offset_m": 17.0, "used_fallback": true, "box_id": 1, "provider": "osmnx" }, "geometry": { "type": "LineString", "coordinates": [ [ -49.289997689994117, -25.429107065384159 ], [ -49.289988101784949, -25.429103319079424 ], [ -49.289965729299311, -25.429094577699395 ], [ -49.289943356817091, -25.429085836316123 ], [ -49.289933768611462, -25.429082090008002 ] ] } },
{ "type": "Feature", "properties": { "length_m": 7.0000000001479892, "length_ok": true, "above_tolerance": true, "segment_id": 91, "node_degree": 3, "center_offset_m": 17.0, "used_fallback": true, "box_id": 1, "provider": "osmnx" }, "geometry": { "type": "LineString", "coordinates": [ [ -49.291525368312321, -25.428596785340108 ], [ -49.291535005531344, -25.428600426397541 ], [ -49.291557492378104, -25.428608922195856 ], [ -49.29157997922821, -25.428617417990885 ], [ -49.291589616450707, -25.428621059044893 ] ] } },
{ "type": "Feature", "properties": { "length_m": 7.0000000003085621, "length_ok": true, "above_tolerance": true, "segment_id": 91, "node_degree": 4, "center_offset_m": 17.0, "used_fallback": true, "box_id": 1, "provider": "osmnx" }, "geometry": { "type": "LineString", "coordinates": [ [ -49.29109357223934, -25.429539338464178 ], [ -49.291103209825437, -25.429542978879109 ], [ -49.291125697528713, -25.429551473178257 ], [ -49.291148185235329, -25.429559967474123 ], [ -49.2911578228249, -25.42956360788563 ] ] } },
{ "type": "Feature", "properties": { "length_m": 4.0198684771032607, "length_ok": true, "above_tolerance": false, "segment_id": 92, "node_degree": 4, "center_offset_m": 4.8025637579937586, "used_fallback": false, "box_id": 1, "provider": "osmnx" }, "geometry": { "type": "LineString", "coordinates": [ [ -49.291025960783088, -25.429722081905052 ], [ -49.291031495880105, -25.429724171291372 ], [ -49.291044411107286, -25.429729046525342 ], [ -49.291057326335554, -25.429733921758217 ], [ -49.291062861433723, -25.429736011143401 ] ] } },
{ "type": "Feature", "properties": { "length_m": 7.0000000006202034, "length_ok": true, "above_tolerance": true, "segment_id": 93, "node_degree": 3, "center_offset_m": 17.0, "used_fallback": true, "box_id": 1, "provider": "osmnx" }, "geometry": { "type": "LineString", "coordinates": [ [ -49.291456220566744, -25.428440909301568 ], [ -49.291460387336294, -25.428432218641518 ], [ -49.291470109796116, -25.428411940434131 ], [ -49.29147983225252, -25.428391662225867 ], [ -49.291483999018496, -25.428382971564922 ] ] } },
{ "type": "Feature", "properties": { "length_m": 6.9999999996688969, "length_ok": true, "above_tolerance": false, "segment_id": 94, "node_degree": 3, "center_offset_m": 17.0, "used_fallback": true, "box_id": 1, "provider": "osmnx" }, "geometry": { "type": "LineString", "coordinates": [ [ -49.291756996584979, -25.428559834537094 ], [ -49.291761163837862, -25.428551144065338 ], [ -49.291770887425464, -25.428530866297312 ], [ -49.291780611009642, -25.428510588528418 ], [ -49.29178477825895, -25.42850189805576 ] ] } },
{ "type": "Feature", "properties": { "length_m": 6.9999999996688969, "length_ok": true, "above_tolerance": false, "segment_id": 94, "node_degree": 3, "center_offset_m": 17.0, "used_fallback": true, "box_id": 1, "provider": "osmnx" }, "geometry": { "type": "LineString", "coordinates": [ [ -49.292538620988005, -25.428868902811885 ], [ -49.292542788198205, -25.428860212315954 ], [ -49.29255251168621, -25.428839934491499 ], [ -49.292562235170791, -25.428819656666178 ], [ -49.292566402377417, -25.428810966169333 ] ] } },
{ "type": "Feature", "properties": { "length_m": 7.0000000000672609, "length_ok": true, "above_tolerance": true, "segment_id": 95, "node_degree": 3, "center_offset_m": 17.0, "used_fallback": true, "box_id": 1, "provider": "osmnx" }, "geometry": { "type": "LineString", "coordinates": [ [ -49.292839387433332, -25.428987846524318 ], [ -49.292843555615448, -25.428979156409934 ], [ -49.292853281371272, -25.428958879475768 ], [ -49.292863007123664, -25.428938602540725 ], [ -49.292867175302213, -25.428929912425453 ] ] } },
{ "type": "Feature", "properties": { "length_m": 7.0000000000672609, "length_ok": true, "above_tolerance": true, "segment_id": 95, "node_degree": 3, "center_offset_m": 17.0, "used_fallback": true, "box_id": 1, "provider": "osmnx" }, "geometry": { "type": "LineString", "coordinates": [ [ -49.293841723639595, -25.429384289010649 ], [ -49.293845891766985, -25.429375598865253 ], [ -49.293855617395103, -25.429355321858711 ], [ -49.293865343019796, -25.429335044851303 ], [ -49.293869511143619, -25.429326354705012 ] ] } },
{ "type": "Feature", "properties": { "length_m": 6.9999999999957812, "length_ok": true, "above_tolerance": false, "segment_id": 96, "node_degree": 3, "center_offset_m": 17.0, "used_fallback": true, "box_id": 1, "provider": "osmnx" }, "geometry": { "type": "LineString", "coordinates": [ [ -49.294271090257332, -25.429183884334453 ], [ -49.294260652423802, -25.429183815158158 ], [ -49.294236297479124, -25.429183653743927 ], [ -49.294211942534766, -25.429183492325649 ], [ -49.294201504701562, -25.429183423145158 ] ] } },
{ "type": "Feature", "properties": { "length_m": 6.9999999996809636, "length_ok": true, "above_tolerance": false, "segment_id": 97, "node_degree": 4, "center_offset_m": 17.0, "used_fallback": true, "box_id": 1, "provider": "osmnx" }, "geometry": { "type": "LineString", "coordinates": [ [ -49.292693026342029, -25.436654641051661 ], [ -49.29268886843672, -25.436663335319409 ], [ -49.292679166655219, -25.436683621943541 ], [ -49.292669464870293, -25.436703908566809 ], [ -49.292665306961418, -25.436712602833662 ] ] } },
{ "type": "Feature", "properties": { "length_m": 6.9999999992240127, "length_ok": true, "above_tolerance": false, "segment_id": 98, "node_degree": 4, "center_offset_m": 17.0, "used_fallback": true, "box_id": 1, "provider": "osmnx" }, "geometry": { "type": "LineString", "coordinates": [ [ -49.297037874139384, -25.436955322733361 ], [ -49.297041926269529, -25.436946587362655 ], [ -49.297051381237459, -25.436926204830424 ], [ -49.297060836202029, -25.436905822297369 ], [ -49.297064888328663, -25.436897086925804 ] ] } },
{ "type": "Feature", "properties": { "length_m": 6.9999999992240127, "length_ok": true, "above_tolerance": false, "segment_id": 98, "node_degree": 3, "center_offset_m": 17.0, "used_fallback": true, "box_id": 1, "provider": "osmnx" }, "geometry": { "type": "LineString", "coordinates": [ [ -49.29743261779798, -25.437106298680142 ], [ -49.297436669906048, -25.437097563297502 ], [ -49.297446124822464, -25.437077180737436 ], [ -49.297455579735526, -25.437056798176542 ], [ -49.297459631840098, -25.437048062793039 ] ] } },
{ "type": "Feature", "properties": { "length_m": 7.0000000008766987, "length_ok": true, "above_tolerance": true, "segment_id": 99, "node_degree": 3, "center_offset_m": 7.1900997508232187, "used_fallback": true, "box_id": 1, "provider": "osmnx" }, "geometry": { "type": "LineString", "coordinates": [ [ -49.297649669453229, -25.437189313505808 ], [ -49.297653721630212, -25.437180578147611 ], [ -49.297663176707431, -25.437160195644562 ], [ -49.297672631781282, -25.437139813140682 ], [ -49.297676683954762, -25.437131077781622 ] ] } },
{ "type": "Feature", "properties": { "length_m": 7.0000000001185523, "length_ok": true, "above_tolerance": true, "segment_id": 100, "node_degree": 4, "center_offset_m": 17.0, "used_fallback": true, "box_id": 1, "provider": "osmnx" }, "geometry": { "type": "LineString", "coordinates": [ [ -49.298731489448294, -25.436181494325272 ], [ -49.298727322193116, -25.436190184922033 ], [ -49.298717598595232, -25.436210462980519 ], [ -49.29870787499393, -25.436230741038141 ], [ -49.298703707735172, -25.436239431634004 ] ] } },
{ "type": "Feature", "properties": { "length_m": 7.0000000008142997, "length_ok": true, "above_tolerance": true, "segment_id": 101, "node_degree": 4, "center_offset_m": 17.0, "used_fallback": true, "box_id": 1, "provider": "osmnx" }, "geometry": { "type": "LineString", "coordinates": [ [ -49.298430710295989, -25.436062545087545 ], [ -49.298426541189023, -25.436071234949178 ], [ -49.298416813270308, -25.436091511292346 ], [ -49.29840708534816, -25.436111787634658 ], [ -49.29840291623762, -25.43612047749539 ] ] } },
{ "type": "Feature", "properties": { "length_m": 6.9999999993021111, "length_ok": true, "above_tolerance": false, "segment_id": 101, "node_degree": 4, "center_offset_m": 17.0, "used_fallback": true, "box_id": 1, "provider": "osmnx" }, "geometry": { "type": "LineString", "coordinates": [ [ -49.297633588386283, -25.435747297009215 ], [ -49.297629420968896, -25.435755987531593 ], [ -49.29761969699252, -25.435776265416525 ], [ -49.297609973012726, -25.435796543300594 ], [ -49.297605805591765, -25.435805233822069 ] ] } },
{ "type": "Feature", "properties": { "length_m": 7.0000000001840625, "length_ok": true, "above_tolerance": true, "segment_id": 102, "node_degree": 3, "center_offset_m": 3.1550347712730074, "used_fallback": true, "box_id": 1, "provider": "osmnx" }, "geometry": { "type": "LineString", "coordinates": [ [ -49.297643152483218, -25.437143718036566 ], [ -49.297634131025461, -25.437148486839593 ], [ -49.297613080954662, -25.437159614044333 ], [ -49.297592030880118, -25.437170741245851 ], [ -49.297583009418453, -25.43717551004551 ] ] } },
{ "type": "Feature", "properties": { "length_m": 6.9999999999676463, "length_ok": true, "above_tolerance": false, "segment_id": 103, "node_degree": 4, "center_offset_m": 17.0, "used_fallback": true, "box_id": 1, "provider": "osmnx" }, "geometry": { "type": "LineString", "coordinates": [ [ -49.298987264947442, -25.435201387027643 ], [ -49.298996825418278, -25.435205192425496 ], [ -49.299019133186007, -25.435214071684847 ], [ -49.299041440957183, -25.435222950940961 ], [ -49.2990510014316, -25.43522675633546 ] ] } },
{ "type": "Feature", "properties": { "length_m": 6.99999999988023, "length_ok": true, "above_tolerance": false, "segment_id": 104, "node_degree": 4, "center_offset_m": 17.0, "used_fallback": true, "box_id": 1, "provider": "osmnx" }, "geometry": { "type": "LineString", "coordinates": [ [ -49.29885563698997, -25.435474269043716 ], [ -49.298865198674605, -25.435478071969406 ], [ -49.29888750927455, -25.435486945460397 ], [ -49.298909819877942, -25.435495818948141 ], [ -49.298919381566165, -25.435499621870463 ] ] } },
{ "type": "Feature", "properties": { "length_m": 6.99999999988023, "length_ok": true, "above_tolerance": false, "segment_id": 104, "node_degree": 4, "center_offset_m": 17.0, "used_fallback": true, "box_id": 1, "provider": "osmnx" }, "geometry": { "type": "LineString", "coordinates": [ [ -49.298601130456134, -25.436001883360309 ], [ -49.298610692172382, -25.436005686304053 ], [ -49.298633002846103, -25.436014559837144 ], [ -49.298655313523255, -25.436023433367012 ], [ -49.298664875243084, -25.436027236307385 ] ] } },
{ "type": "Feature", "properties": { "length_m": 6.9999999998233573, "length_ok": true, "above_tolerance": false, "segment_id": 105, "node_degree": 4, "center_offset_m": 17.0, "used_fallback": true, "box_id": 1, "provider": "osmnx" }, "geometry": { "type": "LineString", "coordinates": [ [ -49.2984694966622, -25.436274747486777 ], [ -49.298479057668345, -25.436278551945495 ], [ -49.29850136668513, -25.43628742901355 ], [ -49.298523675705361, -25.436296306078365 ], [ -49.298533236715087, -25.436300110533725 ] ] } },
{ "type": "Feature", "properties": { "length_m": 3.9999999873358707, "length_ok": true, "above_tolerance": false, "segment_id": 106, "node_degree": 4, "center_offset_m": 7.0, "used_fallback": false, "box_id": 1, "provider": "osmnx" }, "geometry": { "type": "LineString", "coordinates": [ [ -49.29741342646993, -25.43567502628304 ], [ -49.297411045851696, -25.435679992596409 ], [ -49.297405491075025, -25.43569158066073 ], [ -49.297399936297232, -25.435703168724768 ], [ -49.29739755567784, -25.435708135037846 ] ] } },
{ "type": "Feature", "properties": { "length_m": 4.0000000005467182, "length_ok": true, "above_tolerance": false, "segment_id": 106, "node_degree": 4, "center_offset_m": 7.0, "used_fallback": false, "box_id": 1, "provider": "osmnx" }, "geometry": { "type": "LineString", "coordinates": [ [ -49.29627994283662, -25.435226874430338 ], [ -49.296277561441478, -25.435231840430561 ], [ -49.296272004852007, -25.435243427764203 ], [ -49.296266448261413, -25.43525501509755 ], [ -49.296264066865113, -25.435259981097474 ] ] } },
{ "type": "Feature", "properties": { "length_m": 7.0000000004507195, "length_ok": true, "above_tolerance": true, "segment_id": 107, "node_degree": 4, "center_offset_m": 17.0, "used_fallback": true, "box_id": 1, "provider": "osmnx" }, "geometry": { "type": "LineString", "coordinates": [ [ -49.298580623529176, -25.433827840833018 ], [ -49.298576488614756, -25.433836544127772 ], [ -49.298566840478671, -25.433856851814902 ], [ -49.298557192339175, -25.43387715950119 ], [ -49.298553057421209, -25.433885862795051 ] ] } },
{ "type": "Feature", "properties": { "length_m": 4.0000000001041558, "length_ok": true, "above_tolerance": false, "segment_id": 108, "node_degree": 4, "center_offset_m": 7.0, "used_fallback": false, "box_id": 1, "provider": "osmnx" }, "geometry": { "type": "LineString", "coordinates": [ [ -49.29781472565697, -25.434971704141002 ], [ -49.297820170268281, -25.434973916583719 ], [ -49.297832874362165, -25.434979078949326 ], [ -49.297845578457192, -25.434984241313892 ], [ -49.29785102306969, -25.434986453755521 ] ] } },
{ "type": "Feature", "properties": { "length_m": 4.0000000002110152, "length_ok": true, "above_tolerance": false, "segment_id": 108, "node_degree": 4, "center_offset_m": 7.0, "used_fallback": false, "box_id": 1, "provider": "osmnx" }, "geometry": { "type": "LineString", "coordinates": [ [ -49.297479577341797, -25.43565174651599 ], [ -49.297485021976023, -25.4356539589722 ], [ -49.29749772612336, -25.435659121369294 ], [ -49.297510430271835, -25.435664283765341 ], [ -49.297515874907248, -25.43566649622046 ] ] } },
{ "type": "Feature", "properties": { "length_m": 7.0000000000564944, "length_ok": true, "above_tolerance": true, "segment_id": 109, "node_degree": 4, "center_offset_m": 17.0, "used_fallback": true, "box_id": 1, "provider": "osmnx" }, "geometry": { "type": "LineString", "coordinates": [ [ -49.298317483145951, -25.433920937685901 ], [ -49.298327007069041, -25.433924817702088 ], [ -49.298349229558752, -25.433933871070909 ], [ -49.298371452051953, -25.433942924436529 ], [ -49.298380975978681, -25.433946804449384 ] ] } },
{ "type": "Feature", "properties": { "length_m": 7.0000000000564944, "length_ok": true, "above_tolerance": true, "segment_id": 109, "node_degree": 4, "center_offset_m": 17.0, "used_fallback": true, "box_id": 1, "provider": "osmnx" }, "geometry": { "type": "LineString", "coordinates": [ [ -49.297896700893794, -25.434772567297991 ], [ -49.297906224866992, -25.434776447343808 ], [ -49.297928447473623, -25.434785500781743 ], [ -49.297950670083743, -25.434794554216481 ], [ -49.297960194060579, -25.434798434258955 ] ] } },
{ "type": "Feature", "properties": { "length_m": 6.9999999997185975, "length_ok": true, "above_tolerance": false, "segment_id": 110, "node_degree": 4, "center_offset_m": 17.0, "used_fallback": true, "box_id": 1, "provider": "osmnx" }, "geometry": { "type": "LineString", "coordinates": [ [ -49.297370325515779, -25.435839712965894 ], [ -49.297379847048695, -25.435843598110754 ], [ -49.297402063961314, -25.435852663446472 ], [ -49.297424280877429, -25.435861728778985 ], [ -49.297433802413977, -25.435865613920519 ] ] } },
{ "type": "Feature", "properties": { "length_m": 6.9999999999437872, "length_ok": true, "above_tolerance": false, "segment_id": 110, "node_degree": 4, "center_offset_m": 17.0, "used_fallback": true, "box_id": 1, "provider": "osmnx" }, "geometry": { "type": "LineString", "coordinates": [ [ -49.296935578467853, -25.436719563056471 ], [ -49.296945103170444, -25.436723441925484 ], [ -49.296967327478981, -25.436732492617537 ], [ -49.296989551791008, -25.43674154330639 ], [ -49.296999076497237, -25.436745422172059 ] ] } },
{ "type": "Feature", "properties": { "length_m": 6.9999999998287663, "length_ok": true, "above_tolerance": false, "segment_id": 111, "node_degree": 4, "center_offset_m": 17.0, "used_fallback": true, "box_id": 1, "provider": "osmnx" }, "geometry": { "type": "LineString", "coordinates": [ [ -49.296802234483344, -25.436991978162411 ], [ -49.29681178768265, -25.436995798856426 ], [ -49.296834078483506, -25.437004713806836 ], [ -49.296856369287816, -25.437013628754016 ], [ -49.296865922490724, -25.437017449444681 ] ] } },
{ "type": "Feature", "properties": { "length_m": 6.9999999992681987, "length_ok": true, "above_tolerance": false, "segment_id": 112, "node_degree": 3, "center_offset_m": 10.77807897775836, "used_fallback": true, "box_id": 1, "provider": "osmnx" }, "geometry": { "type": "LineString", "coordinates": [ [ -49.29603068707663, -25.437165964993383 ], [ -49.296027395301529, -25.437156969958156 ], [ -49.296019714494712, -25.437135981542411 ], [ -49.296012033690353, -25.437114993126336 ], [ -49.296008741917817, -25.437105998090772 ] ] } },
{ "type": "Feature", "properties": { "length_m": 7.0000000004864651, "length_ok": true, "above_tolerance": true, "segment_id": 113, "node_degree": 3, "center_offset_m": 17.0, "used_fallback": true, "box_id": 1, "provider": "osmnx" }, "geometry": { "type": "LineString", "coordinates": [ [ -49.296287996455881, -25.437087952976292 ], [ -49.296284681086121, -25.437078965088094 ], [ -49.296276945225117, -25.437057993348741 ], [ -49.296269209366592, -25.437037021609054 ], [ -49.296265893999411, -25.437028033720523 ] ] } },
{ "type": "Feature", "properties": { "length_m": 6.9999999996490985, "length_ok": true, "above_tolerance": false, "segment_id": 113, "node_degree": 4, "center_offset_m": 17.0, "used_fallback": true, "box_id": 1, "provider": "osmnx" }, "geometry": { "type": "LineString", "coordinates": [ [ -49.296755718939629, -25.436945701426183 ], [ -49.29675240353771, -25.4369367135468 ], [ -49.296744667601665, -25.436915741828003 ], [ -49.2967369316681, -25.436894770108886 ], [ -49.296733616268767, -25.436885782229158 ] ] } },
{ "type": "Feature", "properties": { "length_m": 6.9999999994823918, "length_ok": true, "above_tolerance": false, "segment_id": 114, "node_degree": 5, "center_offset_m": 9.6719467540023025, "used_fallback": true, "box_id": 1, "provider": "osmnx" }, "geometry": { "type": "LineString", "coordinates": [ [ -49.295745920863141, -25.436285280133081 ], [ -49.29575479522881, -25.436280289063134 ], [ -49.29577550207928, -25.436268643231021 ], [ -49.295796208925871, -25.43625699739577 ], [ -49.295805083287512, -25.436252006322544 ] ] } },
{ "type": "Feature", "properties": { "length_m": 7.0000000002869838, "length_ok": true, "above_tolerance": true, "segment_id": 114, "node_degree": 3, "center_offset_m": 9.6719467540023025, "used_fallback": true, "box_id": 1, "provider": "osmnx" }, "geometry": { "type": "LineString", "coordinates": [ [ -49.295747987448934, -25.436288309797785 ], [ -49.295756861814759, -25.436283318727714 ], [ -49.295777568665578, -25.43627167289533 ], [ -49.295798275512524, -25.436260027059799 ], [ -49.295807149874321, -25.436255035986459 ] ] } },
{ "type": "Feature", "properties": { "length_m": 7.0000000001276446, "length_ok": true, "above_tolerance": true, "segment_id": 115, "node_degree": 3, "center_offset_m": 17.0, "used_fallback": true, "box_id": 1, "provider": "osmnx" }, "geometry": { "type": "LineString", "coordinates": [ [ -49.295849637936968, -25.436496914571414 ], [ -49.295859488761941, -25.436493778434439 ], [ -49.295882474018391, -25.436486460778834 ], [ -49.295905459272255, -25.436479143119477 ], [ -49.295915310094543, -25.436476006978598 ] ] } },
{ "type": "Feature", "properties": { "length_m": 6.9999999999089297, "length_ok": true, "above_tolerance": false, "segment_id": 115, "node_degree": 3, "center_offset_m": 17.0, "used_fallback": true, "box_id": 1, "provider": "osmnx" }, "geometry": { "type": "LineString", "coordinates": [ [ -49.296034310576907, -25.436975185965622 ], [ -49.296044161437578, -25.436972049818213 ], [ -49.29606714677729, -25.436964732138239 ], [ -49.296090132114422, -25.436957414454518 ], [ -49.2960999829724, -25.436954278303212 ] ] } },
{ "type": "Feature", "properties": { "length_m": 5.1266414263569287, "length_ok": true, "above_tolerance": false, "segment_id": 116, "node_degree": 5, "center_offset_m": 7.0, "used_fallback": false, "box_id": 1, "provider": "osmnx" }, "geometry": { "type": "LineString", "coordinates": [ [ -49.295796867308461, -25.436202378456915 ], [ -49.295795628300198, -25.436195528282681 ], [ -49.295792737281374, -25.436179544542757 ], [ -49.295789846263176, -25.436163560802786 ], [ -49.295788607255574, -25.436156710628502 ] ] } },
{ "type": "Feature", "properties": { "length_m": 5.3915688752852837, "length_ok": true, "above_tolerance": false, "segment_id": 116, "node_degree": 3, "center_offset_m": 7.0, "used_fallback": false, "box_id": 1, "provider": "osmnx" }, "geometry": { "type": "LineString", "coordinates": [ [ -49.295859093003124, -25.436205453207425 ], [ -49.295857789963357, -25.436198249039769 ], [ -49.295854749537725, -25.436181439315213 ], [ -49.295851709112796, -25.436164629590586 ], [ -49.295850406073761, -25.436157425422874 ] ] } },
{ "type": "Feature", "properties": { "length_m": 3.9999999997604818, "length_ok": true, "above_tolerance": false, "segment_id": 117, "node_degree": 3, "center_offset_m": 7.0, "used_fallback": false, "box_id": 1, "provider": "osmnx" }, "geometry": { "type": "LineString", "coordinates": [ [ -49.295994583728316, -25.436161679612766 ], [ -49.295992657323247, -25.436156553476717 ], [ -49.295988162378663, -25.436144592492543 ], [ -49.295983667434918, -25.436132631508258 ], [ -49.295981741030694, -25.436127505372099 ] ] } },
{ "type": "Feature", "properties": { "length_m": 7.0000000001123874, "length_ok": true, "above_tolerance": true, "segment_id": 118, "node_degree": 5, "center_offset_m": 17.0, "used_fallback": true, "box_id": 1, "provider": "osmnx" }, "geometry": { "type": "LineString", "coordinates": [ [ -49.295689422143099, -25.436343217162953 ], [ -49.295679900073289, -25.436339333040635 ], [ -49.295657681912886, -25.436330270086263 ], [ -49.295635463755985, -25.436321207128689 ], [ -49.295625941689813, -25.436317323003038 ] ] } },
{ "type": "Feature", "properties": { "length_m": 5.0830450671866156, "length_ok": true, "above_tolerance": false, "segment_id": 119, "node_degree": 5, "center_offset_m": 7.0, "used_fallback": false, "box_id": 1, "provider": "osmnx" }, "geometry": { "type": "LineString", "coordinates": [ [ -49.295781390221201, -25.436148176567414 ], [ -49.295774476637639, -25.436145354397276 ], [ -49.295758344943991, -25.436138769332402 ], [ -49.295742213252183, -25.436132184265841 ], [ -49.295735299670547, -25.436129362093943 ] ] } },
{ "type": "Feature", "properties": { "length_m": 3.9999999998869389, "length_ok": true, "above_tolerance": false, "segment_id": 119, "node_degree": 4, "center_offset_m": 7.0, "used_fallback": false, "box_id": 1, "provider": "osmnx" }, "geometry": { "type": "LineString", "coordinates": [ [ -49.296197801491672, -25.435283237612929 ], [ -49.296192361015507, -25.435281016779761 ], [ -49.296179666571931, -25.435275834834947 ], [ -49.296166972129498, -25.435270652889091 ], [ -49.296161531654512, -25.435268432054841 ] ] } },
{ "type": "Feature", "properties": { "length_m": 4.0000000003682921, "length_ok": true, "above_tolerance": false, "segment_id": 120, "node_degree": 4, "center_offset_m": 7.0, "used_fallback": false, "box_id": 1, "provider": "osmnx" }, "geometry": { "type": "LineString", "coordinates": [ [ -49.296073140992512, -25.432807668249797 ], [ -49.296078579916106, -25.432809891992264 ], [ -49.29609127073865, -25.432815080723937 ], [ -49.296103961562338, -25.432820269454563 ], [ -49.296109400487119, -25.432822493195943 ] ] } },
{ "type": "Feature", "properties": { "length_m": 3.9999999996970454, "length_ok": true, "above_tolerance": false, "segment_id": 121, "node_degree": 4, "center_offset_m": 7.0, "used_fallback": false, "box_id": 1, "provider": "osmnx" }, "geometry": { "type": "LineString", "coordinates": [ [ -49.296015967488152, -25.432922882979113 ], [ -49.296021404989254, -25.432925109598223 ], [ -49.296034092492654, -25.43293030504206 ], [ -49.296046779997198, -25.432935500484874 ], [ -49.296052217499494, -25.432937727102889 ] ] } },
{ "type": "Feature", "properties": { "length_m": 3.9999999998555738, "length_ok": true, "above_tolerance": false, "segment_id": 121, "node_degree": 4, "center_offset_m": 7.0, "used_fallback": false, "box_id": 1, "provider": "osmnx" }, "geometry": { "type": "LineString", "coordinates": [ [ -49.295515632244445, -25.433930353040193 ], [ -49.295521069779284, -25.433932579679407 ], [ -49.29553375736139, -25.43393777517014 ], [ -49.295546444944641, -25.433942970659832 ], [ -49.295551882480673, -25.433945197297959 ] ] } },
{ "type": "Feature", "properties": { "length_m": 3.9999981295095246, "length_ok": true, "above_tolerance": false, "segment_id": 122, "node_degree": 4, "center_offset_m": 7.0, "used_fallback": false, "box_id": 1, "provider": "osmnx" }, "geometry": { "type": "LineString", "coordinates": [ [ -49.295458458866747, -25.434045589056399 ], [ -49.295463897586451, -25.434047813312176 ], [ -49.295476587933251, -25.434053003241573 ], [ -49.295489278281181, -25.434058193169928 ], [ -49.295494717002079, -25.434060417424611 ] ] } },
{ "type": "Feature", "properties": { "length_m": 4.0000003013254286, "length_ok": true, "above_tolerance": false, "segment_id": 122, "node_degree": 4, "center_offset_m": 7.0, "used_fallback": false, "box_id": 1, "provider": "osmnx" }, "geometry": { "type": "LineString", "coordinates": [ [ -49.295123825848563, -25.434720259329595 ], [ -49.295129264593832, -25.43472248360003 ], [ -49.295141955000283, -25.434727673563621 ], [ -49.295154645407877, -25.434732863526161 ], [ -49.29516008415434, -25.434735087795502 ] ] } },
{ "type": "Feature", "properties": { "length_m": 3.9999999330472944, "length_ok": true, "above_tolerance": false, "segment_id": 123, "node_degree": 4, "center_offset_m": 7.0, "used_fallback": false, "box_id": 1, "provider": "osmnx" }, "geometry": { "type": "LineString", "coordinates": [ [ -49.295066643893989, -25.434835467215969 ], [ -49.295072080764008, -25.434837695272151 ], [ -49.295084766794872, -25.43484289406916 ], [ -49.295097452826873, -25.434848092865124 ], [ -49.295102889698093, -25.434850320920212 ] ] } },
{ "type": "Feature", "properties": { "length_m": 3.9999999967193713, "length_ok": true, "above_tolerance": false, "segment_id": 123, "node_degree": 4, "center_offset_m": 7.0, "used_fallback": false, "box_id": 1, "provider": "osmnx" }, "geometry": { "type": "LineString", "coordinates": [ [ -49.294630803709204, -25.435712375806251 ], [ -49.294636240608654, -25.435714603879969 ], [ -49.294648926708184, -25.435719802717909 ], [ -49.294661612808873, -25.43572500155479 ], [ -49.29466704970951, -25.435727229627428 ] ] } },
{ "type": "Feature", "properties": { "length_m": 6.9999999998319398, "length_ok": true, "above_tolerance": false, "segment_id": 124, "node_degree": 4, "center_offset_m": 17.0, "used_fallback": true, "box_id": 1, "provider": "osmnx" }, "geometry": { "type": "LineString", "coordinates": [ [ -49.294521157132586, -25.43590020026533 ], [ -49.294530673327053, -25.435904096161181 ], [ -49.294552877783303, -25.435913186582535 ], [ -49.294575082243057, -25.435922277000689 ], [ -49.294584598441169, -25.435926172893211 ] ] } },
{ "type": "Feature", "properties": { "length_m": 6.9999999998319398, "length_ok": true, "above_tolerance": false, "segment_id": 124, "node_degree": 3, "center_offset_m": 17.0, "used_fallback": true, "box_id": 1, "provider": "osmnx" }, "geometry": { "type": "LineString", "coordinates": [ [ -49.294326802327006, -25.436291626364724 ], [ -49.29433631854441, -25.436295522274246 ], [ -49.294358523054193, -25.436304612727479 ], [ -49.294380727567479, -25.436313703177522 ], [ -49.294390243788527, -25.436317599083711 ] ] } },
{ "type": "Feature", "properties": { "length_m": 7.0000000003588347, "length_ok": true, "above_tolerance": true, "segment_id": 125, "node_degree": 3, "center_offset_m": 17.0, "used_fallback": true, "box_id": 1, "provider": "osmnx" }, "geometry": { "type": "LineString", "coordinates": [ [ -49.294191978396086, -25.43656321419348 ], [ -49.294201495307703, -25.436567108746129 ], [ -49.294223701437332, -25.436576196033325 ], [ -49.294245907570456, -25.436585283317342 ], [ -49.294255424485719, -25.436589177866654 ] ] } },
{ "type": "Feature", "properties": { "length_m": 4.9658724021180554, "length_ok": true, "above_tolerance": false, "segment_id": 126, "node_degree": 3, "center_offset_m": 7.0, "used_fallback": false, "box_id": 1, "provider": "osmnx" }, "geometry": { "type": "LineString", "coordinates": [ [ -49.295875863874819, -25.436296458304696 ], [ -49.295869168101738, -25.436293586046698 ], [ -49.295853544632507, -25.436286884110253 ], [ -49.295837921165095, -25.436280182172233 ], [ -49.29583122539389, -25.436277309912583 ] ] } },
{ "type": "Feature", "properties": { "length_m": 5.3888727802260075, "length_ok": true, "above_tolerance": false, "segment_id": 126, "node_degree": 3, "center_offset_m": 7.0, "used_fallback": false, "box_id": 1, "provider": "osmnx" }, "geometry": { "type": "LineString", "coordinates": [ [ -49.295910524874948, -25.436229836554418 ], [ -49.295903258748886, -25.436226719635069 ], [ -49.295886304456275, -25.436219446821909 ], [ -49.295869350165788, -25.436212174006886 ], [ -49.29586208404195, -25.436209057085598 ] ] } },
{ "type": "Feature", "properties": { "length_m": 3.9999958603043457, "length_ok": true, "above_tolerance": false, "segment_id": 127, "node_degree": 4, "center_offset_m": 7.0, "used_fallback": false, "box_id": 1, "provider": "osmnx" }, "geometry": { "type": "LineString", "coordinates": [ [ -49.293352829370846, -25.435310390693758 ], [ -49.293355152167067, -25.435305401874331 ], [ -49.293360572024135, -25.435293761295476 ], [ -49.293365991880108, -25.435282120716344 ], [ -49.293368314675185, -25.43527713189664 ] ] } },
{ "type": "Feature", "properties": { "length_m": 3.9999994548583144, "length_ok": true, "above_tolerance": false, "segment_id": 127, "node_degree": 4, "center_offset_m": 7.0, "used_fallback": false, "box_id": 1, "provider": "osmnx" }, "geometry": { "type": "LineString", "coordinates": [ [ -49.294548473270652, -25.435769391701626 ], [ -49.294550796030862, -25.435764402857004 ], [ -49.294556215803894, -25.435752762219376 ], [ -49.294561635575825, -25.435741121581476 ], [ -49.294563958334891, -25.435736132736576 ] ] } },
{ "type": "Feature", "properties": { "length_m": 7.0000000000319043, "length_ok": true, "above_tolerance": true, "segment_id": 128, "node_degree": 4, "center_offset_m": 17.0, "used_fallback": true, "box_id": 1, "provider": "osmnx" }, "geometry": { "type": "LineString", "coordinates": [ [ -49.29475841544879, -25.435863740229379 ], [ -49.294762423007434, -25.435854987944055 ], [ -49.294771773975235, -25.435834565944411 ], [ -49.294781124939703, -25.435814143943954 ], [ -49.294785132494887, -25.435805391657787 ] ] } },
{ "type": "Feature", "properties": { "length_m": 6.9999999999452731, "length_ok": true, "above_tolerance": false, "segment_id": 128, "node_degree": 5, "center_offset_m": 17.0, "used_fallback": true, "box_id": 1, "provider": "osmnx" }, "geometry": { "type": "LineString", "coordinates": [ [ -49.295560074114576, -25.436166392756149 ], [ -49.295564081628015, -25.436157640446815 ], [ -49.295573432490322, -25.436137218391139 ], [ -49.295582783349303, -25.436116796334659 ], [ -49.295586790859282, -25.436108044024479 ] ] } },
{ "type": "Feature", "properties": { "length_m": 4.0000000005081944, "length_ok": true, "above_tolerance": false, "segment_id": 129, "node_degree": 3, "center_offset_m": 7.0, "used_fallback": false, "box_id": 1, "provider": "osmnx" }, "geometry": { "type": "LineString", "coordinates": [ [ -49.295751242516381, -25.435105396713322 ], [ -49.295745661449111, -25.435103485069028 ], [ -49.295732638959549, -25.435099024564892 ], [ -49.295719616471004, -25.435094564059654 ], [ -49.295714035404792, -25.435092652414205 ] ] } },
{ "type": "Feature", "properties": { "length_m": 4.0000000002005978, "length_ok": true, "above_tolerance": false, "segment_id": 130, "node_degree": 4, "center_offset_m": 7.0, "used_fallback": false, "box_id": 1, "provider": "osmnx" }, "geometry": { "type": "LineString", "coordinates": [ [ -49.296254832422093, -25.435167939555889 ], [ -49.296249390328548, -25.435165722002662 ], [ -49.296236692111087, -25.435160547711039 ], [ -49.296223993894763, -25.435155373418379 ], [ -49.296218551802411, -25.435153155864054 ] ] } },
{ "type": "Feature", "properties": { "length_m": 4.0000000003074092, "length_ok": true, "above_tolerance": false, "segment_id": 130, "node_degree": 4, "center_offset_m": 7.0, "used_fallback": false, "box_id": 1, "provider": "osmnx" }, "geometry": { "type": "LineString", "coordinates": [ [ -49.296589549287006, -25.434490644312792 ], [ -49.296584107216226, -25.434488426773033 ], [ -49.296571409051893, -25.43448325251283 ], [ -49.296558710888689, -25.434478078251587 ], [ -49.296553268819103, -25.434475860710734 ] ] } },
{ "type": "Feature", "properties": { "length_m": 4.0000000007768453, "length_ok": true, "above_tolerance": false, "segment_id": 131, "node_degree": 4, "center_offset_m": 7.0, "used_fallback": false, "box_id": 1, "provider": "osmnx" }, "geometry": { "type": "LineString", "coordinates": [ [ -49.296646549733232, -25.434375353437474 ], [ -49.296641108452782, -25.434373134309315 ], [ -49.296628412132513, -25.434367956342861 ], [ -49.296615715813395, -25.434362778375363 ], [ -49.296610274534125, -25.434360559246112 ] ] } },
{ "type": "Feature", "properties": { "length_m": 4.000000000990438, "length_ok": true, "above_tolerance": false, "segment_id": 131, "node_degree": 4, "center_offset_m": 7.0, "used_fallback": false, "box_id": 1, "provider": "osmnx" }, "geometry": { "type": "LineString", "coordinates": [ [ -49.297145125925624, -25.43336734091519 ], [ -49.297139684679024, -25.433365121807082 ], [ -49.297126988437768, -25.433359943887421 ], [ -49.297114292197662, -25.433354765966705 ], [ -49.297108850952242, -25.433352546857506 ] ] } },
{ "type": "Feature", "properties": { "length_m": 7.0000000004602061, "length_ok": true, "above_tolerance": true, "segment_id": 132, "node_degree": 4, "center_offset_m": 17.0, "used_fallback": true, "box_id": 1, "provider": "osmnx" }, "geometry": { "type": "LineString", "coordinates": [ [ -49.289863088538709, -25.431826283789789 ], [ -49.289866563854055, -25.431817345928682 ], [ -49.289874672921073, -25.431796490918959 ], [ -49.289882781985092, -25.431775635908593 ], [ -49.289886257297326, -25.431766698046808 ] ] } },
{ "type": "Feature", "properties": { "length_m": 7.0000000004602061, "length_ok": true, "above_tolerance": true, "segment_id": 132, "node_degree": 4, "center_offset_m": 17.0, "used_fallback": true, "box_id": 1, "provider": "osmnx" }, "geometry": { "type": "LineString", "coordinates": [ [ -49.289902442999662, -25.431838901609815 ], [ -49.289905918312584, -25.431829963747649 ], [ -49.289914027373932, -25.431809108735486 ], [ -49.289922136432288, -25.431788253722665 ], [ -49.289925611742099, -25.431779315859838 ] ] } },
{ "type": "Feature", "properties": { "length_m": 3.9999999731106177, "length_ok": true, "above_tolerance": false, "segment_id": 133, "node_degree": 4, "center_offset_m": 7.0, "used_fallback": false, "box_id": 1, "provider": "osmnx" }, "geometry": { "type": "LineString", "coordinates": [ [ -49.290124673156249, -25.431900361065935 ], [ -49.290127041571807, -25.431895389989265 ], [ -49.290132567873975, -25.431883790810168 ], [ -49.290138094175035, -25.431872191630802 ], [ -49.290140462589427, -25.431867220553844 ] ] } },
{ "type": "Feature", "properties": { "length_m": 4.0000000007301129, "length_ok": true, "above_tolerance": false, "segment_id": 133, "node_degree": 4, "center_offset_m": 7.0, "used_fallback": false, "box_id": 1, "provider": "osmnx" }, "geometry": { "type": "LineString", "coordinates": [ [ -49.291997137826087, -25.432636270272198 ], [ -49.291999507033907, -25.43263129949689 ], [ -49.292005035184694, -25.43261970102099 ], [ -49.292010563334351, -25.432608102544805 ], [ -49.292012932541013, -25.432603131769209 ] ] } },
{ "type": "Feature", "properties": { "length_m": 3.9999999545598564, "length_ok": true, "above_tolerance": false, "segment_id": 134, "node_degree": 4, "center_offset_m": 7.0, "used_fallback": false, "box_id": 1, "provider": "osmnx" }, "geometry": { "type": "LineString", "coordinates": [ [ -49.292124852303182, -25.432686484804002 ], [ -49.292127223224242, -25.432681514701706 ], [ -49.292132755372585, -25.432669917796137 ], [ -49.292138287519812, -25.432658320890276 ], [ -49.292140658439706, -25.432653350787689 ] ] } },
{ "type": "Feature", "properties": { "length_m": 3.9999997102486189, "length_ok": true, "above_tolerance": false, "segment_id": 134, "node_degree": 3, "center_offset_m": 7.0, "used_fallback": false, "box_id": 1, "provider": "osmnx" }, "geometry": { "type": "LineString", "coordinates": [ [ -49.292222640619727, -25.432724949466152 ], [ -49.292225011537582, -25.432719979362439 ], [ -49.292230543678443, -25.432708382453555 ], [ -49.292236075818174, -25.43269678554439 ], [ -49.292238446734864, -25.432691815440378 ] ] } },
{ "type": "Feature", "properties": { "length_m": 4.000000001082598, "length_ok": true, "above_tolerance": false, "segment_id": 135, "node_degree": 3, "center_offset_m": 7.0, "used_fallback": false, "box_id": 1, "provider": "osmnx" }, "geometry": { "type": "LineString", "coordinates": [ [ -49.292350332882449, -25.432775205784349 ], [ -49.292352706116013, -25.432770236590926 ], [ -49.292358243660196, -25.432758641806078 ], [ -49.292363781203271, -25.432747047020943 ], [ -49.292366154435676, -25.432742077827221 ] ] } },
{ "type": "Feature", "properties": { "length_m": 3.9999999992744897, "length_ok": true, "above_tolerance": false, "segment_id": 135, "node_degree": 4, "center_offset_m": 7.0, "used_fallback": false, "box_id": 1, "provider": "osmnx" }, "geometry": { "type": "LineString", "coordinates": [ [ -49.293167544728213, -25.43309702215009 ], [ -49.293169917936197, -25.433092052942271 ], [ -49.293175455420695, -25.433080458123808 ], [ -49.293180992904077, -25.433068863305053 ], [ -49.293183366110895, -25.433063894096932 ] ] } },
{ "type": "Feature", "properties": { "length_m": 3.9999999992001416, "length_ok": true, "above_tolerance": false, "segment_id": 136, "node_degree": 4, "center_offset_m": 7.0, "used_fallback": false, "box_id": 1, "provider": "osmnx" }, "geometry": { "type": "LineString", "coordinates": [ [ -49.293295296655501, -25.433147235716675 ], [ -49.293297662364232, -25.433142263560544 ], [ -49.293303182350449, -25.43313066186272 ], [ -49.293308702335565, -25.433119060164607 ], [ -49.293311068043124, -25.433114088008189 ] ] } },
{ "type": "Feature", "properties": { "length_m": 3.9999999992001416, "length_ok": true, "above_tolerance": false, "segment_id": 136, "node_degree": 4, "center_offset_m": 7.0, "used_fallback": false, "box_id": 1, "provider": "osmnx" }, "geometry": { "type": "LineString", "coordinates": [ [ -49.294215931246129, -25.433508412188303 ], [ -49.294218296925955, -25.433503440015997 ], [ -49.294223816844749, -25.433491838280386 ], [ -49.294229336762434, -25.433480236544497 ], [ -49.294231702441095, -25.433475264371893 ] ] } },
{ "type": "Feature", "properties": { "length_m": 4.0000000018751161, "length_ok": true, "above_tolerance": false, "segment_id": 137, "node_degree": 4, "center_offset_m": 7.0, "used_fallback": false, "box_id": 1, "provider": "osmnx" }, "geometry": { "type": "LineString", "coordinates": [ [ -49.294343666459213, -25.43355856945605 ], [ -49.294346035774851, -25.433553598710716 ], [ -49.294351564177212, -25.433542000304737 ], [ -49.294357092578458, -25.433530401898476 ], [ -49.294359461892931, -25.433525431152855 ] ] } },
{ "type": "Feature", "properties": { "length_m": 4.0000000010157555, "length_ok": true, "above_tolerance": false, "segment_id": 137, "node_degree": 4, "center_offset_m": 7.0, "used_fallback": false, "box_id": 1, "provider": "osmnx" }, "geometry": { "type": "LineString", "coordinates": [ [ -49.295433436993584, -25.43398686964391 ], [ -49.295435806275059, -25.433981898879399 ], [ -49.295441334597697, -25.433970300428655 ], [ -49.295446862919228, -25.433958701977637 ], [ -49.295449232199537, -25.433953731212824 ] ] } },
{ "type": "Feature", "properties": { "length_m": 4.0000000008855547, "length_ok": true, "above_tolerance": false, "segment_id": 138, "node_degree": 4, "center_offset_m": 7.0, "used_fallback": false, "box_id": 1, "provider": "osmnx" }, "geometry": { "type": "LineString", "coordinates": [ [ -49.295561168058356, -25.434037068097577 ], [ -49.295563537214349, -25.434032097283083 ], [ -49.295569065244209, -25.434020498715704 ], [ -49.29557459327296, -25.434008900148047 ], [ -49.295576962427795, -25.434003929333251 ] ] } },
{ "type": "Feature", "properties": { "length_m": 4.0000000016551835, "length_ok": true, "above_tolerance": false, "segment_id": 138, "node_degree": 4, "center_offset_m": 7.0, "used_fallback": false, "box_id": 1, "provider": "osmnx" }, "geometry": { "type": "LineString", "coordinates": [ [ -49.29652813720886, -25.434417071645314 ], [ -49.296530506334541, -25.43441210081378 ], [ -49.296536034293652, -25.434400502206685 ], [ -49.296541562251655, -25.434388903599309 ], [ -49.296543931376164, -25.434383932767496 ] ] } },
{ "type": "Feature", "properties": { "length_m": 4.0000000006503189, "length_ok": true, "above_tolerance": false, "segment_id": 139, "node_degree": 4, "center_offset_m": 7.0, "used_fallback": false, "box_id": 1, "provider": "osmnx" }, "geometry": { "type": "LineString", "coordinates": [ [ -49.296655865954534, -25.434467271602696 ], [ -49.29665823549179, -25.434462300932257 ], [ -49.296663764411257, -25.434450702701028 ], [ -49.2966692933296, -25.434439104469522 ], [ -49.296671662865691, -25.434434133798788 ] ] } },
{ "type": "Feature", "properties": { "length_m": 4.0000000006951959, "length_ok": true, "above_tolerance": false, "segment_id": 139, "node_degree": 4, "center_offset_m": 7.0, "used_fallback": false, "box_id": 1, "provider": "osmnx" }, "geometry": { "type": "LineString", "coordinates": [ [ -49.297789537429807, -25.434912867045661 ], [ -49.297791906931508, -25.434907896355252 ], [ -49.297797435768032, -25.434896298077458 ], [ -49.297802964603449, -25.434884699799387 ], [ -49.297805334103998, -25.434879729108694 ] ] } },
{ "type": "Feature", "properties": { "length_m": 6.999999999445067, "length_ok": true, "above_tolerance": false, "segment_id": 140, "node_degree": 4, "center_offset_m": 17.0, "used_fallback": true, "box_id": 1, "provider": "osmnx" }, "geometry": { "type": "LineString", "coordinates": [ [ -49.297998024824047, -25.435009553492975 ], [ -49.298002170593101, -25.435000854445125 ], [ -49.298011844051793, -25.434980556666197 ], [ -49.298021517507067, -25.43496025888642 ], [ -49.298025663272561, -25.434951559837675 ] ] } },
{ "type": "Feature", "properties": { "length_m": 6.999999999445067, "length_ok": true, "above_tolerance": false, "segment_id": 140, "node_degree": 4, "center_offset_m": 17.0, "used_fallback": true, "box_id": 1, "provider": "osmnx" }, "geometry": { "type": "LineString", "coordinates": [ [ -49.298788936009792, -25.43532034121688 ], [ -49.298793081735447, -25.435311642144669 ], [ -49.298802755092851, -25.435291344308908 ], [ -49.298812428446837, -25.43527104647228 ], [ -49.298816574168924, -25.435262347399181 ] ] } },
{ "type": "Feature", "properties": { "length_m": 7.0000000005683845, "length_ok": true, "above_tolerance": true, "segment_id": 141, "node_degree": 4, "center_offset_m": 11.772806091266789, "used_fallback": true, "box_id": 1, "provider": "osmnx" }, "geometry": { "type": "LineString", "coordinates": [ [ -49.299046885039736, -25.435421715509769 ], [ -49.299051031970116, -25.435413016908647 ], [ -49.299060708138562, -25.4353927201721 ], [ -49.29907038430359, -25.435372423434686 ], [ -49.299074531230417, -25.435363724832676 ] ] } },
{ "type": "Feature", "properties": { "length_m": 3.99999999931023, "length_ok": true, "above_tolerance": false, "segment_id": 142, "node_degree": 4, "center_offset_m": 7.0, "used_fallback": false, "box_id": 1, "provider": "osmnx" }, "geometry": { "type": "LineString", "coordinates": [ [ -49.298360237178699, -25.433756226841812 ], [ -49.298357867413849, -25.433761197422079 ], [ -49.298352337961724, -25.433772795442511 ], [ -49.298346808508484, -25.433784393462659 ], [ -49.298344438742468, -25.433789364042639 ] ] } },
{ "type": "Feature", "properties": { "length_m": 3.99999999931023, "length_ok": true, "above_tolerance": false, "segment_id": 142, "node_degree": 4, "center_offset_m": 7.0, "used_fallback": false, "box_id": 1, "provider": "osmnx" }, "geometry": { "type": "LineString", "coordinates": [ [ -49.29722726099363, -25.433310836765621 ], [ -49.29722489119326, -25.433315807325943 ], [ -49.297219361658257, -25.433327405299831 ], [ -49.297213832122154, -25.433339003273442 ], [ -49.297211462320618, -25.433343973833477 ] ] } },
{ "type": "Feature", "properties": { "length_m": 3.9999999992421889, "length_ok": true, "above_tolerance": false, "segment_id": 143, "node_degree": 4, "center_offset_m": 7.0, "used_fallback": false, "box_id": 1, "provider": "osmnx" }, "geometry": { "type": "LineString", "coordinates": [ [ -49.297099536698418, -25.433260626169325 ], [ -49.297097166933447, -25.433265596742892 ], [ -49.297091637481074, -25.433277194747685 ], [ -49.297086108027578, -25.433288792752201 ], [ -49.297083738261449, -25.433293763325477 ] ] } },
{ "type": "Feature", "properties": { "length_m": 3.9999999984726315, "length_ok": true, "above_tolerance": false, "segment_id": 143, "node_degree": 4, "center_offset_m": 7.0, "used_fallback": false, "box_id": 1, "provider": "osmnx" }, "geometry": { "type": "LineString", "coordinates": [ [ -49.296134461137633, -25.4328812374278 ], [ -49.296132091342415, -25.432886207984374 ], [ -49.296126561819449, -25.432897805949516 ], [ -49.29612103229536, -25.432909403914387 ], [ -49.296118662498984, -25.432914374470663 ] ] } },
{ "type": "Feature", "properties": { "length_m": 4.000000000382518, "length_ok": true, "above_tolerance": false, "segment_id": 144, "node_degree": 4, "center_offset_m": 7.0, "used_fallback": false, "box_id": 1, "provider": "osmnx" }, "geometry": { "type": "LineString", "coordinates": [ [ -49.296006735011268, -25.432831029403861 ], [ -49.29600436553627, -25.432836000085651 ], [ -49.295998836760489, -25.432847598342935 ], [ -49.295993307983586, -25.432859196599942 ], [ -49.295990938507437, -25.43286416728143 ] ] } },
{ "type": "Feature", "properties": { "length_m": 4.0000000013764909, "length_ok": true, "above_tolerance": false, "segment_id": 144, "node_degree": 4, "center_offset_m": 7.0, "used_fallback": false, "box_id": 1, "provider": "osmnx" }, "geometry": { "type": "LineString", "coordinates": [ [ -49.294980961131557, -25.43242783397805 ], [ -49.294978591624407, -25.432432804641781 ], [ -49.294973062773593, -25.432444402856927 ], [ -49.294967533921664, -25.432456001071809 ], [ -49.294965164413348, -25.432460971735239 ] ] } },
{ "type": "Feature", "properties": { "length_m": 3.9999999994835242, "length_ok": true, "above_tolerance": false, "segment_id": 145, "node_degree": 4, "center_offset_m": 7.0, "used_fallback": false, "box_id": 1, "provider": "osmnx" }, "geometry": { "type": "LineString", "coordinates": [ [ -49.294853214412591, -25.432377652170963 ], [ -49.294850847412512, -25.432382623818846 ], [ -49.294845324411526, -25.43239422433037 ], [ -49.294839801409424, -25.432405824841613 ], [ -49.294837434408187, -25.432410796489197 ] ] } },
{ "type": "Feature", "properties": { "length_m": 3.9999999995283511, "length_ok": true, "above_tolerance": false, "segment_id": 145, "node_degree": 4, "center_offset_m": 7.0, "used_fallback": false, "box_id": 1, "provider": "osmnx" }, "geometry": { "type": "LineString", "coordinates": [ [ -49.2938731656375, -25.431992904085625 ], [ -49.293870798606676, -25.431997875716263 ], [ -49.293865275533939, -25.432009476187567 ], [ -49.293859752460094, -25.432021076658568 ], [ -49.293857385428112, -25.432026048288925 ] ] } },
{ "type": "Feature", "properties": { "length_m": 4.0000000010090782, "length_ok": true, "above_tolerance": false, "segment_id": 146, "node_degree": 4, "center_offset_m": 7.0, "used_fallback": false, "box_id": 1, "provider": "osmnx" }, "geometry": { "type": "LineString", "coordinates": [ [ -49.293745459661594, -25.431942702439489 ], [ -49.293743087369151, -25.431947672001098 ], [ -49.293737552019323, -25.431959267644658 ], [ -49.293732016668379, -25.431970863287933 ], [ -49.293729644374771, -25.431975832849243 ] ] } },
{ "type": "Feature", "properties": { "length_m": 3.9999999991110289, "length_ok": true, "above_tolerance": false, "segment_id": 146, "node_degree": 4, "center_offset_m": 7.0, "used_fallback": false, "box_id": 1, "provider": "osmnx" }, "geometry": { "type": "LineString", "coordinates": [ [ -49.29269005564111, -25.431527267229693 ], [ -49.29268768331562, -25.4315322367727 ], [ -49.292682147888691, -25.431543832372849 ], [ -49.292676612460639, -25.431555427972711 ], [ -49.292674240133991, -25.431560397515426 ] ] } },
{ "type": "Feature", "properties": { "length_m": 7.0000000003683427, "length_ok": true, "above_tolerance": true, "segment_id": 149, "node_degree": 4, "center_offset_m": 17.0, "used_fallback": true, "box_id": 1, "provider": "osmnx" }, "geometry": { "type": "LineString", "coordinates": [ [ -49.298451744081575, -25.433649132484042 ], [ -49.298461268731458, -25.433653010987076 ], [ -49.298483492917008, -25.43366206082521 ], [ -49.298505717106046, -25.433671110660132 ], [ -49.29851524175956, -25.433674989159833 ] ] } },
{ "type": "Feature", "properties": { "length_m": 7.0000000007568941, "length_ok": true, "above_tolerance": true, "segment_id": 150, "node_degree": 4, "center_offset_m": 3.9129336240589017, "used_fallback": true, "box_id": 1, "provider": "osmnx" }, "geometry": { "type": "LineString", "coordinates": [ [ -49.298886370328788, -25.432931653436587 ], [ -49.298882202820955, -25.432940343893563 ], [ -49.298872478633562, -25.432960621625906 ], [ -49.298862754442737, -25.432980899357378 ], [ -49.298858586931331, -25.432989589813459 ] ] } },
{ "type": "Feature", "properties": { "length_m": 4.0000000001090754, "length_ok": true, "above_tolerance": false, "segment_id": 151, "node_degree": 4, "center_offset_m": 6.881925441879388, "used_fallback": false, "box_id": 1, "provider": "osmnx" }, "geometry": { "type": "LineString", "coordinates": [ [ -49.298782024868991, -25.432905162480452 ], [ -49.298779643432439, -25.432910128454019 ], [ -49.298774086746334, -25.432921715725474 ], [ -49.298768530059114, -25.432933302996652 ], [ -49.29876614862139, -25.432938268969924 ] ] } },
{ "type": "Feature", "properties": { "length_m": 6.9999999997047269, "length_ok": true, "above_tolerance": false, "segment_id": 152, "node_degree": 4, "center_offset_m": 10.257305719826503, "used_fallback": true, "box_id": 1, "provider": "osmnx" }, "geometry": { "type": "LineString", "coordinates": [ [ -49.29892762251869, -25.432685308519069 ], [ -49.298937147055909, -25.432689187101843 ], [ -49.298959370978594, -25.432698237126026 ], [ -49.298981594904774, -25.432707287147 ], [ -49.298991119445624, -25.432711165726438 ] ] } },
{ "type": "Feature", "properties": { "length_m": 6.9999999997532978, "length_ok": true, "above_tolerance": false, "segment_id": 153, "node_degree": 4, "center_offset_m": 9.7425213176973333, "used_fallback": true, "box_id": 1, "provider": "osmnx" }, "geometry": { "type": "LineString", "coordinates": [ [ -49.298846292048417, -25.432850064449799 ], [ -49.298855817495308, -25.432853941215487 ], [ -49.298878043540533, -25.432862986999822 ], [ -49.29890026958924, -25.432872032780949 ], [ -49.298909795039762, -25.432875909543306 ] ] } },
{ "type": "Feature", "properties": { "length_m": 6.9999999997532978, "length_ok": true, "above_tolerance": false, "segment_id": 153, "node_degree": 4, "center_offset_m": 9.7425213176973333, "used_fallback": true, "box_id": 1, "provider": "osmnx" }, "geometry": { "type": "LineString", "coordinates": [ [ -49.298844675181243, -25.432853340213438 ], [ -49.29885420062832, -25.43285721697924 ], [ -49.298876426673992, -25.432866262763842 ], [ -49.29889865272316, -25.432875308545238 ], [ -49.298908178173868, -25.432879185307698 ] ] } },
{ "type": "Feature", "properties": { "length_m": 7.0000000001806244, "length_ok": true, "above_tolerance": true, "segment_id": 154, "node_degree": 4, "center_offset_m": 11.377864632617282, "used_fallback": true, "box_id": 1, "provider": "osmnx" }, "geometry": { "type": "LineString", "coordinates": [ [ -49.29875879922546, -25.433027324106348 ], [ -49.298768324682783, -25.433031200878208 ], [ -49.298790550752358, -25.433040246676907 ], [ -49.298812776825436, -25.433049292472401 ], [ -49.298822302286382, -25.433053169240925 ] ] } },
{ "type": "Feature", "properties": { "length_m": 3.9999999996050555, "length_ok": true, "above_tolerance": false, "segment_id": 155, "node_degree": 4, "center_offset_m": 7.0, "used_fallback": false, "box_id": 1, "provider": "osmnx" }, "geometry": { "type": "LineString", "coordinates": [ [ -49.29716588780623, -25.433237260639157 ], [ -49.297171328555166, -25.433239480741747 ], [ -49.297184023636824, -25.433244660980371 ], [ -49.297196718719626, -25.433249841217965 ], [ -49.297202159469741, -25.433252061319454 ] ] } },
{ "type": "Feature", "properties": { "length_m": 7.0000000001995408, "length_ok": true, "above_tolerance": true, "segment_id": 156, "node_degree": 4, "center_offset_m": 6.911281214035732, "used_fallback": true, "box_id": 1, "provider": "osmnx" }, "geometry": { "type": "LineString", "coordinates": [ [ -49.298840778808326, -25.432786911805575 ], [ -49.298844929601657, -25.432778214757228 ], [ -49.29885461478365, -25.432757921643791 ], [ -49.298864299962219, -25.432737628529498 ], [ -49.298868450751989, -25.432728931480248 ] ] } },
{ "type": "Feature", "properties": { "length_m": 7.0000000003792442, "length_ok": true, "above_tolerance": true, "segment_id": 157, "node_degree": 4, "center_offset_m": 3.8861960383983281, "used_fallback": true, "box_id": 1, "provider": "osmnx" }, "geometry": { "type": "LineString", "coordinates": [ [ -49.298939269131203, -25.43282567104562 ], [ -49.298943419919134, -25.432816973994228 ], [ -49.298953105088522, -25.432796680873711 ], [ -49.2989627902545, -25.432776387752334 ], [ -49.29896694103887, -25.432767690700043 ] ] } },
{ "type": "Feature", "properties": { "length_m": 3.9999999995584501, "length_ok": true, "above_tolerance": false, "segment_id": 158, "node_degree": 4, "center_offset_m": 7.0, "used_fallback": false, "box_id": 1, "provider": "osmnx" }, "geometry": { "type": "LineString", "coordinates": [ [ -49.295453841537515, -25.431589664986578 ], [ -49.295451461038212, -25.43159463131293 ], [ -49.29544590653903, -25.431606219407545 ], [ -49.295440352038739, -25.431617807501876 ], [ -49.29543797153827, -25.431622773827932 ] ] } },
{ "type": "Feature", "properties": { "length_m": 3.9999999990521098, "length_ok": true, "above_tolerance": false, "segment_id": 160, "node_degree": 4, "center_offset_m": 7.0, "used_fallback": false, "box_id": 1, "provider": "osmnx" }, "geometry": { "type": "LineString", "coordinates": [ [ -49.296178146227859, -25.430308828837415 ], [ -49.296180565093508, -25.430303877828589 ], [ -49.296186209112534, -25.430292325474451 ], [ -49.296191853130431, -25.430280773120025 ], [ -49.296194271994899, -25.430275822110893 ] ] } },
{ "type": "Feature", "properties": { "length_m": 3.9999999998623221, "length_ok": true, "above_tolerance": false, "segment_id": 160, "node_degree": 4, "center_offset_m": 7.0, "used_fallback": false, "box_id": 1, "provider": "osmnx" }, "geometry": { "type": "LineString", "coordinates": [ [ -49.297078827961684, -25.430671677804433 ], [ -49.2970812467996, -25.430666726779474 ], [ -49.297086890753924, -25.430655174387692 ], [ -49.297092534707126, -25.430643621995632 ], [ -49.297094953543862, -25.430638670970378 ] ] } },
{ "type": "Feature", "properties": { "length_m": 4.0000000018448443, "length_ok": true, "above_tolerance": false, "segment_id": 161, "node_degree": 4, "center_offset_m": 7.0, "used_fallback": false, "box_id": 1, "provider": "osmnx" }, "geometry": { "type": "LineString", "coordinates": [ [ -49.297206045570178, -25.430722930612056 ], [ -49.297208464600153, -25.430717979663768 ], [ -49.297214109002603, -25.430706427450893 ], [ -49.297219753403922, -25.43069487523773 ], [ -49.297222172432711, -25.430689924289133 ] ] } },
{ "type": "Feature", "properties": { "length_m": 3.9999999865655687, "length_ok": true, "above_tolerance": false, "segment_id": 161, "node_degree": 4, "center_offset_m": 7.0, "used_fallback": false, "box_id": 1, "provider": "osmnx" }, "geometry": { "type": "LineString", "coordinates": [ [ -49.298164425335656, -25.431108990421244 ], [ -49.298166843155379, -25.431104038980251 ], [ -49.298172484733911, -25.431092485617739 ], [ -49.298178126311313, -25.431080932254925 ], [ -49.298180544129856, -25.431075980813631 ] ] } },
{ "type": "Feature", "properties": { "length_m": 7.0000000001325953, "length_ok": true, "above_tolerance": true, "segment_id": 162, "node_degree": 4, "center_offset_m": 17.0, "used_fallback": true, "box_id": 1, "provider": "osmnx" }, "geometry": { "type": "LineString", "coordinates": [ [ -49.29837192866141, -25.431207382952131 ], [ -49.298376161541064, -25.431198718610901 ], [ -49.298386038257767, -25.431178501814067 ], [ -49.29839591497101, -25.431158285016352 ], [ -49.298400147847047, -25.431149620674201 ] ] } },
{ "type": "Feature", "properties": { "length_m": 6.9999999999864659, "length_ok": true, "above_tolerance": false, "segment_id": 164, "node_degree": 4, "center_offset_m": 17.0, "used_fallback": true, "box_id": 1, "provider": "osmnx" }, "geometry": { "type": "LineString", "coordinates": [ [ -49.299012085963582, -25.429474320498489 ], [ -49.299021588556123, -25.429478242712861 ], [ -49.299043761274547, -25.42948739454414 ], [ -49.299065933996495, -25.429496546372224 ], [ -49.299075436592688, -25.429500468583289 ] ] } },
{ "type": "Feature", "properties": { "length_m": 7.0000000002248273, "length_ok": true, "above_tolerance": true, "segment_id": 165, "node_degree": 4, "center_offset_m": 17.0, "used_fallback": true, "box_id": 1, "provider": "osmnx" }, "geometry": { "type": "LineString", "coordinates": [ [ -49.29887693600562, -25.429745916374937 ], [ -49.298886457227951, -25.429749801196767 ], [ -49.298908673415902, -25.429758865778762 ], [ -49.298930889607348, -25.429767930357553 ], [ -49.298940410833318, -25.429771815176053 ] ] } },
{ "type": "Feature", "properties": { "length_m": 7.0000000002248273, "length_ok": true, "above_tolerance": true, "segment_id": 165, "node_degree": 4, "center_offset_m": 17.0, "used_fallback": true, "box_id": 1, "provider": "osmnx" }, "geometry": { "type": "LineString", "coordinates": [ [ -49.298271599000053, -25.430969288749345 ], [ -49.298281120294277, -25.430973173613769 ], [ -49.298303336649944, -25.430982238295119 ], [ -49.298325553009121, -25.430991302973275 ], [ -49.298335074306976, -25.430995187834373 ] ] } },
{ "type": "Feature", "properties": { "length_m": 7.0000000000196883, "length_ok": true, "above_tolerance": true, "segment_id": 166, "node_degree": 4, "center_offset_m": 17.0, "used_fallback": true, "box_id": 1, "provider": "osmnx" }, "geometry": { "type": "LineString", "coordinates": [ [ -49.298137164316763, -25.431241036313516 ], [ -49.298146686595402, -25.431244919229609 ], [ -49.298168905248069, -25.431253979364861 ], [ -49.298191123904232, -25.431263039496919 ], [ -49.298200646186508, -25.431266922409677 ] ] } },
{ "type": "Feature", "properties": { "length_m": 7.0000000000196883, "length_ok": true, "above_tolerance": true, "segment_id": 166, "node_degree": 3, "center_offset_m": 17.0, "used_fallback": true, "box_id": 1, "provider": "osmnx" }, "geometry": { "type": "LineString", "coordinates": [ [ -49.297693655084124, -25.432137878195952 ], [ -49.297703177415492, -25.43214176114326 ], [ -49.29772539619119, -25.432150821351343 ], [ -49.297747614970362, -25.432159881556228 ], [ -49.297757137305368, -25.432163764500192 ] ] } },
{ "type": "Feature", "properties": { "length_m": 6.9999999996346771, "length_ok": true, "above_tolerance": false, "segment_id": 167, "node_degree": 4, "center_offset_m": 17.0, "used_fallback": true, "box_id": 1, "provider": "osmnx" }, "geometry": { "type": "LineString", "coordinates": [ [ -49.29707675976713, -25.428905886311259 ], [ -49.297080930182517, -25.428897197062824 ], [ -49.297090661149298, -25.428876922149211 ], [ -49.297100392112654, -25.428856647234738 ], [ -49.297104562524474, -25.428847957985401 ] ] } },
{ "type": "Feature", "properties": { "length_m": 6.9999999996346771, "length_ok": true, "above_tolerance": false, "segment_id": 167, "node_degree": 4, "center_offset_m": 17.0, "used_fallback": true, "box_id": 1, "provider": "osmnx" }, "geometry": { "type": "LineString", "coordinates": [ [ -49.29772503099916, -25.429162453915595 ], [ -49.297729201379163, -25.429153764647101 ], [ -49.297738932263385, -25.429133489686681 ], [ -49.297748663144176, -25.429113214725383 ], [ -49.297752833520612, -25.42910452545599 ] ] } },
{ "type": "Feature", "properties": { "length_m": 6.999999999394559, "length_ok": true, "above_tolerance": false, "segment_id": 168, "node_degree": 4, "center_offset_m": 17.0, "used_fallback": true, "box_id": 1, "provider": "osmnx" }, "geometry": { "type": "LineString", "coordinates": [ [ -49.298025768762997, -25.429281471182684 ], [ -49.298029938831839, -25.429272781788239 ], [ -49.298039668990008, -25.429252506533921 ], [ -49.298049399144745, -25.429232231278736 ], [ -49.298053569210019, -25.429223541883388 ] ] } },
{ "type": "Feature", "properties": { "length_m": 6.999999999394559, "length_ok": true, "above_tolerance": false, "segment_id": 168, "node_degree": 4, "center_offset_m": 17.0, "used_fallback": true, "box_id": 1, "provider": "osmnx" }, "geometry": { "type": "LineString", "coordinates": [ [ -49.298811629730672, -25.429592459423301 ], [ -49.298815799756611, -25.42958377000453 ], [ -49.298825529814678, -25.429563494693472 ], [ -49.298835259869321, -25.429543219381546 ], [ -49.298839429891686, -25.429534529961874 ] ] } },
{ "type": "Feature", "properties": { "length_m": 7.0000000001877449, "length_ok": true, "above_tolerance": true, "segment_id": 169, "node_degree": 4, "center_offset_m": 14.877652446844705, "used_fallback": true, "box_id": 1, "provider": "osmnx" }, "geometry": { "type": "LineString", "coordinates": [ [ -49.299097584876378, -25.42970562020826 ], [ -49.299101754975332, -25.429696930815727 ], [ -49.299111485203788, -25.429676655565849 ], [ -49.299121215428812, -25.429656380315105 ], [ -49.299125385524206, -25.429647690921666 ] ] } },
{ "type": "Feature", "properties": { "length_m": 6.9999999999648761, "length_ok": true, "above_tolerance": false, "segment_id": 170, "node_degree": 4, "center_offset_m": 17.0, "used_fallback": true, "box_id": 1, "provider": "osmnx" }, "geometry": { "type": "LineString", "coordinates": [ [ -49.29792499072316, -25.429044232266353 ], [ -49.297934507502774, -25.429048125934358 ], [ -49.297956713324375, -25.429057211157414 ], [ -49.297978919149465, -25.429066296377282 ], [ -49.297988435932723, -25.429070190041951 ] ] } },
{ "type": "Feature", "properties": { "length_m": 3.9999976892355815, "length_ok": true, "above_tolerance": false, "segment_id": 171, "node_degree": 4, "center_offset_m": 7.0, "used_fallback": false, "box_id": 1, "provider": "osmnx" }, "geometry": { "type": "LineString", "coordinates": [ [ -49.297842534203511, -25.429243166746829 ], [ -49.297847971274059, -25.429245393903777 ], [ -49.297860657772816, -25.429250590602585 ], [ -49.297873344272723, -25.429255787300349 ], [ -49.297878781344458, -25.429258014456206 ] ] } },
{ "type": "Feature", "properties": { "length_m": 3.9999991306199774, "length_ok": true, "above_tolerance": false, "segment_id": 171, "node_degree": 4, "center_offset_m": 7.0, "used_fallback": false, "box_id": 1, "provider": "osmnx" }, "geometry": { "type": "LineString", "coordinates": [ [ -49.297160991312573, -25.43061578067546 ], [ -49.297166429206541, -25.430618006298772 ], [ -49.297179117626641, -25.430623199419088 ], [ -49.297191806047877, -25.43062839253836 ], [ -49.297197243943039, -25.430630618160592 ] ] } },
{ "type": "Feature", "properties": { "length_m": 4.0000000001464739, "length_ok": true, "above_tolerance": false, "segment_id": 172, "node_degree": 4, "center_offset_m": 7.0, "used_fallback": false, "box_id": 1, "provider": "osmnx" }, "geometry": { "type": "LineString", "coordinates": [ [ -49.297103772903114, -25.430730985781409 ], [ -49.297109210499684, -25.430733212016747 ], [ -49.297121898225832, -25.430738406565126 ], [ -49.297134585953124, -25.430743601112464 ], [ -49.297140023550881, -25.430745827346719 ] ] } },
{ "type": "Feature", "properties": { "length_m": 7.0000000003967928, "length_ok": true, "above_tolerance": true, "segment_id": 173, "node_degree": 4, "center_offset_m": 17.0, "used_fallback": true, "box_id": 1, "provider": "osmnx" }, "geometry": { "type": "LineString", "coordinates": [ [ -49.296983596044107, -25.428670299329742 ], [ -49.296992901383454, -25.428674593732659 ], [ -49.297014613844603, -25.428684614003959 ], [ -49.297036326309495, -25.428694634272215 ], [ -49.297045631652743, -25.428698928671974 ] ] } },
{ "type": "Feature", "properties": { "length_m": 4.0000000002178693, "length_ok": true, "above_tolerance": false, "segment_id": 174, "node_degree": 4, "center_offset_m": 7.0, "used_fallback": false, "box_id": 1, "provider": "osmnx" }, "geometry": { "type": "LineString", "coordinates": [ [ -49.296890874698406, -25.428865407413923 ], [ -49.296896183168393, -25.428867877152449 ], [ -49.296908569599246, -25.428873639874972 ], [ -49.296920956031329, -25.428879402596507 ], [ -49.296926264502602, -25.428881872333999 ] ] } },
{ "type": "Feature", "properties": { "length_m": 3.999999999905036, "length_ok": true, "above_tolerance": false, "segment_id": 174, "node_degree": 4, "center_offset_m": 7.0, "used_fallback": false, "box_id": 1, "provider": "osmnx" }, "geometry": { "type": "LineString", "coordinates": [ [ -49.296136635772832, -25.430202227662889 ], [ -49.296141944282638, -25.430204697430483 ], [ -49.296154330806402, -25.430210460220827 ], [ -49.296166717331388, -25.430216223010184 ], [ -49.296172025842473, -25.430218692776744 ] ] } },
{ "type": "Feature", "properties": { "length_m": 3.9999999994989044, "length_ok": true, "above_tolerance": false, "segment_id": 175, "node_degree": 4, "center_offset_m": 7.0, "used_fallback": false, "box_id": 1, "provider": "osmnx" }, "geometry": { "type": "LineString", "coordinates": [ [ -49.296073023873994, -25.43031457855545 ], [ -49.29607832463369, -25.430317062019562 ], [ -49.296090693073864, -25.430322856768473 ], [ -49.296103061515268, -25.430328651516398 ], [ -49.29610836227625, -25.43033113497949 ] ] } },
{ "type": "Feature", "properties": { "length_m": 3.9999986751333894, "length_ok": true, "above_tolerance": false, "segment_id": 175, "node_degree": 4, "center_offset_m": 7.0, "used_fallback": false, "box_id": 1, "provider": "osmnx" }, "geometry": { "type": "LineString", "coordinates": [ [ -49.295484387836098, -25.431360601790512 ], [ -49.29548970203998, -25.431363061522831 ], [ -49.295502101849898, -25.431368800897513 ], [ -49.295514501661046, -25.431374540271214 ], [ -49.295519815866193, -25.431377000002499 ] ] } },
{ "type": "Feature", "properties": { "length_m": 4.0429988108196167, "length_ok": true, "above_tolerance": false, "segment_id": 176, "node_degree": 4, "center_offset_m": 4.8403261602816814, "used_fallback": false, "box_id": 1, "provider": "osmnx" }, "geometry": { "type": "LineString", "coordinates": [ [ -49.295430512869267, -25.43145561132302 ], [ -49.295435880972967, -25.431458103247149 ], [ -49.295448406549141, -25.431463917736057 ], [ -49.295460932126588, -25.431469732223945 ], [ -49.295466300231588, -25.431472224147022 ] ] } },
{ "type": "Feature", "properties": { "length_m": 3.9999999992894404, "length_ok": true, "above_tolerance": false, "segment_id": 177, "node_degree": 4, "center_offset_m": 7.0, "used_fallback": false, "box_id": 1, "provider": "osmnx" }, "geometry": { "type": "LineString", "coordinates": [ [ -49.294216310316607, -25.429518068013632 ], [ -49.294218733324556, -25.429513118686135 ], [ -49.294224387008953, -25.429501570255098 ], [ -49.294230040692213, -25.429490021823771 ], [ -49.294232463698982, -25.429485072495972 ] ] } },
{ "type": "Feature", "properties": { "length_m": 3.9999999992435131, "length_ok": true, "above_tolerance": false, "segment_id": 177, "node_degree": 4, "center_offset_m": 7.0, "used_fallback": false, "box_id": 1, "provider": "osmnx" }, "geometry": { "type": "LineString", "coordinates": [ [ -49.294836236141457, -25.429768328358445 ], [ -49.294838659130356, -25.429763379019825 ], [ -49.294844312770287, -25.42975183056285 ], [ -49.294849966409096, -25.42974028210558 ], [ -49.294852389396809, -25.429735332766665 ] ] } },
{ "type": "Feature", "properties": { "length_m": 3.9999999996222928, "length_ok": true, "above_tolerance": false, "segment_id": 178, "node_degree": 4, "center_offset_m": 7.0, "used_fallback": false, "box_id": 1, "provider": "osmnx" }, "geometry": { "type": "LineString", "coordinates": [ [ -49.294963451770982, -25.429819623529404 ], [ -49.294965869981461, -25.429814672263362 ], [ -49.294971512471783, -25.429803119309057 ], [ -49.294977154960975, -25.429791566354471 ], [ -49.294979573170281, -25.429786615088119 ] ] } },
{ "type": "Feature", "properties": { "length_m": 3.9999999987203538, "length_ok": true, "above_tolerance": false, "segment_id": 178, "node_degree": 4, "center_offset_m": 7.0, "used_fallback": false, "box_id": 1, "provider": "osmnx" }, "geometry": { "type": "LineString", "coordinates": [ [ -49.296050926591263, -25.430257585261174 ], [ -49.296053344768261, -25.43025263397567 ], [ -49.296058987180452, -25.430241080975932 ], [ -49.296064629591513, -25.430229527975918 ], [ -49.29606704776733, -25.430224576690104 ] ] } },
{ "type": "Feature", "properties": { "length_m": 4.0000000000623581, "length_ok": true, "above_tolerance": false, "segment_id": 179, "node_degree": 3, "center_offset_m": 7.0, "used_fallback": false, "box_id": 1, "provider": "osmnx" }, "geometry": { "type": "LineString", "coordinates": [ [ -49.29435753241988, -25.430918671963621 ], [ -49.294352103953031, -25.430916427429835 ], [ -49.294339437531207, -25.430911190183579 ], [ -49.294326771110526, -25.430905952936278 ], [ -49.294321342644871, -25.430903708401413 ] ] } },
{ "type": "Feature", "properties": { "length_m": 3.9999999998492433, "length_ok": true, "above_tolerance": false, "segment_id": 179, "node_degree": 4, "center_offset_m": 7.0, "used_fallback": false, "box_id": 1, "provider": "osmnx" }, "geometry": { "type": "LineString", "coordinates": [ [ -49.294897158252112, -25.429842491941837 ], [ -49.294891729821011, -25.429840247429652 ], [ -49.294879063482611, -25.42983501023382 ], [ -49.294866397145356, -25.42982977303695 ], [ -49.294860968715447, -25.429827528523685 ] ] } },
{ "type": "Feature", "properties": { "length_m": 3.9999999934133084, "length_ok": true, "above_tolerance": false, "segment_id": 180, "node_degree": 4, "center_offset_m": 7.0, "used_fallback": false, "box_id": 1, "provider": "osmnx" }, "geometry": { "type": "LineString", "coordinates": [ [ -49.29495481357533, -25.42972745790366 ], [ -49.294949384334174, -25.429725215017672 ], [ -49.29493671610561, -25.429719981616302 ], [ -49.294924047878204, -25.429714748213897 ], [ -49.294918618638242, -25.429712505326837 ] ] } },
{ "type": "Feature", "properties": { "length_m": 5.4100680604682454, "length_ok": true, "above_tolerance": false, "segment_id": 180, "node_degree": 3, "center_offset_m": 13.5, "used_fallback": false, "box_id": 1, "provider": "osmnx" }, "geometry": { "type": "LineString", "coordinates": [ [ -49.295413596016665, -25.428811898093787 ], [ -49.295406253658982, -25.42880886309613 ], [ -49.295389121492555, -25.428801781433567 ], [ -49.295371989328231, -25.428794699769092 ], [ -49.295364646972729, -25.428791664769459 ] ] } },
{ "type": "Feature", "properties": { "length_m": 7.0000000004828511, "length_ok": true, "above_tolerance": true, "segment_id": 181, "node_degree": 3, "center_offset_m": 17.0, "used_fallback": true, "box_id": 1, "provider": "osmnx" }, "geometry": { "type": "LineString", "coordinates": [ [ -49.29437174673015, -25.429250784586046 ], [ -49.294365153893025, -25.429243435931049 ], [ -49.294349770609465, -25.429226289068382 ], [ -49.294334387330217, -25.429209142204286 ], [ -49.294327794497562, -25.429201793547804 ] ] } },
{ "type": "Feature", "properties": { "length_m": 7.0000000000826663, "length_ok": true, "above_tolerance": true, "segment_id": 182, "node_degree": 4, "center_offset_m": 17.0, "used_fallback": true, "box_id": 1, "provider": "osmnx" }, "geometry": { "type": "LineString", "coordinates": [ [ -49.296803824286066, -25.42872893809551 ], [ -49.296799654896112, -25.428737627746401 ], [ -49.296789926317111, -25.428757903597855 ], [ -49.296780197734677, -25.428778179448454 ], [ -49.296776028341149, -25.428786869098435 ] ] } },
{ "type": "Feature", "properties": { "length_m": 7.0000000000826663, "length_ok": true, "above_tolerance": true, "segment_id": 182, "node_degree": 4, "center_offset_m": 17.0, "used_fallback": true, "box_id": 1, "provider": "osmnx" }, "geometry": { "type": "LineString", "coordinates": [ [ -49.296098252920295, -25.428449769111435 ], [ -49.296094083491823, -25.428458458740494 ], [ -49.296084354822938, -25.428478734541002 ], [ -49.296074626150634, -25.428499010340648 ], [ -49.296070456718589, -25.428507699968801 ] ] } },
{ "type": "Feature", "properties": { "length_m": 7.0000000002152989, "length_ok": true, "above_tolerance": true, "segment_id": 183, "node_degree": 4, "center_offset_m": 17.0, "used_fallback": true, "box_id": 1, "provider": "osmnx" }, "geometry": { "type": "LineString", "coordinates": [ [ -49.295796310025807, -25.42833230432505 ], [ -49.295792261415862, -25.428341040935681 ], [ -49.295782814656917, -25.428361426359903 ], [ -49.295773367894618, -25.428381811783293 ], [ -49.29576931928117, -25.428390548393061 ] ] } },
{ "type": "Feature", "properties": { "length_m": 7.0000000002152989, "length_ok": true, "above_tolerance": true, "segment_id": 183, "node_degree": 3, "center_offset_m": 17.0, "used_fallback": true, "box_id": 1, "provider": "osmnx" }, "geometry": { "type": "LineString", "coordinates": [ [ -49.295729180816245, -25.428306651795907 ], [ -49.295725132202541, -25.428315388404513 ], [ -49.295715685434836, -25.428335773823996 ], [ -49.295706238663769, -25.428356159242657 ], [ -49.295702190046576, -25.428364895850404 ] ] } },
{ "type": "Feature", "properties": { "length_m": 6.9999999993690105, "length_ok": true, "above_tolerance": false, "segment_id": 184, "node_degree": 3, "center_offset_m": 17.0, "used_fallback": true, "box_id": 1, "provider": "osmnx" }, "geometry": { "type": "LineString", "coordinates": [ [ -49.295426810067937, -25.428191104915033 ], [ -49.295422761470661, -25.428199841527238 ], [ -49.295413314741268, -25.428220226955144 ], [ -49.295403868008528, -25.428240612382226 ], [ -49.295399819407756, -25.428249348993567 ] ] } },
{ "type": "Feature", "properties": { "length_m": 6.9999999994305977, "length_ok": true, "above_tolerance": false, "segment_id": 185, "node_degree": 3, "center_offset_m": 17.0, "used_fallback": true, "box_id": 1, "provider": "osmnx" }, "geometry": { "type": "LineString", "coordinates": [ [ -49.295328219925175, -25.428797101237183 ], [ -49.295322859728316, -25.428788967832688 ], [ -49.295310352605028, -25.428769989888238 ], [ -49.295297845485536, -25.428751011942875 ], [ -49.295292485292634, -25.428742878537438 ] ] } },
{ "type": "Feature", "properties": { "length_m": 7.0000000006387619, "length_ok": true, "above_tolerance": true, "segment_id": 186, "node_degree": 3, "center_offset_m": 17.0, "used_fallback": true, "box_id": 1, "provider": "osmnx" }, "geometry": { "type": "LineString", "coordinates": [ [ -49.295608613657492, -25.42864129632666 ], [ -49.295603078175034, -25.428633260324606 ], [ -49.295590162052079, -25.428614509652434 ], [ -49.295577245933011, -25.428595758979284 ], [ -49.295571710454603, -25.428587722976207 ] ] } },
{ "type": "Feature", "properties": { "length_m": 7.0000000006387619, "length_ok": true, "above_tolerance": true, "segment_id": 186, "node_degree": 4, "center_offset_m": 17.0, "used_fallback": true, "box_id": 1, "provider": "osmnx" }, "geometry": { "type": "LineString", "coordinates": [ [ -49.295813390310201, -25.428524977495147 ], [ -49.295807854818499, -25.428516941500259 ], [ -49.295794938673993, -25.42849819084482 ], [ -49.295782022533366, -25.428479440188408 ], [ -49.295776487045721, -25.428471404192504 ] ] } },
{ "type": "Feature", "properties": { "length_m": 7.0000000006946275, "length_ok": true, "above_tolerance": true, "segment_id": 187, "node_degree": 4, "center_offset_m": 17.0, "used_fallback": true, "box_id": 1, "provider": "osmnx" }, "geometry": { "type": "LineString", "coordinates": [ [ -49.296091437442676, -25.428366806996159 ], [ -49.296085890301711, -25.428358777630731 ], [ -49.296072946975556, -25.428340042444031 ], [ -49.296060003653295, -25.428321307256354 ], [ -49.29605445651638, -25.428313277889909 ] ] } },
{ "type": "Feature", "properties": { "length_m": 7.0000000003303962, "length_ok": true, "above_tolerance": true, "segment_id": 189, "node_degree": 3, "center_offset_m": 8.4692566622776031, "used_fallback": true, "box_id": 1, "provider": "osmnx" }, "geometry": { "type": "LineString", "coordinates": [ [ -49.295629027938894, -25.428219595280432 ], [ -49.295619393452867, -25.428215948286471 ], [ -49.295596912987861, -25.428207438631542 ], [ -49.295574432526188, -25.42819892897332 ], [ -49.295564798043642, -25.428195281975935 ] ] } }
]
}
