{
"type": "FeatureCollection",
"name": "curitiba_1km_protomaps_sidewalk_crossings",
"crs": { "type": "name", "properties": { "name": "urn:ogc:def:crs:OGC:1.3:CRS84" } },
"features": [
{ "type": "Feature", "properties": { "length_m": 3.9999988060863272, "length_ok": true, "above_tolerance": false, "segment_id": 0, "node_degree": 3, "center_offset_m": 7.0, "used_fallback": false, "box_id": 1, "provider": "protomaps" }, "geometry": { "type": "LineString", "coordinates": [ [ -49.247667266335583, -25.427476118732123 ], [ -49.247673204699026, -25.427475612918983 ], [ -49.247687060880281, -25.427474432687365 ], [ -49.247700917061344, -25.427473252454426 ], [ -49.247706855424603, -25.427472746639907 ] ] } },
{ "type": "Feature", "properties": { "length_m": 3.9999918046580718, "length_ok": true, "above_tolerance": false, "segment_id": 1, "node_degree": 3, "center_offset_m": 7.0, "used_fallback": false, "box_id": 1, "provider": "protomaps" }, "geometry": { "type": "LineString", "coordinates": [ [ -49.247680262994137, -25.427601945890082 ], [ -49.247686201354774, -25.427601440091081 ], [ -49.247700057529435, -25.42760025989244 ], [ -49.247713913703919, -25.427599079692488 ], [ -49.247719852064357, -25.427598573892105 ] ] } },
{ "type": "Feature", "properties": { "length_m": 3.9999966523530572, "length_ok": true, "above_tolerance": false, "segment_id": 1, "node_degree": 4, "center_offset_m": 7.0, "used_fallback": false, "box_id": 1, "provider": "protomaps" }, "geometry": { "type": "LineString", "coordinates": [ [ -49.247702210613063, -25.427814434810792 ], [ -49.247708148991336, -25.427813929010842 ], [ -49.247722005207166, -25.427812748810013 ], [ -49.247735861422804, -25.427811568607865 ], [ -49.247741799800885, -25.427811062806544 ] ] } },
{ "type": "Feature", "properties": { "length_m": 6.9999999999814762, "length_ok": true, "above_tolerance": false, "segment_id": 2, "node_degree": 4, "center_offset_m": 0.043662849164613826, "used_fallback": true, "box_id": 1, "provider": "protomaps" }, "geometry": { "type": "LineString", "coordinates": [ [ -49.247693903974969, -25.427879010331623 ], [ -49.247704295996513, -25.427878123685208 ], [ -49.24772854404636, -25.427876054840684 ], [ -49.247752792095646, -25.427873985992104 ], [ -49.247763184116586, -25.427873099341486 ] ] } },
{ "type": "Feature", "properties": { "length_m": 7.8057256944326632, "length_ok": true, "above_tolerance": true, "segment_id": 3, "node_degree": 3, "center_offset_m": 7.0, "used_fallback": false, "box_id": 1, "provider": "protomaps" }, "geometry": { "type": "LineString", "coordinates": [ [ -49.24628090527176, -25.427948669256203 ], [ -49.246276575004174, -25.427958480001358 ], [ -49.246266471043583, -25.427981371739357 ], [ -49.246256367078935, -25.428004263476389 ], [ -49.246252036807135, -25.428014074220531 ] ] } },
{ "type": "Feature", "properties": { "length_m": 4.617832048137859, "length_ok": true, "above_tolerance": false, "segment_id": 3, "node_degree": 3, "center_offset_m": 7.0, "used_fallback": false, "box_id": 1, "provider": "protomaps" }, "geometry": { "type": "LineString", "coordinates": [ [ -49.245253763277077, -25.427468283379245 ], [ -49.24524723453888, -25.427466296306374 ], [ -49.245232000817325, -25.427461659801907 ], [ -49.24521676709702, -25.427457023295926 ], [ -49.24521023836013, -25.427455036221467 ] ] } },
{ "type": "Feature", "properties": { "length_m": 5.555700820233918, "length_ok": true, "above_tolerance": false, "segment_id": 4, "node_degree": 3, "center_offset_m": 7.0, "used_fallback": false, "box_id": 1, "provider": "protomaps" }, "geometry": { "type": "LineString", "coordinates": [ [ -49.250392960376594, -25.429542953423795 ], [ -49.250389648637174, -25.429549848961774 ], [ -49.250381921243665, -25.429565938550027 ], [ -49.250374193847975, -25.429582028137723 ], [ -49.25037088210631, -25.429588923675148 ] ] } },
{ "type": "Feature", "properties": { "length_m": 5.5534317777198376, "length_ok": true, "above_tolerance": false, "segment_id": 4, "node_degree": 3, "center_offset_m": 7.0, "used_fallback": false, "box_id": 1, "provider": "protomaps" }, "geometry": { "type": "LineString", "coordinates": [ [ -49.249212423987849, -25.429080884906597 ], [ -49.249209113549824, -25.429087777599229 ], [ -49.249201389192898, -25.429103860548338 ], [ -49.249193664833811, -25.4291199434969 ], [ -49.249190354393541, -25.429126836188971 ] ] } },
{ "type": "Feature", "properties": { "length_m": 7.000000000869246, "length_ok": true, "above_tolerance": true, "segment_id": 5, "node_degree": 3, "center_offset_m": 17.0, "used_fallback": true, "box_id": 1, "provider": "protomaps" }, "geometry": { "type": "LineString", "coordinates": [ [ -49.249288440845135, -25.429305589621087 ], [ -49.249292695053349, -25.429296934142506 ], [ -49.2493026215367, -25.42927673802518 ], [ -49.249312548016576, -25.429256541906948 ], [ -49.249316802221166, -25.429247886427433 ] ] } },
{ "type": "Feature", "properties": { "length_m": 4.0000037665003081, "length_ok": true, "above_tolerance": false, "segment_id": 6, "node_degree": 4, "center_offset_m": 7.0, "used_fallback": false, "box_id": 1, "provider": "protomaps" }, "geometry": { "type": "LineString", "coordinates": [ [ -49.247353547607496, -25.424386598000897 ], [ -49.247359486769675, -25.424386101408253 ], [ -49.247373344814633, -25.424384942691148 ], [ -49.247387202859414, -25.424383783972733 ], [ -49.247393142021409, -25.424383287378706 ] ] } },
{ "type": "Feature", "properties": { "length_m": 4.0000040088746447, "length_ok": true, "above_tolerance": false, "segment_id": 7, "node_degree": 4, "center_offset_m": 7.0, "used_fallback": false, "box_id": 1, "provider": "protomaps" }, "geometry": { "type": "LineString", "coordinates": [ [ -49.247366307146905, -25.424512445226227 ], [ -49.247372246315472, -25.424511948631789 ], [ -49.24738610437533, -25.424510789910489 ], [ -49.247399962435011, -25.424509631187874 ], [ -49.247405901603386, -25.424509134592057 ] ] } },
{ "type": "Feature", "properties": { "length_m": 4.0000054028381316, "length_ok": true, "above_tolerance": false, "segment_id": 7, "node_degree": 4, "center_offset_m": 7.0, "used_fallback": false, "box_id": 1, "provider": "protomaps" }, "geometry": { "type": "LineString", "coordinates": [ [ -49.247518289249058, -25.426011425357657 ], [ -49.247524228493383, -25.426010928760867 ], [ -49.247538086730003, -25.426009770034067 ], [ -49.247551944966446, -25.426008611305939 ], [ -49.247557884210579, -25.42600811470777 ] ] } },
{ "type": "Feature", "properties": { "length_m": 3.9999965972718061, "length_ok": true, "above_tolerance": false, "segment_id": 8, "node_degree": 4, "center_offset_m": 7.0, "used_fallback": false, "box_id": 1, "provider": "protomaps" }, "geometry": { "type": "LineString", "coordinates": [ [ -49.247531049078567, -25.426137272543741 ], [ -49.247536988316206, -25.426136775949818 ], [ -49.247550846537223, -25.426135617229743 ], [ -49.247564704758055, -25.426134458508344 ], [ -49.247570643995502, -25.426133961913049 ] ] } },
{ "type": "Feature", "properties": { "length_m": 4.0000015433486684, "length_ok": true, "above_tolerance": false, "segment_id": 8, "node_degree": 4, "center_offset_m": 7.0, "used_fallback": false, "box_id": 1, "provider": "protomaps" }, "geometry": { "type": "LineString", "coordinates": [ [ -49.247635304010458, -25.427165513468715 ], [ -49.247641243305992, -25.427165016872689 ], [ -49.24765510166209, -25.427163858147679 ], [ -49.247668960018004, -25.427162699421345 ], [ -49.247674899313346, -25.427162202823943 ] ] } },
{ "type": "Feature", "properties": { "length_m": 7.0000000000308722, "length_ok": true, "above_tolerance": true, "segment_id": 9, "node_degree": 4, "center_offset_m": 0.026607000227684401, "used_fallback": true, "box_id": 1, "provider": "protomaps" }, "geometry": { "type": "LineString", "coordinates": [ [ -49.247626860727721, -25.427229924508737 ], [ -49.247637254289593, -25.427229053429144 ], [ -49.247661505933578, -25.427227020907203 ], [ -49.247685757577003, -25.427224988381212 ], [ -49.2476961511383, -25.42722411729741 ] ] } },
{ "type": "Feature", "properties": { "length_m": 3.9999908748158597, "length_ok": true, "above_tolerance": false, "segment_id": 10, "node_degree": 3, "center_offset_m": 7.0, "used_fallback": false, "box_id": 1, "provider": "protomaps" }, "geometry": { "type": "LineString", "coordinates": [ [ -49.247742793259818, -25.428214864435425 ], [ -49.24774873279403, -25.42821436984477 ], [ -49.247762591707072, -25.428213215798955 ], [ -49.247776450619938, -25.428212061751811 ], [ -49.247782390153965, -25.428211567159774 ] ] } },
{ "type": "Feature", "properties": { "length_m": 3.9999956590670265, "length_ok": true, "above_tolerance": false, "segment_id": 11, "node_degree": 3, "center_offset_m": 7.0, "used_fallback": false, "box_id": 1, "provider": "protomaps" }, "geometry": { "type": "LineString", "coordinates": [ [ -49.247755501611827, -25.428340715876146 ], [ -49.247761441160627, -25.42834022129756 ], [ -49.247775300107712, -25.428339067279914 ], [ -49.247789159054619, -25.42833791326095 ], [ -49.247795098603234, -25.428337418680982 ] ] } },
{ "type": "Feature", "properties": { "length_m": 4.4265752450604525, "length_ok": true, "above_tolerance": false, "segment_id": 11, "node_degree": 3, "center_offset_m": 7.0, "used_fallback": false, "box_id": 1, "provider": "protomaps" }, "geometry": { "type": "LineString", "coordinates": [ [ -49.247770857735127, -25.428534960763844 ], [ -49.247777430717754, -25.42853441344079 ], [ -49.247792767677083, -25.428533136352506 ], [ -49.247808104636185, -25.428531859262595 ], [ -49.247814677618585, -25.428531311937846 ] ] } },
{ "type": "Feature", "properties": { "length_m": 3.9999984088651228, "length_ok": true, "above_tolerance": false, "segment_id": 12, "node_degree": 3, "center_offset_m": 7.0, "used_fallback": false, "box_id": 1, "provider": "protomaps" }, "geometry": { "type": "LineString", "coordinates": [ [ -49.247787789062713, -25.428660460670738 ], [ -49.247793728629368, -25.428659966072061 ], [ -49.247807587618112, -25.428658812007537 ], [ -49.247821446606686, -25.428657657941692 ], [ -49.247827386173157, -25.42865716334164 ] ] } },
{ "type": "Feature", "properties": { "length_m": 3.9999969282343688, "length_ok": true, "above_tolerance": false, "segment_id": 12, "node_degree": 4, "center_offset_m": 7.0, "used_fallback": false, "box_id": 1, "provider": "protomaps" }, "geometry": { "type": "LineString", "coordinates": [ [ -49.247794766373239, -25.428729554746024 ], [ -49.247800705941103, -25.428729060147425 ], [ -49.247814564932646, -25.428727906083093 ], [ -49.247828423924012, -25.42872675201744 ], [ -49.247834363491684, -25.42872625741747 ] ] } },
{ "type": "Feature", "properties": { "length_m": 7.0000000001152571, "length_ok": true, "above_tolerance": true, "segment_id": 13, "node_degree": 4, "center_offset_m": 17.0, "used_fallback": true, "box_id": 1, "provider": "protomaps" }, "geometry": { "type": "LineString", "coordinates": [ [ -49.247801249732973, -25.428942041860587 ], [ -49.247811644004486, -25.428941176327395 ], [ -49.247835897304299, -25.428939156747017 ], [ -49.247860150603557, -25.428937137162603 ], [ -49.247870544874495, -25.428936271625187 ] ] } },
{ "type": "Feature", "properties": { "length_m": 6.999999999889094, "length_ok": true, "above_tolerance": false, "segment_id": 14, "node_degree": 3, "center_offset_m": 5.05376528305798, "used_fallback": true, "box_id": 1, "provider": "protomaps" }, "geometry": { "type": "LineString", "coordinates": [ [ -49.250029380348579, -25.425843975900719 ], [ -49.250039774117319, -25.425843107924045 ], [ -49.250064026243976, -25.425841082642258 ], [ -49.250088278370079, -25.425839057356416 ], [ -49.250098672138236, -25.425838189375533 ] ] } },
{ "type": "Feature", "properties": { "length_m": 6.999999999889094, "length_ok": true, "above_tolerance": false, "segment_id": 14, "node_degree": 4, "center_offset_m": 5.05376528305798, "used_fallback": true, "box_id": 1, "provider": "protomaps" }, "geometry": { "type": "LineString", "coordinates": [ [ -49.250029568120567, -25.425845830155879 ], [ -49.250039961889463, -25.425844962179202 ], [ -49.25006421401649, -25.425842936897403 ], [ -49.250088466142969, -25.425840911611552 ], [ -49.250098859911283, -25.425840043630661 ] ] } },
{ "type": "Feature", "properties": { "length_m": 6.9999999998509308, "length_ok": true, "above_tolerance": false, "segment_id": 15, "node_degree": 4, "center_offset_m": 17.0, "used_fallback": true, "box_id": 1, "provider": "protomaps" }, "geometry": { "type": "LineString", "coordinates": [ [ -49.250049187564841, -25.426039580933335 ], [ -49.250059581355266, -25.42603871300415 ], [ -49.250083833532528, -25.426036687833172 ], [ -49.250108085709229, -25.426034662658154 ], [ -49.250118479499072, -25.426033794724759 ] ] } },
{ "type": "Feature", "properties": { "length_m": 3.9999976767086416, "length_ok": true, "above_tolerance": false, "segment_id": 16, "node_degree": 3, "center_offset_m": 7.0, "used_fallback": false, "box_id": 1, "provider": "protomaps" }, "geometry": { "type": "LineString", "coordinates": [ [ -49.247161320083343, -25.426170745166239 ], [ -49.247155355759652, -25.426170764544683 ], [ -49.24714143900443, -25.426170809760105 ], [ -49.247127522249286, -25.426170854974213 ], [ -49.247121557925666, -25.426170874351278 ] ] } },
{ "type": "Feature", "properties": { "length_m": 3.9999967984314679, "length_ok": true, "above_tolerance": false, "segment_id": 17, "node_degree": 3, "center_offset_m": 7.0, "used_fallback": false, "box_id": 1, "provider": "protomaps" }, "geometry": { "type": "LineString", "coordinates": [ [ -49.247349758736945, -25.427313520024349 ], [ -49.247355717207846, -25.427313278227349 ], [ -49.247369620306578, -25.427312714033391 ], [ -49.247383523405261, -25.427312149838105 ], [ -49.247389481876112, -25.427311908039734 ] ] } },
{ "type": "Feature", "properties": { "length_m": 4.000004207972748, "length_ok": true, "above_tolerance": false, "segment_id": 17, "node_degree": 3, "center_offset_m": 7.0, "used_fallback": false, "box_id": 1, "provider": "protomaps" }, "geometry": { "type": "LineString", "coordinates": [ [ -49.247359018160331, -25.427501682016757 ], [ -49.247364976651561, -25.427501440219427 ], [ -49.247378879797715, -25.427500876024705 ], [ -49.247392782943834, -25.427500311828659 ], [ -49.247398741435013, -25.42750007002995 ] ] } },
{ "type": "Feature", "properties": { "length_m": 4.9999969833387778, "length_ok": true, "above_tolerance": false, "segment_id": 18, "node_degree": 3, "center_offset_m": 7.0, "used_fallback": false, "box_id": 1, "provider": "protomaps" }, "geometry": { "type": "LineString", "coordinates": [ [ -49.247360265720332, -25.427628136999939 ], [ -49.247367713829703, -25.427627834751391 ], [ -49.247385092751514, -25.427627129503307 ], [ -49.247402471673247, -25.427626424253145 ], [ -49.247409919782548, -25.427626122002437 ] ] } },
{ "type": "Feature", "properties": { "length_m": 4.9999960044986027, "length_ok": true, "above_tolerance": false, "segment_id": 18, "node_degree": 3, "center_offset_m": 7.0, "used_fallback": false, "box_id": 1, "provider": "protomaps" }, "geometry": { "type": "LineString", "coordinates": [ [ -49.247370712186346, -25.427840417599096 ], [ -49.247378160307356, -25.427840115350779 ], [ -49.247395539256331, -25.427839410103221 ], [ -49.247412918205235, -25.427838704853599 ], [ -49.247420366326175, -25.427838402603129 ] ] } },
{ "type": "Feature", "properties": { "length_m": 4.9999951698626504, "length_ok": true, "above_tolerance": false, "segment_id": 19, "node_degree": 3, "center_offset_m": 7.0, "used_fallback": false, "box_id": 1, "provider": "protomaps" }, "geometry": { "type": "LineString", "coordinates": [ [ -49.247453599284157, -25.427580564243211 ], [ -49.24745289928704, -25.427573823827498 ], [ -49.247451265960635, -25.427558096190808 ], [ -49.24744963263452, -25.427542368554075 ], [ -49.247448932637703, -25.42753562813833 ] ] } },
{ "type": "Feature", "properties": { "length_m": 5.0000051477948526, "length_ok": true, "above_tolerance": false, "segment_id": 19, "node_degree": 3, "center_offset_m": 7.0, "used_fallback": false, "box_id": 1, "provider": "protomaps" }, "geometry": { "type": "LineString", "coordinates": [ [ -49.247626614980575, -25.427565747331467 ], [ -49.247625914972396, -25.427559006902609 ], [ -49.247624281620205, -25.427543279235245 ], [ -49.247622648268305, -25.427527551567849 ], [ -49.247621948260438, -25.427520811138958 ] ] } },
{ "type": "Feature", "properties": { "length_m": 5.000002385435061, "length_ok": true, "above_tolerance": false, "segment_id": 20, "node_degree": 3, "center_offset_m": 7.0, "used_fallback": false, "box_id": 1, "provider": "protomaps" }, "geometry": { "type": "LineString", "coordinates": [ [ -49.248194269436183, -25.427899829703744 ], [ -49.248201720466369, -25.427899593470528 ], [ -49.248219106203436, -25.42789904225824 ], [ -49.248236491940489, -25.427898491043869 ], [ -49.248243942970646, -25.4278982548085 ] ] } },
{ "type": "Feature", "properties": { "length_m": 5.0000017880857763, "length_ok": true, "above_tolerance": false, "segment_id": 20, "node_degree": 3, "center_offset_m": 7.0, "used_fallback": false, "box_id": 1, "provider": "protomaps" }, "geometry": { "type": "LineString", "coordinates": [ [ -49.24783547056974, -25.428246937789368 ], [ -49.247836268838284, -25.428253669202473 ], [ -49.247838131465137, -25.428269375833032 ], [ -49.247839994092338, -25.428285082463553 ], [ -49.247840792361259, -25.428291813876633 ] ] } },
{ "type": "Feature", "properties": { "length_m": 4.0000013839484847, "length_ok": true, "above_tolerance": false, "segment_id": 21, "node_degree": 3, "center_offset_m": 7.0, "used_fallback": false, "box_id": 1, "provider": "protomaps" }, "geometry": { "type": "LineString", "coordinates": [ [ -49.24866502435772, -25.427862235370196 ], [ -49.248670978157925, -25.427861911775675 ], [ -49.248684870358325, -25.427861156720848 ], [ -49.248698762558632, -25.42786040166472 ], [ -49.248704716358738, -25.427860078068814 ] ] } },
{ "type": "Feature", "properties": { "length_m": 4.00000206322213, "length_ok": true, "above_tolerance": false, "segment_id": 22, "node_degree": 3, "center_offset_m": 7.0, "used_fallback": false, "box_id": 1, "provider": "protomaps" }, "geometry": { "type": "LineString", "coordinates": [ [ -49.250995314513055, -25.42723433988111 ], [ -49.250995399272256, -25.427239755609094 ], [ -49.250995597043691, -25.427252392307715 ], [ -49.250995794815083, -25.427265029006314 ], [ -49.250995879574234, -25.427270444734283 ] ] } },
{ "type": "Feature", "properties": { "length_m": 3.9999981436145267, "length_ok": true, "above_tolerance": false, "segment_id": 22, "node_degree": 3, "center_offset_m": 7.0, "used_fallback": false, "box_id": 1, "provider": "protomaps" }, "geometry": { "type": "LineString", "coordinates": [ [ -49.250987165180511, -25.427136662575954 ], [ -49.250986907487373, -25.427131251363868 ], [ -49.250986306203401, -25.427118625202336 ], [ -49.250985704919465, -25.42710599904078 ], [ -49.25098544722637, -25.427100587828683 ] ] } },
{ "type": "Feature", "properties": { "length_m": 6.9999999992601447, "length_ok": true, "above_tolerance": false, "segment_id": 23, "node_degree": 3, "center_offset_m": 16.471153150050146, "used_fallback": true, "box_id": 1, "provider": "protomaps" }, "geometry": { "type": "LineString", "coordinates": [ [ -49.249047844777216, -25.429659448898395 ], [ -49.249042369696369, -25.42966751875197 ], [ -49.249029594504812, -25.429686348409337 ], [ -49.249016819309162, -25.42970517806533 ], [ -49.249011344224058, -25.429713247917483 ] ] } },
{ "type": "Feature", "properties": { "length_m": 6.9999999995634274, "length_ok": true, "above_tolerance": false, "segment_id": 23, "node_degree": 3, "center_offset_m": 16.471153150050146, "used_fallback": true, "box_id": 1, "provider": "protomaps" }, "geometry": { "type": "LineString", "coordinates": [ [ -49.249047632127784, -25.429658657656194 ], [ -49.249040718711875, -25.429665758998727 ], [ -49.249024587404911, -25.429682328796535 ], [ -49.249008456093499, -25.429698898592296 ], [ -49.249001542672957, -25.429705999932711 ] ] } },
{ "type": "Feature", "properties": { "length_m": 7.0000000000224691, "length_ok": true, "above_tolerance": true, "segment_id": 24, "node_degree": 3, "center_offset_m": 7.1732477740908065, "used_fallback": true, "box_id": 1, "provider": "protomaps" }, "geometry": { "type": "LineString", "coordinates": [ [ -49.248943964824711, -25.429488660024621 ], [ -49.248934037282893, -25.429491587697768 ], [ -49.248910873016925, -25.429498418932415 ], [ -49.248887708748548, -25.429505250163253 ], [ -49.248877781204222, -25.429508177832449 ] ] } },
{ "type": "Feature", "properties": { "length_m": 7.0000000000224691, "length_ok": true, "above_tolerance": true, "segment_id": 24, "node_degree": 3, "center_offset_m": 7.1732477740908065, "used_fallback": true, "box_id": 1, "provider": "protomaps" }, "geometry": { "type": "LineString", "coordinates": [ [ -49.248943065824903, -25.429486146254 ], [ -49.24893313828327, -25.429489073927098 ], [ -49.248909974017756, -25.429495905161627 ], [ -49.248886809749834, -25.429502736392351 ], [ -49.2488768822057, -25.429505664061494 ] ] } },
{ "type": "Feature", "properties": { "length_m": 6.9999999999243885, "length_ok": true, "above_tolerance": false, "segment_id": 25, "node_degree": 3, "center_offset_m": 7.3314867320406645, "used_fallback": true, "box_id": 1, "provider": "protomaps" }, "geometry": { "type": "LineString", "coordinates": [ [ -49.248898528837238, -25.429361612875123 ], [ -49.248888601311826, -25.429364540564482 ], [ -49.248865437084156, -25.429371371836936 ], [ -49.248842272854084, -25.429378203105582 ], [ -49.248832345326171, -25.429381130790993 ] ] } },
{ "type": "Feature", "properties": { "length_m": 6.9999999997039053, "length_ok": true, "above_tolerance": false, "segment_id": 25, "node_degree": 3, "center_offset_m": 7.3314867320406645, "used_fallback": true, "box_id": 1, "provider": "protomaps" }, "geometry": { "type": "LineString", "coordinates": [ [ -49.248897610001741, -25.429359043653243 ], [ -49.248887682476528, -25.429361971342544 ], [ -49.24886451824932, -25.429368802614874 ], [ -49.248841354019703, -25.42937563388341 ], [ -49.248831426491996, -25.429378561568758 ] ] } },
{ "type": "Feature", "properties": { "length_m": 6.9999999996749649, "length_ok": true, "above_tolerance": false, "segment_id": 26, "node_degree": 3, "center_offset_m": 13.79534790751832, "used_fallback": true, "box_id": 1, "provider": "protomaps" }, "geometry": { "type": "LineString", "coordinates": [ [ -49.248832740504199, -25.429177654959641 ], [ -49.248822812975511, -25.429180582596832 ], [ -49.248799648740182, -25.429187413747556 ], [ -49.248776484502457, -25.429194244894493 ], [ -49.248766556971255, -25.429197172527733 ] ] } },
{ "type": "Feature", "properties": { "length_m": 6.9999999996424913, "length_ok": true, "above_tolerance": false, "segment_id": 27, "node_degree": 3, "center_offset_m": 10.369453998595667, "used_fallback": true, "box_id": 1, "provider": "protomaps" }, "geometry": { "type": "LineString", "coordinates": [ [ -49.248825080867014, -25.42954679249538 ], [ -49.248827066201848, -25.429556097926977 ], [ -49.248831698650804, -25.42957781060063 ], [ -49.248836331101181, -25.429599523274174 ], [ -49.248838316437492, -25.429608828705643 ] ] } },
{ "type": "Feature", "properties": { "length_m": 7.0000000003468852, "length_ok": true, "above_tolerance": true, "segment_id": 28, "node_degree": 3, "center_offset_m": 8.8537582670260875, "used_fallback": true, "box_id": 1, "provider": "protomaps" }, "geometry": { "type": "LineString", "coordinates": [ [ -49.248795779676591, -25.429414800330647 ], [ -49.248797312247454, -25.429424176069048 ], [ -49.248800888246876, -25.429446052791921 ], [ -49.248804464247335, -25.429467929514722 ], [ -49.248805996819279, -25.429477305253037 ] ] } },
{ "type": "Feature", "properties": { "length_m": 7.0000000000193632, "length_ok": true, "above_tolerance": true, "segment_id": 29, "node_degree": 3, "center_offset_m": 7.0518319072537814, "used_fallback": true, "box_id": 1, "provider": "protomaps" }, "geometry": { "type": "LineString", "coordinates": [ [ -49.248769010301316, -25.429280232273442 ], [ -49.248769967448446, -25.429289670802898 ], [ -49.248772200792153, -25.429311694038269 ], [ -49.248774434136408, -25.429333717273586 ], [ -49.24877539128412, -25.429343155802986 ] ] } },
{ "type": "Feature", "properties": { "length_m": 7.0000000000278408, "length_ok": true, "above_tolerance": true, "segment_id": 30, "node_degree": 3, "center_offset_m": 17.0, "used_fallback": true, "box_id": 1, "provider": "protomaps" }, "geometry": { "type": "LineString", "coordinates": [ [ -49.250953856386836, -25.425637293588419 ], [ -49.250954943118714, -25.425646720551509 ], [ -49.250957478826898, -25.425668716798651 ], [ -49.25096001453575, -25.42569071304575 ], [ -49.250961101268317, -25.425700140008779 ] ] } },
{ "type": "Feature", "properties": { "length_m": 7.0000000004983391, "length_ok": true, "above_tolerance": true, "segment_id": 31, "node_degree": 3, "center_offset_m": 17.0, "used_fallback": true, "box_id": 1, "provider": "protomaps" }, "geometry": { "type": "LineString", "coordinates": [ [ -49.250818427606617, -25.425573559719101 ], [ -49.250815262313495, -25.42556452759921 ], [ -49.250807876631214, -25.425543452652583 ], [ -49.250800490951292, -25.425522377705658 ], [ -49.250797325660621, -25.425513345585458 ] ] } },
{ "type": "Feature", "properties": { "length_m": 7.0000000000609237, "length_ok": true, "above_tolerance": true, "segment_id": 33, "node_degree": 3, "center_offset_m": 2.5554134325991105, "used_fallback": true, "box_id": 1, "provider": "protomaps" }, "geometry": { "type": "LineString", "coordinates": [ [ -49.249228306532828, -25.429706515906432 ], [ -49.249217897909205, -25.429707225967658 ], [ -49.249193611120447, -25.429708882774296 ], [ -49.249169324331284, -25.429710539576877 ], [ -49.249158915707227, -25.429711249633879 ] ] } },
{ "type": "Feature", "properties": { "length_m": 7.0000000000521903, "length_ok": true, "above_tolerance": true, "segment_id": 34, "node_degree": 3, "center_offset_m": 17.0, "used_fallback": true, "box_id": 1, "provider": "protomaps" }, "geometry": { "type": "LineString", "coordinates": [ [ -49.249214116110387, -25.429534983964466 ], [ -49.249203707500513, -25.429535694013001 ], [ -49.249179420743872, -25.429537350790042 ], [ -49.249155133986811, -25.429539007563022 ], [ -49.24914472537651, -25.429539717607348 ] ] } },
{ "type": "Feature", "properties": { "length_m": 7.0000000000521903, "length_ok": true, "above_tolerance": true, "segment_id": 34, "node_degree": 3, "center_offset_m": 17.0, "used_fallback": true, "box_id": 1, "provider": "protomaps" }, "geometry": { "type": "LineString", "coordinates": [ [ -49.249199821601152, -25.429362193121193 ], [ -49.249189413006192, -25.429362903169519 ], [ -49.249165126284311, -25.429364559946048 ], [ -49.249140839562017, -25.429366216718524 ], [ -49.249130430966623, -25.429366926762636 ] ] } },
{ "type": "Feature", "properties": { "length_m": 7.0000000000776268, "length_ok": true, "above_tolerance": true, "segment_id": 35, "node_degree": 3, "center_offset_m": 7.616147079776403, "used_fallback": true, "box_id": 1, "provider": "protomaps" }, "geometry": { "type": "LineString", "coordinates": [ [ -49.249180560586581, -25.429144677485716 ], [ -49.249170166442298, -25.42914554451275 ], [ -49.249145913438568, -25.429147567572922 ], [ -49.249121660434284, -25.429149590629045 ], [ -49.249111266289418, -25.429150457651858 ] ] } },
{ "type": "Feature", "properties": { "length_m": 7.0000000000776268, "length_ok": true, "above_tolerance": true, "segment_id": 35, "node_degree": 3, "center_offset_m": 7.616147079776403, "used_fallback": true, "box_id": 1, "provider": "protomaps" }, "geometry": { "type": "LineString", "coordinates": [ [ -49.249180277911179, -25.429141883054562 ], [ -49.249169883767138, -25.429142750081581 ], [ -49.249145630763962, -25.429144773141743 ], [ -49.24912137776024, -25.429146796197852 ], [ -49.249110983615623, -25.429147663220661 ] ] } },
{ "type": "Feature", "properties": { "length_m": 6.9999999998614921, "length_ok": true, "above_tolerance": false, "segment_id": 36, "node_degree": 3, "center_offset_m": 17.0, "used_fallback": true, "box_id": 1, "provider": "protomaps" }, "geometry": { "type": "LineString", "coordinates": [ [ -49.249158348615971, -25.428925096627133 ], [ -49.249147954490148, -25.428925963649331 ], [ -49.249123701529498, -25.428927986698241 ], [ -49.249099448568295, -25.428930009743098 ], [ -49.249089054441896, -25.428930876761086 ] ] } },
{ "type": "Feature", "properties": { "length_m": 6.9999999998614921, "length_ok": true, "above_tolerance": false, "segment_id": 36, "node_degree": 4, "center_offset_m": 17.0, "used_fallback": true, "box_id": 1, "provider": "protomaps" }, "geometry": { "type": "LineString", "coordinates": [ [ -49.249149069942256, -25.428833370139493 ], [ -49.249138675824327, -25.428834237161464 ], [ -49.249114422882087, -25.428836260209827 ], [ -49.249090169939301, -25.428838283254141 ], [ -49.249079775820789, -25.428839150271891 ] ] } },
{ "type": "Feature", "properties": { "length_m": 4.0000053737550711, "length_ok": true, "above_tolerance": false, "segment_id": 37, "node_degree": 4, "center_offset_m": 7.0, "used_fallback": false, "box_id": 1, "provider": "protomaps" }, "geometry": { "type": "LineString", "coordinates": [ [ -49.249112852228244, -25.428623360982872 ], [ -49.249106912735321, -25.428623856430825 ], [ -49.249093053918379, -25.428625012475091 ], [ -49.249079195101267, -25.428626168518026 ], [ -49.24907325560816, -25.428626663964597 ] ] } },
{ "type": "Feature", "properties": { "length_m": 4.0000067078746833, "length_ok": true, "above_tolerance": false, "segment_id": 37, "node_degree": 4, "center_offset_m": 7.0, "used_fallback": false, "box_id": 1, "provider": "protomaps" }, "geometry": { "type": "LineString", "coordinates": [ [ -49.249032880892699, -25.427832789742631 ], [ -49.249026941436675, -25.427833285189589 ], [ -49.249013082705808, -25.427834441231564 ], [ -49.248999223974756, -25.427835597272217 ], [ -49.248993284518541, -25.427836092717808 ] ] } },
{ "type": "Feature", "properties": { "length_m": 3.9999979635118819, "length_ok": true, "above_tolerance": false, "segment_id": 38, "node_degree": 4, "center_offset_m": 7.0, "used_fallback": false, "box_id": 1, "provider": "protomaps" }, "geometry": { "type": "LineString", "coordinates": [ [ -49.249020150469896, -25.427706940047671 ], [ -49.249014211032303, -25.427707435486141 ], [ -49.24900035234446, -25.427708591508292 ], [ -49.248986493656446, -25.427709747529136 ], [ -49.248980554218669, -25.427710242966228 ] ] } },
{ "type": "Feature", "properties": { "length_m": 4.0000007607009005, "length_ok": true, "above_tolerance": false, "segment_id": 38, "node_degree": 4, "center_offset_m": 7.0, "used_fallback": false, "box_id": 1, "provider": "protomaps" }, "geometry": { "type": "LineString", "coordinates": [ [ -49.248967382942311, -25.427185284460094 ], [ -49.248961443526213, -25.427185779898164 ], [ -49.248947584888519, -25.427186935919355 ], [ -49.248933726250655, -25.427188091939239 ], [ -49.248927786834372, -25.427188587375923 ] ] } },
{ "type": "Feature", "properties": { "length_m": 3.9999998382597117, "length_ok": true, "above_tolerance": false, "segment_id": 39, "node_degree": 4, "center_offset_m": 7.0, "used_fallback": false, "box_id": 1, "provider": "protomaps" }, "geometry": { "type": "LineString", "coordinates": [ [ -49.248954652720073, -25.427059434702471 ], [ -49.248948713312146, -25.427059930146306 ], [ -49.248934854693523, -25.427061086180956 ], [ -49.248920996074716, -25.42706224221428 ], [ -49.248915056666597, -25.427062737656737 ] ] } },
{ "type": "Feature", "properties": { "length_m": 3.9999996048681128, "length_ok": true, "above_tolerance": false, "segment_id": 39, "node_degree": 3, "center_offset_m": 7.0, "used_fallback": false, "box_id": 1, "provider": "protomaps" }, "geometry": { "type": "LineString", "coordinates": [ [ -49.248896484664847, -25.42648439326074 ], [ -49.248890545285541, -25.426484888703705 ], [ -49.248876686733688, -25.426486044736343 ], [ -49.248862828181657, -25.42648720076766 ], [ -49.248856888802159, -25.42648769620925 ] ] } },
{ "type": "Feature", "properties": { "length_m": 3.9999939784604521, "length_ok": true, "above_tolerance": false, "segment_id": 40, "node_degree": 3, "center_offset_m": 7.0, "used_fallback": false, "box_id": 1, "provider": "protomaps" }, "geometry": { "type": "LineString", "coordinates": [ [ -49.248883754355553, -25.426358543520866 ], [ -49.24887781499104, -25.426359038965497 ], [ -49.24886395647372, -25.426360195002012 ], [ -49.248850097956215, -25.426361351037205 ], [ -49.248844158591517, -25.426361846480457 ] ] } },
{ "type": "Feature", "properties": { "length_m": 3.9999985547071764, "length_ok": true, "above_tolerance": false, "segment_id": 40, "node_degree": 3, "center_offset_m": 7.0, "used_fallback": false, "box_id": 1, "provider": "protomaps" }, "geometry": { "type": "LineString", "coordinates": [ [ -49.248852852165406, -25.426053047764722 ], [ -49.248846912809114, -25.42605354320947 ], [ -49.248833054310978, -25.426054699246269 ], [ -49.248819195812665, -25.426055855281756 ], [ -49.248813256456188, -25.426056350725133 ] ] } },
{ "type": "Feature", "properties": { "length_m": 3.9999987592117834, "length_ok": true, "above_tolerance": false, "segment_id": 41, "node_degree": 3, "center_offset_m": 7.0, "used_fallback": false, "box_id": 1, "provider": "protomaps" }, "geometry": { "type": "LineString", "coordinates": [ [ -49.248840122075954, -25.425927198047443 ], [ -49.248834182724558, -25.425927693482155 ], [ -49.248820324237812, -25.425928849495524 ], [ -49.248806465750896, -25.425930005507563 ], [ -49.248800526399293, -25.425930500940893 ] ] } },
{ "type": "Feature", "properties": { "length_m": 3.9999948658100744, "length_ok": true, "above_tolerance": false, "segment_id": 41, "node_degree": 3, "center_offset_m": 7.0, "used_fallback": false, "box_id": 1, "provider": "protomaps" }, "geometry": { "type": "LineString", "coordinates": [ [ -49.248790378204312, -25.425435423704403 ], [ -49.248784438882858, -25.425435919137907 ], [ -49.248770580466022, -25.425437075148487 ], [ -49.248756722048995, -25.425438231157734 ], [ -49.248750782727363, -25.425438726589874 ] ] } },
{ "type": "Feature", "properties": { "length_m": 3.9999952841300619, "length_ok": true, "above_tolerance": false, "segment_id": 42, "node_degree": 3, "center_offset_m": 7.0, "used_fallback": false, "box_id": 1, "provider": "protomaps" }, "geometry": { "type": "LineString", "coordinates": [ [ -49.24877764821953, -25.425309573915897 ], [ -49.248771708904492, -25.425310069357622 ], [ -49.248757850502606, -25.425311225387382 ], [ -49.248743992100543, -25.425312381415818 ], [ -49.248738052785313, -25.425312876856168 ] ] } },
{ "type": "Feature", "properties": { "length_m": 3.9999943851258757, "length_ok": true, "above_tolerance": false, "segment_id": 42, "node_degree": 3, "center_offset_m": 7.0, "used_fallback": false, "box_id": 1, "provider": "protomaps" }, "geometry": { "type": "LineString", "coordinates": [ [ -49.248758279491611, -25.425118094340171 ], [ -49.248752340187316, -25.425118589781512 ], [ -49.248738481810506, -25.42511974581037 ], [ -49.248724623433517, -25.425120901837897 ], [ -49.248718684129038, -25.425121397277856 ] ] } },
{ "type": "Feature", "properties": { "length_m": 4.0000018306117608, "length_ok": true, "above_tolerance": false, "segment_id": 43, "node_degree": 3, "center_offset_m": 7.0, "used_fallback": false, "box_id": 1, "provider": "protomaps" }, "geometry": { "type": "LineString", "coordinates": [ [ -49.248745549531861, -25.424992244581667 ], [ -49.248739610222557, -25.424992740022372 ], [ -49.248725751834066, -25.424993896049731 ], [ -49.248711893445396, -25.424995052075772 ], [ -49.248705954135907, -25.424995547515099 ] ] } },
{ "type": "Feature", "properties": { "length_m": 3.9999988076540371, "length_ok": true, "above_tolerance": false, "segment_id": 43, "node_degree": 4, "center_offset_m": 7.0, "used_fallback": false, "box_id": 1, "provider": "protomaps" }, "geometry": { "type": "LineString", "coordinates": [ [ -49.248686117179773, -25.424404690615408 ], [ -49.248680177903843, -25.424405186054891 ], [ -49.248666319593219, -25.424406342079397 ], [ -49.248652461282404, -25.424407498102571 ], [ -49.24864652200629, -25.424407993540672 ] ] } },
{ "type": "Feature", "properties": { "length_m": 3.9999996812050349, "length_ok": true, "above_tolerance": false, "segment_id": 44, "node_degree": 4, "center_offset_m": 7.0, "used_fallback": false, "box_id": 1, "provider": "protomaps" }, "geometry": { "type": "LineString", "coordinates": [ [ -49.248673387336098, -25.424278840849258 ], [ -49.248667448064815, -25.424279336286265 ], [ -49.248653589765027, -25.424280492305009 ], [ -49.248639731465062, -25.424281648322435 ], [ -49.248633792193594, -25.42428214375806 ] ] } },
{ "type": "Feature", "properties": { "length_m": 7.0000000002214851, "length_ok": true, "above_tolerance": true, "segment_id": 45, "node_degree": 4, "center_offset_m": 17.0, "used_fallback": true, "box_id": 1, "provider": "protomaps" }, "geometry": { "type": "LineString", "coordinates": [ [ -49.250502757119399, -25.428542559269122 ], [ -49.250503684431344, -25.428552000261938 ], [ -49.250505848159591, -25.428574029245116 ], [ -49.250508011888371, -25.428596058228237 ], [ -49.25050893920087, -25.428605499220996 ] ] } },
{ "type": "Feature", "properties": { "length_m": 4.0000035091118864, "length_ok": true, "above_tolerance": false, "segment_id": 46, "node_degree": 4, "center_offset_m": 7.0, "used_fallback": false, "box_id": 1, "provider": "protomaps" }, "geometry": { "type": "LineString", "coordinates": [ [ -49.250271396311909, -25.428574892715975 ], [ -49.25027192619347, -25.428580287574103 ], [ -49.250273162583916, -25.428592875576395 ], [ -49.250274398974518, -25.42860546357867 ], [ -49.250274928856264, -25.428610858436787 ] ] } },
{ "type": "Feature", "properties": { "length_m": 4.000000783839547, "length_ok": true, "above_tolerance": false, "segment_id": 46, "node_degree": 3, "center_offset_m": 7.0, "used_fallback": false, "box_id": 1, "provider": "protomaps" }, "geometry": { "type": "LineString", "coordinates": [ [ -49.249491322844513, -25.428638071809686 ], [ -49.24949185269088, -25.42864346666509 ], [ -49.249493088999174, -25.428656054661019 ], [ -49.249494325307644, -25.42866864265692 ], [ -49.249494855154182, -25.428674037512305 ] ] } },
{ "type": "Feature", "properties": { "length_m": 3.9999967355818771, "length_ok": true, "above_tolerance": false, "segment_id": 47, "node_degree": 3, "center_offset_m": 7.0, "used_fallback": false, "box_id": 1, "provider": "protomaps" }, "geometry": { "type": "LineString", "coordinates": [ [ -49.249352701529411, -25.428649298608359 ], [ -49.249353231378684, -25.428654693457684 ], [ -49.249354467693763, -25.428667281439441 ], [ -49.24935570400902, -25.428679869421174 ], [ -49.249356233858471, -25.428685264270488 ] ] } },
{ "type": "Feature", "properties": { "length_m": 4.0000019277385608, "length_ok": true, "above_tolerance": false, "segment_id": 47, "node_degree": 4, "center_offset_m": 7.0, "used_fallback": false, "box_id": 1, "provider": "protomaps" }, "geometry": { "type": "LineString", "coordinates": [ [ -49.249166963738503, -25.428664341152228 ], [ -49.249167493580167, -25.428669736008782 ], [ -49.249168729877496, -25.428682324007404 ], [ -49.249169966174996, -25.428694912005998 ], [ -49.249170496016838, -25.428700306862542 ] ] } },
{ "type": "Feature", "properties": { "length_m": 6.9999999996485904, "length_ok": true, "above_tolerance": false, "segment_id": 48, "node_degree": 4, "center_offset_m": 0.011082452499186117, "used_fallback": true, "box_id": 1, "provider": "protomaps" }, "geometry": { "type": "LineString", "coordinates": [ [ -49.249096225901326, -25.428656475632785 ], [ -49.249097150974251, -25.428665916800803 ], [ -49.249099309478126, -25.428687946192795 ], [ -49.249101467982534, -25.428709975584734 ], [ -49.249102393056006, -25.428719416752706 ] ] } },
{ "type": "Feature", "properties": { "length_m": 6.9999999999748752, "length_ok": true, "above_tolerance": false, "segment_id": 49, "node_degree": 3, "center_offset_m": 17.0, "used_fallback": true, "box_id": 1, "provider": "protomaps" }, "geometry": { "type": "LineString", "coordinates": [ [ -49.242625647894016, -25.42935669741982 ], [ -49.24261525159443, -25.429357542748864 ], [ -49.242590993561677, -25.429359515180405 ], [ -49.242566735528392, -25.429361487607895 ], [ -49.242556339228251, -25.429362332932719 ] ] } },
{ "type": "Feature", "properties": { "length_m": 7.000000000102335, "length_ok": true, "above_tolerance": true, "segment_id": 50, "node_degree": 3, "center_offset_m": 17.0, "used_fallback": true, "box_id": 1, "provider": "protomaps" }, "geometry": { "type": "LineString", "coordinates": [ [ -49.242596391370675, -25.429059990715292 ], [ -49.242585995095411, -25.429060836031319 ], [ -49.242561737119424, -25.429062808432509 ], [ -49.242537479142904, -25.429064780829641 ], [ -49.242527082867085, -25.429065626141465 ] ] } },
{ "type": "Feature", "properties": { "length_m": 7.000000000102335, "length_ok": true, "above_tolerance": true, "segment_id": 50, "node_degree": 3, "center_offset_m": 17.0, "used_fallback": true, "box_id": 1, "provider": "protomaps" }, "geometry": { "type": "LineString", "coordinates": [ [ -49.242523421216134, -25.428319949963907 ], [ -49.24251302500457, -25.4283207952782 ], [ -49.242488767177221, -25.428322767675347 ], [ -49.242464509349325, -25.428324740068433 ], [ -49.242454113137214, -25.428325585378516 ] ] } },
{ "type": "Feature", "properties": { "length_m": 7.0000000002244551, "length_ok": true, "above_tolerance": true, "segment_id": 51, "node_degree": 4, "center_offset_m": 17.0, "used_fallback": true, "box_id": 1, "provider": "protomaps" }, "geometry": { "type": "LineString", "coordinates": [ [ -49.246414210759639, -25.42893575019793 ], [ -49.246413289457891, -25.428926308737179 ], [ -49.246411139754201, -25.428904278662042 ], [ -49.246408990051037, -25.428882248586859 ], [ -49.246408068749837, -25.428872807126051 ] ] } },
{ "type": "Feature", "properties": { "length_m": 7.0000000002282778, "length_ok": true, "above_tolerance": true, "segment_id": 52, "node_degree": 4, "center_offset_m": 17.0, "used_fallback": true, "box_id": 1, "provider": "protomaps" }, "geometry": { "type": "LineString", "coordinates": [ [ -49.246740977825773, -25.42890945607477 ], [ -49.246740056496108, -25.428900014614882 ], [ -49.246737906727276, -25.428877984541778 ], [ -49.246735756958962, -25.42885595446862 ], [ -49.246734835629844, -25.428846513008679 ] ] } },
{ "type": "Feature", "properties": { "length_m": 7.0000000002282778, "length_ok": true, "above_tolerance": true, "segment_id": 52, "node_degree": 4, "center_offset_m": 17.0, "used_fallback": true, "box_id": 1, "provider": "protomaps" }, "geometry": { "type": "LineString", "coordinates": [ [ -49.247660607336101, -25.428835451721497 ], [ -49.247659685934551, -25.428826010263517 ], [ -49.247657535997966, -25.428803980194868 ], [ -49.247655386061908, -25.428781950126158 ], [ -49.247654464660904, -25.428772508668128 ] ] } },
{ "type": "Feature", "properties": { "length_m": 7.0000000002451683, "length_ok": true, "above_tolerance": true, "segment_id": 53, "node_degree": 4, "center_offset_m": 17.0, "used_fallback": true, "box_id": 1, "provider": "protomaps" }, "geometry": { "type": "LineString", "coordinates": [ [ -49.247987374019282, -25.428809154816872 ], [ -49.247986452595953, -25.428799713359265 ], [ -49.247984302608543, -25.428777683291486 ], [ -49.247982152621674, -25.428755653223657 ], [ -49.247981231198892, -25.428746211766001 ] ] } },
{ "type": "Feature", "properties": { "length_m": 7.0000000002451683, "length_ok": true, "above_tolerance": true, "segment_id": 53, "node_degree": 3, "center_offset_m": 17.0, "used_fallback": true, "box_id": 1, "provider": "protomaps" }, "geometry": { "type": "LineString", "coordinates": [ [ -49.248435770089799, -25.428773068520691 ], [ -49.248434848631412, -25.428763627064018 ], [ -49.248432698562226, -25.428741596998417 ], [ -49.248430548493559, -25.428719566932756 ], [ -49.248429627035726, -25.428710125476027 ] ] } },
{ "type": "Feature", "properties": { "length_m": 6.9999999993582298, "length_ok": true, "above_tolerance": false, "segment_id": 54, "node_degree": 3, "center_offset_m": 17.0, "used_fallback": true, "box_id": 1, "provider": "protomaps" }, "geometry": { "type": "LineString", "coordinates": [ [ -49.248762536575043, -25.428746769843364 ], [ -49.248761615085449, -25.428737328387825 ], [ -49.24875946494344, -25.428715298324871 ], [ -49.248757314801956, -25.42869326826187 ], [ -49.248756393312917, -25.428683826806278 ] ] } },
{ "type": "Feature", "properties": { "length_m": 6.9999999994314255, "length_ok": true, "above_tolerance": false, "segment_id": 55, "node_degree": 3, "center_offset_m": 17.0, "used_fallback": true, "box_id": 1, "provider": "protomaps" }, "geometry": { "type": "LineString", "coordinates": [ [ -49.243586228376117, -25.429098421271501 ], [ -49.243587147050619, -25.42910786293146 ], [ -49.243589290624826, -25.429129893471305 ], [ -49.243591434199551, -25.429151924011098 ], [ -49.2435923528746, -25.429161365670996 ] ] } },
{ "type": "Feature", "properties": { "length_m": 6.9999999994314255, "length_ok": true, "above_tolerance": false, "segment_id": 55, "node_degree": 3, "center_offset_m": 17.0, "used_fallback": true, "box_id": 1, "provider": "protomaps" }, "geometry": { "type": "LineString", "coordinates": [ [ -49.242736690597461, -25.429166581305839 ], [ -49.242737609205534, -25.429176022967535 ], [ -49.242739752624772, -25.429198053511442 ], [ -49.242741896044521, -25.429220084055292 ], [ -49.242742814653155, -25.429229525716927 ] ] } },
{ "type": "Feature", "properties": { "length_m": 6.9999999996302122, "length_ok": true, "above_tolerance": false, "segment_id": 57, "node_degree": 3, "center_offset_m": 17.0, "used_fallback": true, "box_id": 1, "provider": "protomaps" }, "geometry": { "type": "LineString", "coordinates": [ [ -49.241453696768197, -25.428204419720061 ], [ -49.241462969491131, -25.428208771353699 ], [ -49.241484605847347, -25.428218925163392 ], [ -49.241506242207343, -25.42822907897007 ], [ -49.241515514934207, -25.428233430600578 ] ] } },
{ "type": "Feature", "properties": { "length_m": 6.9999999997862474, "length_ok": true, "above_tolerance": false, "segment_id": 58, "node_degree": 3, "center_offset_m": 10.209605091568099, "used_fallback": true, "box_id": 1, "provider": "protomaps" }, "geometry": { "type": "LineString", "coordinates": [ [ -49.241333509537533, -25.428420204801284 ], [ -49.241342889178711, -25.428424363218362 ], [ -49.241364775010744, -25.42843406618935 ], [ -49.241386660846445, -25.428443769157248 ], [ -49.241396040491445, -25.42844792757111 ] ] } },
{ "type": "Feature", "properties": { "length_m": 4.0000011296259022, "length_ok": true, "above_tolerance": false, "segment_id": 61, "node_degree": 3, "center_offset_m": 7.0, "used_fallback": false, "box_id": 1, "provider": "protomaps" }, "geometry": { "type": "LineString", "coordinates": [ [ -49.242698649158044, -25.428332789956222 ], [ -49.242704608168239, -25.428332558433635 ], [ -49.242718512525322, -25.42833201821329 ], [ -49.242732416882362, -25.428331477991641 ], [ -49.242738375892507, -25.428331246467668 ] ] } },
{ "type": "Feature", "properties": { "length_m": 4.3284048614077566, "length_ok": true, "above_tolerance": false, "segment_id": 61, "node_degree": 4, "center_offset_m": 7.0, "used_fallback": false, "box_id": 1, "provider": "protomaps" }, "geometry": { "type": "LineString", "coordinates": [ [ -49.24364101868121, -25.428717562348591 ], [ -49.243643535215831, -25.428712165284971 ], [ -49.24364940712902, -25.428699572136289 ], [ -49.243655279040915, -25.428686978987287 ], [ -49.243657795574187, -25.428681581923328 ] ] } },
{ "type": "Feature", "properties": { "length_m": 6.9999999998560689, "length_ok": true, "above_tolerance": false, "segment_id": 62, "node_degree": 4, "center_offset_m": 17.0, "used_fallback": true, "box_id": 1, "provider": "protomaps" }, "geometry": { "type": "LineString", "coordinates": [ [ -49.2438503245465, -25.428812744814724 ], [ -49.24385439432573, -25.428804016544127 ], [ -49.24386389047487, -25.428783650578797 ], [ -49.243873386620635, -25.428763284612632 ], [ -49.243877456396355, -25.428754556341165 ] ] } },
{ "type": "Feature", "properties": { "length_m": 7.0000000000268638, "length_ok": true, "above_tolerance": true, "segment_id": 63, "node_degree": 3, "center_offset_m": 7.7822528967102222, "used_fallback": true, "box_id": 1, "provider": "protomaps" }, "geometry": { "type": "LineString", "coordinates": [ [ -49.250831865517839, -25.42575622459897 ], [ -49.250821433956233, -25.425756547508943 ], [ -49.250797093645787, -25.425757300962648 ], [ -49.250772753335298, -25.425758054412299 ], [ -49.250762321773642, -25.425758377318054 ] ] } },
{ "type": "Feature", "properties": { "length_m": 7.0000000001147198, "length_ok": true, "above_tolerance": true, "segment_id": 63, "node_degree": 3, "center_offset_m": 7.7822528967102222, "used_fallback": true, "box_id": 1, "provider": "protomaps" }, "geometry": { "type": "LineString", "coordinates": [ [ -49.250831757946933, -25.425753358861751 ], [ -49.250821326385577, -25.425753681771734 ], [ -49.250796986075706, -25.425754435225453 ], [ -49.250772645765792, -25.425755188675126 ], [ -49.250762214204393, -25.425755511580896 ] ] } },
{ "type": "Feature", "properties": { "length_m": 4.0000025383994888, "length_ok": true, "above_tolerance": false, "segment_id": 64, "node_degree": 3, "center_offset_m": 7.0, "used_fallback": false, "box_id": 1, "provider": "protomaps" }, "geometry": { "type": "LineString", "coordinates": [ [ -49.248832892506485, -25.425353429332333 ], [ -49.248833145746524, -25.425358840719728 ], [ -49.24883373663998, -25.425371467290322 ], [ -49.24883432753348, -25.425384093860892 ], [ -49.248834580773561, -25.425389505248276 ] ] } },
{ "type": "Feature", "properties": { "length_m": 4.0000023648294576, "length_ok": true, "above_tolerance": false, "segment_id": 65, "node_degree": 3, "center_offset_m": 7.0, "used_fallback": false, "box_id": 1, "provider": "protomaps" }, "geometry": { "type": "LineString", "coordinates": [ [ -49.248800997409504, -25.425036665662553 ], [ -49.248801196674144, -25.425042078910575 ], [ -49.248801661624974, -25.425054709822618 ], [ -49.248802126575818, -25.425067340734643 ], [ -49.248802325840472, -25.425072753982651 ] ] } },
{ "type": "Feature", "properties": { "length_m": 4.0000007032656599, "length_ok": true, "above_tolerance": false, "segment_id": 66, "node_degree": 3, "center_offset_m": 7.0, "used_fallback": false, "box_id": 1, "provider": "protomaps" }, "geometry": { "type": "LineString", "coordinates": [ [ -49.249397645166674, -25.42860038408681 ], [ -49.249403584893315, -25.428599891028167 ], [ -49.24941744425535, -25.42859874055706 ], [ -49.249431303617207, -25.428597590084632 ], [ -49.249437243343664, -25.42859709702461 ] ] } },
{ "type": "Feature", "properties": { "length_m": 3.9999961151759247, "length_ok": true, "above_tolerance": false, "segment_id": 67, "node_degree": 3, "center_offset_m": 7.0, "used_fallback": false, "box_id": 1, "provider": "protomaps" }, "geometry": { "type": "LineString", "coordinates": [ [ -49.248939272194349, -25.426403120309111 ], [ -49.248939451872296, -25.426408534113421 ], [ -49.248939871120825, -25.426421166323468 ], [ -49.248940290369354, -25.426433798533505 ], [ -49.248940470047295, -25.426439212337801 ] ] } },
{ "type": "Feature", "properties": { "length_m": 6.9999999999594511, "length_ok": true, "above_tolerance": false, "segment_id": 68, "node_degree": 3, "center_offset_m": 17.0, "used_fallback": true, "box_id": 1, "provider": "protomaps" }, "geometry": { "type": "LineString", "coordinates": [ [ -49.250622198603978, -25.426828131682459 ], [ -49.250632629217463, -25.426827782175984 ], [ -49.250656967315528, -25.42682696665797 ], [ -49.250681305413536, -25.426826151135909 ], [ -49.250691736026951, -25.42682580162521 ] ] } },
{ "type": "Feature", "properties": { "length_m": 6.9999999999116858, "length_ok": true, "above_tolerance": false, "segment_id": 69, "node_degree": 3, "center_offset_m": 8.4520251328002356, "used_fallback": true, "box_id": 1, "provider": "protomaps" }, "geometry": { "type": "LineString", "coordinates": [ [ -49.251227996528897, -25.426404809007042 ], [ -49.251238398154854, -25.426404021885674 ], [ -49.251262668615077, -25.426402185266273 ], [ -49.251286939074816, -25.426400348642822 ], [ -49.251297340700276, -25.42639956151724 ] ] } },
{ "type": "Feature", "properties": { "length_m": 6.9999999999116858, "length_ok": true, "above_tolerance": false, "segment_id": 69, "node_degree": 3, "center_offset_m": 8.4520251328002356, "used_fallback": true, "box_id": 1, "provider": "protomaps" }, "geometry": { "type": "LineString", "coordinates": [ [ -49.251228281310667, -25.426407912432708 ], [ -49.251238682936886, -25.426407125311339 ], [ -49.251262953397735, -25.426405288691925 ], [ -49.2512872238581, -25.42640345206846 ], [ -49.251297625483822, -25.426402664942874 ] ] } },
{ "type": "Feature", "properties": { "length_m": 7.0000000001326956, "length_ok": true, "above_tolerance": true, "segment_id": 70, "node_degree": 3, "center_offset_m": 6.9887268467570935, "used_fallback": true, "box_id": 1, "provider": "protomaps" }, "geometry": { "type": "LineString", "coordinates": [ [ -49.251241027572178, -25.426546816505891 ], [ -49.251251429211578, -25.426546029397489 ], [ -49.251275699703179, -25.426544192808315 ], [ -49.251299970194289, -25.42654235621508 ], [ -49.251310371833192, -25.426541569102458 ] ] } },
{ "type": "Feature", "properties": { "length_m": 7.0000000001326956, "length_ok": true, "above_tolerance": true, "segment_id": 70, "node_degree": 3, "center_offset_m": 6.9887268467570935, "used_fallback": true, "box_id": 1, "provider": "protomaps" }, "geometry": { "type": "LineString", "coordinates": [ [ -49.251241263046104, -25.426549382636043 ], [ -49.251251664685732, -25.426548595527635 ], [ -49.251275935177844, -25.42654675893845 ], [ -49.25130020566948, -25.426544922345212 ], [ -49.251310607308604, -25.426544135232575 ] ] } },
{ "type": "Feature", "properties": { "length_m": 6.9999999999778453, "length_ok": true, "above_tolerance": false, "segment_id": 71, "node_degree": 3, "center_offset_m": 3.0579824629237891, "used_fallback": true, "box_id": 1, "provider": "protomaps" }, "geometry": { "type": "LineString", "coordinates": [ [ -49.251249556389595, -25.42663976217186 ], [ -49.251259958039618, -25.426638975091841 ], [ -49.25128422855601, -25.426637138568903 ], [ -49.251308499071925, -25.426635302041912 ], [ -49.251318900721458, -25.42663451495768 ] ] } },
{ "type": "Feature", "properties": { "length_m": 7.000000000015894, "length_ok": true, "above_tolerance": true, "segment_id": 72, "node_degree": 3, "center_offset_m": 11.917343736243339, "used_fallback": true, "box_id": 1, "provider": "protomaps" }, "geometry": { "type": "LineString", "coordinates": [ [ -49.251135486485815, -25.426300539272727 ], [ -49.251136062288396, -25.426310003316896 ], [ -49.251137405827897, -25.4263320860866 ], [ -49.251138749367648, -25.426354168856246 ], [ -49.25113932517047, -25.426363632900369 ] ] } },
{ "type": "Feature", "properties": { "length_m": 6.9999999992215916, "length_ok": true, "above_tolerance": false, "segment_id": 74, "node_degree": 3, "center_offset_m": 0.96863097283308441, "used_fallback": true, "box_id": 1, "provider": "protomaps" }, "geometry": { "type": "LineString", "coordinates": [ [ -49.25127720836084, -25.426449186163641 ], [ -49.251277906521842, -25.426458643414509 ], [ -49.251279535564414, -25.426480710333163 ], [ -49.251281164607327, -25.426502777251777 ], [ -49.251281862768678, -25.426512234502592 ] ] } },
{ "type": "Feature", "properties": { "length_m": 6.9999999996565441, "length_ok": true, "above_tolerance": false, "segment_id": 75, "node_degree": 3, "center_offset_m": 1.7790452531130716, "used_fallback": true, "box_id": 1, "provider": "protomaps" }, "geometry": { "type": "LineString", "coordinates": [ [ -49.25127243425905, -25.426294135959314 ], [ -49.251272714949721, -25.42630361100985 ], [ -49.251273369894584, -25.426325719461094 ], [ -49.251274024839425, -25.42634782791227 ], [ -49.251274305530067, -25.426357302962757 ] ] } },
{ "type": "Feature", "properties": { "length_m": 7.000000000567308, "length_ok": true, "above_tolerance": true, "segment_id": 76, "node_degree": 3, "center_offset_m": 0.29463554016404991, "used_fallback": true, "box_id": 1, "provider": "protomaps" }, "geometry": { "type": "LineString", "coordinates": [ [ -49.251282705265197, -25.426577914562429 ], [ -49.251283281816555, -25.426587378569355 ], [ -49.251284627103246, -25.426609461252117 ], [ -49.251285972390164, -25.426631543934828 ], [ -49.251286548941771, -25.426641007941701 ] ] } },
{ "type": "Feature", "properties": { "length_m": 7.0000000000543929, "length_ok": true, "above_tolerance": true, "segment_id": 77, "node_degree": 3, "center_offset_m": 17.0, "used_fallback": true, "box_id": 1, "provider": "protomaps" }, "geometry": { "type": "LineString", "coordinates": [ [ -49.251113804181813, -25.427451175238975 ], [ -49.25110338681575, -25.427451767578404 ], [ -49.251079079628084, -25.427453149700838 ], [ -49.251054772440114, -25.427454531819219 ], [ -49.251044355073752, -25.427455124154431 ] ] } },
{ "type": "Feature", "properties": { "length_m": 7.0000000000543929, "length_ok": true, "above_tolerance": true, "segment_id": 77, "node_degree": 3, "center_offset_m": 17.0, "used_fallback": true, "box_id": 1, "provider": "protomaps" }, "geometry": { "type": "LineString", "coordinates": [ [ -49.251110149756897, -25.427398176203422 ], [ -49.251099732395417, -25.427398768542833 ], [ -49.251075425218424, -25.427400150665232 ], [ -49.251051118041133, -25.427401532783581 ], [ -49.251040700679347, -25.427402125118775 ] ] } },
{ "type": "Feature", "properties": { "length_m": 6.9999999999078764, "length_ok": true, "above_tolerance": false, "segment_id": 78, "node_degree": 3, "center_offset_m": 7.3748583030405879, "used_fallback": true, "box_id": 1, "provider": "protomaps" }, "geometry": { "type": "LineString", "coordinates": [ [ -49.251095318561923, -25.427183076421411 ], [ -49.251084901214647, -25.42718366869752 ], [ -49.251060594070807, -25.427185050672197 ], [ -49.251036286926663, -25.427186432642827 ], [ -49.251025869579081, -25.427187024914716 ] ] } },
{ "type": "Feature", "properties": { "length_m": 6.9999999999078764, "length_ok": true, "above_tolerance": false, "segment_id": 78, "node_degree": 3, "center_offset_m": 7.3748583030405879, "used_fallback": true, "box_id": 1, "provider": "protomaps" }, "geometry": { "type": "LineString", "coordinates": [ [ -49.251095131583753, -25.427180364436179 ], [ -49.251084714236718, -25.427180956712288 ], [ -49.251060407093419, -25.427182338686965 ], [ -49.251036099949822, -25.427183720657592 ], [ -49.251025682602474, -25.427184312929477 ] ] } },
{ "type": "Feature", "properties": { "length_m": 7.0000000000405445, "length_ok": true, "above_tolerance": true, "segment_id": 79, "node_degree": 3, "center_offset_m": 9.3949324661281803, "used_fallback": true, "box_id": 1, "provider": "protomaps" }, "geometry": { "type": "LineString", "coordinates": [ [ -49.251084713983744, -25.427029277096821 ], [ -49.251074296655823, -25.427029869460981 ], [ -49.251049989557131, -25.427031251641115 ], [ -49.251025682458142, -25.427032633817195 ], [ -49.251015265129915, -25.427033226177134 ] ] } },
{ "type": "Feature", "properties": { "length_m": 7.0000000000405445, "length_ok": true, "above_tolerance": true, "segment_id": 79, "node_degree": 3, "center_offset_m": 9.3949324661281803, "used_fallback": true, "box_id": 1, "provider": "protomaps" }, "geometry": { "type": "LineString", "coordinates": [ [ -49.251084475754617, -25.427025822263843 ], [ -49.251074058426994, -25.427026414628003 ], [ -49.251049751328992, -25.427027796808137 ], [ -49.251025444230699, -25.427029178984213 ], [ -49.251015026902763, -25.427029771344152 ] ] } },
{ "type": "Feature", "properties": { "length_m": 6.9999999999415436, "length_ok": true, "above_tolerance": false, "segment_id": 80, "node_degree": 3, "center_offset_m": 17.0, "used_fallback": true, "box_id": 1, "provider": "protomaps" }, "geometry": { "type": "LineString", "coordinates": [ [ -49.250448337482084, -25.427803325778296 ], [ -49.250458740760372, -25.427802555575962 ], [ -49.250483015076036, -25.427800758434277 ], [ -49.250507289391237, -25.427798961288545 ], [ -49.250517692669035, -25.427798191081994 ] ] } },
{ "type": "Feature", "properties": { "length_m": 7.0000000005424621, "length_ok": true, "above_tolerance": true, "segment_id": 80, "node_degree": 3, "center_offset_m": 17.0, "used_fallback": true, "box_id": 1, "provider": "protomaps" }, "geometry": { "type": "LineString", "coordinates": [ [ -49.250407301067085, -25.427983182396531 ], [ -49.250414021678473, -25.427990434693061 ], [ -49.250429703108139, -25.428007356717242 ], [ -49.250445384542147, -25.428024278739947 ], [ -49.250452105158047, -25.428031531034943 ] ] } },
{ "type": "Feature", "properties": { "length_m": 6.9999999996674012, "length_ok": true, "above_tolerance": false, "segment_id": 81, "node_degree": 3, "center_offset_m": 17.0, "used_fallback": true, "box_id": 1, "provider": "protomaps" }, "geometry": { "type": "LineString", "coordinates": [ [ -49.248710153276981, -25.428840042454976 ], [ -49.24870119620558, -25.428844908981873 ], [ -49.248680296369614, -25.428856264209024 ], [ -49.248659396529838, -25.428867619432978 ], [ -49.248650439454494, -25.428872485956553 ] ] } },
{ "type": "Feature", "properties": { "length_m": 4.0000068794709192, "length_ok": true, "above_tolerance": false, "segment_id": 82, "node_degree": 3, "center_offset_m": 7.0, "used_fallback": false, "box_id": 1, "provider": "protomaps" }, "geometry": { "type": "LineString", "coordinates": [ [ -49.242996326686033, -25.426402696844697 ], [ -49.243002274585976, -25.426402294535166 ], [ -49.243016153019099, -25.426401355811997 ], [ -49.243030031452079, -25.426400417087493 ], [ -49.243035979351895, -25.426400014776593 ] ] } },
{ "type": "Feature", "properties": { "length_m": 5.8295783623892756, "length_ok": true, "above_tolerance": false, "segment_id": 83, "node_degree": 3, "center_offset_m": 10.5, "used_fallback": false, "box_id": 1, "provider": "protomaps" }, "geometry": { "type": "LineString", "coordinates": [ [ -49.244232753131676, -25.42740196602859 ], [ -49.244231577441425, -25.42739414494045 ], [ -49.244228834164645, -25.427375895734748 ], [ -49.244226090888517, -25.427357646529 ], [ -49.244224915198956, -25.4273498254408 ] ] } },
{ "type": "Feature", "properties": { "length_m": 4.0000018941914064, "length_ok": true, "above_tolerance": false, "segment_id": 84, "node_degree": 3, "center_offset_m": 7.0, "used_fallback": false, "box_id": 1, "provider": "protomaps" }, "geometry": { "type": "LineString", "coordinates": [ [ -49.24435502731572, -25.427280218135294 ], [ -49.24434949370815, -25.427278197048707 ], [ -49.244336581957903, -25.427273481179267 ], [ -49.244323670208729, -25.427268765308728 ], [ -49.24431813660226, -25.427266744221022 ] ] } },
{ "type": "Feature", "properties": { "length_m": 4.0000037089710787, "length_ok": true, "above_tolerance": false, "segment_id": 84, "node_degree": 3, "center_offset_m": 7.0, "used_fallback": false, "box_id": 1, "provider": "protomaps" }, "geometry": { "type": "LineString", "coordinates": [ [ -49.244365505135853, -25.427256561292719 ], [ -49.24435997152662, -25.427254540205666 ], [ -49.244347059772515, -25.427249824335085 ], [ -49.244334148019476, -25.427245108463435 ], [ -49.244328614411351, -25.427243087375253 ] ] } },
{ "type": "Feature", "properties": { "length_m": 4.9999970844611061, "length_ok": true, "above_tolerance": false, "segment_id": 85, "node_degree": 3, "center_offset_m": 7.0, "used_fallback": false, "box_id": 1, "provider": "protomaps" }, "geometry": { "type": "LineString", "coordinates": [ [ -49.244480190059981, -25.427669270681733 ], [ -49.244472744517623, -25.427669621108382 ], [ -49.244455371585381, -25.427670438769088 ], [ -49.244437998653048, -25.427671256427718 ], [ -49.244430553110583, -25.427671606852222 ] ] } },
{ "type": "Feature", "properties": { "length_m": 4.9999979757465356, "length_ok": true, "above_tolerance": false, "segment_id": 85, "node_degree": 3, "center_offset_m": 7.0, "used_fallback": false, "box_id": 1, "provider": "protomaps" }, "geometry": { "type": "LineString", "coordinates": [ [ -49.244474014919533, -25.427561076236131 ], [ -49.244466569382524, -25.427561426662884 ], [ -49.244449196462767, -25.427562244323838 ], [ -49.244431823542911, -25.427563061982728 ], [ -49.244424378005796, -25.427563412407327 ] ] } },
{ "type": "Feature", "properties": { "length_m": 6.4195581924723761, "length_ok": true, "above_tolerance": false, "segment_id": 86, "node_degree": 3, "center_offset_m": 7.5, "used_fallback": false, "box_id": 1, "provider": "protomaps" }, "geometry": { "type": "LineString", "coordinates": [ [ -49.244247166912679, -25.427292204599325 ], [ -49.244243937481265, -25.427300387453432 ], [ -49.244236402139485, -25.427319480779271 ], [ -49.244228866795162, -25.427338574104535 ], [ -49.244225637361097, -25.427346756958048 ] ] } },
{ "type": "Feature", "properties": { "length_m": 4.6996299495953764, "length_ok": true, "above_tolerance": false, "segment_id": 86, "node_degree": 3, "center_offset_m": 7.0, "used_fallback": false, "box_id": 1, "provider": "protomaps" }, "geometry": { "type": "LineString", "coordinates": [ [ -49.243962236437739, -25.427096023949865 ], [ -49.243955357874547, -25.427097239621279 ], [ -49.243939307893314, -25.427100076186626 ], [ -49.24392325791144, -25.427102912750179 ], [ -49.243916379347581, -25.427104128419717 ] ] } },
{ "type": "Feature", "properties": { "length_m": 4.9999942096701657, "length_ok": true, "above_tolerance": false, "segment_id": 87, "node_degree": 3, "center_offset_m": 7.0, "used_fallback": false, "box_id": 1, "provider": "protomaps" }, "geometry": { "type": "LineString", "coordinates": [ [ -49.244722239611882, -25.427699351376621 ], [ -49.244722600887258, -25.427706113736519 ], [ -49.244723443863187, -25.427721892576265 ], [ -49.244724286839208, -25.427737671415997 ], [ -49.244724648114676, -25.427744433775867 ] ] } },
{ "type": "Feature", "properties": { "length_m": 5.0000056148785985, "length_ok": true, "above_tolerance": false, "segment_id": 87, "node_degree": 3, "center_offset_m": 7.0, "used_fallback": false, "box_id": 1, "provider": "protomaps" }, "geometry": { "type": "LineString", "coordinates": [ [ -49.244527272364472, -25.427707940567366 ], [ -49.244527633629751, -25.427714702942584 ], [ -49.244528476582111, -25.427730481818074 ], [ -49.244529319534564, -25.427746260693549 ], [ -49.244529680799921, -25.427753023068746 ] ] } },
{ "type": "Feature", "properties": { "length_m": 5.0000039554173954, "length_ok": true, "above_tolerance": false, "segment_id": 88, "node_degree": 3, "center_offset_m": 7.0, "used_fallback": false, "box_id": 1, "provider": "protomaps" }, "geometry": { "type": "LineString", "coordinates": [ [ -49.24443412147312, -25.427796733407245 ], [ -49.244441577026912, -25.427796733400296 ], [ -49.244458973319162, -25.427796733382603 ], [ -49.244476369611554, -25.427796733362861 ], [ -49.244483825165474, -25.427796733353766 ] ] } },
{ "type": "Feature", "properties": { "length_m": 4.9999932016677082, "length_ok": true, "above_tolerance": false, "segment_id": 88, "node_degree": 3, "center_offset_m": 7.0, "used_fallback": false, "box_id": 1, "provider": "protomaps" }, "geometry": { "type": "LineString", "coordinates": [ [ -49.244448528379472, -25.428078795210681 ], [ -49.244455970009518, -25.428078381611218 ], [ -49.244473333812849, -25.428077416544316 ], [ -49.244490697616044, -25.428076451475341 ], [ -49.244498139245934, -25.428076037873719 ] ] } },
{ "type": "Feature", "properties": { "length_m": 4.0000019431712754, "length_ok": true, "above_tolerance": false, "segment_id": 89, "node_degree": 3, "center_offset_m": 7.0, "used_fallback": false, "box_id": 1, "provider": "protomaps" }, "geometry": { "type": "LineString", "coordinates": [ [ -49.243129040689993, -25.423593106140796 ], [ -49.243129530397262, -25.423598504111386 ], [ -49.243130673047652, -25.423611099376096 ], [ -49.243131815698199, -25.423623694640796 ], [ -49.243132305405631, -25.423629092611371 ] ] } },
{ "type": "Feature", "properties": { "length_m": 7.0000000003985203, "length_ok": true, "above_tolerance": true, "segment_id": 90, "node_degree": 4, "center_offset_m": 0.058995369256422368, "used_fallback": true, "box_id": 1, "provider": "protomaps" }, "geometry": { "type": "LineString", "coordinates": [ [ -49.241891326884485, -25.423635408768803 ], [ -49.24189703785455, -25.423643342465137 ], [ -49.241910363454195, -25.423661854422516 ], [ -49.241923689057813, -25.423680366378857 ], [ -49.241929400032014, -25.423688300074112 ] ] } },
{ "type": "Feature", "properties": { "length_m": 6.9999999997650413, "length_ok": true, "above_tolerance": false, "segment_id": 91, "node_degree": 4, "center_offset_m": 17.0, "used_fallback": true, "box_id": 1, "provider": "protomaps" }, "geometry": { "type": "LineString", "coordinates": [ [ -49.241753567167144, -25.423717238263887 ], [ -49.241759280576126, -25.423725170513457 ], [ -49.241772611866601, -25.423743679095054 ], [ -49.241785943161034, -25.42376218767561 ], [ -49.241791656574158, -25.4237701199241 ] ] } },
{ "type": "Feature", "properties": { "length_m": 7.0000000000201315, "length_ok": true, "above_tolerance": true, "segment_id": 92, "node_degree": 3, "center_offset_m": 17.0, "used_fallback": true, "box_id": 1, "provider": "protomaps" }, "geometry": { "type": "LineString", "coordinates": [ [ -49.243802422701464, -25.42926218999202 ], [ -49.243792029133502, -25.429263062554107 ], [ -49.243767777474524, -25.42926509852941 ], [ -49.243743525814985, -25.429267134500666 ], [ -49.243733132246447, -25.429268007058539 ] ] } },
{ "type": "Feature", "properties": { "length_m": 7.0000000000129905, "length_ok": true, "above_tolerance": true, "segment_id": 93, "node_degree": 3, "center_offset_m": 17.0, "used_fallback": true, "box_id": 1, "provider": "protomaps" }, "geometry": { "type": "LineString", "coordinates": [ [ -49.243772223080953, -25.428965560948484 ], [ -49.243761829540666, -25.428966433530924 ], [ -49.243737577946256, -25.428968469553723 ], [ -49.243713326351283, -25.42897050557248 ], [ -49.243702932810407, -25.428971378150706 ] ] } },
{ "type": "Feature", "properties": { "length_m": 7.0000000000129905, "length_ok": true, "above_tolerance": true, "segment_id": 93, "node_degree": 4, "center_offset_m": 17.0, "used_fallback": true, "box_id": 1, "provider": "protomaps" }, "geometry": { "type": "LineString", "coordinates": [ [ -49.243762593867928, -25.428870981091638 ], [ -49.243752200335777, -25.428871853673833 ], [ -49.243727948760352, -25.428873889696067 ], [ -49.243703697184365, -25.428875925714255 ], [ -49.243693303651632, -25.42887679829224 ] ] } },
{ "type": "Feature", "properties": { "length_m": 7.000000000076521, "length_ok": true, "above_tolerance": true, "segment_id": 94, "node_degree": 4, "center_offset_m": 17.0, "used_fallback": true, "box_id": 1, "provider": "protomaps" }, "geometry": { "type": "LineString", "coordinates": [ [ -49.243732394346019, -25.428574352170727 ], [ -49.243722000837515, -25.428575224733855 ], [ -49.243697749317299, -25.428577260711609 ], [ -49.243673497796514, -25.42857929668531 ], [ -49.243663104287442, -25.428580169244224 ] ] } },
{ "type": "Feature", "properties": { "length_m": 7.000000000076521, "length_ok": true, "above_tolerance": true, "segment_id": 94, "node_degree": 4, "center_offset_m": 17.0, "used_fallback": true, "box_id": 1, "provider": "protomaps" }, "geometry": { "type": "LineString", "coordinates": [ [ -49.243709806017684, -25.428352479710629 ], [ -49.243699412528279, -25.428353352273188 ], [ -49.243675161052593, -25.42835538824961 ], [ -49.243650909576353, -25.428357424221979 ], [ -49.243640516086366, -25.428358296780321 ] ] } },
{ "type": "Feature", "properties": { "length_m": 3.9999973929588282, "length_ok": true, "above_tolerance": false, "segment_id": 95, "node_degree": 4, "center_offset_m": 7.0, "used_fallback": false, "box_id": 1, "provider": "protomaps" }, "geometry": { "type": "LineString", "coordinates": [ [ -49.243673452738165, -25.428142490398379 ], [ -49.243667513616018, -25.428142989009078 ], [ -49.243653655664225, -25.428144152433088 ], [ -49.243639797712248, -25.42814531585578 ], [ -49.243633858589909, -25.428145814465097 ] ] } },
{ "type": "Feature", "properties": { "length_m": 4.000003508815257, "length_ok": true, "above_tolerance": false, "segment_id": 95, "node_degree": 4, "center_offset_m": 7.0, "used_fallback": false, "box_id": 1, "provider": "protomaps" }, "geometry": { "type": "LineString", "coordinates": [ [ -49.243620808668744, -25.427625397813738 ], [ -49.24361486956294, -25.427625896424438 ], [ -49.243601011649268, -25.427627059848454 ], [ -49.243587153735412, -25.427628223271142 ], [ -49.243581214629415, -25.427628721880463 ] ] } },
{ "type": "Feature", "properties": { "length_m": 3.9999950394129775, "length_ok": true, "above_tolerance": false, "segment_id": 96, "node_degree": 4, "center_offset_m": 7.0, "used_fallback": false, "box_id": 1, "provider": "protomaps" }, "geometry": { "type": "LineString", "coordinates": [ [ -49.243607996980622, -25.427499555209192 ], [ -49.243602057893142, -25.427500053814299 ], [ -49.243588200022216, -25.427501217225274 ], [ -49.243574342151106, -25.427502380634923 ], [ -49.243568403063435, -25.427502879238656 ] ] } },
{ "type": "Feature", "properties": { "length_m": 4.1624559856782462, "length_ok": true, "above_tolerance": false, "segment_id": 96, "node_degree": 4, "center_offset_m": 7.0, "used_fallback": false, "box_id": 1, "provider": "protomaps" }, "geometry": { "type": "LineString", "coordinates": [ [ -49.243555293089202, -25.42696593650566 ], [ -49.243549112811273, -25.426966455361008 ], [ -49.24353469216264, -25.426967666022456 ], [ -49.243520271513802, -25.426968876682473 ], [ -49.243514091235674, -25.426969395536325 ] ] } },
{ "type": "Feature", "properties": { "length_m": 4.2694653858930067, "length_ok": true, "above_tolerance": false, "segment_id": 97, "node_degree": 4, "center_offset_m": 7.0, "used_fallback": false, "box_id": 1, "provider": "protomaps" }, "geometry": { "type": "LineString", "coordinates": [ [ -49.243540873441944, -25.426840228866613 ], [ -49.243534534286958, -25.426840761064479 ], [ -49.243519742925209, -25.426842002858418 ], [ -49.243504951563246, -25.426843244650851 ], [ -49.243498612408047, -25.426843776847154 ] ] } },
{ "type": "Feature", "properties": { "length_m": 3.9999935258840278, "length_ok": true, "above_tolerance": false, "segment_id": 97, "node_degree": 4, "center_offset_m": 7.0, "used_fallback": false, "box_id": 1, "provider": "protomaps" }, "geometry": { "type": "LineString", "coordinates": [ [ -49.243504814628771, -25.426486038462624 ], [ -49.24349887559373, -25.426486537069739 ], [ -49.243485017845181, -25.42648770048541 ], [ -49.243471160096455, -25.426488863899756 ], [ -49.243465221061221, -25.426489362505496 ] ] } },
{ "type": "Feature", "properties": { "length_m": 3.9999946986897301, "length_ok": true, "above_tolerance": false, "segment_id": 98, "node_degree": 4, "center_offset_m": 7.0, "used_fallback": false, "box_id": 1, "provider": "protomaps" }, "geometry": { "type": "LineString", "coordinates": [ [ -49.243492003073399, -25.426360195828131 ], [ -49.243486064042877, -25.426360694435857 ], [ -49.243472206304851, -25.426361857852953 ], [ -49.243458348566641, -25.426363021268717 ], [ -49.243452409535927, -25.426363519875075 ] ] } },
{ "type": "Feature", "properties": { "length_m": 3.9999997709993429, "length_ok": true, "above_tolerance": false, "segment_id": 98, "node_degree": 4, "center_offset_m": 7.0, "used_fallback": false, "box_id": 1, "provider": "protomaps" }, "geometry": { "type": "LineString", "coordinates": [ [ -49.243337340202856, -25.424840991687965 ], [ -49.24333140123948, -25.424841490294092 ], [ -49.243317543658137, -25.424842653707444 ], [ -49.243303686076601, -25.424843817119484 ], [ -49.243297747113033, -25.424844315724243 ] ] } },
{ "type": "Feature", "properties": { "length_m": 3.9999919516007876, "length_ok": true, "above_tolerance": false, "segment_id": 99, "node_degree": 4, "center_offset_m": 7.0, "used_fallback": false, "box_id": 1, "provider": "protomaps" }, "geometry": { "type": "LineString", "coordinates": [ [ -49.24332497637338, -25.424715229536609 ], [ -49.243319034014405, -25.42471569339207 ], [ -49.243305168510012, -25.424716775720526 ], [ -49.243291303005456, -25.424717858047661 ], [ -49.243285360646304, -25.424718321901747 ] ] } },
{ "type": "Feature", "properties": { "length_m": 3.9999923292314183, "length_ok": true, "above_tolerance": false, "segment_id": 99, "node_degree": 3, "center_offset_m": 7.0, "used_fallback": false, "box_id": 1, "provider": "protomaps" }, "geometry": { "type": "LineString", "coordinates": [ [ -49.243225787597815, -25.423667322356927 ], [ -49.243219845289836, -25.42366778621119 ], [ -49.243205979904438, -25.423668868536861 ], [ -49.243192114518862, -25.423669950861203 ], [ -49.24318617221072, -25.423670414714096 ] ] } },
{ "type": "Feature", "properties": { "length_m": 4.0000021765646006, "length_ok": true, "above_tolerance": false, "segment_id": 100, "node_degree": 3, "center_offset_m": 7.0, "used_fallback": false, "box_id": 1, "provider": "protomaps" }, "geometry": { "type": "LineString", "coordinates": [ [ -49.243213869345972, -25.423541407360982 ], [ -49.243207927029374, -25.423541871214294 ], [ -49.243194061623861, -25.423542953537741 ], [ -49.243180196218184, -25.423544035859869 ], [ -49.243174253901415, -25.423544499711802 ] ] } },
{ "type": "Feature", "properties": { "length_m": 6.9999999994874607, "length_ok": true, "above_tolerance": false, "segment_id": 101, "node_degree": 3, "center_offset_m": 15.555450673865264, "used_fallback": true, "box_id": 1, "provider": "protomaps" }, "geometry": { "type": "LineString", "coordinates": [ [ -49.250579312923406, -25.429724676994425 ], [ -49.250583298336721, -25.429715916639854 ], [ -49.250592597632064, -25.429695475811958 ], [ -49.250601896924088, -25.429675034983251 ], [ -49.250605882333943, -25.429666274627838 ] ] } },
{ "type": "Feature", "properties": { "length_m": 4.4323584503563431, "length_ok": true, "above_tolerance": false, "segment_id": 102, "node_degree": 3, "center_offset_m": 7.0, "used_fallback": false, "box_id": 1, "provider": "protomaps" }, "geometry": { "type": "LineString", "coordinates": [ [ -49.247747576362109, -25.428550135618096 ], [ -49.247744876559373, -25.428555613744276 ], [ -49.247738577018666, -25.428568396038443 ], [ -49.247732277476558, -25.428581178332237 ], [ -49.247729577672366, -25.428586656458037 ] ] } },
{ "type": "Feature", "properties": { "length_m": 5.427682863493005, "length_ok": true, "above_tolerance": false, "segment_id": 102, "node_degree": 3, "center_offset_m": 12.0, "used_fallback": false, "box_id": 1, "provider": "protomaps" }, "geometry": { "type": "LineString", "coordinates": [ [ -49.246577130161199, -25.428043742292068 ], [ -49.246571255166231, -25.428048797166891 ], [ -49.246557546842752, -25.428060591873788 ], [ -49.246543838516601, -25.428072386579235 ], [ -49.246537963518861, -25.428077441452565 ] ] } },
{ "type": "Feature", "properties": { "length_m": 4.0000070422688738, "length_ok": true, "above_tolerance": false, "segment_id": 103, "node_degree": 3, "center_offset_m": 7.0, "used_fallback": false, "box_id": 1, "provider": "protomaps" }, "geometry": { "type": "LineString", "coordinates": [ [ -49.244445170881804, -25.427196363392039 ], [ -49.244443086708721, -25.427201438221353 ], [ -49.244438223637459, -25.42721327948956 ], [ -49.244433360565182, -25.427225120757551 ], [ -49.24443127639104, -25.42723019558662 ] ] } },
{ "type": "Feature", "properties": { "length_m": 4.0000004537680232, "length_ok": true, "above_tolerance": false, "segment_id": 104, "node_degree": 3, "center_offset_m": 7.0, "used_fallback": false, "box_id": 1, "provider": "protomaps" }, "geometry": { "type": "LineString", "coordinates": [ [ -49.24431477446123, -25.427152202137954 ], [ -49.244312690295359, -25.427157276959619 ], [ -49.244307827240945, -25.427169118210024 ], [ -49.244302964185508, -25.427180959460198 ], [ -49.244300880018578, -25.427186034281625 ] ] } },
{ "type": "Feature", "properties": { "length_m": 4.6996427789943036, "length_ok": true, "above_tolerance": false, "segment_id": 104, "node_degree": 3, "center_offset_m": 7.0, "used_fallback": false, "box_id": 1, "provider": "protomaps" }, "geometry": { "type": "LineString", "coordinates": [ [ -49.243994746718492, -25.427043818220621 ], [ -49.243992297997103, -25.427049780676224 ], [ -49.243986584312864, -25.427063693072395 ], [ -49.243980870627212, -25.427077605468252 ], [ -49.243978421904366, -25.427083567923521 ] ] } },
{ "type": "Feature", "properties": { "length_m": 4.0000017214535344, "length_ok": true, "above_tolerance": false, "segment_id": 105, "node_degree": 3, "center_offset_m": 7.0, "used_fallback": false, "box_id": 1, "provider": "protomaps" }, "geometry": { "type": "LineString", "coordinates": [ [ -49.243864350645836, -25.426999656678081 ], [ -49.243862266462607, -25.427004731493774 ], [ -49.243857403367649, -25.427016572730217 ], [ -49.243852540271689, -25.427028413966429 ], [ -49.243850456087401, -25.427033488781881 ] ] } },
{ "type": "Feature", "properties": { "length_m": 4.161900741984395, "length_ok": true, "above_tolerance": false, "segment_id": 105, "node_degree": 4, "center_offset_m": 7.0, "used_fallback": false, "box_id": 1, "provider": "protomaps" }, "geometry": { "type": "LineString", "coordinates": [ [ -49.243599618307705, -25.426909998703508 ], [ -49.243597449758255, -25.426915278916656 ], [ -49.243592389808761, -25.426927599413812 ], [ -49.243587329858165, -25.426939919910726 ], [ -49.243585161307571, -25.426945200123612 ] ] } },
{ "type": "Feature", "properties": { "length_m": 4.2694675779188751, "length_ok": true, "above_tolerance": false, "segment_id": 106, "node_degree": 4, "center_offset_m": 7.0, "used_fallback": false, "box_id": 1, "provider": "protomaps" }, "geometry": { "type": "LineString", "coordinates": [ [ -49.243471569760892, -25.426861979764006 ], [ -49.243469165653991, -25.426867332824632 ], [ -49.24346355607036, -25.426879823299199 ], [ -49.243457946485499, -25.426892313773486 ], [ -49.243455542377333, -25.426897666833803 ] ] } },
{ "type": "Feature", "properties": { "length_m": 7.9222596204851659, "length_ok": true, "above_tolerance": true, "segment_id": 106, "node_degree": 3, "center_offset_m": 7.0, "used_fallback": false, "box_id": 1, "provider": "protomaps" }, "geometry": { "type": "LineString", "coordinates": [ [ -49.242554339164975, -25.426486664476641 ], [ -49.242549878138988, -25.426496597379096 ], [ -49.242539469075346, -25.426519774150769 ], [ -49.242529060007477, -25.426542950921416 ], [ -49.242524598977091, -25.426552883822811 ] ] } },
{ "type": "Feature", "properties": { "length_m": 4.0000014876106729, "length_ok": true, "above_tolerance": false, "segment_id": 107, "node_degree": 3, "center_offset_m": 7.0, "used_fallback": false, "box_id": 1, "provider": "protomaps" }, "geometry": { "type": "LineString", "coordinates": [ [ -49.242410751513596, -25.426471723145116 ], [ -49.242408499124728, -25.426476738337783 ], [ -49.242403243549923, -25.426488440453817 ], [ -49.242397987974059, -25.426500142569573 ], [ -49.242395735584061, -25.426505157761966 ] ] } },
{ "type": "Feature", "properties": { "length_m": 4.2554955340031366, "length_ok": true, "above_tolerance": false, "segment_id": 107, "node_degree": 3, "center_offset_m": 7.0, "used_fallback": false, "box_id": 1, "provider": "protomaps" }, "geometry": { "type": "LineString", "coordinates": [ [ -49.242377099055894, -25.426459259625325 ], [ -49.242374702797918, -25.426464595155231 ], [ -49.24236911152844, -25.426477044724791 ], [ -49.242363520257747, -25.426489494294053 ], [ -49.242361123998506, -25.426494829823653 ] ] } },
{ "type": "Feature", "properties": { "length_m": 6.999999999873217, "length_ok": true, "above_tolerance": false, "segment_id": 108, "node_degree": 3, "center_offset_m": 9.1176677993818203, "used_fallback": true, "box_id": 1, "provider": "protomaps" }, "geometry": { "type": "LineString", "coordinates": [ [ -49.251176493337439, -25.427562980371423 ], [ -49.251177426358886, -25.427572420903733 ], [ -49.251179603409312, -25.427594448812425 ], [ -49.251181780460279, -25.427616476721067 ], [ -49.251182713482287, -25.42762591725333 ] ] } },
{ "type": "Feature", "properties": { "length_m": 7.0000000000639657, "length_ok": true, "above_tolerance": true, "segment_id": 109, "node_degree": 3, "center_offset_m": 17.0, "used_fallback": true, "box_id": 1, "provider": "protomaps" }, "geometry": { "type": "LineString", "coordinates": [ [ -49.250922854219922, -25.427583651259219 ], [ -49.250923787193358, -25.427593091794375 ], [ -49.250925964131753, -25.427615119709724 ], [ -49.250928141070688, -25.427637147625006 ], [ -49.250929074044677, -25.427646588160108 ] ] } },
{ "type": "Feature", "properties": { "length_m": 7.0000000000639657, "length_ok": true, "above_tolerance": true, "segment_id": 109, "node_degree": 3, "center_offset_m": 17.0, "used_fallback": true, "box_id": 1, "provider": "protomaps" }, "geometry": { "type": "LineString", "coordinates": [ [ -49.250629931441303, -25.427607522841271 ], [ -49.250630864391844, -25.427616963377066 ], [ -49.250633041276828, -25.427638991293882 ], [ -49.250635218162344, -25.427661019210639 ], [ -49.250636151113447, -25.427670459746373 ] ] } },
{ "type": "Feature", "properties": { "length_m": 3.9999979939271282, "length_ok": true, "above_tolerance": false, "segment_id": 110, "node_degree": 3, "center_offset_m": 7.0, "used_fallback": false, "box_id": 1, "provider": "protomaps" }, "geometry": { "type": "LineString", "coordinates": [ [ -49.250398591794315, -25.427639970352878 ], [ -49.250399124891338, -25.427645364942908 ], [ -49.250400368784511, -25.427657952319617 ], [ -49.250401612677869, -25.427670539696315 ], [ -49.25040214577507, -25.42767593428632 ] ] } },
{ "type": "Feature", "properties": { "length_m": 3.9999975735507083, "length_ok": true, "above_tolerance": false, "segment_id": 110, "node_degree": 4, "center_offset_m": 7.0, "used_fallback": false, "box_id": 1, "provider": "protomaps" }, "geometry": { "type": "LineString", "coordinates": [ [ -49.250316932403543, -25.4276466248327 ], [ -49.250317465496856, -25.427652019422258 ], [ -49.250318709381396, -25.427664606797883 ], [ -49.250319953266107, -25.427677194173494 ], [ -49.250320486359612, -25.427682588763037 ] ] } },
{ "type": "Feature", "properties": { "length_m": 3.9999974436003156, "length_ok": true, "above_tolerance": false, "segment_id": 111, "node_degree": 4, "center_offset_m": 7.0, "used_fallback": false, "box_id": 1, "provider": "protomaps" }, "geometry": { "type": "LineString", "coordinates": [ [ -49.250178318964181, -25.42765792044575 ], [ -49.250178852057367, -25.42766331503481 ], [ -49.250180095941609, -25.42767590240927 ], [ -49.250181339826014, -25.427688489783709 ], [ -49.250181872919391, -25.427693884372758 ] ] } },
{ "type": "Feature", "properties": { "length_m": 3.999994801519382, "length_ok": true, "above_tolerance": false, "segment_id": 111, "node_degree": 4, "center_offset_m": 7.0, "used_fallback": false, "box_id": 1, "provider": "protomaps" }, "geometry": { "type": "LineString", "coordinates": [ [ -49.249074247461451, -25.427747887136274 ], [ -49.249074780504984, -25.427753281723124 ], [ -49.249076024273343, -25.42776586909245 ], [ -49.24907726804188, -25.427778456461763 ], [ -49.249077801085591, -25.427783851048606 ] ] } },
{ "type": "Feature", "properties": { "length_m": 4.0000039859128789, "length_ok": true, "above_tolerance": false, "segment_id": 112, "node_degree": 4, "center_offset_m": 7.0, "used_fallback": false, "box_id": 1, "provider": "protomaps" }, "geometry": { "type": "LineString", "coordinates": [ [ -49.248935633890866, -25.427759181584118 ], [ -49.248936166928402, -25.42776457618362 ], [ -49.248937410682771, -25.427777163582441 ], [ -49.248938654437318, -25.427789750981241 ], [ -49.248939187475031, -25.427795145580724 ] ] } },
{ "type": "Feature", "properties": { "length_m": 3.9999972486776754, "length_ok": true, "above_tolerance": false, "segment_id": 112, "node_degree": 3, "center_offset_m": 7.0, "used_fallback": false, "box_id": 1, "provider": "protomaps" }, "geometry": { "type": "LineString", "coordinates": [ [ -49.248748214297756, -25.427774452682787 ], [ -49.248748747326026, -25.427779847273431 ], [ -49.248749991058773, -25.427792434651582 ], [ -49.24875123479169, -25.42780502202973 ], [ -49.248751767820139, -25.427810416620353 ] ] } },
{ "type": "Feature", "properties": { "length_m": 3.9999980819674419, "length_ok": true, "above_tolerance": false, "segment_id": 113, "node_degree": 3, "center_offset_m": 7.0, "used_fallback": false, "box_id": 1, "provider": "protomaps" }, "geometry": { "type": "LineString", "coordinates": [ [ -49.248609600680176, -25.427785746904341 ], [ -49.248610133705547, -25.427791141496016 ], [ -49.248611377431544, -25.427803728876587 ], [ -49.248612621157719, -25.427816316257143 ], [ -49.248613154183275, -25.427821710848807 ] ] } },
{ "type": "Feature", "properties": { "length_m": 4.0000006416645038, "length_ok": true, "above_tolerance": false, "segment_id": 113, "node_degree": 3, "center_offset_m": 7.0, "used_fallback": false, "box_id": 1, "provider": "protomaps" }, "geometry": { "type": "LineString", "coordinates": [ [ -49.248284099442564, -25.427812268252769 ], [ -49.248284632453746, -25.427817662848302 ], [ -49.248285876146618, -25.427830250237861 ], [ -49.248287119839667, -25.427842837627406 ], [ -49.248287652851026, -25.427848232222921 ] ] } },
{ "type": "Feature", "properties": { "length_m": 4.0000014780743323, "length_ok": true, "above_tolerance": false, "segment_id": 114, "node_degree": 3, "center_offset_m": 7.0, "used_fallback": false, "box_id": 1, "provider": "protomaps" }, "geometry": { "type": "LineString", "coordinates": [ [ -49.248145485772653, -25.427823562018506 ], [ -49.248146018778669, -25.427828956615265 ], [ -49.248147262459518, -25.427841544007681 ], [ -49.248148506140531, -25.427854131400078 ], [ -49.248149039146739, -25.427859525996819 ] ] } },
{ "type": "Feature", "properties": { "length_m": 4.0000034582453967, "length_ok": true, "above_tolerance": false, "segment_id": 114, "node_degree": 4, "center_offset_m": 7.0, "used_fallback": false, "box_id": 1, "provider": "protomaps" }, "geometry": { "type": "LineString", "coordinates": [ [ -49.247796033678803, -25.427852033728552 ], [ -49.247796566669479, -25.427857428328405 ], [ -49.247797810314516, -25.427870015728068 ], [ -49.247799053959731, -25.427882603127696 ], [ -49.247799586950592, -25.427887997727531 ] ] } },
{ "type": "Feature", "properties": { "length_m": 4.0002755026866907, "length_ok": true, "above_tolerance": false, "segment_id": 115, "node_degree": 4, "center_offset_m": 7.0, "used_fallback": false, "box_id": 1, "provider": "protomaps" }, "geometry": { "type": "LineString", "coordinates": [ [ -49.247657419950436, -25.427863327111108 ], [ -49.247657952973555, -25.427868722077832 ], [ -49.247659196694315, -25.427881310333504 ], [ -49.247660440415238, -25.427893898589168 ], [ -49.247660973438542, -25.427899293555878 ] ] } },
{ "type": "Feature", "properties": { "length_m": 4.0013423399082226, "length_ok": true, "above_tolerance": false, "segment_id": 115, "node_degree": 3, "center_offset_m": 7.0, "used_fallback": false, "box_id": 1, "provider": "protomaps" }, "geometry": { "type": "LineString", "coordinates": [ [ -49.247466176047276, -25.427878908305114 ], [ -49.247466709204012, -25.427884304710858 ], [ -49.247467953236516, -25.427896896324256 ], [ -49.247469197269197, -25.427909487937647 ], [ -49.247469730426111, -25.427914884343373 ] ] } },
{ "type": "Feature", "properties": { "length_m": 3.9999928052940836, "length_ok": true, "above_tolerance": false, "segment_id": 116, "node_degree": 3, "center_offset_m": 7.0, "used_fallback": false, "box_id": 1, "provider": "protomaps" }, "geometry": { "type": "LineString", "coordinates": [ [ -49.247327562300867, -25.427890201364502 ], [ -49.247328095266703, -25.427895595950769 ], [ -49.247329338853774, -25.427908183318721 ], [ -49.247330582441016, -25.427920770686658 ], [ -49.247331115407036, -25.427926165272901 ] ] } },
{ "type": "Feature", "properties": { "length_m": 5.7934628258850438, "length_ok": true, "above_tolerance": false, "segment_id": 116, "node_degree": 3, "center_offset_m": 7.5, "used_fallback": false, "box_id": 1, "provider": "protomaps" }, "geometry": { "type": "LineString", "coordinates": [ [ -49.246553747732698, -25.427953242228881 ], [ -49.246554519613483, -25.427961055578066 ], [ -49.246556320668887, -25.427979286726128 ], [ -49.246558121724675, -25.427997517874154 ], [ -49.246558893605837, -25.428005331223304 ] ] } },
{ "type": "Feature", "properties": { "length_m": 7.0000000007873702, "length_ok": true, "above_tolerance": true, "segment_id": 117, "node_degree": 3, "center_offset_m": 0.0026085310456147996, "used_fallback": true, "box_id": 1, "provider": "protomaps" }, "geometry": { "type": "LineString", "coordinates": [ [ -49.246478428642241, -25.427945784005239 ], [ -49.246479272313437, -25.427955231448529 ], [ -49.246481240879888, -25.427977275482839 ], [ -49.246483209446801, -25.427999319517102 ], [ -49.246484053118472, -25.428008766960335 ] ] } },
{ "type": "Feature", "properties": { "length_m": 7.0000000007873702, "length_ok": true, "above_tolerance": true, "segment_id": 117, "node_degree": 4, "center_offset_m": 0.0026085310456147996, "used_fallback": true, "box_id": 1, "provider": "protomaps" }, "geometry": { "type": "LineString", "coordinates": [ [ -49.246478427587313, -25.427945784082926 ], [ -49.246479271258501, -25.427955231526212 ], [ -49.246481239824952, -25.427977275560529 ], [ -49.246483208391858, -25.427999319594782 ], [ -49.246484052063529, -25.428008767038023 ] ] } },
{ "type": "Feature", "properties": { "length_m": 3.9999976416717127, "length_ok": true, "above_tolerance": false, "segment_id": 118, "node_degree": 4, "center_offset_m": 7.0, "used_fallback": false, "box_id": 1, "provider": "protomaps" }, "geometry": { "type": "LineString", "coordinates": [ [ -49.246410130561394, -25.427964941726717 ], [ -49.246410663505877, -25.427970336319088 ], [ -49.246411907043132, -25.427982923701279 ], [ -49.246413150580558, -25.427995511083449 ], [ -49.246413683525226, -25.428000905675809 ] ] } },
{ "type": "Feature", "properties": { "length_m": 3.9999976397950157, "length_ok": true, "above_tolerance": false, "segment_id": 118, "node_degree": 3, "center_offset_m": 7.0, "used_fallback": false, "box_id": 1, "provider": "protomaps" }, "geometry": { "type": "LineString", "coordinates": [ [ -49.246405629177985, -25.427965308441724 ], [ -49.24640616212227, -25.427970703034102 ], [ -49.246407405659056, -25.427983290416297 ], [ -49.246408649196013, -25.427995877798477 ], [ -49.246409182140482, -25.428001272390834 ] ] } },
{ "type": "Feature", "properties": { "length_m": 7.8057257094789883, "length_ok": true, "above_tolerance": true, "segment_id": 119, "node_degree": 3, "center_offset_m": 7.0, "used_fallback": false, "box_id": 1, "provider": "protomaps" }, "geometry": { "type": "LineString", "coordinates": [ [ -49.246263635106672, -25.427942383356122 ], [ -49.246264675064005, -25.427952910542661 ], [ -49.246267101631581, -25.427977473977858 ], [ -49.246269528199825, -25.428002037412991 ], [ -49.246270568157847, -25.428012564599463 ] ] } },
{ "type": "Feature", "properties": { "length_m": 4.000001330916259, "length_ok": true, "above_tolerance": false, "segment_id": 119, "node_degree": 4, "center_offset_m": 7.0, "used_fallback": false, "box_id": 1, "provider": "protomaps" }, "geometry": { "type": "LineString", "coordinates": [ [ -49.244897195091639, -25.428088183979561 ], [ -49.244897727951077, -25.428093578580231 ], [ -49.244898971289892, -25.428106165981777 ], [ -49.244900214628885, -25.428118753383295 ], [ -49.244900747488508, -25.428124147983954 ] ] } },
{ "type": "Feature", "properties": { "length_m": 6.9999999995279261, "length_ok": true, "above_tolerance": false, "segment_id": 120, "node_degree": 4, "center_offset_m": 17.0, "used_fallback": true, "box_id": 1, "provider": "protomaps" }, "geometry": { "type": "LineString", "coordinates": [ [ -49.244663189346568, -25.428093649115208 ], [ -49.244664121810771, -25.42810308966547 ], [ -49.244666297560961, -25.428125117616052 ], [ -49.244668473311691, -25.428147145566584 ], [ -49.244669405776449, -25.428156586116788 ] ] } },
{ "type": "Feature", "properties": { "length_m": 6.9999999995279261, "length_ok": true, "above_tolerance": false, "segment_id": 120, "node_degree": 3, "center_offset_m": 17.0, "used_fallback": true, "box_id": 1, "provider": "protomaps" }, "geometry": { "type": "LineString", "coordinates": [ [ -49.24463784328438, -25.428095713553915 ], [ -49.244638775746601, -25.428105154104234 ], [ -49.244640951492173, -25.428127182054936 ], [ -49.244643127238277, -25.428149210005579 ], [ -49.244644059701052, -25.428158650555854 ] ] } },
{ "type": "Feature", "properties": { "length_m": 7.0000000001336309, "length_ok": true, "above_tolerance": true, "segment_id": 121, "node_degree": 3, "center_offset_m": 17.0, "used_fallback": true, "box_id": 1, "provider": "protomaps" }, "geometry": { "type": "LineString", "coordinates": [ [ -49.244311109896678, -25.428122325926779 ], [ -49.244312042355162, -25.428131766476017 ], [ -49.244314218092015, -25.428153794424222 ], [ -49.244316393829408, -25.42817582237236 ], [ -49.244317326288446, -25.428185262921549 ] ] } },
{ "type": "Feature", "properties": { "length_m": 7.0000000001336309, "length_ok": true, "above_tolerance": true, "segment_id": 121, "node_degree": 4, "center_offset_m": 17.0, "used_fallback": true, "box_id": 1, "provider": "protomaps" }, "geometry": { "type": "LineString", "coordinates": [ [ -49.243820320292151, -25.428162299723027 ], [ -49.243821252712273, -25.428171740273317 ], [ -49.243823428359626, -25.42819376822397 ], [ -49.243825604007505, -25.42821579617457 ], [ -49.243826536428188, -25.428225236724806 ] ] } },
{ "type": "Feature", "properties": { "length_m": 3.999996318295469, "length_ok": true, "above_tolerance": false, "segment_id": 122, "node_degree": 4, "center_offset_m": 7.0, "used_fallback": false, "box_id": 1, "provider": "protomaps" }, "geometry": { "type": "LineString", "coordinates": [ [ -49.2435889784281, -25.428194736454515 ], [ -49.243589511229501, -25.42820013104993 ], [ -49.24359075443288, -25.428212718439248 ], [ -49.243591997636436, -25.428225305828533 ], [ -49.243592530438022, -25.428230700423939 ] ] } },
{ "type": "Feature", "properties": { "length_m": 4.0000029033749609, "length_ok": true, "above_tolerance": false, "segment_id": 122, "node_degree": 3, "center_offset_m": 7.0, "used_fallback": false, "box_id": 1, "provider": "protomaps" }, "geometry": { "type": "LineString", "coordinates": [ [ -49.242785901774617, -25.428253520156801 ], [ -49.242785649581762, -25.428258931568859 ], [ -49.242785061131599, -25.428271558196965 ], [ -49.242784472681237, -25.428284184825028 ], [ -49.242784220488161, -25.42828959623705 ] ] } },
{ "type": "Feature", "properties": { "length_m": 3.9999965289848398, "length_ok": true, "above_tolerance": false, "segment_id": 123, "node_degree": 3, "center_offset_m": 7.0, "used_fallback": false, "box_id": 1, "provider": "protomaps" }, "geometry": { "type": "LineString", "coordinates": [ [ -49.242655647392375, -25.428236541686569 ], [ -49.242653442685601, -25.428241574325398 ], [ -49.242648298369026, -25.428253317149153 ], [ -49.242643154051393, -25.42826505997267 ], [ -49.24264094934351, -25.428270092611235 ] ] } },
{ "type": "Feature", "properties": { "length_m": 5.1823497533095217, "length_ok": true, "above_tolerance": false, "segment_id": 123, "node_degree": 3, "center_offset_m": 7.5, "used_fallback": false, "box_id": 1, "provider": "protomaps" }, "geometry": { "type": "LineString", "coordinates": [ [ -49.242547263907475, -25.428196059193716 ], [ -49.242543135820448, -25.428201991222348 ], [ -49.242533503615768, -25.428215832621948 ], [ -49.242523871408821, -25.428229674020784 ], [ -49.242519743319434, -25.428235606048617 ] ] } },
{ "type": "Feature", "properties": { "length_m": 7.0000000002376908, "length_ok": true, "above_tolerance": true, "segment_id": 124, "node_degree": 3, "center_offset_m": 17.0, "used_fallback": true, "box_id": 1, "provider": "protomaps" }, "geometry": { "type": "LineString", "coordinates": [ [ -49.242385088235352, -25.42804667702714 ], [ -49.24237740096553, -25.428053088752428 ], [ -49.242359463999477, -25.428068049442999 ], [ -49.242341527029019, -25.428083010131111 ], [ -49.242333839754615, -25.428089421853837 ] ] } },
{ "type": "Feature", "properties": { "length_m": 7.0000000003803713, "length_ok": true, "above_tolerance": true, "segment_id": 124, "node_degree": 4, "center_offset_m": 17.0, "used_fallback": true, "box_id": 1, "provider": "protomaps" }, "geometry": { "type": "LineString", "coordinates": [ [ -49.241907921258772, -25.427730124887677 ], [ -49.241907230694665, -25.427739582558385 ], [ -49.241905619377803, -25.427761650456599 ], [ -49.241904008060104, -25.4277837183547 ], [ -49.241903317495122, -25.427793176025283 ] ] } },
{ "type": "Feature", "properties": { "length_m": 7.0000000008063736, "length_ok": true, "above_tolerance": true, "segment_id": 125, "node_degree": 4, "center_offset_m": 6.5078743762673232, "used_fallback": true, "box_id": 1, "provider": "protomaps" }, "geometry": { "type": "LineString", "coordinates": [ [ -49.241674773997545, -25.427738299417182 ], [ -49.241675616174547, -25.427747746950523 ], [ -49.241677581254571, -25.427769791194919 ], [ -49.24167954633505, -25.427791835439269 ], [ -49.241680388512542, -25.427801282972549 ] ] } },
{ "type": "Feature", "properties": { "length_m": 7.0000000000920544, "length_ok": true, "above_tolerance": true, "segment_id": 126, "node_degree": 4, "center_offset_m": 17.0, "used_fallback": true, "box_id": 1, "provider": "protomaps" }, "geometry": { "type": "LineString", "coordinates": [ [ -49.246624310935083, -25.429036525753894 ], [ -49.2466139176314, -25.429037400845271 ], [ -49.246589666589067, -25.429039442722278 ], [ -49.246565415546172, -25.429041484595224 ], [ -49.246555022241907, -25.429042359682391 ] ] } },
{ "type": "Feature", "properties": { "length_m": 3.9999977225433079, "length_ok": true, "above_tolerance": false, "segment_id": 127, "node_degree": 4, "center_offset_m": 7.0, "used_fallback": false, "box_id": 1, "provider": "protomaps" }, "geometry": { "type": "LineString", "coordinates": [ [ -49.246587895502898, -25.428826545044799 ], [ -49.246581956486196, -25.428827045098643 ], [ -49.246568098780429, -25.428828211890011 ], [ -49.246554241074477, -25.428829378680057 ], [ -49.246548302057583, -25.428829878732525 ] ] } },
{ "type": "Feature", "properties": { "length_m": 5.430748581908901, "length_ok": true, "above_tolerance": false, "segment_id": 127, "node_degree": 4, "center_offset_m": 12.0, "used_fallback": false, "box_id": 1, "provider": "protomaps" }, "geometry": { "type": "LineString", "coordinates": [ [ -49.246526185837631, -25.428082280764936 ], [ -49.246518122556104, -25.428082959681234 ], [ -49.246499308232302, -25.428084543817516 ], [ -49.246480493908152, -25.428086127951357 ], [ -49.246472430626284, -25.428086806865117 ] ] } },
{ "type": "Feature", "properties": { "length_m": 3.9999924827570488, "length_ok": true, "above_tolerance": false, "segment_id": 128, "node_degree": 4, "center_offset_m": 7.0, "used_fallback": false, "box_id": 1, "provider": "protomaps" }, "geometry": { "type": "LineString", "coordinates": [ [ -49.246494586116555, -25.427912690798969 ], [ -49.246488647152539, -25.427913190850624 ], [ -49.24647478956971, -25.427914357636894 ], [ -49.24646093198669, -25.427915524421831 ], [ -49.246454993022489, -25.427916024472104 ] ] } },
{ "type": "Feature", "properties": { "length_m": 3.9999955452805755, "length_ok": true, "above_tolerance": false, "segment_id": 128, "node_degree": 4, "center_offset_m": 7.0, "used_fallback": false, "box_id": 1, "provider": "protomaps" }, "geometry": { "type": "LineString", "coordinates": [ [ -49.246440650094378, -25.42738444684311 ], [ -49.246434711151778, -25.427384946894364 ], [ -49.246420853618929, -25.427386113679688 ], [ -49.246406996085895, -25.427387280463687 ], [ -49.24640105714311, -25.427387780513573 ] ] } },
{ "type": "Feature", "properties": { "length_m": 3.9999956226528788, "length_ok": true, "above_tolerance": false, "segment_id": 129, "node_degree": 4, "center_offset_m": 7.0, "used_fallback": false, "box_id": 1, "provider": "protomaps" }, "geometry": { "type": "LineString", "coordinates": [ [ -49.24642780135548, -25.427258607173385 ], [ -49.246421862419169, -25.427259107226526 ], [ -49.246408004900978, -25.427260274016245 ], [ -49.246394147382603, -25.427261440804642 ], [ -49.246388208446092, -25.427261940856411 ] ] } },
{ "type": "Feature", "properties": { "length_m": 3.9999957989434236, "length_ok": true, "above_tolerance": false, "segment_id": 129, "node_degree": 4, "center_offset_m": 7.0, "used_fallback": false, "box_id": 1, "provider": "protomaps" }, "geometry": { "type": "LineString", "coordinates": [ [ -49.246323993458304, -25.426241917308534 ], [ -49.246318054571702, -25.426242417360189 ], [ -49.246304197169515, -25.426243584146437 ], [ -49.246290339767135, -25.426244750931367 ], [ -49.246284400880349, -25.426245250981648 ] ] } },
{ "type": "Feature", "properties": { "length_m": 3.9999958216850198, "length_ok": true, "above_tolerance": false, "segment_id": 130, "node_degree": 4, "center_offset_m": 7.0, "used_fallback": false, "box_id": 1, "provider": "protomaps" }, "geometry": { "type": "LineString", "coordinates": [ [ -49.246311144824006, -25.426116077642469 ], [ -49.246305205943329, -25.426116577691712 ], [ -49.246291348554962, -25.426117744472343 ], [ -49.246277491166417, -25.426118911251656 ], [ -49.246271552285549, -25.426119411299528 ] ] } },
{ "type": "Feature", "properties": { "length_m": 3.9999984473566519, "length_ok": true, "above_tolerance": false, "segment_id": 130, "node_degree": 4, "center_offset_m": 7.0, "used_fallback": false, "box_id": 1, "provider": "protomaps" }, "geometry": { "type": "LineString", "coordinates": [ [ -49.246157470485151, -25.424610967014413 ], [ -49.246151531674563, -25.424611467061762 ], [ -49.24613767444972, -25.424612633837945 ], [ -49.246123817224685, -25.424613800612807 ], [ -49.246117878413905, -25.424614300658774 ] ] } },
{ "type": "Feature", "properties": { "length_m": 3.9999985903040383, "length_ok": true, "above_tolerance": false, "segment_id": 131, "node_degree": 4, "center_offset_m": 7.0, "used_fallback": false, "box_id": 1, "provider": "protomaps" }, "geometry": { "type": "LineString", "coordinates": [ [ -49.246144622189462, -25.42448512730526 ], [ -49.24613868338497, -25.424485627353718 ], [ -49.246124826174373, -25.424486794132509 ], [ -49.246110968963585, -25.424487960909975 ], [ -49.246105030158908, -25.424488460957058 ] ] } },
{ "type": "Feature", "properties": { "length_m": 6.9999999992679838, "length_ok": true, "above_tolerance": false, "segment_id": 132, "node_degree": 4, "center_offset_m": 6.2937593801963443, "used_fallback": true, "box_id": 1, "provider": "protomaps" }, "geometry": { "type": "LineString", "coordinates": [ [ -49.241728172569125, -25.427716180530645 ], [ -49.241727661526348, -25.427706713461095 ], [ -49.241726469093322, -25.427684623632111 ], [ -49.241725276660468, -25.42766253380308 ], [ -49.241724765617867, -25.427653066733477 ] ] } },
{ "type": "Feature", "properties": { "length_m": 5.4702730747188584, "length_ok": true, "above_tolerance": false, "segment_id": 133, "node_degree": 4, "center_offset_m": 12.5, "used_fallback": false, "box_id": 1, "provider": "protomaps" }, "geometry": { "type": "LineString", "coordinates": [ [ -49.241914757498499, -25.427707605534774 ], [ -49.241914358091321, -25.427700207328165 ], [ -49.241913426141316, -25.427682944846048 ], [ -49.241912494191418, -25.427665682363887 ], [ -49.241912094784354, -25.427658284157243 ] ] } },
{ "type": "Feature", "properties": { "length_m": 3.9999935757000116, "length_ok": true, "above_tolerance": false, "segment_id": 133, "node_degree": 3, "center_offset_m": 7.0, "used_fallback": false, "box_id": 1, "provider": "protomaps" }, "geometry": { "type": "LineString", "coordinates": [ [ -49.242354648410839, -25.427674732955474 ], [ -49.242354356335099, -25.427669323210917 ], [ -49.242353674825075, -25.427656700473623 ], [ -49.242352993315109, -25.427644077736304 ], [ -49.242352701239433, -25.427638667991737 ] ] } },
{ "type": "Feature", "properties": { "length_m": 3.9999938044673722, "length_ok": true, "above_tolerance": false, "segment_id": 134, "node_degree": 3, "center_offset_m": 7.0, "used_fallback": false, "box_id": 1, "provider": "protomaps" }, "geometry": { "type": "LineString", "coordinates": [ [ -49.242494182647384, -25.427666301130291 ], [ -49.242493682801197, -25.427660903940293 ], [ -49.242492516493549, -25.427648310496966 ], [ -49.242491350186057, -25.427635717053629 ], [ -49.242490850340033, -25.427630319863614 ] ] } },
{ "type": "Feature", "properties": { "length_m": 3.9999956665627412, "length_ok": true, "above_tolerance": false, "segment_id": 134, "node_degree": 4, "center_offset_m": 7.0, "used_fallback": false, "box_id": 1, "provider": "protomaps" }, "geometry": { "type": "LineString", "coordinates": [ [ -49.24352693199004, -25.427587425266843 ], [ -49.243526432097454, -25.427582028075367 ], [ -49.243525265681555, -25.42756943462858 ], [ -49.243524099265812, -25.427556841181776 ], [ -49.243523599373397, -25.427551443990286 ] ] } },
{ "type": "Feature", "properties": { "length_m": 4.0000055291195817, "length_ok": true, "above_tolerance": false, "segment_id": 135, "node_degree": 4, "center_offset_m": 7.0, "used_fallback": false, "box_id": 1, "provider": "protomaps" }, "geometry": { "type": "LineString", "coordinates": [ [ -49.243665612240584, -25.42757683316422 ], [ -49.243665112346733, -25.427571435959109 ], [ -49.24366394592785, -25.427558842480497 ], [ -49.243662779509116, -25.427546249001878 ], [ -49.243662279615428, -25.427540851796749 ] ] } },
{ "type": "Feature", "properties": { "length_m": 4.0000040347634647, "length_ok": true, "above_tolerance": false, "segment_id": 135, "node_degree": 3, "center_offset_m": 7.0, "used_fallback": false, "box_id": 1, "provider": "protomaps" }, "geometry": { "type": "LineString", "coordinates": [ [ -49.244377921165047, -25.427522426471675 ], [ -49.244377421239541, -25.427517029269293 ], [ -49.244376254746797, -25.427504435797051 ], [ -49.244375088254223, -25.427491842324795 ], [ -49.244374588328881, -25.427486445122387 ] ] } },
{ "type": "Feature", "properties": { "length_m": 3.9999980626585208, "length_ok": true, "above_tolerance": false, "segment_id": 136, "node_degree": 3, "center_offset_m": 7.0, "used_fallback": false, "box_id": 1, "provider": "protomaps" }, "geometry": { "type": "LineString", "coordinates": [ [ -49.24451660135761, -25.427511833465914 ], [ -49.244516101418526, -25.427506436272353 ], [ -49.244514934894084, -25.427493842820677 ], [ -49.244513768369799, -25.427481249368991 ], [ -49.244513268430872, -25.427475852175416 ] ] } },
{ "type": "Feature", "properties": { "length_m": 3.9999949803724069, "length_ok": true, "above_tolerance": false, "segment_id": 136, "node_degree": 4, "center_offset_m": 7.0, "used_fallback": false, "box_id": 1, "provider": "protomaps" }, "geometry": { "type": "LineString", "coordinates": [ [ -49.244702436172815, -25.427497638246493 ], [ -49.244701936225802, -25.427492241057276 ], [ -49.244700769682879, -25.427479647615744 ], [ -49.24469960314012, -25.427467054174198 ], [ -49.24469910319327, -25.427461656984963 ] ] } },
{ "type": "Feature", "properties": { "length_m": 4.0000028088930604, "length_ok": true, "above_tolerance": false, "segment_id": 137, "node_degree": 4, "center_offset_m": 7.0, "used_fallback": false, "box_id": 1, "provider": "protomaps" }, "geometry": { "type": "LineString", "coordinates": [ [ -49.244842103823864, -25.4274810354738 ], [ -49.244841057097013, -25.427475703271199 ], [ -49.244838614734647, -25.4274632614651 ], [ -49.244836172372722, -25.427450819658976 ], [ -49.244835125646304, -25.427445487456342 ] ] } },
{ "type": "Feature", "properties": { "length_m": 8.6765965990528002, "length_ok": true, "above_tolerance": true, "segment_id": 137, "node_degree": 3, "center_offset_m": 7.0, "used_fallback": false, "box_id": 1, "provider": "protomaps" }, "geometry": { "type": "LineString", "coordinates": [ [ -49.244989408424864, -25.427457189983794 ], [ -49.244987137905973, -25.427445623650687 ], [ -49.244981840029986, -25.427418635539993 ], [ -49.244976542155989, -25.42739164742914 ], [ -49.244974271639158, -25.427380081095869 ] ] } },
{ "type": "Feature", "properties": { "length_m": 3.9999997105431131, "length_ok": true, "above_tolerance": false, "segment_id": 138, "node_degree": 3, "center_offset_m": 7.0, "used_fallback": false, "box_id": 1, "provider": "protomaps" }, "geometry": { "type": "LineString", "coordinates": [ [ -49.245125444745355, -25.427440956080261 ], [ -49.245124938863064, -25.427435559339667 ], [ -49.245123758471188, -25.427422966944942 ], [ -49.245122578079467, -25.427410374550195 ], [ -49.245122072197347, -25.427404977809584 ] ] } },
{ "type": "Feature", "properties": { "length_m": 5.7993751209344619, "length_ok": true, "above_tolerance": false, "segment_id": 138, "node_degree": 3, "center_offset_m": 7.0, "used_fallback": false, "box_id": 1, "provider": "protomaps" }, "geometry": { "type": "LineString", "coordinates": [ [ -49.245208229469512, -25.427450858668845 ], [ -49.245207496013791, -25.427443034237626 ], [ -49.24520578461734, -25.427424777231444 ], [ -49.245204073221245, -25.42740652022523 ], [ -49.245203339765872, -25.427398695793972 ] ] } },
{ "type": "Feature", "properties": { "length_m": 4.0000006622313604, "length_ok": true, "above_tolerance": false, "segment_id": 139, "node_degree": 3, "center_offset_m": 7.0, "used_fallback": false, "box_id": 1, "provider": "protomaps" }, "geometry": { "type": "LineString", "coordinates": [ [ -49.245345380671459, -25.427423954952687 ], [ -49.245344874788501, -25.427418558210316 ], [ -49.245343694395039, -25.427405965811452 ], [ -49.245342514001734, -25.427393373412578 ], [ -49.245342008118932, -25.42738797667019 ] ] } },
{ "type": "Feature", "properties": { "length_m": 4.0000029512427195, "length_ok": true, "above_tolerance": false, "segment_id": 139, "node_degree": 4, "center_offset_m": 7.0, "used_fallback": false, "box_id": 1, "provider": "protomaps" }, "geometry": { "type": "LineString", "coordinates": [ [ -49.24634678157657, -25.42734654303402 ], [ -49.24634627564857, -25.427341146289606 ], [ -49.246345095149998, -25.427328553885982 ], [ -49.246343914651597, -25.427315961482329 ], [ -49.24634340872376, -25.427310564737908 ] ] } },
{ "type": "Feature", "properties": { "length_m": 4.0000029996783306, "length_ok": true, "above_tolerance": false, "segment_id": 140, "node_degree": 4, "center_offset_m": 7.0, "used_fallback": false, "box_id": 1, "provider": "protomaps" }, "geometry": { "type": "LineString", "coordinates": [ [ -49.246485449817058, -25.42733582292384 ], [ -49.246484943882635, -25.427330426179534 ], [ -49.246483763369071, -25.427317833776126 ], [ -49.246482582855677, -25.427305241372704 ], [ -49.24648207692141, -25.427299844628376 ] ] } },
{ "type": "Feature", "properties": { "length_m": 4.0000030604933503, "length_ok": true, "above_tolerance": false, "segment_id": 140, "node_degree": 3, "center_offset_m": 7.0, "used_fallback": false, "box_id": 1, "provider": "protomaps" }, "geometry": { "type": "LineString", "coordinates": [ [ -49.247298866334518, -25.427272936940913 ], [ -49.247298360363736, -25.427267540197374 ], [ -49.247297179765333, -25.427254947795753 ], [ -49.2472959991671, -25.427242355394124 ], [ -49.247295493196475, -25.427236958650564 ] ] } },
{ "type": "Feature", "properties": { "length_m": 4.0000011054206253, "length_ok": true, "above_tolerance": false, "segment_id": 141, "node_degree": 3, "center_offset_m": 7.0, "used_fallback": false, "box_id": 1, "provider": "protomaps" }, "geometry": { "type": "LineString", "coordinates": [ [ -49.247437534462897, -25.427262215891297 ], [ -49.247437028485344, -25.4272568191506 ], [ -49.247435847871152, -25.427244226755629 ], [ -49.247434667257131, -25.427231634360638 ], [ -49.247434161279742, -25.427226237619919 ] ] } },
{ "type": "Feature", "properties": { "length_m": 3.9999983597420088, "length_ok": true, "above_tolerance": false, "segment_id": 141, "node_degree": 4, "center_offset_m": 7.0, "used_fallback": false, "box_id": 1, "provider": "protomaps" }, "geometry": { "type": "LineString", "coordinates": [ [ -49.247593834200586, -25.427250131484797 ], [ -49.247593328216389, -25.427244734747962 ], [ -49.247592147586708, -25.427232142362016 ], [ -49.247590966957198, -25.427219549976051 ], [ -49.247590460973164, -25.427214153239202 ] ] } },
{ "type": "Feature", "properties": { "length_m": 4.0000018056380258, "length_ok": true, "above_tolerance": false, "segment_id": 142, "node_degree": 4, "center_offset_m": 7.0, "used_fallback": false, "box_id": 1, "provider": "protomaps" }, "geometry": { "type": "LineString", "coordinates": [ [ -49.247732502287427, -25.427239410268882 ], [ -49.247731996301098, -25.427234013527197 ], [ -49.247730815666465, -25.427221421129925 ], [ -49.24772963503198, -25.427208828732638 ], [ -49.24772912904583, -25.427203431990943 ] ] } },
{ "type": "Feature", "properties": { "length_m": 4.0000055601470876, "length_ok": true, "above_tolerance": false, "segment_id": 142, "node_degree": 3, "center_offset_m": 7.0, "used_fallback": false, "box_id": 1, "provider": "protomaps" }, "geometry": { "type": "LineString", "coordinates": [ [ -49.248433414819964, -25.427185216671166 ], [ -49.248432908801838, -25.427179819925151 ], [ -49.248431728093003, -25.427167227517774 ], [ -49.248430547384331, -25.427154635110384 ], [ -49.248430041366376, -25.42714923836435 ] ] } },
{ "type": "Feature", "properties": { "length_m": 3.9999774029814525, "length_ok": true, "above_tolerance": false, "segment_id": 143, "node_degree": 3, "center_offset_m": 7.0, "used_fallback": false, "box_id": 1, "provider": "protomaps" }, "geometry": { "type": "LineString", "coordinates": [ [ -49.248572211471895, -25.42717388221697 ], [ -49.248571649118063, -25.427168490109295 ], [ -49.248570336959261, -25.4271559085247 ], [ -49.248569024800645, -25.427143326940097 ], [ -49.248568462447018, -25.427137934832398 ] ] } },
{ "type": "Feature", "properties": { "length_m": 4.0000067405931263, "length_ok": true, "above_tolerance": false, "segment_id": 143, "node_degree": 4, "center_offset_m": 7.0, "used_fallback": false, "box_id": 1, "provider": "protomaps" }, "geometry": { "type": "LineString", "coordinates": [ [ -49.2488738195105, -25.427147942888734 ], [ -49.248873257139081, -25.427142550741934 ], [ -49.248871944939253, -25.427129969066076 ], [ -49.24887063273961, -25.427117387390197 ], [ -49.24887007036839, -25.427111995243386 ] ] } },
{ "type": "Feature", "properties": { "length_m": 3.9999986734686503, "length_ok": true, "above_tolerance": false, "segment_id": 144, "node_degree": 4, "center_offset_m": 7.0, "used_fallback": false, "box_id": 1, "provider": "protomaps" }, "geometry": { "type": "LineString", "coordinates": [ [ -49.249012369233711, -25.427136026844288 ], [ -49.249011806864111, -25.427130634707979 ], [ -49.249010494668518, -25.427118053056574 ], [ -49.249009182473117, -25.427105471405152 ], [ -49.249008620103709, -25.427100079268826 ] ] } },
{ "type": "Feature", "properties": { "length_m": 3.9999947747884352, "length_ok": true, "above_tolerance": false, "segment_id": 144, "node_degree": 4, "center_offset_m": 7.0, "used_fallback": false, "box_id": 1, "provider": "protomaps" }, "geometry": { "type": "LineString", "coordinates": [ [ -49.250115721514909, -25.427041128492441 ], [ -49.250115159096623, -25.427035736362964 ], [ -49.250113846787421, -25.427023154727511 ], [ -49.250112534478411, -25.427010573092044 ], [ -49.250111972060331, -25.427005180962556 ] ] } },
{ "type": "Feature", "properties": { "length_m": 7.0000000007252519, "length_ok": true, "above_tolerance": true, "segment_id": 145, "node_degree": 4, "center_offset_m": 17.0, "used_fallback": true, "box_id": 1, "provider": "protomaps" }, "geometry": { "type": "LineString", "coordinates": [ [ -49.25034969299373, -25.427034604713239 ], [ -49.250348708721816, -25.427025168476675 ], [ -49.250346412087758, -25.427003150591329 ], [ -49.250344115454276, -25.426981132705926 ], [ -49.250343131182966, -25.426971696469305 ] ] } },
{ "type": "Feature", "properties": { "length_m": 7.0000000007252519, "length_ok": true, "above_tolerance": true, "segment_id": 145, "node_degree": 3, "center_offset_m": 17.0, "used_fallback": true, "box_id": 1, "provider": "protomaps" }, "geometry": { "type": "LineString", "coordinates": [ [ -49.250508540418586, -25.42702094114544 ], [ -49.250507556134274, -25.427011504909277 ], [ -49.250505259471268, -25.426989487024862 ], [ -49.250502962808845, -25.426967469140397 ], [ -49.250501978525136, -25.426958032904178 ] ] } },
{ "type": "Feature", "properties": { "length_m": 6.9999999998682219, "length_ok": true, "above_tolerance": false, "segment_id": 146, "node_degree": 3, "center_offset_m": 17.0, "used_fallback": true, "box_id": 1, "provider": "protomaps" }, "geometry": { "type": "LineString", "coordinates": [ [ -49.250835121342369, -25.42699284961116 ], [ -49.250834137067748, -25.426983413372795 ], [ -49.250831840427367, -25.426961395483229 ], [ -49.250829543787567, -25.426939377593605 ], [ -49.250828559513543, -25.426929941355187 ] ] } },
{ "type": "Feature", "properties": { "length_m": 6.9999999998682219, "length_ok": true, "above_tolerance": false, "segment_id": 146, "node_degree": 3, "center_offset_m": 17.0, "used_fallback": true, "box_id": 1, "provider": "protomaps" }, "geometry": { "type": "LineString", "coordinates": [ [ -49.250883905212639, -25.426988653377435 ], [ -49.250882920934195, -25.426979217139195 ], [ -49.250880624284932, -25.426957199249912 ], [ -49.250878327636244, -25.426935181360573 ], [ -49.250877343358411, -25.426925745122269 ] ] } },
{ "type": "Feature", "properties": { "length_m": 6.9999999991499662, "length_ok": true, "above_tolerance": false, "segment_id": 147, "node_degree": 3, "center_offset_m": 11.845204447110115, "used_fallback": true, "box_id": 1, "provider": "protomaps" }, "geometry": { "type": "LineString", "coordinates": [ [ -49.251164420581404, -25.426964523664015 ], [ -49.251163436247253, -25.426955087429381 ], [ -49.251161139467982, -25.426933069548529 ], [ -49.251158842689286, -25.426911051667634 ], [ -49.251157858355739, -25.426901615432943 ] ] } },
{ "type": "Feature", "properties": { "length_m": 6.9999999995214548, "length_ok": true, "above_tolerance": false, "segment_id": 148, "node_degree": 4, "center_offset_m": 0.19888733621654142, "used_fallback": true, "box_id": 1, "provider": "protomaps" }, "geometry": { "type": "LineString", "coordinates": [ [ -49.244740434767976, -25.427349382680745 ], [ -49.244744278665131, -25.427340570384683 ], [ -49.244753247756194, -25.427320008359981 ], [ -49.244762216844016, -25.427299446334516 ], [ -49.24476606073781, -25.427290634037664 ] ] } },
{ "type": "Feature", "properties": { "length_m": 4.2135226007266562, "length_ok": true, "above_tolerance": false, "segment_id": 149, "node_degree": 4, "center_offset_m": 7.0, "used_fallback": false, "box_id": 1, "provider": "protomaps" }, "geometry": { "type": "LineString", "coordinates": [ [ -49.244811679219865, -25.427362515100079 ], [ -49.244813992685849, -25.427357210591399 ], [ -49.244819390772314, -25.427344833404277 ], [ -49.244824788857606, -25.427332456216888 ], [ -49.244827102322382, -25.427327151707914 ] ] } },
{ "type": "Feature", "properties": { "length_m": 8.6765961970273953, "length_ok": true, "above_tolerance": true, "segment_id": 149, "node_degree": 3, "center_offset_m": 7.0, "used_fallback": false, "box_id": 1, "provider": "protomaps" }, "geometry": { "type": "LineString", "coordinates": [ [ -49.244965289683321, -25.427461094307265 ], [ -49.244970053623817, -25.427450171118497 ], [ -49.244981169481406, -25.427424683677213 ], [ -49.244992285334035, -25.427399196234759 ], [ -49.244997049269344, -25.427388273044777 ] ] } },
{ "type": "Feature", "properties": { "length_m": 7.6863923755275385, "length_ok": true, "above_tolerance": true, "segment_id": 150, "node_degree": 3, "center_offset_m": 7.0, "used_fallback": false, "box_id": 1, "provider": "protomaps" }, "geometry": { "type": "LineString", "coordinates": [ [ -49.242257568697205, -25.426519409267787 ], [ -49.242268984495311, -25.426518484582797 ], [ -49.242295621357087, -25.42651632698098 ], [ -49.242322258218231, -25.426514169374286 ], [ -49.242333674015669, -25.426513244684205 ] ] } },
{ "type": "Feature", "properties": { "length_m": 3.9999964333067619, "length_ok": true, "above_tolerance": false, "segment_id": 150, "node_degree": 3, "center_offset_m": 7.0, "used_fallback": false, "box_id": 1, "provider": "protomaps" }, "geometry": { "type": "LineString", "coordinates": [ [ -49.242397191246575, -25.427592270399025 ], [ -49.242403132077442, -25.427591789190515 ], [ -49.242416994015997, -25.427590666369706 ], [ -49.242430855954382, -25.42758954354758 ], [ -49.242436796785057, -25.427589062337692 ] ] } },
{ "type": "Feature", "properties": { "length_m": 6.9999999999871996, "length_ok": true, "above_tolerance": false, "segment_id": 151, "node_degree": 4, "center_offset_m": 17.0, "used_fallback": true, "box_id": 1, "provider": "protomaps" }, "geometry": { "type": "LineString", "coordinates": [ [ -49.24487819808607, -25.428257554306285 ], [ -49.244867797639749, -25.428258355571803 ], [ -49.244843529931323, -25.428260225188453 ], [ -49.244819262222407, -25.428262094801045 ], [ -49.244808861775581, -25.42826289606235 ] ] } },
{ "type": "Feature", "properties": { "length_m": 3.9999990511174373, "length_ok": true, "above_tolerance": false, "segment_id": 152, "node_degree": 4, "center_offset_m": 7.0, "used_fallback": false, "box_id": 1, "provider": "protomaps" }, "geometry": { "type": "LineString", "coordinates": [ [ -49.244843592188829, -25.4280473215921 ], [ -49.244837649088311, -25.428047779456286 ], [ -49.244823781853647, -25.428048847805105 ], [ -49.244809914618827, -25.428049916152595 ], [ -49.244803971518138, -25.42805037401541 ] ] } },
{ "type": "Feature", "properties": { "length_m": 4.0000006181945773, "length_ok": true, "above_tolerance": false, "segment_id": 152, "node_degree": 3, "center_offset_m": 7.0, "used_fallback": false, "box_id": 1, "provider": "protomaps" }, "geometry": { "type": "LineString", "coordinates": [ [ -49.244818630040911, -25.427780134121591 ], [ -49.244812686951207, -25.427780591985652 ], [ -49.244798819741796, -25.42778166033418 ], [ -49.244784952532221, -25.42778272868139 ], [ -49.244779009442361, -25.427783186544072 ] ] } },
{ "type": "Feature", "properties": { "length_m": 4.0000022337524577, "length_ok": true, "above_tolerance": false, "segment_id": 153, "node_degree": 3, "center_offset_m": 7.0, "used_fallback": false, "box_id": 1, "provider": "protomaps" }, "geometry": { "type": "LineString", "coordinates": [ [ -49.244806865408165, -25.427654207179376 ], [ -49.244800922321538, -25.427654665035703 ], [ -49.244787055119296, -25.427655733366201 ], [ -49.244773187916884, -25.427656801695363 ], [ -49.244767244830086, -25.427657259550315 ] ] } },
{ "type": "Feature", "properties": { "length_m": 3.9999979817186926, "length_ok": true, "above_tolerance": false, "segment_id": 153, "node_degree": 4, "center_offset_m": 7.0, "used_fallback": false, "box_id": 1, "provider": "protomaps" }, "geometry": { "type": "LineString", "coordinates": [ [ -49.244795802276869, -25.42753578824524 ], [ -49.244789859202385, -25.427536246100949 ], [ -49.244775992028472, -25.427537314429983 ], [ -49.244762124854411, -25.427538382757707 ], [ -49.244756181779763, -25.427538840612041 ] ] } },
{ "type": "Feature", "properties": { "length_m": 3.9999993357343939, "length_ok": true, "above_tolerance": false, "segment_id": 154, "node_degree": 4, "center_offset_m": 7.0, "used_fallback": false, "box_id": 1, "provider": "protomaps" }, "geometry": { "type": "LineString", "coordinates": [ [ -49.24478376004825, -25.427409812328644 ], [ -49.244777818993981, -25.427410291274377 ], [ -49.244763956533887, -25.427411408813477 ], [ -49.244750094073623, -25.427412526351269 ], [ -49.244744153019177, -25.427413005295623 ] ] } },
{ "type": "Feature", "properties": { "length_m": 4.2135153693541127, "length_ok": true, "above_tolerance": false, "segment_id": 154, "node_degree": 4, "center_offset_m": 7.0, "used_fallback": false, "box_id": 1, "provider": "protomaps" }, "geometry": { "type": "LineString", "coordinates": [ [ -49.24478315678472, -25.427381844749473 ], [ -49.244776898604265, -25.42738234926091 ], [ -49.244762296183055, -25.427383526453205 ], [ -49.24474769376166, -25.42738470364403 ], [ -49.244741435580998, -25.427385208153943 ] ] } },
{ "type": "Feature", "properties": { "length_m": 4.1533937377861871, "length_ok": true, "above_tolerance": false, "segment_id": 155, "node_degree": 4, "center_offset_m": 7.0, "used_fallback": false, "box_id": 1, "provider": "protomaps" }, "geometry": { "type": "LineString", "coordinates": [ [ -49.244768736270949, -25.427256130942283 ], [ -49.244762567392648, -25.427256628247335 ], [ -49.244748173343154, -25.427257788624772 ], [ -49.244733779293476, -25.427258949000791 ], [ -49.244727610414984, -25.427259446304362 ] ] } },
{ "type": "Feature", "properties": { "length_m": 4.0000000926821526, "length_ok": true, "above_tolerance": false, "segment_id": 155, "node_degree": 4, "center_offset_m": 7.0, "used_fallback": false, "box_id": 1, "provider": "protomaps" }, "geometry": { "type": "LineString", "coordinates": [ [ -49.244683483263337, -25.42638404730727 ], [ -49.244677542257698, -25.426384526244654 ], [ -49.244663679911092, -25.426385643764277 ], [ -49.244649817564309, -25.426386761282583 ], [ -49.244643876558492, -25.426387240218592 ] ] } },
{ "type": "Feature", "properties": { "length_m": 4.0000001085944277, "length_ok": true, "above_tolerance": false, "segment_id": 156, "node_degree": 4, "center_offset_m": 7.0, "used_fallback": false, "box_id": 1, "provider": "protomaps" }, "geometry": { "type": "LineString", "coordinates": [ [ -49.244671177096791, -25.426258163010559 ], [ -49.244665236097674, -25.426258641951378 ], [ -49.244651373766281, -25.426259759479017 ], [ -49.244637511434718, -25.426260877005333 ], [ -49.244631570435423, -25.426261355944785 ] ] } },
{ "type": "Feature", "properties": { "length_m": 3.9999961807411148, "length_ok": true, "above_tolerance": false, "segment_id": 156, "node_degree": 4, "center_offset_m": 7.0, "used_fallback": false, "box_id": 1, "provider": "protomaps" }, "geometry": { "type": "LineString", "coordinates": [ [ -49.244523190479285, -25.424744343037972 ], [ -49.24451724956046, -25.424744821976343 ], [ -49.244503387416408, -25.424745939498262 ], [ -49.244489525272179, -25.424747057018859 ], [ -49.244483584353169, -25.424747535955856 ] ] } },
{ "type": "Feature", "properties": { "length_m": 3.9999972256463239, "length_ok": true, "above_tolerance": false, "segment_id": 157, "node_degree": 4, "center_offset_m": 7.0, "used_fallback": false, "box_id": 1, "provider": "protomaps" }, "geometry": { "type": "LineString", "coordinates": [ [ -49.244510884531429, -25.424618458739221 ], [ -49.244504943617017, -25.424618937675191 ], [ -49.244491081483247, -25.424620055191536 ], [ -49.244477219349307, -25.424621172706555 ], [ -49.244471278434709, -25.42462165164115 ] ] } },
{ "type": "Feature", "properties": { "length_m": 7.0000000001392797, "length_ok": true, "above_tolerance": true, "segment_id": 159, "node_degree": 3, "center_offset_m": 17.0, "used_fallback": true, "box_id": 1, "provider": "protomaps" }, "geometry": { "type": "LineString", "coordinates": [ [ -49.241523564002669, -25.427507686639114 ], [ -49.241519539112623, -25.427498941246224 ], [ -49.241510147704659, -25.427478535329126 ], [ -49.241500756299679, -25.427458129411526 ], [ -49.241496731412738, -25.427449384018136 ] ] } },
{ "type": "Feature", "properties": { "length_m": 6.9999999997314717, "length_ok": true, "above_tolerance": false, "segment_id": 160, "node_degree": 4, "center_offset_m": 10.371282325086712, "used_fallback": true, "box_id": 1, "provider": "protomaps" }, "geometry": { "type": "LineString", "coordinates": [ [ -49.241441066190504, -25.427884220982264 ], [ -49.241431785650654, -25.427879883155647 ], [ -49.241410131060363, -25.42786976155806 ], [ -49.241388476473844, -25.427859639957457 ], [ -49.241379195937917, -25.427855302127703 ] ] } },
{ "type": "Feature", "properties": { "length_m": 7.0000000000870539, "length_ok": true, "above_tolerance": true, "segment_id": 161, "node_degree": 4, "center_offset_m": 5.2658773773995371, "used_fallback": true, "box_id": 1, "provider": "protomaps" }, "geometry": { "type": "LineString", "coordinates": [ [ -49.241512205827306, -25.427758713221429 ], [ -49.241502925311984, -25.42775437536778 ], [ -49.241481270778941, -25.427744253707111 ], [ -49.241459616249664, -25.427734132043426 ], [ -49.241450335738286, -25.427729794186643 ] ] } },
{ "type": "Feature", "properties": { "length_m": 7.0000000000870539, "length_ok": true, "above_tolerance": true, "segment_id": 161, "node_degree": 4, "center_offset_m": 5.2658773773995371, "used_fallback": true, "box_id": 1, "provider": "protomaps" }, "geometry": { "type": "LineString", "coordinates": [ [ -49.241513183650717, -25.4277569881096 ], [ -49.241503903135488, -25.427752650256018 ], [ -49.241482248602658, -25.427742528595495 ], [ -49.241460594073594, -25.427732406931966 ], [ -49.241451313562294, -25.427728069075251 ] ] } },
{ "type": "Feature", "properties": { "length_m": 6.9999999996923599, "length_ok": true, "above_tolerance": false, "segment_id": 162, "node_degree": 4, "center_offset_m": 9.2074568164498949, "used_fallback": true, "box_id": 1, "provider": "protomaps" }, "geometry": { "type": "LineString", "coordinates": [ [ -49.241579028817227, -25.427640821511183 ], [ -49.241569748307711, -25.427636483662575 ], [ -49.241548093788197, -25.427626362013658 ], [ -49.241526439272448, -25.427616240361733 ], [ -49.241517158766861, -25.427611902509987 ] ] } },
{ "type": "Feature", "properties": { "length_m": 4.4934089665065775, "length_ok": true, "above_tolerance": false, "segment_id": 163, "node_degree": 4, "center_offset_m": 7.0, "used_fallback": false, "box_id": 1, "provider": "protomaps" }, "geometry": { "type": "LineString", "coordinates": [ [ -49.241802962046457, -25.427617365832315 ], [ -49.241808926465986, -25.427620137774177 ], [ -49.241822843445995, -25.427626605637645 ], [ -49.24183676042756, -25.427633073499866 ], [ -49.241842724848709, -25.427635845440431 ] ] } },
{ "type": "Feature", "properties": { "length_m": 7.0000000002722542, "length_ok": true, "above_tolerance": true, "segment_id": 164, "node_degree": 4, "center_offset_m": 5.0738366946614359, "used_fallback": true, "box_id": 1, "provider": "protomaps" }, "geometry": { "type": "LineString", "coordinates": [ [ -49.241735007855262, -25.427708220281136 ], [ -49.24174429944896, -25.427712538529818 ], [ -49.241765979836941, -25.427722614441237 ], [ -49.241787660228681, -25.427732690349636 ], [ -49.241796951826295, -25.427737008595166 ] ] } },
{ "type": "Feature", "properties": { "length_m": 7.0000000002722542, "length_ok": true, "above_tolerance": true, "segment_id": 164, "node_degree": 4, "center_offset_m": 5.0738366946614359, "used_fallback": true, "box_id": 1, "provider": "protomaps" }, "geometry": { "type": "LineString", "coordinates": [ [ -49.241734069950333, -25.427709884464832 ], [ -49.241743361544124, -25.427714202713574 ], [ -49.241765041932304, -25.427724278625146 ], [ -49.241786722324242, -25.427734354533694 ], [ -49.241796013921949, -25.427738672779284 ] ] } },
{ "type": "Feature", "properties": { "length_m": 7.0000000002702771, "length_ok": true, "above_tolerance": true, "segment_id": 165, "node_degree": 4, "center_offset_m": 9.3046124478532999, "used_fallback": true, "box_id": 1, "provider": "protomaps" }, "geometry": { "type": "LineString", "coordinates": [ [ -49.241668951981865, -25.427825427259883 ], [ -49.241678243582257, -25.427829745511968 ], [ -49.241699923985855, -25.427839821431352 ], [ -49.24172160439322, -25.427849897347716 ], [ -49.241730895997527, -25.427854215596653 ] ] } },
{ "type": "Feature", "properties": { "length_m": 6.9999999994377653, "length_ok": true, "above_tolerance": false, "segment_id": 166, "node_degree": 4, "center_offset_m": 7.5763604763257577, "used_fallback": true, "box_id": 1, "provider": "protomaps" }, "geometry": { "type": "LineString", "coordinates": [ [ -49.241529419204028, -25.427749257995924 ], [ -49.241530301196072, -25.427758702532184 ], [ -49.241532359177839, -25.42778073978344 ], [ -49.241534417160111, -25.427802777034639 ], [ -49.241535299152659, -25.42781222157085 ] ] } },
{ "type": "Feature", "properties": { "length_m": 7.0000000004547278, "length_ok": true, "above_tolerance": true, "segment_id": 167, "node_degree": 4, "center_offset_m": 6.3506020147974924, "used_fallback": true, "box_id": 1, "provider": "protomaps" }, "geometry": { "type": "LineString", "coordinates": [ [ -49.241391470355637, -25.427759881365116 ], [ -49.241392352351276, -25.427769325900524 ], [ -49.241394410341435, -25.427791363149762 ], [ -49.241396468332098, -25.427813400398964 ], [ -49.241397350328249, -25.427822844934315 ] ] } },
{ "type": "Feature", "properties": { "length_m": 7.000000000033741, "length_ok": true, "above_tolerance": true, "segment_id": 168, "node_degree": 4, "center_offset_m": 8.7148436324593366, "used_fallback": true, "box_id": 1, "provider": "protomaps" }, "geometry": { "type": "LineString", "coordinates": [ [ -49.241423058269326, -25.427738813468032 ], [ -49.241422118424204, -25.427729373534671 ], [ -49.241419925452625, -25.427707347023457 ], [ -49.241417732481594, -25.427685320512193 ], [ -49.241416792637025, -25.427675880578775 ] ] } },
{ "type": "Feature", "properties": { "length_m": 6.999999999078983, "length_ok": true, "above_tolerance": false, "segment_id": 169, "node_degree": 4, "center_offset_m": 7.682542647631986, "used_fallback": true, "box_id": 1, "provider": "protomaps" }, "geometry": { "type": "LineString", "coordinates": [ [ -49.241585397897822, -25.427725485002419 ], [ -49.241584458014742, -25.427716045071488 ], [ -49.241582264954602, -25.427694018565951 ], [ -49.241580071895001, -25.427671992060358 ], [ -49.241579132012468, -25.42766255212937 ] ] } },
{ "type": "Feature", "properties": { "length_m": 4.0000006296796169, "length_ok": true, "above_tolerance": false, "segment_id": 170, "node_degree": 3, "center_offset_m": 7.0, "used_fallback": false, "box_id": 1, "provider": "protomaps" }, "geometry": { "type": "LineString", "coordinates": [ [ -49.241950213651457, -25.427194302297778 ], [ -49.241947998067722, -25.427199330993965 ], [ -49.241942828371592, -25.427211064618216 ], [ -49.241937658674395, -25.427222798242223 ], [ -49.241935443089559, -25.427227826938161 ] ] } },
{ "type": "Feature", "properties": { "length_m": 7.0000000004921947, "length_ok": true, "above_tolerance": true, "segment_id": 171, "node_degree": 4, "center_offset_m": 0.036599293580623679, "used_fallback": true, "box_id": 1, "provider": "protomaps" }, "geometry": { "type": "LineString", "coordinates": [ [ -49.241787478716397, -25.427120593786139 ], [ -49.241783355359246, -25.427129301265971 ], [ -49.241773734190105, -25.427149618718293 ], [ -49.24176411301756, -25.427169936169765 ], [ -49.241759989656856, -25.427178643648702 ] ] } },
{ "type": "Feature", "properties": { "length_m": 7.0000000003171516, "length_ok": true, "above_tolerance": true, "segment_id": 172, "node_degree": 4, "center_offset_m": 17.0, "used_fallback": true, "box_id": 1, "provider": "protomaps" }, "geometry": { "type": "LineString", "coordinates": [ [ -49.241636434304894, -25.427061661684366 ], [ -49.241632313959556, -25.427070370338406 ], [ -49.241622699817995, -25.427090690530559 ], [ -49.241613085673031, -25.427111010721852 ], [ -49.241608965324147, -25.427119719375003 ] ] } },
{ "type": "Feature", "properties": { "length_m": 7.0000000004367191, "length_ok": true, "above_tolerance": true, "segment_id": 173, "node_degree": 3, "center_offset_m": 5.3619840072992249, "used_fallback": true, "box_id": 1, "provider": "protomaps" }, "geometry": { "type": "LineString", "coordinates": [ [ -49.24134589911975, -25.428356365393562 ], [ -49.241352356073065, -25.428363812564889 ], [ -49.241367422300492, -25.428381189297024 ], [ -49.241382488532182, -25.428398566027795 ], [ -49.241388945489931, -25.428406013197719 ] ] } },
{ "type": "Feature", "properties": { "length_m": 3.999997971792157, "length_ok": true, "above_tolerance": false, "segment_id": 174, "node_degree": 4, "center_offset_m": 7.0, "used_fallback": false, "box_id": 1, "provider": "protomaps" }, "geometry": { "type": "LineString", "coordinates": [ [ -49.242146408326519, -25.426390214618589 ], [ -49.242149376562836, -25.426385516721581 ], [ -49.242156302446659, -25.426374554961622 ], [ -49.242163228329183, -25.426363593201263 ], [ -49.242166196564149, -25.426358895303842 ] ] } },
{ "type": "Feature", "properties": { "length_m": 4.000002440601433, "length_ok": true, "above_tolerance": false, "segment_id": 174, "node_degree": 4, "center_offset_m": 7.0, "used_fallback": false, "box_id": 1, "provider": "protomaps" }, "geometry": { "type": "LineString", "coordinates": [ [ -49.242232648373609, -25.42643514845021 ], [ -49.242235616611218, -25.426430450546121 ], [ -49.242242542498069, -25.426419488769643 ], [ -49.242249468383619, -25.426408526992748 ], [ -49.242252436619886, -25.42640382908824 ] ] } },
{ "type": "Feature", "properties": { "length_m": 7.0000000000692317, "length_ok": true, "above_tolerance": true, "segment_id": 175, "node_degree": 4, "center_offset_m": 0.12851541722162796, "used_fallback": true, "box_id": 1, "provider": "protomaps" }, "geometry": { "type": "LineString", "coordinates": [ [ -49.24228669348404, -25.426478918623303 ], [ -49.242291887249159, -25.426470696957654 ], [ -49.242304006031596, -25.426451513070244 ], [ -49.24231612481006, -25.426432329181583 ], [ -49.242321318571044, -25.426424107514634 ] ] } },
{ "type": "Feature", "properties": { "length_m": 7.0000000000692317, "length_ok": true, "above_tolerance": true, "segment_id": 175, "node_degree": 3, "center_offset_m": 0.12851541722162796, "used_fallback": true, "box_id": 1, "provider": "protomaps" }, "geometry": { "type": "LineString", "coordinates": [ [ -49.242286738713894, -25.42647894218555 ], [ -49.242291932479013, -25.426470720519895 ], [ -49.242304051261449, -25.426451536632484 ], [ -49.242316170039906, -25.426432352743824 ], [ -49.24232136380089, -25.426424131076871 ] ] } },
{ "type": "Feature", "properties": { "length_m": 4.0000001531053275, "length_ok": true, "above_tolerance": false, "segment_id": 176, "node_degree": 3, "center_offset_m": 7.0, "used_fallback": false, "box_id": 1, "provider": "protomaps" }, "geometry": { "type": "LineString", "coordinates": [ [ -49.242215694392982, -25.423863271639163 ], [ -49.242219194581907, -25.423867657106953 ], [ -49.242227361690368, -25.423877889864855 ], [ -49.242235528800187, -25.423888122622358 ], [ -49.242239028990525, -25.423892508089736 ] ] } },
{ "type": "Feature", "properties": { "length_m": 4.000005548050213, "length_ok": true, "above_tolerance": false, "segment_id": 176, "node_degree": 3, "center_offset_m": 7.0, "used_fallback": false, "box_id": 1, "provider": "protomaps" }, "geometry": { "type": "LineString", "coordinates": [ [ -49.24217012477547, -25.423893265881397 ], [ -49.242173624968196, -25.423897651356135 ], [ -49.242181792085518, -25.423907884130227 ], [ -49.242189959204204, -25.423918116903934 ], [ -49.242193459398329, -25.423922502378261 ] ] } },
{ "type": "Feature", "properties": { "length_m": 5.7735237127007251, "length_ok": true, "above_tolerance": false, "segment_id": 177, "node_degree": 4, "center_offset_m": 11.0, "used_fallback": false, "box_id": 1, "provider": "protomaps" }, "geometry": { "type": "LineString", "coordinates": [ [ -49.242563218296397, -25.424743139294559 ], [ -49.24255726706398, -25.424748788112375 ], [ -49.242543380852844, -25.424761968686223 ], [ -49.242529494638674, -25.424775149258583 ], [ -49.242523543403102, -25.424780798074849 ] ] } },
{ "type": "Feature", "properties": { "length_m": 5.7006321939751254, "length_ok": true, "above_tolerance": false, "segment_id": 177, "node_degree": 3, "center_offset_m": 13.5, "used_fallback": false, "box_id": 1, "provider": "protomaps" }, "geometry": { "type": "LineString", "coordinates": [ [ -49.242515736812003, -25.424724043160147 ], [ -49.242509860713625, -25.42472962065893 ], [ -49.242496149815295, -25.424742634821708 ], [ -49.24248243891401, -25.424755648983034 ], [ -49.242476562812556, -25.424761226480296 ] ] } },
{ "type": "Feature", "properties": { "length_m": 3.9999972433911051, "length_ok": true, "above_tolerance": false, "segment_id": 179, "node_degree": 3, "center_offset_m": 7.0, "used_fallback": false, "box_id": 1, "provider": "protomaps" }, "geometry": { "type": "LineString", "coordinates": [ [ -49.248322616972821, -25.425987159459559 ], [ -49.248323183287582, -25.425992551252111 ], [ -49.248324504688803, -25.426005132101402 ], [ -49.24832582609023, -25.426017712950667 ], [ -49.248326392405176, -25.426023104743201 ] ] } },
{ "type": "Feature", "properties": { "length_m": 4.0000061898536741, "length_ok": true, "above_tolerance": false, "segment_id": 179, "node_degree": 4, "center_offset_m": 7.0, "used_fallback": false, "box_id": 1, "provider": "protomaps" }, "geometry": { "type": "LineString", "coordinates": [ [ -49.247611848919178, -25.426048721443298 ], [ -49.247612415203491, -25.426054113248945 ], [ -49.24761373653368, -25.426066694128778 ], [ -49.247615057864053, -25.426079275008593 ], [ -49.247615624148558, -25.426084666814234 ] ] } },
{ "type": "Feature", "properties": { "length_m": 3.9999990166159973, "length_ok": true, "above_tolerance": false, "segment_id": 180, "node_degree": 4, "center_offset_m": 7.0, "used_fallback": false, "box_id": 1, "provider": "protomaps" }, "geometry": { "type": "LineString", "coordinates": [ [ -49.247473309207763, -25.426060720367612 ], [ -49.24747387547562, -25.426066112164605 ], [ -49.247475196767411, -25.426078693024213 ], [ -49.247476518059408, -25.426091273883817 ], [ -49.247477084327457, -25.426096665680785 ] ] } },
{ "type": "Feature", "properties": { "length_m": 4.0000031179246305, "length_ok": true, "above_tolerance": false, "segment_id": 180, "node_degree": 3, "center_offset_m": 7.0, "used_fallback": false, "box_id": 1, "provider": "protomaps" }, "geometry": { "type": "LineString", "coordinates": [ [ -49.247208572429543, -25.426083648545386 ], [ -49.247209138686166, -25.426089040348284 ], [ -49.247210459951759, -25.426101621221701 ], [ -49.247211781217537, -25.426114202095103 ], [ -49.24721234747436, -25.426119593897976 ] ] } },
{ "type": "Feature", "properties": { "length_m": 3.9999970576729624, "length_ok": true, "above_tolerance": false, "segment_id": 181, "node_degree": 3, "center_offset_m": 7.0, "used_fallback": false, "box_id": 1, "provider": "protomaps" }, "geometry": { "type": "LineString", "coordinates": [ [ -49.247070032593598, -25.426095647040622 ], [ -49.247070598853007, -25.426101038834709 ], [ -49.247071920125109, -25.426113619687541 ], [ -49.247073241397402, -25.426126200540359 ], [ -49.247073807657017, -25.426131592334428 ] ] } },
{ "type": "Feature", "properties": { "length_m": 4.0000079789390082, "length_ok": true, "above_tolerance": false, "segment_id": 181, "node_degree": 4, "center_offset_m": 7.0, "used_fallback": false, "box_id": 1, "provider": "protomaps" }, "geometry": { "type": "LineString", "coordinates": [ [ -49.246365155385611, -25.426156692693102 ], [ -49.246365721615113, -25.426162084502934 ], [ -49.24636704281744, -25.426174665392509 ], [ -49.246368364019951, -25.426187246282069 ], [ -49.246368930249659, -25.426192638091887 ] ] } },
{ "type": "Feature", "properties": { "length_m": 3.999999500834984, "length_ok": true, "above_tolerance": false, "segment_id": 182, "node_degree": 4, "center_offset_m": 7.0, "used_fallback": false, "box_id": 1, "provider": "protomaps" }, "geometry": { "type": "LineString", "coordinates": [ [ -49.246226615490528, -25.426168690478026 ], [ -49.246227181708399, -25.426174082277001 ], [ -49.246228502883589, -25.426186663141245 ], [ -49.246229824058958, -25.42619924400547 ], [ -49.246230390277034, -25.426204635804421 ] ] } },
{ "type": "Feature", "properties": { "length_m": 4.0000014634386343, "length_ok": true, "above_tolerance": false, "segment_id": 182, "node_degree": 3, "center_offset_m": 7.0, "used_fallback": false, "box_id": 1, "provider": "protomaps" }, "geometry": { "type": "LineString", "coordinates": [ [ -49.24554033965105, -25.426228120747354 ], [ -49.245540905838581, -25.426233512549956 ], [ -49.245542226942966, -25.426246093422709 ], [ -49.245543548047543, -25.426258674295436 ], [ -49.245544114235273, -25.426264066098032 ] ] } },
{ "type": "Feature", "properties": { "length_m": 4.0000049651974878, "length_ok": true, "above_tolerance": false, "segment_id": 183, "node_degree": 3, "center_offset_m": 7.0, "used_fallback": false, "box_id": 1, "provider": "protomaps" }, "geometry": { "type": "LineString", "coordinates": [ [ -49.245401799624254, -25.426240117604852 ], [ -49.245402365802789, -25.426245509412681 ], [ -49.245403686886178, -25.42625809029758 ], [ -49.245405007969744, -25.426270671182461 ], [ -49.245405574148485, -25.426276062990265 ] ] } },
{ "type": "Feature", "properties": { "length_m": 4.0000060959051682, "length_ok": true, "above_tolerance": false, "segment_id": 183, "node_degree": 4, "center_offset_m": 7.0, "used_fallback": false, "box_id": 1, "provider": "protomaps" }, "geometry": { "type": "LineString", "coordinates": [ [ -49.24472490981637, -25.426298730842294 ], [ -49.244725475964856, -25.426304122652624 ], [ -49.244726796978142, -25.426316703543364 ], [ -49.244728117991613, -25.4263292844341 ], [ -49.244728684140313, -25.426334676244412 ] ] } },
{ "type": "Feature", "properties": { "length_m": 3.9999951881717033, "length_ok": true, "above_tolerance": false, "segment_id": 184, "node_degree": 4, "center_offset_m": 7.0, "used_fallback": false, "box_id": 1, "provider": "protomaps" }, "geometry": { "type": "LineString", "coordinates": [ [ -49.244586369659501, -25.426310727065562 ], [ -49.244586935806673, -25.426316118860829 ], [ -49.244588256816876, -25.42632869971645 ], [ -49.244589577827263, -25.426341280572053 ], [ -49.244590143974634, -25.426346672367306 ] ] } },
{ "type": "Feature", "properties": { "length_m": 4.0000030732460168, "length_ok": true, "above_tolerance": false, "segment_id": 184, "node_degree": 4, "center_offset_m": 7.0, "used_fallback": false, "box_id": 1, "provider": "protomaps" }, "geometry": { "type": "LineString", "coordinates": [ [ -49.243545995221631, -25.426400808910074 ], [ -49.243546561323491, -25.426406200717494 ], [ -49.243547882227986, -25.426418781601431 ], [ -49.243549203132666, -25.426431362485346 ], [ -49.243549769234733, -25.426436754292737 ] ] } },
{ "type": "Feature", "properties": { "length_m": 4.0000043310099631, "length_ok": true, "above_tolerance": false, "segment_id": 185, "node_degree": 4, "center_offset_m": 7.0, "used_fallback": false, "box_id": 1, "provider": "protomaps" }, "geometry": { "type": "LineString", "coordinates": [ [ -49.24340745493992, -25.426412803884514 ], [ -49.243408021027108, -25.426418195694573 ], [ -49.243409341897326, -25.426430776584688 ], [ -49.243410662767744, -25.426443357474785 ], [ -49.243411228855116, -25.426448749284827 ] ] } },
{ "type": "Feature", "properties": { "length_m": 4.00000410618477, "length_ok": true, "above_tolerance": false, "segment_id": 185, "node_degree": 3, "center_offset_m": 7.0, "used_fallback": false, "box_id": 1, "provider": "protomaps" }, "geometry": { "type": "LineString", "coordinates": [ [ -49.243088707829308, -25.426440400693007 ], [ -49.243089273902235, -25.426445792503227 ], [ -49.243090594739201, -25.426458373393707 ], [ -49.24309191557635, -25.426470954284184 ], [ -49.243092481649477, -25.426476346094383 ] ] } },
{ "type": "Feature", "properties": { "length_m": 3.9999977590970306, "length_ok": true, "above_tolerance": false, "segment_id": 186, "node_degree": 3, "center_offset_m": 7.0, "used_fallback": false, "box_id": 1, "provider": "protomaps" }, "geometry": { "type": "LineString", "coordinates": [ [ -49.242950167445535, -25.426452395254714 ], [ -49.242950733515038, -25.426457787056258 ], [ -49.242952054344016, -25.426470367926512 ], [ -49.242953375173187, -25.42648294879675 ], [ -49.242953941242888, -25.426488340598283 ] ] } },
{ "type": "Feature", "properties": { "length_m": 7.9222595639226316, "length_ok": true, "above_tolerance": true, "segment_id": 186, "node_degree": 3, "center_offset_m": 7.0, "used_fallback": false, "box_id": 1, "provider": "protomaps" }, "geometry": { "type": "LineString", "coordinates": [ [ -49.24253505869185, -25.426488333674627 ], [ -49.24253617979322, -25.426499012494627 ], [ -49.24253879569693, -25.426523929741268 ], [ -49.242541411601394, -25.426548846987835 ], [ -49.242542532703531, -25.426559525807768 ] ] } },
{ "type": "Feature", "properties": { "length_m": 7.0000000001699849, "length_ok": true, "above_tolerance": true, "segment_id": 187, "node_degree": 3, "center_offset_m": 7.928488042480657, "used_fallback": true, "box_id": 1, "provider": "protomaps" }, "geometry": { "type": "LineString", "coordinates": [ [ -49.241657831077127, -25.427495221733235 ], [ -49.241648366732363, -25.427491224846285 ], [ -49.241626283263777, -25.427481898774506 ], [ -49.241604199798765, -25.427472572699578 ], [ -49.241594735457717, -25.427468575809353 ] ] } },
{ "type": "Feature", "properties": { "length_m": 7.0000000000582991, "length_ok": true, "above_tolerance": true, "segment_id": 188, "node_degree": 3, "center_offset_m": 15.578810419900504, "used_fallback": true, "box_id": 1, "provider": "protomaps" }, "geometry": { "type": "LineString", "coordinates": [ [ -49.241751071858594, -25.427297851480787 ], [ -49.241741261299303, -25.42729461545526 ], [ -49.241718369996462, -25.427287064726602 ], [ -49.24169547869667, -25.427279513994524 ], [ -49.241685668140555, -25.42727627796544 ] ] } },
{ "type": "Feature", "properties": { "length_m": 6.999999999885242, "length_ok": true, "above_tolerance": false, "segment_id": 188, "node_degree": 4, "center_offset_m": 15.578810419900504, "used_fallback": true, "box_id": 1, "provider": "protomaps" }, "geometry": { "type": "LineString", "coordinates": [ [ -49.241753229897753, -25.427292456322945 ], [ -49.241743419338817, -25.427289220297588 ], [ -49.241720528036815, -25.427281669569314 ], [ -49.241697636737868, -25.427274118837609 ], [ -49.241687826182115, -25.427270882808692 ] ] } },
{ "type": "Feature", "properties": { "length_m": 7.000000000184623, "length_ok": true, "above_tolerance": true, "segment_id": 189, "node_degree": 4, "center_offset_m": 17.0, "used_fallback": true, "box_id": 1, "provider": "protomaps" }, "geometry": { "type": "LineString", "coordinates": [ [ -49.241862100164319, -25.427020277662294 ], [ -49.241852289629769, -25.427017041629668 ], [ -49.24182939838466, -25.427009490884412 ], [ -49.24180650714262, -25.427001940135732 ], [ -49.241796696611246, -25.426998704099535 ] ] } },
{ "type": "Feature", "properties": { "length_m": 7.000000000184623, "length_ok": true, "above_tolerance": true, "segment_id": 189, "node_degree": 4, "center_offset_m": 17.0, "used_fallback": true, "box_id": 1, "provider": "protomaps" }, "geometry": { "type": "LineString", "coordinates": [ [ -49.242072651018518, -25.426493892073012 ], [ -49.242062840519175, -25.426490656056195 ], [ -49.242039949356219, -25.426483105347845 ], [ -49.242017058196325, -25.426475554636067 ], [ -49.242007247700158, -25.426472318615687 ] ] } },
{ "type": "Feature", "properties": { "length_m": 6.9999999998995683, "length_ok": true, "above_tolerance": false, "segment_id": 190, "node_degree": 4, "center_offset_m": 17.0, "used_fallback": true, "box_id": 1, "provider": "protomaps" }, "geometry": { "type": "LineString", "coordinates": [ [ -49.242181484412292, -25.426212150828814 ], [ -49.242171597673924, -25.426209112232712 ], [ -49.242148528619815, -25.426202022172674 ], [ -49.242125459568612, -25.426194932109144 ], [ -49.242115572833271, -25.426191893509419 ] ] } },
{ "type": "Feature", "properties": { "length_m": 6.9999999999767111, "length_ok": true, "above_tolerance": false, "segment_id": 190, "node_degree": 3, "center_offset_m": 17.0, "used_fallback": true, "box_id": 1, "provider": "protomaps" }, "geometry": { "type": "LineString", "coordinates": [ [ -49.242491316426836, -25.425011655544431 ], [ -49.242480879955885, -25.425011521289118 ], [ -49.242456528190608, -25.425011208023843 ], [ -49.242432176425723, -25.425010894754536 ], [ -49.242421739955176, -25.425010760495017 ] ] } },
{ "type": "Feature", "properties": { "length_m": 7.0000000002141984, "length_ok": true, "above_tolerance": true, "segment_id": 191, "node_degree": 3, "center_offset_m": 11.613915688531623, "used_fallback": true, "box_id": 1, "provider": "protomaps" }, "geometry": { "type": "LineString", "coordinates": [ [ -49.242464404687659, -25.424752830840891 ], [ -49.242454202484758, -25.424754832069517 ], [ -49.242430397343504, -25.424759501600168 ], [ -49.242406592200652, -25.424764171126856 ], [ -49.242396389996081, -25.424766172351362 ] ] } },
{ "type": "Feature", "properties": { "length_m": 7.0000000002141984, "length_ok": true, "above_tolerance": true, "segment_id": 191, "node_degree": 3, "center_offset_m": 11.613915688531623, "used_fallback": true, "box_id": 1, "provider": "protomaps" }, "geometry": { "type": "LineString", "coordinates": [ [ -49.242463409787902, -25.424748648128812 ], [ -49.242453207585349, -25.424750649357389 ], [ -49.242429402444898, -25.424755318887915 ], [ -49.242405597302849, -25.42475998841449 ], [ -49.242395395098626, -25.424761989638945 ] ] } },
{ "type": "Feature", "properties": { "length_m": 6.9999999998724594, "length_ok": true, "above_tolerance": false, "segment_id": 192, "node_degree": 3, "center_offset_m": 17.0, "used_fallback": true, "box_id": 1, "provider": "protomaps" }, "geometry": { "type": "LineString", "coordinates": [ [ -49.242404405519757, -25.424500582414137 ], [ -49.242394203330754, -25.424502583610753 ], [ -49.242370398221937, -25.424507253066679 ], [ -49.24234659311152, -25.424511922518654 ], [ -49.242336390920855, -25.424513923711142 ] ] } },
{ "type": "Feature", "properties": { "length_m": 6.9999999995820952, "length_ok": true, "above_tolerance": false, "segment_id": 192, "node_degree": 3, "center_offset_m": 17.0, "used_fallback": true, "box_id": 1, "provider": "protomaps" }, "geometry": { "type": "LineString", "coordinates": [ [ -49.242233459692827, -25.424061427697769 ], [ -49.242224254991491, -25.424065896305795 ], [ -49.242202777352517, -25.424076323055463 ], [ -49.242181299709983, -25.424086749801777 ], [ -49.242172095004953, -25.424091218406321 ] ] } },
{ "type": "Feature", "properties": { "length_m": 6.9999999994925144, "length_ok": true, "above_tolerance": false, "segment_id": 193, "node_degree": 3, "center_offset_m": 17.0, "used_fallback": true, "box_id": 1, "provider": "protomaps" }, "geometry": { "type": "LineString", "coordinates": [ [ -49.242064718650973, -25.423801166211234 ], [ -49.242056288916693, -25.423806755342348 ], [ -49.242036619533742, -25.423819796646235 ], [ -49.242016950146642, -25.423832837947234 ], [ -49.242008520408042, -25.423838427075353 ] ] } },
{ "type": "Feature", "properties": { "length_m": 6.9999999994925144, "length_ok": true, "above_tolerance": false, "segment_id": 193, "node_degree": 4, "center_offset_m": 17.0, "used_fallback": true, "box_id": 1, "provider": "protomaps" }, "geometry": { "type": "LineString", "coordinates": [ [ -49.242034686742663, -25.423763811873538 ], [ -49.242026257009819, -25.423769401003018 ], [ -49.242006587630229, -25.423782442303104 ], [ -49.241986918246482, -25.423795483600298 ], [ -49.241978488509311, -25.423801072726778 ] ] } },
{ "type": "Feature", "properties": { "length_m": 7.0000000005863523, "length_ok": true, "above_tolerance": true, "segment_id": 194, "node_degree": 4, "center_offset_m": 15.506452614872344, "used_fallback": true, "box_id": 1, "provider": "protomaps" }, "geometry": { "type": "LineString", "coordinates": [ [ -49.241847080122874, -25.423530462689328 ], [ -49.241838650415175, -25.423536051828727 ], [ -49.241818981094234, -25.423549093151919 ], [ -49.241799311769135, -25.423562134472238 ], [ -49.24179088205711, -25.423567723608642 ] ] } },
{ "type": "Feature", "properties": { "length_m": 3.9999974477498252, "length_ok": true, "above_tolerance": false, "segment_id": 195, "node_degree": 3, "center_offset_m": 7.0, "used_fallback": false, "box_id": 1, "provider": "protomaps" }, "geometry": { "type": "LineString", "coordinates": [ [ -49.242230052662329, -25.423796701346919 ], [ -49.242235116072557, -25.423793839114463 ], [ -49.242246930695501, -25.423787160571344 ], [ -49.24225874531718, -25.423780482027198 ], [ -49.242263808726079, -25.423777619793679 ] ] } },
{ "type": "Feature", "properties": { "length_m": 3.9999992583444488, "length_ok": true, "above_tolerance": false, "segment_id": 196, "node_degree": 3, "center_offset_m": 7.0, "used_fallback": false, "box_id": 1, "provider": "protomaps" }, "geometry": { "type": "LineString", "coordinates": [ [ -49.242299067193066, -25.423905025986972 ], [ -49.242304323303152, -25.423902466202176 ], [ -49.242316587559188, -25.423896493370183 ], [ -49.242328851814072, -25.4238905205371 ], [ -49.24233410792295, -25.423887960751166 ] ] } },
{ "type": "Feature", "properties": { "length_m": 5.7735246644344311, "length_ok": true, "above_tolerance": false, "segment_id": 196, "node_degree": 4, "center_offset_m": 11.0, "used_fallback": false, "box_id": 1, "provider": "protomaps" }, "geometry": { "type": "LineString", "coordinates": [ [ -49.242567085755162, -25.424741406284515 ], [ -49.242575643153231, -25.42474055380081 ], [ -49.242595610415066, -25.424738564670204 ], [ -49.242615577676411, -25.424736575536851 ], [ -49.242624135073982, -25.424735723050283 ] ] } },
{ "type": "Feature", "properties": { "length_m": 4.0000067282167899, "length_ok": true, "above_tolerance": false, "segment_id": 197, "node_degree": 4, "center_offset_m": 7.0, "used_fallback": false, "box_id": 1, "provider": "protomaps" }, "geometry": { "type": "LineString", "coordinates": [ [ -49.24259736238777, -25.424899826675993 ], [ -49.242603326138287, -25.424899753100572 ], [ -49.242617241556196, -25.424899581423642 ], [ -49.242631156974149, -25.424899409745382 ], [ -49.242637120724716, -25.424899336168586 ] ] } },
{ "type": "Feature", "properties": { "length_m": 4.000004845120972, "length_ok": true, "above_tolerance": false, "segment_id": 197, "node_degree": 4, "center_offset_m": 7.0, "used_fallback": false, "box_id": 1, "provider": "protomaps" }, "geometry": { "type": "LineString", "coordinates": [ [ -49.242305432281235, -25.426385257919431 ], [ -49.24231110626593, -25.426386927349611 ], [ -49.242324345564207, -25.42639082268586 ], [ -49.242337584863414, -25.426394718020969 ], [ -49.242343258849061, -25.426396387449945 ] ] } },
{ "type": "Feature", "properties": { "length_m": 7.385640272111277, "length_ok": true, "above_tolerance": true, "segment_id": 198, "node_degree": 4, "center_offset_m": 7.0, "used_fallback": false, "box_id": 1, "provider": "protomaps" }, "geometry": { "type": "LineString", "coordinates": [ [ -49.242262537009516, -25.426505484170303 ], [ -49.242273013510989, -25.42650856661518 ], [ -49.242297458683325, -25.426515758983758 ], [ -49.242321903858802, -25.42652295134841 ], [ -49.242332380363543, -25.426526033789202 ] ] } },
{ "type": "Feature", "properties": { "length_m": 3.9999971684779352, "length_ok": true, "above_tolerance": false, "segment_id": 198, "node_degree": 3, "center_offset_m": 7.0, "used_fallback": false, "box_id": 1, "provider": "protomaps" }, "geometry": { "type": "LineString", "coordinates": [ [ -49.242011627616343, -25.427168929762956 ], [ -49.242017257941335, -25.427170716999552 ], [ -49.24203039536701, -25.427174887217465 ], [ -49.242043532793666, -25.427179057434262 ], [ -49.242049163119681, -25.427180844669682 ] ] } },
{ "type": "Feature", "properties": { "length_m": 4.0000000416427595, "length_ok": true, "above_tolerance": false, "segment_id": 199, "node_degree": 3, "center_offset_m": 7.0, "used_fallback": false, "box_id": 1, "provider": "protomaps" }, "geometry": { "type": "LineString", "coordinates": [ [ -49.241964125097368, -25.427287188570386 ], [ -49.241969700291882, -25.427289113080519 ], [ -49.241982709079814, -25.427293603603371 ], [ -49.241995717868768, -25.42729809412511 ], [ -49.242001293064341, -25.427300018634096 ] ] } },
{ "type": "Feature", "properties": { "length_m": 7.0000000000129461, "length_ok": true, "above_tolerance": true, "segment_id": 200, "node_degree": 3, "center_offset_m": 6.528956386253018, "used_fallback": true, "box_id": 1, "provider": "protomaps" }, "geometry": { "type": "LineString", "coordinates": [ [ -49.249837921953258, -25.424185926955715 ], [ -49.249848310991695, -25.424185014813972 ], [ -49.249872552080959, -25.424182886480338 ], [ -49.249896793169626, -25.424180758142651 ], [ -49.249907182207444, -25.424179845996697 ] ] } },
{ "type": "Feature", "properties": { "length_m": 7.0000000000129461, "length_ok": true, "above_tolerance": true, "segment_id": 200, "node_degree": 4, "center_offset_m": 6.528956386253018, "used_fallback": true, "box_id": 1, "provider": "protomaps" }, "geometry": { "type": "LineString", "coordinates": [ [ -49.249838176875514, -25.42418832140995 ], [ -49.249848565914156, -25.424187409268196 ], [ -49.249872807003896, -25.424185280934545 ], [ -49.24989704809304, -25.42418315259685 ], [ -49.249907437131064, -25.424182240450886 ] ] } },
{ "type": "Feature", "properties": { "length_m": 6.9999999999114602, "length_ok": true, "above_tolerance": false, "segment_id": 201, "node_degree": 4, "center_offset_m": 7.2095813949893381, "used_fallback": true, "box_id": 1, "provider": "protomaps" }, "geometry": { "type": "LineString", "coordinates": [ [ -49.249851319700809, -25.424311765415638 ], [ -49.249861708742806, -25.424310853205306 ], [ -49.249885949840362, -25.424308724711658 ], [ -49.249910190937321, -25.42430659621396 ], [ -49.249920579978685, -25.424305683999421 ] ] } },
{ "type": "Feature", "properties": { "length_m": 6.9999999999114602, "length_ok": true, "above_tolerance": false, "segment_id": 201, "node_degree": 3, "center_offset_m": 7.2095813949893381, "used_fallback": true, "box_id": 1, "provider": "protomaps" }, "geometry": { "type": "LineString", "coordinates": [ [ -49.24985160121944, -25.42431440948296 ], [ -49.249861990261664, -25.424313497272628 ], [ -49.249886231359746, -25.424311368778962 ], [ -49.249910472457238, -25.424309240281247 ], [ -49.249920861498829, -25.424308328066697 ] ] } },
{ "type": "Feature", "properties": { "length_m": 6.9999999999595008, "length_ok": true, "above_tolerance": false, "segment_id": 202, "node_degree": 4, "center_offset_m": 0.16865718839138277, "used_fallback": true, "box_id": 1, "provider": "protomaps" }, "geometry": { "type": "LineString", "coordinates": [ [ -49.250148322197866, -25.42701858142815 ], [ -49.250158715822572, -25.427017711031713 ], [ -49.250182967613156, -25.427015680103818 ], [ -49.25020721940318, -25.427013649171865 ], [ -49.250217613027303, -25.427012778771214 ] ] } },
{ "type": "Feature", "properties": { "length_m": 4.0000025982422249, "length_ok": true, "above_tolerance": false, "segment_id": 203, "node_degree": 4, "center_offset_m": 7.0, "used_fallback": false, "box_id": 1, "provider": "protomaps" }, "geometry": { "type": "LineString", "coordinates": [ [ -49.250169710315646, -25.427081776251587 ], [ -49.250175649565556, -25.427081279165289 ], [ -49.250189507815207, -25.427080119296306 ], [ -49.250203366064682, -25.427078959425991 ], [ -49.250209305314399, -25.427078462338322 ] ] } },
{ "type": "Feature", "properties": { "length_m": 4.0000047102708471, "length_ok": true, "above_tolerance": false, "segment_id": 203, "node_degree": 4, "center_offset_m": 7.0, "used_fallback": false, "box_id": 1, "provider": "protomaps" }, "geometry": { "type": "LineString", "coordinates": [ [ -49.250223218775034, -25.427608988394233 ], [ -49.25022915805399, -25.427608491306895 ], [ -49.250243016371435, -25.427607331435496 ], [ -49.250256874688702, -25.427606171562768 ], [ -49.250262813967474, -25.427605674474062 ] ] } },
{ "type": "Feature", "properties": { "length_m": 4.0000045952850565, "length_ok": true, "above_tolerance": false, "segment_id": 204, "node_degree": 4, "center_offset_m": 7.0, "used_fallback": false, "box_id": 1, "provider": "protomaps" }, "geometry": { "type": "LineString", "coordinates": [ [ -49.250235991334627, -25.427734834659219 ], [ -49.250241930619637, -25.427734337572016 ], [ -49.250255788951193, -25.427733177700929 ], [ -49.250269647282572, -25.427732017828522 ], [ -49.25027558656739, -25.427731520739936 ] ] } },
{ "type": "Feature", "properties": { "length_m": 4.1646532268378484, "length_ok": true, "above_tolerance": false, "segment_id": 204, "node_degree": 3, "center_offset_m": 7.0, "used_fallback": false, "box_id": 1, "provider": "protomaps" }, "geometry": { "type": "LineString", "coordinates": [ [ -49.250265545957134, -25.428026030516474 ], [ -49.250271729730549, -25.428025512967658 ], [ -49.250286158535054, -25.428024305352736 ], [ -49.25030058733936, -25.428023097736386 ], [ -49.250306771112577, -25.428022580186081 ] ] } },
{ "type": "Feature", "properties": { "length_m": 6.9999999999031255, "length_ok": true, "above_tolerance": false, "segment_id": 205, "node_degree": 3, "center_offset_m": 17.0, "used_fallback": true, "box_id": 1, "provider": "protomaps" }, "geometry": { "type": "LineString", "coordinates": [ [ -49.250272137348404, -25.428238515156931 ], [ -49.250282531129251, -25.428237645261607 ], [ -49.250306783284174, -25.428235615502945 ], [ -49.250331035438535, -25.428233585740234 ], [ -49.250341429218807, -25.428232715840686 ] ] } },
{ "type": "Feature", "properties": { "length_m": 6.9999999999031255, "length_ok": true, "above_tolerance": false, "segment_id": 205, "node_degree": 4, "center_offset_m": 17.0, "used_fallback": true, "box_id": 1, "provider": "protomaps" }, "geometry": { "type": "LineString", "coordinates": [ [ -49.250292773743709, -25.42844184267112 ], [ -49.25030316754205, -25.428440972775274 ], [ -49.250327419737793, -25.428438943015394 ], [ -49.250351671932975, -25.428436913251463 ], [ -49.250362065730741, -25.4284360433514 ] ] } },
{ "type": "Feature", "properties": { "length_m": 6.9999999999077289, "length_ok": true, "above_tolerance": false, "segment_id": 206, "node_degree": 4, "center_offset_m": 17.0, "used_fallback": true, "box_id": 1, "provider": "protomaps" }, "geometry": { "type": "LineString", "coordinates": [ [ -49.250322880664953, -25.428738480293447 ], [ -49.250333274488348, -25.428737610392123 ], [ -49.250357526742519, -25.428735580619495 ], [ -49.250381778996143, -25.428733550842807 ], [ -49.250392172818948, -25.428732680937276 ] ] } },
{ "type": "Feature", "properties": { "length_m": 6.9999999999077289, "length_ok": true, "above_tolerance": false, "segment_id": 206, "node_degree": 3, "center_offset_m": 17.0, "used_fallback": true, "box_id": 1, "provider": "protomaps" }, "geometry": { "type": "LineString", "coordinates": [ [ -49.250394901274696, -25.429448079288878 ], [ -49.25040529515914, -25.429447209385739 ], [ -49.250429547555768, -25.429445179608855 ], [ -49.250453799951849, -25.429443149827918 ], [ -49.250464193835711, -25.429442279920565 ] ] } },
{ "type": "Feature", "properties": { "length_m": 7.0000000000843867, "length_ok": true, "above_tolerance": true, "segment_id": 207, "node_degree": 3, "center_offset_m": 2.670512753421324, "used_fallback": true, "box_id": 1, "provider": "protomaps" }, "geometry": { "type": "LineString", "coordinates": [ [ -49.250412391254116, -25.429620403253494 ], [ -49.250422785156822, -25.429619533383761 ], [ -49.250447037596075, -25.429617503684828 ], [ -49.25047129003476, -25.429615473981841 ], [ -49.250481683936883, -25.429614604107893 ] ] } },
{ "type": "Feature", "properties": { "length_m": 7.0000000000843867, "length_ok": true, "above_tolerance": true, "segment_id": 207, "node_degree": 3, "center_offset_m": 2.670512753421324, "used_fallback": true, "box_id": 1, "provider": "protomaps" }, "geometry": { "type": "LineString", "coordinates": [ [ -49.25041249069622, -25.42962138306136 ], [ -49.250422884599011, -25.42962051319163 ], [ -49.250447137038456, -25.429618483492685 ], [ -49.25047138947734, -25.429616453789691 ], [ -49.250481783379549, -25.429615583915748 ] ] } },
{ "type": "Feature", "properties": { "length_m": 7.0000000001267395, "length_ok": true, "above_tolerance": true, "segment_id": 208, "node_degree": 3, "center_offset_m": 5.6338974228677063, "used_fallback": true, "box_id": 1, "provider": "protomaps" }, "geometry": { "type": "LineString", "coordinates": [ [ -49.250420067122029, -25.429696031679502 ], [ -49.250430461027371, -25.429695161771424 ], [ -49.25045471347277, -25.429693131983012 ], [ -49.250478965917601, -25.429691102190549 ], [ -49.25048935982236, -25.429690232278261 ] ] } },
{ "type": "Feature", "properties": { "length_m": 6.9999999998507487, "length_ok": true, "above_tolerance": false, "segment_id": 209, "node_degree": 3, "center_offset_m": 6.6075507617690672, "used_fallback": true, "box_id": 1, "provider": "protomaps" }, "geometry": { "type": "LineString", "coordinates": [ [ -49.25099137577179, -25.423504570105464 ], [ -49.25098099071468, -25.423505518420423 ], [ -49.250956758914327, -25.423507731152444 ], [ -49.250932527113335, -25.423509943880415 ], [ -49.250922142055579, -25.423510892191167 ] ] } },
{ "type": "Feature", "properties": { "length_m": 4.0000084191732901, "length_ok": true, "above_tolerance": false, "segment_id": 210, "node_degree": 3, "center_offset_m": 7.0, "used_fallback": false, "box_id": 1, "provider": "protomaps" }, "geometry": { "type": "LineString", "coordinates": [ [ -49.248382403795723, -25.426064034352759 ], [ -49.248388324904312, -25.42606338313842 ], [ -49.248402140824147, -25.426061863637365 ], [ -49.24841595674372, -25.426060344134992 ], [ -49.248421877852032, -25.426059692919285 ] ] } },
{ "type": "Feature", "properties": { "length_m": 3.9999999879454591, "length_ok": true, "above_tolerance": false, "segment_id": 210, "node_degree": 3, "center_offset_m": 7.0, "used_fallback": false, "box_id": 1, "provider": "protomaps" }, "geometry": { "type": "LineString", "coordinates": [ [ -49.248484531577901, -25.427097885562905 ], [ -49.248490489166599, -25.427098144612138 ], [ -49.248504390207046, -25.427098749059418 ], [ -49.24851829124772, -25.427099353505394 ], [ -49.248524248836645, -25.427099612553263 ] ] } },
{ "type": "Feature", "properties": { "length_m": 6.9999999993667759, "length_ok": true, "above_tolerance": false, "segment_id": 211, "node_degree": 3, "center_offset_m": 17.0, "used_fallback": true, "box_id": 1, "provider": "protomaps" }, "geometry": { "type": "LineString", "coordinates": [ [ -49.25095990984714, -25.425782447761755 ], [ -49.25096086285189, -25.425791886647954 ], [ -49.250963086530042, -25.425813910715746 ], [ -49.250965310208741, -25.425835934783468 ], [ -49.250966263214075, -25.425845373669617 ] ] } },
{ "type": "Feature", "properties": { "length_m": 6.999999999934464, "length_ok": true, "above_tolerance": false, "segment_id": 212, "node_degree": 3, "center_offset_m": 17.0, "used_fallback": true, "box_id": 1, "provider": "protomaps" }, "geometry": { "type": "LineString", "coordinates": [ [ -49.25063324045901, -25.425809646425421 ], [ -49.250634193424311, -25.425819085313542 ], [ -49.250636417010398, -25.425841109385782 ], [ -49.250638640597039, -25.425863133457966 ], [ -49.250639593562909, -25.425872572346034 ] ] } },
{ "type": "Feature", "properties": { "length_m": 6.999999999934464, "length_ok": true, "above_tolerance": false, "segment_id": 212, "node_degree": 4, "center_offset_m": 17.0, "used_fallback": true, "box_id": 1, "provider": "protomaps" }, "geometry": { "type": "LineString", "coordinates": [ [ -49.25022897286798, -25.425843304679216 ], [ -49.25022992580169, -25.425852743568267 ], [ -49.25023214931408, -25.425874767642672 ], [ -49.25023437282703, -25.425896791717022 ], [ -49.250235325761317, -25.425906230606014 ] ] } },
{ "type": "Feature", "properties": { "length_m": 3.9999940427435643, "length_ok": true, "above_tolerance": false, "segment_id": 213, "node_degree": 4, "center_offset_m": 7.0, "used_fallback": false, "box_id": 1, "provider": "protomaps" }, "geometry": { "type": "LineString", "coordinates": [ [ -49.249997705772472, -25.425876156385311 ], [ -49.249998250298582, -25.425881550028151 ], [ -49.249999520859625, -25.425894135194778 ], [ -49.250000791420852, -25.425906720361382 ], [ -49.250001335947147, -25.425912114004202 ] ] } },
{ "type": "Feature", "properties": { "length_m": 4.0000003964640447, "length_ok": true, "above_tolerance": false, "segment_id": 213, "node_degree": 3, "center_offset_m": 7.0, "used_fallback": false, "box_id": 1, "provider": "protomaps" }, "geometry": { "type": "LineString", "coordinates": [ [ -49.248894167926423, -25.425968027043279 ], [ -49.24889471240413, -25.425973420696128 ], [ -49.24889598285224, -25.425986005886113 ], [ -49.248897253300534, -25.42599859107608 ], [ -49.248897797778419, -25.426003984728926 ] ] } },
{ "type": "Feature", "properties": { "length_m": 4.1201383830832183, "length_ok": true, "above_tolerance": false, "segment_id": 214, "node_degree": 3, "center_offset_m": 7.0, "used_fallback": false, "box_id": 1, "provider": "protomaps" }, "geometry": { "type": "LineString", "coordinates": [ [ -49.250016212751348, -25.425754204277247 ], [ -49.250011389408627, -25.425757659601 ], [ -49.25000013494121, -25.425765722022419 ], [ -49.249988880472316, -25.425773784442882 ], [ -49.249984057128053, -25.425777239765651 ] ] } },
{ "type": "Feature", "properties": { "length_m": 3.9999981135546863, "length_ok": true, "above_tolerance": false, "segment_id": 214, "node_degree": 3, "center_offset_m": 7.0, "used_fallback": false, "box_id": 1, "provider": "protomaps" }, "geometry": { "type": "LineString", "coordinates": [ [ -49.249857348223742, -25.424422394869168 ], [ -49.24985227641946, -25.424419544845023 ], [ -49.249840442210427, -25.424412894788038 ], [ -49.249828608002737, -25.424406244730172 ], [ -49.249823536199841, -25.424403394705099 ] ] } },
{ "type": "Feature", "properties": { "length_m": 7.0000000001547464, "length_ok": true, "above_tolerance": true, "segment_id": 215, "node_degree": 3, "center_offset_m": 17.0, "used_fallback": true, "box_id": 1, "provider": "protomaps" }, "geometry": { "type": "LineString", "coordinates": [ [ -49.249963768938727, -25.424471136726385 ], [ -49.249974149443155, -25.424470147482527 ], [ -49.249998370619672, -25.42446783924397 ], [ -49.250022591795528, -25.42446553100136 ], [ -49.250032972299252, -25.424464541753292 ] ] } },
{ "type": "Feature", "properties": { "length_m": 7.0000000001547464, "length_ok": true, "above_tolerance": true, "segment_id": 215, "node_degree": 3, "center_offset_m": 17.0, "used_fallback": true, "box_id": 1, "provider": "protomaps" }, "geometry": { "type": "LineString", "coordinates": [ [ -49.250104708154289, -25.425690764846777 ], [ -49.250115088763394, -25.425689775598588 ], [ -49.25013931018416, -25.425687467349917 ], [ -49.250163531604251, -25.425685159097206 ], [ -49.250173912212652, -25.425684169844814 ] ] } },
{ "type": "Feature", "properties": { "length_m": 7.0000000000269758, "length_ok": true, "above_tolerance": true, "segment_id": 216, "node_degree": 3, "center_offset_m": 17.0, "used_fallback": true, "box_id": 1, "provider": "protomaps" }, "geometry": { "type": "LineString", "coordinates": [ [ -49.24988229024769, -25.424002357327122 ], [ -49.249892688284127, -25.424001534231856 ], [ -49.249916950368799, -25.423999613673342 ], [ -49.249941212452953, -25.423997693110774 ], [ -49.249951610488857, -25.423996870011297 ] ] } },
{ "type": "Feature", "properties": { "length_m": 4.0243487166158047, "length_ok": true, "above_tolerance": false, "segment_id": 217, "node_degree": 3, "center_offset_m": 7.0, "used_fallback": false, "box_id": 1, "provider": "protomaps" }, "geometry": { "type": "LineString", "coordinates": [ [ -49.249823062080331, -25.424091341034529 ], [ -49.249817981508393, -25.424094240582246 ], [ -49.249806126839594, -25.424101006192867 ], [ -49.24979427216951, -25.424107771802458 ], [ -49.249789191596228, -25.424110671349112 ] ] } },
{ "type": "Feature", "properties": { "length_m": 3.9999983709799651, "length_ok": true, "above_tolerance": false, "segment_id": 218, "node_degree": 3, "center_offset_m": 7.0, "used_fallback": false, "box_id": 1, "provider": "protomaps" }, "geometry": { "type": "LineString", "coordinates": [ [ -49.248405705206778, -25.425934313121378 ], [ -49.248399778678547, -25.425934922153719 ], [ -49.248385950112514, -25.425936343228223 ], [ -49.248372121546232, -25.42593776430142 ], [ -49.248366195017752, -25.425938373332389 ] ] } },
{ "type": "Feature", "properties": { "length_m": 4.000006142244481, "length_ok": true, "above_tolerance": false, "segment_id": 218, "node_degree": 4, "center_offset_m": 7.0, "used_fallback": false, "box_id": 1, "provider": "protomaps" }, "geometry": { "type": "LineString", "coordinates": [ [ -49.247997037723465, -25.424452361201457 ], [ -49.247991545403295, -25.424454472880978 ], [ -49.247978729988844, -25.42445940013236 ], [ -49.247965914573413, -25.424464327382573 ], [ -49.24796042225222, -25.424466439060868 ] ] } },
{ "type": "Feature", "properties": { "length_m": 6.9999999997630571, "length_ok": true, "above_tolerance": false, "segment_id": 219, "node_degree": 4, "center_offset_m": 0.049453891984248904, "used_fallback": true, "box_id": 1, "provider": "protomaps" }, "geometry": { "type": "LineString", "coordinates": [ [ -49.247983442711245, -25.424388470836398 ], [ -49.247973832676919, -25.424392169498812 ], [ -49.247951409261354, -25.424400799708543 ], [ -49.247928985842762, -25.424409429914672 ], [ -49.247919375805303, -25.424413128573335 ] ] } },
{ "type": "Feature", "properties": { "length_m": 6.9999999993458113, "length_ok": true, "above_tolerance": false, "segment_id": 220, "node_degree": 3, "center_offset_m": 4.9478411261152511, "used_fallback": true, "box_id": 1, "provider": "protomaps" }, "geometry": { "type": "LineString", "coordinates": [ [ -49.251269413045122, -25.424098763239538 ], [ -49.251270347229678, -25.424108203679438 ], [ -49.251272526994043, -25.424130231372523 ], [ -49.251274706758942, -25.424152259065547 ], [ -49.251275640944066, -25.424161699505401 ] ] } },
{ "type": "Feature", "properties": { "length_m": 6.9999999994906643, "length_ok": true, "above_tolerance": false, "segment_id": 221, "node_degree": 3, "center_offset_m": 10.090656965787581, "used_fallback": true, "box_id": 1, "provider": "protomaps" }, "geometry": { "type": "LineString", "coordinates": [ [ -49.251120523343907, -25.424110914007905 ], [ -49.251121457565091, -25.424120354444199 ], [ -49.251123637414906, -25.424142382128846 ], [ -49.251125817265269, -25.424164409813432 ], [ -49.251126751487007, -25.424173850249673 ] ] } },
{ "type": "Feature", "properties": { "length_m": 6.9999999994906643, "length_ok": true, "above_tolerance": false, "segment_id": 221, "node_degree": 3, "center_offset_m": 10.090656965787581, "used_fallback": true, "box_id": 1, "provider": "protomaps" }, "geometry": { "type": "LineString", "coordinates": [ [ -49.251116445664735, -25.42411124678754 ], [ -49.251117379885599, -25.424120687223844 ], [ -49.251119559734676, -25.424142714908513 ], [ -49.251121739584285, -25.424164742593124 ], [ -49.25112267380571, -25.424174183029368 ] ] } },
{ "type": "Feature", "properties": { "length_m": 6.9999999992535642, "length_ok": true, "above_tolerance": false, "segment_id": 222, "node_degree": 3, "center_offset_m": 9.4320027609396906, "used_fallback": true, "box_id": 1, "provider": "protomaps" }, "geometry": { "type": "LineString", "coordinates": [ [ -49.250923160478898, -25.42412702045354 ], [ -49.250924094658302, -25.424136460892417 ], [ -49.250926274410631, -25.424158488583078 ], [ -49.250928454163507, -25.42418051627369 ], [ -49.250929388343465, -25.424189956712503 ] ] } },
{ "type": "Feature", "properties": { "length_m": 6.9999999992535642, "length_ok": true, "above_tolerance": false, "segment_id": 222, "node_degree": 3, "center_offset_m": 9.4320027609396906, "used_fallback": true, "box_id": 1, "provider": "protomaps" }, "geometry": { "type": "LineString", "coordinates": [ [ -49.250919348963244, -25.424127331497491 ], [ -49.250920283142356, -25.424136771936379 ], [ -49.250922462893996, -25.424158799627058 ], [ -49.250924642646169, -25.424180827317681 ], [ -49.250925576825836, -25.424190267756504 ] ] } },
{ "type": "Feature", "properties": { "length_m": 6.9999999991484705, "length_ok": true, "above_tolerance": false, "segment_id": 223, "node_degree": 3, "center_offset_m": 17.0, "used_fallback": true, "box_id": 1, "provider": "protomaps" }, "geometry": { "type": "LineString", "coordinates": [ [ -49.250662607509589, -25.42414828305855 ], [ -49.250663541672573, -25.424157723497665 ], [ -49.250665721386589, -25.424179751188902 ], [ -49.250667901101131, -25.424201778880075 ], [ -49.250668835264676, -25.424211219319133 ] ] } },
{ "type": "Feature", "properties": { "length_m": 6.9999999991484705, "length_ok": true, "above_tolerance": false, "segment_id": 223, "node_degree": 4, "center_offset_m": 17.0, "used_fallback": true, "box_id": 1, "provider": "protomaps" }, "geometry": { "type": "LineString", "coordinates": [ [ -49.250039298366481, -25.42419914679602 ], [ -49.250040232480757, -25.424208587236489 ], [ -49.250042412081122, -25.424230614930863 ], [ -49.250044591682027, -25.424252642625198 ], [ -49.250045525796857, -25.42426208306561 ] ] } },
{ "type": "Feature", "properties": { "length_m": 4.0000040446460048, "length_ok": true, "above_tolerance": false, "segment_id": 224, "node_degree": 4, "center_offset_m": 7.0, "used_fallback": false, "box_id": 1, "provider": "protomaps" }, "geometry": { "type": "LineString", "coordinates": [ [ -49.249807969368653, -25.424231618386635 ], [ -49.249808503136357, -25.424237012929943 ], [ -49.249809748594473, -25.42424960019768 ], [ -49.249810994052766, -25.424262187465391 ], [ -49.249811527820647, -25.424267582008685 ] ] } },
{ "type": "Feature", "properties": { "length_m": 4.0000039706714832, "length_ok": true, "above_tolerance": false, "segment_id": 224, "node_degree": 4, "center_offset_m": 7.0, "used_fallback": false, "box_id": 1, "provider": "protomaps" }, "geometry": { "type": "LineString", "coordinates": [ [ -49.248727479701643, -25.424319780801984 ], [ -49.248728013421086, -25.424325175346532 ], [ -49.248729258766602, -25.424337762617146 ], [ -49.248730504112295, -25.424350349887742 ], [ -49.248731037831924, -25.424355744432287 ] ] } },
{ "type": "Feature", "properties": { "length_m": 4.0000050153305056, "length_ok": true, "above_tolerance": false, "segment_id": 225, "node_degree": 4, "center_offset_m": 7.0, "used_fallback": false, "box_id": 1, "provider": "protomaps" }, "geometry": { "type": "LineString", "coordinates": [ [ -49.248588871530764, -25.424331089911128 ], [ -49.248589405241546, -25.424336484457481 ], [ -49.248590650566832, -25.424349071732284 ], [ -49.248591895892297, -25.424361659007054 ], [ -49.248592429603256, -25.424367053553389 ] ] } },
{ "type": "Feature", "properties": { "length_m": 4.0000053402219624, "length_ok": true, "above_tolerance": false, "segment_id": 225, "node_degree": 3, "center_offset_m": 7.0, "used_fallback": false, "box_id": 1, "provider": "protomaps" }, "geometry": { "type": "LineString", "coordinates": [ [ -49.248375549466523, -25.424348494640487 ], [ -49.24837608316782, -25.42435388918754 ], [ -49.24837732847098, -25.424366476463977 ], [ -49.248378573774318, -25.424379063740396 ], [ -49.248379107475799, -25.42438445828742 ] ] } },
{ "type": "Feature", "properties": { "length_m": 4.1979577918294719, "length_ok": true, "above_tolerance": false, "segment_id": 226, "node_degree": 3, "center_offset_m": 7.0, "used_fallback": false, "box_id": 1, "provider": "protomaps" }, "geometry": { "type": "LineString", "coordinates": [ [ -49.248236765134585, -25.424358023719453 ], [ -49.248237325252127, -25.424363685231388 ], [ -49.2482386321932, -25.42437689542589 ], [ -49.248239939134471, -25.424390105620372 ], [ -49.248240499252219, -25.424395767132296 ] ] } },
{ "type": "Feature", "properties": { "length_m": 4.0000011449698762, "length_ok": true, "above_tolerance": false, "segment_id": 226, "node_degree": 4, "center_offset_m": 7.0, "used_fallback": false, "box_id": 1, "provider": "protomaps" }, "geometry": { "type": "LineString", "coordinates": [ [ -49.24801912624266, -25.424377574645611 ], [ -49.248019659937881, -25.424382969186595 ], [ -49.248020905226873, -25.424395556448875 ], [ -49.248022150516029, -25.424408143711144 ], [ -49.248022684211435, -25.424413538252111 ] ] } },
{ "type": "Feature", "properties": { "length_m": 4.1179952923183114, "length_ok": true, "above_tolerance": false, "segment_id": 227, "node_degree": 4, "center_offset_m": 7.0, "used_fallback": false, "box_id": 1, "provider": "protomaps" }, "geometry": { "type": "LineString", "coordinates": [ [ -49.247880413059235, -25.424387822224883 ], [ -49.24788096248043, -25.424393375897953 ], [ -49.247882244463334, -25.424406334468433 ], [ -49.247883526446429, -25.424419293038895 ], [ -49.247884075867816, -25.42442484671194 ] ] } },
{ "type": "Feature", "properties": { "length_m": 3.9999949359759013, "length_ok": true, "above_tolerance": false, "segment_id": 227, "node_degree": 4, "center_offset_m": 7.0, "used_fallback": false, "box_id": 1, "provider": "protomaps" }, "geometry": { "type": "LineString", "coordinates": [ [ -49.24744724990822, -25.424424230564963 ], [ -49.247447783566514, -25.424429625099137 ], [ -49.24744902876931, -25.424442212345539 ], [ -49.247450273972298, -25.424454799591924 ], [ -49.247450807630763, -25.42446019412608 ] ] } },
{ "type": "Feature", "properties": { "length_m": 4.000004834639892, "length_ok": true, "above_tolerance": false, "segment_id": 228, "node_degree": 4, "center_offset_m": 7.0, "used_fallback": false, "box_id": 1, "provider": "protomaps" }, "geometry": { "type": "LineString", "coordinates": [ [ -49.247308641550411, -25.424435538460898 ], [ -49.247309175208862, -25.424440933008182 ], [ -49.247310420412028, -25.424453520285176 ], [ -49.247311665615371, -25.424466107562154 ], [ -49.247312199273999, -25.424471502109427 ] ] } },
{ "type": "Feature", "properties": { "length_m": 4.0000009866014192, "length_ok": true, "above_tolerance": false, "segment_id": 228, "node_degree": 4, "center_offset_m": 7.0, "used_fallback": false, "box_id": 1, "provider": "protomaps" }, "geometry": { "type": "LineString", "coordinates": [ [ -49.246198775875627, -25.424526078806132 ], [ -49.246199309483998, -25.424531473349607 ], [ -49.246200554570329, -25.424544060617677 ], [ -49.246201799656831, -25.424556647885733 ], [ -49.246202333265394, -25.424562042429184 ] ] } },
{ "type": "Feature", "properties": { "length_m": 4.0000008948848773, "length_ok": true, "above_tolerance": false, "segment_id": 229, "node_degree": 4, "center_offset_m": 7.0, "used_fallback": false, "box_id": 1, "provider": "protomaps" }, "geometry": { "type": "LineString", "coordinates": [ [ -49.24606016738057, -25.42453738550433 ], [ -49.24606070098141, -25.424542780047961 ], [ -49.246061946050155, -25.42455536731639 ], [ -49.246063191119077, -25.42456795458482 ], [ -49.246063724720095, -25.424573349128426 ] ] } },
{ "type": "Feature", "properties": { "length_m": 4.0000002956774043, "length_ok": true, "above_tolerance": false, "segment_id": 229, "node_degree": 4, "center_offset_m": 7.0, "used_fallback": false, "box_id": 1, "provider": "protomaps" }, "geometry": { "type": "LineString", "coordinates": [ [ -49.245375339229703, -25.424593247186348 ], [ -49.245375872799883, -25.424598641730004 ], [ -49.245377117797084, -25.424611228998526 ], [ -49.245378362794462, -25.424623816267026 ], [ -49.245378896364819, -25.424629210810664 ] ] } },
{ "type": "Feature", "properties": { "length_m": 3.9999992567442204, "length_ok": true, "above_tolerance": false, "segment_id": 230, "node_degree": 4, "center_offset_m": 7.0, "used_fallback": false, "box_id": 1, "provider": "protomaps" }, "geometry": { "type": "LineString", "coordinates": [ [ -49.245236730617762, -25.424604553230846 ], [ -49.245237264187949, -25.424609947772762 ], [ -49.245238509185185, -25.424622535037198 ], [ -49.245239754182606, -25.424635122301616 ], [ -49.245240287752978, -25.424640516843514 ] ] } },
{ "type": "Feature", "properties": { "length_m": 3.9999987942136417, "length_ok": true, "above_tolerance": false, "segment_id": 230, "node_degree": 4, "center_offset_m": 7.0, "used_fallback": false, "box_id": 1, "provider": "protomaps" }, "geometry": { "type": "LineString", "coordinates": [ [ -49.244564760322859, -25.424659362829615 ], [ -49.244565293862983, -25.42466475737173 ], [ -49.24456653879006, -25.424677344636649 ], [ -49.244567783717315, -25.42468993190155 ], [ -49.244568317257617, -25.42469532644364 ] ] } },
{ "type": "Feature", "properties": { "length_m": 4.0000006525143181, "length_ok": true, "above_tolerance": false, "segment_id": 231, "node_degree": 4, "center_offset_m": 7.0, "used_fallback": false, "box_id": 1, "provider": "protomaps" }, "geometry": { "type": "LineString", "coordinates": [ [ -49.244426151654622, -25.424670668092883 ], [ -49.244426685181168, -25.424676062638298 ], [ -49.244427930076561, -25.424688649910912 ], [ -49.244429174972133, -25.424701237183509 ], [ -49.244429708498863, -25.424706631728899 ] ] } },
{ "type": "Feature", "properties": { "length_m": 3.9999905811656755, "length_ok": true, "above_tolerance": false, "segment_id": 231, "node_degree": 4, "center_offset_m": 7.0, "used_fallback": false, "box_id": 1, "provider": "protomaps" }, "geometry": { "type": "LineString", "coordinates": [ [ -49.243378664175204, -25.424756098575507 ], [ -49.243379197653631, -25.424761493108623 ], [ -49.243380442436752, -25.424774080352545 ], [ -49.243381687220037, -25.424786667596447 ], [ -49.243382220698649, -25.424792062129548 ] ] } },
{ "type": "Feature", "properties": { "length_m": 4.0000044483828194, "length_ok": true, "above_tolerance": false, "segment_id": 232, "node_degree": 4, "center_offset_m": 7.0, "used_fallback": false, "box_id": 1, "provider": "protomaps" }, "geometry": { "type": "LineString", "coordinates": [ [ -49.243240055308036, -25.424767402551609 ], [ -49.243240588784502, -25.424772797103412 ], [ -49.24324183356304, -25.424785384390908 ], [ -49.243243078341749, -25.424797971678402 ], [ -49.243243611818393, -25.424803366230172 ] ] } },
{ "type": "Feature", "properties": { "length_m": 4.0000047283170019, "length_ok": true, "above_tolerance": false, "segment_id": 232, "node_degree": 4, "center_offset_m": 7.0, "used_fallback": false, "box_id": 1, "provider": "protomaps" }, "geometry": { "type": "LineString", "coordinates": [ [ -49.242683822606836, -25.424812764062878 ], [ -49.242684356058497, -25.424818158615729 ], [ -49.242685600779168, -25.424830745905716 ], [ -49.242686845500003, -25.424843333195668 ], [ -49.242687378951857, -25.424848727748504 ] ] } },
{ "type": "Feature", "properties": { "length_m": 4.2104178022903911, "length_ok": true, "above_tolerance": false, "segment_id": 234, "node_degree": 3, "center_offset_m": 7.0, "used_fallback": false, "box_id": 1, "provider": "protomaps" }, "geometry": { "type": "LineString", "coordinates": [ [ -49.248288621743072, -25.424308799418998 ], [ -49.248283287646181, -25.424311805961761 ], [ -49.248270841419092, -25.424318821227359 ], [ -49.248258395190618, -25.424325836491835 ], [ -49.248253061092264, -25.424328843033411 ] ] } },
{ "type": "Feature", "properties": { "length_m": 4.1889582041693147, "length_ok": true, "above_tolerance": false, "segment_id": 236, "node_degree": 3, "center_offset_m": 7.0, "used_fallback": false, "box_id": 1, "provider": "protomaps" }, "geometry": { "type": "LineString", "coordinates": [ [ -49.247364016016583, -25.422951970030354 ], [ -49.247358707210196, -25.422954958382231 ], [ -49.247346319994321, -25.42296193120249 ], [ -49.24733393277706, -25.422968904021598 ], [ -49.247328623969231, -25.422971892372313 ] ] } },
{ "type": "Feature", "properties": { "length_m": 7.000000000020079, "length_ok": true, "above_tolerance": true, "segment_id": 237, "node_degree": 4, "center_offset_m": 17.0, "used_fallback": true, "box_id": 1, "provider": "protomaps" }, "geometry": { "type": "LineString", "coordinates": [ [ -49.247019789403573, -25.421260318720975 ], [ -49.247030182643968, -25.421259449548216 ], [ -49.247054433537848, -25.421257421475527 ], [ -49.247078684431159, -25.421255393398795 ], [ -49.247089077670985, -25.421254524221823 ] ] } },
{ "type": "Feature", "properties": { "length_m": 3.9999951051685998, "length_ok": true, "above_tolerance": false, "segment_id": 238, "node_degree": 4, "center_offset_m": 7.0, "used_fallback": false, "box_id": 1, "provider": "protomaps" }, "geometry": { "type": "LineString", "coordinates": [ [ -49.247056057527082, -25.421470320361156 ], [ -49.247061996524771, -25.421469823692046 ], [ -49.247075854185908, -25.4214686647965 ], [ -49.247089711846854, -25.421467505899631 ], [ -49.247095650844358, -25.421467009229143 ] ] } },
{ "type": "Feature", "properties": { "length_m": 6.9999999999499831, "length_ok": true, "above_tolerance": false, "segment_id": 239, "node_degree": 3, "center_offset_m": 17.0, "used_fallback": true, "box_id": 1, "provider": "protomaps" }, "geometry": { "type": "LineString", "coordinates": [ [ -49.251274848574539, -25.424279186351463 ], [ -49.251264465304324, -25.424280151268803 ], [ -49.251240237673358, -25.424282402739721 ], [ -49.251216010041738, -25.424284654206598 ], [ -49.251205626770847, -25.424285619119726 ] ] } },
{ "type": "Feature", "properties": { "length_m": 7.0000000000049329, "length_ok": true, "above_tolerance": true, "segment_id": 240, "node_degree": 3, "center_offset_m": 17.0, "used_fallback": true, "box_id": 1, "provider": "protomaps" }, "geometry": { "type": "LineString", "coordinates": [ [ -49.250876507643333, -25.424312466987448 ], [ -49.250866101590987, -25.424313202170751 ], [ -49.25084182080186, -25.42431491759557 ], [ -49.250817540012314, -25.424316633016328 ], [ -49.250807133959512, -25.424317368195421 ] ] } },
{ "type": "Feature", "properties": { "length_m": 6.9999999991295612, "length_ok": true, "above_tolerance": false, "segment_id": 241, "node_degree": 3, "center_offset_m": 17.0, "used_fallback": true, "box_id": 1, "provider": "protomaps" }, "geometry": { "type": "LineString", "coordinates": [ [ -49.251122946480024, -25.423520466345387 ], [ -49.251124010381368, -25.423529895457403 ], [ -49.251126492818308, -25.423551896718713 ], [ -49.251128975255895, -25.423573897979974 ], [ -49.251130039157921, -25.423583327091922 ] ] } },
{ "type": "Feature", "properties": { "length_m": 6.9999999999943334, "length_ok": true, "above_tolerance": false, "segment_id": 242, "node_degree": 3, "center_offset_m": 17.0, "used_fallback": true, "box_id": 1, "provider": "protomaps" }, "geometry": { "type": "LineString", "coordinates": [ [ -49.250942987774984, -25.423718215885241 ], [ -49.250953385384918, -25.423717388561009 ], [ -49.250977646474389, -25.423715458134915 ], [ -49.251001907563349, -25.42371352770477 ], [ -49.251012305172743, -25.423712700376317 ] ] } },
{ "type": "Feature", "properties": { "length_m": 6.9999999999943334, "length_ok": true, "above_tolerance": false, "segment_id": 242, "node_degree": 3, "center_offset_m": 17.0, "used_fallback": true, "box_id": 1, "provider": "protomaps" }, "geometry": { "type": "LineString", "coordinates": [ [ -49.250970681550726, -25.424005246654893 ], [ -49.250981079185365, -25.424004419330025 ], [ -49.25100534033249, -25.424002488902445 ], [ -49.251029601479097, -25.424000558470816 ], [ -49.251039999113196, -25.423999731141741 ] ] } },
{ "type": "Feature", "properties": { "length_m": 6.9999999996542499, "length_ok": true, "above_tolerance": false, "segment_id": 243, "node_degree": 3, "center_offset_m": 2.7618347364206821, "used_fallback": true, "box_id": 1, "provider": "protomaps" }, "geometry": { "type": "LineString", "coordinates": [ [ -49.251336306163424, -25.42101988521398 ], [ -49.25133725609448, -25.421029324359989 ], [ -49.251339472600669, -25.421051349033974 ], [ -49.251341689107406, -25.421073373707902 ], [ -49.251342639039038, -25.421082812853861 ] ] } },
{ "type": "Feature", "properties": { "length_m": 6.9999999994907336, "length_ok": true, "above_tolerance": false, "segment_id": 244, "node_degree": 3, "center_offset_m": 17.0, "used_fallback": true, "box_id": 1, "provider": "protomaps" }, "geometry": { "type": "LineString", "coordinates": [ [ -49.251145634368676, -25.421035709444705 ], [ -49.251146584212933, -25.421045148597113 ], [ -49.251148800516596, -25.421067173286037 ], [ -49.251151016820806, -25.421089197974911 ], [ -49.251151966665638, -25.421098637127262 ] ] } },
{ "type": "Feature", "properties": { "length_m": 6.9999999994907336, "length_ok": true, "above_tolerance": false, "segment_id": 244, "node_degree": 3, "center_offset_m": 17.0, "used_fallback": true, "box_id": 1, "provider": "protomaps" }, "geometry": { "type": "LineString", "coordinates": [ [ -49.25072653602539, -25.421070489978085 ], [ -49.250727485836919, -25.421079929131448 ], [ -49.250729702064191, -25.421101953822596 ], [ -49.250731918292026, -25.421123978513695 ], [ -49.250732868104116, -25.421133417667004 ] ] } },
{ "type": "Feature", "properties": { "length_m": 6.999999999123248, "length_ok": true, "above_tolerance": false, "segment_id": 245, "node_degree": 3, "center_offset_m": 17.0, "used_fallback": true, "box_id": 1, "provider": "protomaps" }, "geometry": { "type": "LineString", "coordinates": [ [ -49.250399870280908, -25.421097598732523 ], [ -49.250400820063689, -25.421107037886895 ], [ -49.250403036223908, -25.421129062580405 ], [ -49.250405252384688, -25.421151087273856 ], [ -49.250406202168044, -25.421160526428164 ] ] } },
{ "type": "Feature", "properties": { "length_m": 6.999999999123248, "length_ok": true, "above_tolerance": false, "segment_id": 245, "node_degree": 4, "center_offset_m": 17.0, "used_fallback": true, "box_id": 1, "provider": "protomaps" }, "geometry": { "type": "LineString", "coordinates": [ [ -49.249727264976173, -25.421153413267909 ], [ -49.249728214706423, -25.421162852423805 ], [ -49.249730430744052, -25.421184877120883 ], [ -49.249732646782235, -25.421206901817907 ], [ -49.249733596513053, -25.421216340973739 ] ] } },
{ "type": "Feature", "properties": { "length_m": 7.000000000397856, "length_ok": true, "above_tolerance": true, "segment_id": 246, "node_degree": 4, "center_offset_m": 17.0, "used_fallback": true, "box_id": 1, "provider": "protomaps" }, "geometry": { "type": "LineString", "coordinates": [ [ -49.249400598902874, -25.421180519789573 ], [ -49.249401548611665, -25.421189958945885 ], [ -49.249403764599229, -25.4212119836439 ], [ -49.249405980587341, -25.42123400834187 ], [ -49.249406930296701, -25.421243447498121 ] ] } },
{ "type": "Feature", "properties": { "length_m": 7.000000000397856, "length_ok": true, "above_tolerance": true, "segment_id": 246, "node_degree": 4, "center_offset_m": 17.0, "used_fallback": true, "box_id": 1, "provider": "protomaps" }, "geometry": { "type": "LineString", "coordinates": [ [ -49.248508942278541, -25.421254505209635 ], [ -49.248509891917671, -25.421263944367972 ], [ -49.248512107742719, -25.421285969070706 ], [ -49.248514323568308, -25.421307993773393 ], [ -49.248515273208014, -25.421317432931673 ] ] } },
{ "type": "Feature", "properties": { "length_m": 7.0000000008955459, "length_ok": true, "above_tolerance": true, "segment_id": 247, "node_degree": 4, "center_offset_m": 0.029610355767635252, "used_fallback": true, "box_id": 1, "provider": "protomaps" }, "geometry": { "type": "LineString", "coordinates": [ [ -49.248345308830103, -25.421268082188899 ], [ -49.248346260598687, -25.421277521169657 ], [ -49.248348481392441, -25.421299545458062 ], [ -49.248350702186762, -25.421321569746418 ], [ -49.248351653955915, -25.421331008727115 ] ] } },
{ "type": "Feature", "properties": { "length_m": 4.000004058127657, "length_ok": true, "above_tolerance": false, "segment_id": 248, "node_degree": 3, "center_offset_m": 7.0, "used_fallback": false, "box_id": 1, "provider": "protomaps" }, "geometry": { "type": "LineString", "coordinates": [ [ -49.249660486727187, -25.422566138129014 ], [ -49.249656814378703, -25.422570405916083 ], [ -49.249648245564565, -25.422580364085476 ], [ -49.249639676748998, -25.422590322254283 ], [ -49.249636004399029, -25.422594590040742 ] ] } },
{ "type": "Feature", "properties": { "length_m": 4.0024378733332062, "length_ok": true, "above_tolerance": false, "segment_id": 248, "node_degree": 3, "center_offset_m": 7.0, "used_fallback": false, "box_id": 1, "provider": "protomaps" }, "geometry": { "type": "LineString", "coordinates": [ [ -49.249540831185094, -25.421392539287083 ], [ -49.249536092962465, -25.42138924440939 ], [ -49.249525037110679, -25.42138155636091 ], [ -49.249513981260321, -25.421373868311662 ], [ -49.249509243039171, -25.421370573433176 ] ] } },
{ "type": "Feature", "properties": { "length_m": 7.0000000000255058, "length_ok": true, "above_tolerance": true, "segment_id": 249, "node_degree": 3, "center_offset_m": 17.0, "used_fallback": true, "box_id": 1, "provider": "protomaps" }, "geometry": { "type": "LineString", "coordinates": [ [ -49.249639571981895, -25.421455220715458 ], [ -49.249649958444785, -25.421454286850981 ], [ -49.24967419352442, -25.42145210783098 ], [ -49.249698428603445, -25.42144992880694 ], [ -49.249708815065688, -25.421448994938252 ] ] } },
{ "type": "Feature", "properties": { "length_m": 3.999999432497614, "length_ok": true, "above_tolerance": false, "segment_id": 249, "node_degree": 3, "center_offset_m": 7.0, "used_fallback": false, "box_id": 1, "provider": "protomaps" }, "geometry": { "type": "LineString", "coordinates": [ [ -49.249753821795245, -25.422558706610058 ], [ -49.249758207310194, -25.422562377400766 ], [ -49.249768440179466, -25.422570942578652 ], [ -49.249778673050194, -25.422579507755884 ], [ -49.249783058566663, -25.422583178545921 ] ] } },
{ "type": "Feature", "properties": { "length_m": 7.0000000001356444, "length_ok": true, "above_tolerance": true, "segment_id": 250, "node_degree": 3, "center_offset_m": 17.0, "used_fallback": true, "box_id": 1, "provider": "protomaps" }, "geometry": { "type": "LineString", "coordinates": [ [ -49.24948116711505, -25.420982464934379 ], [ -49.249470771350815, -25.420983308720526 ], [ -49.249446514567232, -25.420985277551967 ], [ -49.249422257783102, -25.420987246379372 ], [ -49.24941186201832, -25.420988090161302 ] ] } },
{ "type": "Feature", "properties": { "length_m": 6.9999999999478781, "length_ok": true, "above_tolerance": false, "segment_id": 251, "node_degree": 3, "center_offset_m": 17.0, "used_fallback": true, "box_id": 1, "provider": "protomaps" }, "geometry": { "type": "LineString", "coordinates": [ [ -49.249597589333021, -25.420962647113811 ], [ -49.249608002808216, -25.420962008364263 ], [ -49.249632300916772, -25.420960517945758 ], [ -49.249656599024988, -25.420959027523203 ], [ -49.249667012499827, -25.420958388769431 ] ] } },
{ "type": "Feature", "properties": { "length_m": 4.0000018712215786, "length_ok": true, "above_tolerance": false, "segment_id": 252, "node_degree": 3, "center_offset_m": 7.0, "used_fallback": false, "box_id": 1, "provider": "protomaps" }, "geometry": { "type": "LineString", "coordinates": [ [ -49.24968830396044, -25.422826328253134 ], [ -49.249682793354104, -25.422824256400421 ], [ -49.249669935273431, -25.422819422076657 ], [ -49.249657077193838, -25.422814587751827 ], [ -49.249651566588625, -25.422812515897999 ] ] } },
{ "type": "Feature", "properties": { "length_m": 7.0000000000649951, "length_ok": true, "above_tolerance": true, "segment_id": 253, "node_degree": 3, "center_offset_m": 17.0, "used_fallback": true, "box_id": 1, "provider": "protomaps" }, "geometry": { "type": "LineString", "coordinates": [ [ -49.24977763885952, -25.42288757244965 ], [ -49.249788039783034, -25.422886781049151 ], [ -49.249812308604227, -25.422884934445079 ], [ -49.249836577424922, -25.422883087836965 ], [ -49.249846978347939, -25.422882296432242 ] ] } },
{ "type": "Feature", "properties": { "length_m": 4.0000040570402717, "length_ok": true, "above_tolerance": false, "segment_id": 254, "node_degree": 3, "center_offset_m": 5.4320070282900383, "used_fallback": false, "box_id": 1, "provider": "protomaps" }, "geometry": { "type": "LineString", "coordinates": [ [ -49.249694465387556, -25.422653030185227 ], [ -49.249700416584254, -25.422652672658302 ], [ -49.249714302709819, -25.422651838427871 ], [ -49.249728188835263, -25.42265100419613 ], [ -49.249734140031862, -25.422650646667829 ] ] } },
{ "type": "Feature", "properties": { "length_m": 4.0000040472607488, "length_ok": true, "above_tolerance": false, "segment_id": 254, "node_degree": 4, "center_offset_m": 5.4320070282900383, "used_fallback": false, "box_id": 1, "provider": "protomaps" }, "geometry": { "type": "LineString", "coordinates": [ [ -49.249694610869206, -25.422655027264071 ], [ -49.249700562065989, -25.422654669737156 ], [ -49.249714448191739, -25.422653835506726 ], [ -49.249728334317389, -25.422653001274977 ], [ -49.249734285514059, -25.422652643746691 ] ] } },
{ "type": "Feature", "properties": { "length_m": 6.999999999978308, "length_ok": true, "above_tolerance": false, "segment_id": 255, "node_degree": 4, "center_offset_m": 4.5837535538200926, "used_fallback": true, "box_id": 1, "provider": "protomaps" }, "geometry": { "type": "LineString", "coordinates": [ [ -49.249686304412748, -25.422746137113545 ], [ -49.249696719010373, -25.422745511524386 ], [ -49.24972101973794, -25.422744051813464 ], [ -49.249745320465173, -25.422742592098484 ], [ -49.249755735062458, -25.422741966505104 ] ] } },
{ "type": "Feature", "properties": { "length_m": 6.999999999978308, "length_ok": true, "above_tolerance": false, "segment_id": 255, "node_degree": 3, "center_offset_m": 4.5837535538200926, "used_fallback": true, "box_id": 1, "provider": "protomaps" }, "geometry": { "type": "LineString", "coordinates": [ [ -49.249686427158593, -25.422747822332827 ], [ -49.249696841756361, -25.422747196743661 ], [ -49.249721142484269, -25.422745737032738 ], [ -49.249745443211843, -25.422744277317751 ], [ -49.249755857809276, -25.422743651724371 ] ] } },
{ "type": "Feature", "properties": { "length_m": 6.9999999999401368, "length_ok": true, "above_tolerance": false, "segment_id": 256, "node_degree": 3, "center_offset_m": 6.6340008422121075, "used_fallback": true, "box_id": 1, "provider": "protomaps" }, "geometry": { "type": "LineString", "coordinates": [ [ -49.24952636093186, -25.421139145639419 ], [ -49.249536757076534, -25.421138305588791 ], [ -49.249561014747066, -25.421136345467751 ], [ -49.249585272417072, -25.421134385342675 ], [ -49.249595668561192, -25.42113354528783 ] ] } },
{ "type": "Feature", "properties": { "length_m": 6.9999999999401368, "length_ok": true, "above_tolerance": false, "segment_id": 256, "node_degree": 4, "center_offset_m": 6.6340008422121075, "used_fallback": true, "box_id": 1, "provider": "protomaps" }, "geometry": { "type": "LineString", "coordinates": [ [ -49.249526599477512, -25.421141580344443 ], [ -49.2495369956224, -25.421140740293808 ], [ -49.249561253293422, -25.421138780172765 ], [ -49.249585510963918, -25.421136820047664 ], [ -49.249595907108251, -25.421135979992815 ] ] } },
{ "type": "Feature", "properties": { "length_m": 6.9999999998585212, "length_ok": true, "above_tolerance": false, "segment_id": 257, "node_degree": 4, "center_offset_m": 8.2840576530194987, "used_fallback": true, "box_id": 1, "provider": "protomaps" }, "geometry": { "type": "LineString", "coordinates": [ [ -49.249539742269206, -25.421275717652399 ], [ -49.249550138421391, -25.421274877558112 ], [ -49.249574396109431, -25.421272917335241 ], [ -49.249598653796951, -25.421270957108316 ], [ -49.249609049948575, -25.421270117009815 ] ] } },
{ "type": "Feature", "properties": { "length_m": 6.9999999998585212, "length_ok": true, "above_tolerance": false, "segment_id": 257, "node_degree": 3, "center_offset_m": 8.2840576530194987, "used_fallback": true, "box_id": 1, "provider": "protomaps" }, "geometry": { "type": "LineString", "coordinates": [ [ -49.249540040163488, -25.421278757933639 ], [ -49.249550436315928, -25.421277917839344 ], [ -49.249574694004593, -25.421275957616455 ], [ -49.249598951692718, -25.421273997389513 ], [ -49.249609347844611, -25.421273157291008 ] ] } },
{ "type": "Feature", "properties": { "length_m": 3.9999996758702179, "length_ok": true, "above_tolerance": false, "segment_id": 259, "node_degree": 3, "center_offset_m": 7.0, "used_fallback": false, "box_id": 1, "provider": "protomaps" }, "geometry": { "type": "LineString", "coordinates": [ [ -49.250200774210974, -25.421586668300087 ], [ -49.250201448787301, -25.421592049817701 ], [ -49.2502030227989, -25.421604606692092 ], [ -49.250204596810747, -25.421617163566477 ], [ -49.250205271387323, -25.421622545084066 ] ] } },
{ "type": "Feature", "properties": { "length_m": 3.9999963890471282, "length_ok": true, "above_tolerance": false, "segment_id": 259, "node_degree": 3, "center_offset_m": 7.0, "used_fallback": false, "box_id": 1, "provider": "protomaps" }, "geometry": { "type": "LineString", "coordinates": [ [ -49.249893891407794, -25.421618393063142 ], [ -49.249894565969925, -25.421623774576997 ], [ -49.249896139948405, -25.421636331442652 ], [ -49.249897713927126, -25.421648888308294 ], [ -49.249898388489513, -25.421654269822138 ] ] } },
{ "type": "Feature", "properties": { "length_m": 7.0000000000380833, "length_ok": true, "above_tolerance": true, "segment_id": 260, "node_degree": 3, "center_offset_m": 5.8017788125304266, "used_fallback": true, "box_id": 1, "provider": "protomaps" }, "geometry": { "type": "LineString", "coordinates": [ [ -49.249865360959795, -25.42169597956422 ], [ -49.249854942786627, -25.421696552620151 ], [ -49.249830633715703, -25.421697889747801 ], [ -49.249806324644496, -25.421699226871389 ], [ -49.249795906471036, -25.421699799923118 ] ] } },
{ "type": "Feature", "properties": { "length_m": 7.0000000000380833, "length_ok": true, "above_tolerance": true, "segment_id": 260, "node_degree": 3, "center_offset_m": 5.8017788125304266, "used_fallback": true, "box_id": 1, "provider": "protomaps" }, "geometry": { "type": "LineString", "coordinates": [ [ -49.249865218644622, -25.421693845786258 ], [ -49.249854800471638, -25.421694418842197 ], [ -49.249830491401141, -25.421695755969836 ], [ -49.249806182330367, -25.421697093093435 ], [ -49.249795764157092, -25.421697666145153 ] ] } },
{ "type": "Feature", "properties": { "length_m": 6.9999999998815605, "length_ok": true, "above_tolerance": false, "segment_id": 261, "node_degree": 3, "center_offset_m": 17.0, "used_fallback": true, "box_id": 1, "provider": "protomaps" }, "geometry": { "type": "LineString", "coordinates": [ [ -49.249869313718158, -25.421545472849207 ], [ -49.249867551937655, -25.421536130379447 ], [ -49.24986344111737, -25.421514331283294 ], [ -49.249859330298328, -25.421492532187035 ], [ -49.249857568519111, -25.421483189717179 ] ] } },
{ "type": "Feature", "properties": { "length_m": 7.000000000034194, "length_ok": true, "above_tolerance": true, "segment_id": 261, "node_degree": 3, "center_offset_m": 17.0, "used_fallback": true, "box_id": 1, "provider": "protomaps" }, "geometry": { "type": "LineString", "coordinates": [ [ -49.250214925106263, -25.421508203871209 ], [ -49.250215388708007, -25.421498734746123 ], [ -49.250216470444933, -25.421476640120865 ], [ -49.250217552181205, -25.421454545495507 ], [ -49.250218015782266, -25.421445076370325 ] ] } },
{ "type": "Feature", "properties": { "length_m": 7.0000000006671108, "length_ok": true, "above_tolerance": true, "segment_id": 262, "node_degree": 3, "center_offset_m": 17.0, "used_fallback": true, "box_id": 1, "provider": "protomaps" }, "geometry": { "type": "LineString", "coordinates": [ [ -49.250220083823656, -25.421677345510769 ], [ -49.25022129678095, -25.4216867597662 ], [ -49.250224127015166, -25.421708726362159 ], [ -49.25022695725017, -25.421730692958064 ], [ -49.25022817020826, -25.421740107213431 ] ] } },
{ "type": "Feature", "properties": { "length_m": 7.0000000006671108, "length_ok": true, "above_tolerance": true, "segment_id": 262, "node_degree": 3, "center_offset_m": 17.0, "used_fallback": true, "box_id": 1, "provider": "protomaps" }, "geometry": { "type": "LineString", "coordinates": [ [ -49.249992980250795, -25.421701476997306 ], [ -49.249994193190432, -25.421710891253664 ], [ -49.249997023383465, -25.421732857851779 ], [ -49.249999853577279, -25.421754824449838 ], [ -49.250001066517719, -25.421764238706132 ] ] } },
{ "type": "Feature", "properties": { "length_m": 6.999999999597974, "length_ok": true, "above_tolerance": false, "segment_id": 263, "node_degree": 3, "center_offset_m": 10.759672795895112, "used_fallback": true, "box_id": 1, "provider": "protomaps" }, "geometry": { "type": "LineString", "coordinates": [ [ -49.24840854730575, -25.420839984941555 ], [ -49.248407835780029, -25.420830528519204 ], [ -49.248406175553583, -25.420808463533689 ], [ -49.248404515327479, -25.420786398548124 ], [ -49.24840380380212, -25.42077694212572 ] ] } },
{ "type": "Feature", "properties": { "length_m": 6.9999999993330908, "length_ok": true, "above_tolerance": false, "segment_id": 263, "node_degree": 3, "center_offset_m": 10.759672795895112, "used_fallback": true, "box_id": 1, "provider": "protomaps" }, "geometry": { "type": "LineString", "coordinates": [ [ -49.248412902580462, -25.420839714676809 ], [ -49.248412191054399, -25.420830258254469 ], [ -49.248410530827165, -25.420808193268954 ], [ -49.248408870600279, -25.420786128283396 ], [ -49.248408159074586, -25.420776671860995 ] ] } },
{ "type": "Feature", "properties": { "length_m": 7.0000000009168284, "length_ok": true, "above_tolerance": true, "segment_id": 264, "node_degree": 3, "center_offset_m": 12.196622503723322, "used_fallback": true, "box_id": 1, "provider": "protomaps" }, "geometry": { "type": "LineString", "coordinates": [ [ -49.248640561194982, -25.420825587801534 ], [ -49.248639849704553, -25.420816131376018 ], [ -49.248638189560481, -25.420794066383106 ], [ -49.24863652941675, -25.420772001390144 ], [ -49.24863581792669, -25.420762544964571 ] ] } },
{ "type": "Feature", "properties": { "length_m": 6.9999999999735376, "length_ok": true, "above_tolerance": false, "segment_id": 265, "node_degree": 3, "center_offset_m": 5.7035174375430149, "used_fallback": true, "box_id": 1, "provider": "protomaps" }, "geometry": { "type": "LineString", "coordinates": [ [ -49.248478680855165, -25.42075234541937 ], [ -49.248489094030219, -25.420751702956967 ], [ -49.248513391438415, -25.420750203875141 ], [ -49.248537688846277, -25.420748704789261 ], [ -49.248548102020969, -25.420748062322652 ] ] } },
{ "type": "Feature", "properties": { "length_m": 3.9999998286774354, "length_ok": true, "above_tolerance": false, "segment_id": 266, "node_degree": 4, "center_offset_m": 7.0, "used_fallback": false, "box_id": 1, "provider": "protomaps" }, "geometry": { "type": "LineString", "coordinates": [ [ -49.248528353195184, -25.422867828585535 ], [ -49.24852241430208, -25.422868327066276 ], [ -49.248508556884701, -25.422869490187029 ], [ -49.248494699467138, -25.422870653306468 ], [ -49.248488760573842, -25.422871151785824 ] ] } },
{ "type": "Feature", "properties": { "length_m": 4.000000818662385, "length_ok": true, "above_tolerance": false, "segment_id": 267, "node_degree": 4, "center_offset_m": 7.0, "used_fallback": false, "box_id": 1, "provider": "protomaps" }, "geometry": { "type": "LineString", "coordinates": [ [ -49.248515545402711, -25.422741985352062 ], [ -49.248509606513679, -25.422742483826472 ], [ -49.248495749105814, -25.422743646932467 ], [ -49.248481891697764, -25.422744810037152 ], [ -49.248475952808548, -25.422745308510176 ] ] } },
{ "type": "Feature", "properties": { "length_m": 3.9999929644459296, "length_ok": true, "above_tolerance": false, "segment_id": 267, "node_degree": 4, "center_offset_m": 7.0, "used_fallback": false, "box_id": 1, "provider": "protomaps" }, "geometry": { "type": "LineString", "coordinates": [ [ -49.248374974274256, -25.421360781153883 ], [ -49.248369035464769, -25.421361279625277 ], [ -49.248355178242498, -25.421362442724245 ], [ -49.24834132102005, -25.421363605821877 ], [ -49.248335382210371, -25.421364104291893 ] ] } },
{ "type": "Feature", "properties": { "length_m": 6.999999999881001, "length_ok": true, "above_tolerance": false, "segment_id": 268, "node_degree": 4, "center_offset_m": 17.0, "used_fallback": true, "box_id": 1, "provider": "protomaps" }, "geometry": { "type": "LineString", "coordinates": [ [ -49.2483683227982, -25.421148298007068 ], [ -49.248357929882964, -25.42114917034726 ], [ -49.248333679747027, -25.421151205804819 ], [ -49.248309429610522, -25.421153241258335 ], [ -49.248299036694718, -25.421154113594319 ] ] } },
{ "type": "Feature", "properties": { "length_m": 6.999999999881001, "length_ok": true, "above_tolerance": false, "segment_id": 268, "node_degree": 3, "center_offset_m": 17.0, "used_fallback": true, "box_id": 1, "provider": "protomaps" }, "geometry": { "type": "LineString", "coordinates": [ [ -49.24834920984641, -25.420960501602927 ], [ -49.248338816947332, -25.420961373942642 ], [ -49.248314566849075, -25.420963409399072 ], [ -49.248290316750257, -25.420965444851454 ], [ -49.248279923850596, -25.420966317186949 ] ] } },
{ "type": "Feature", "properties": { "length_m": 6.9999999998476437, "length_ok": true, "above_tolerance": false, "segment_id": 269, "node_degree": 3, "center_offset_m": 6.5963562281071759, "used_fallback": true, "box_id": 1, "provider": "protomaps" }, "geometry": { "type": "LineString", "coordinates": [ [ -49.248328080591179, -25.420752892973319 ], [ -49.248317687709438, -25.420753765307467 ], [ -49.248293437651647, -25.420755800750911 ], [ -49.248269187593301, -25.420757836190312 ], [ -49.248258794710978, -25.420758708520246 ] ] } },
{ "type": "Feature", "properties": { "length_m": 6.9999999992280015, "length_ok": true, "above_tolerance": false, "segment_id": 270, "node_degree": 4, "center_offset_m": 17.0, "used_fallback": true, "box_id": 1, "provider": "protomaps" }, "geometry": { "type": "LineString", "coordinates": [ [ -49.241958441298898, -25.426255981328506 ], [ -49.241954374909426, -25.426264710863261 ], [ -49.241944886664903, -25.426285079777113 ], [ -49.241935398417013, -25.426305448690123 ], [ -49.241931332024024, -25.426314178224011 ] ] } },
{ "type": "Feature", "properties": { "length_m": 7.0000000003796865, "length_ok": true, "above_tolerance": true, "segment_id": 271, "node_degree": 3, "center_offset_m": 17.0, "used_fallback": true, "box_id": 1, "provider": "protomaps" }, "geometry": { "type": "LineString", "coordinates": [ [ -49.242284931507392, -25.424833774754944 ], [ -49.24228900756998, -25.424825048956652 ], [ -49.242298518380274, -25.424804688760052 ], [ -49.242308029187193, -25.424784328562602 ], [ -49.24231210524627, -25.424775602763436 ] ] } },
{ "type": "Feature", "properties": { "length_m": 6.9999999998417124, "length_ok": true, "above_tolerance": false, "segment_id": 272, "node_degree": 3, "center_offset_m": 17.0, "used_fallback": true, "box_id": 1, "provider": "protomaps" }, "geometry": { "type": "LineString", "coordinates": [ [ -49.241796407548328, -25.42266392029908 ], [ -49.24179546984422, -25.422654480185585 ], [ -49.24179328186834, -25.422632453254074 ], [ -49.241791093892999, -25.42261042632251 ], [ -49.241790156189452, -25.422600986208959 ] ] } },
{ "type": "Feature", "properties": { "length_m": 4.0000010807402759, "length_ok": true, "above_tolerance": false, "segment_id": 273, "node_degree": 3, "center_offset_m": 7.0, "used_fallback": false, "box_id": 1, "provider": "protomaps" }, "geometry": { "type": "LineString", "coordinates": [ [ -49.242027720269114, -25.422631375516559 ], [ -49.242027184425417, -25.422625981165009 ], [ -49.242025934123561, -25.422613394344708 ], [ -49.242024683821889, -25.422600807524383 ], [ -49.242024147978363, -25.422595413172825 ] ] } },
{ "type": "Feature", "properties": { "length_m": 3.9999994768549212, "length_ok": true, "above_tolerance": false, "segment_id": 273, "node_degree": 4, "center_offset_m": 7.0, "used_fallback": false, "box_id": 1, "provider": "protomaps" }, "geometry": { "type": "LineString", "coordinates": [ [ -49.243030841717008, -25.4225491951923 ], [ -49.243030305828732, -25.422543800844149 ], [ -49.24302905542288, -25.422531214031807 ], [ -49.243027805017199, -25.422518627219446 ], [ -49.243027269129101, -25.422513232871285 ] ] } },
{ "type": "Feature", "properties": { "length_m": 7.0000000005547225, "length_ok": true, "above_tolerance": true, "segment_id": 274, "node_degree": 4, "center_offset_m": 17.0, "used_fallback": true, "box_id": 1, "provider": "protomaps" }, "geometry": { "type": "LineString", "coordinates": [ [ -49.243264833493079, -25.422543620127012 ], [ -49.24326389566788, -25.422534180017234 ], [ -49.243261707409467, -25.422512153094377 ], [ -49.243259519151586, -25.422490126171471 ], [ -49.243258581326948, -25.422480686061625 ] ] } },
{ "type": "Feature", "properties": { "length_m": 7.0000000005547225, "length_ok": true, "above_tolerance": true, "segment_id": 274, "node_degree": 4, "center_offset_m": 17.0, "used_fallback": true, "box_id": 1, "provider": "protomaps" }, "geometry": { "type": "LineString", "coordinates": [ [ -49.244118937763048, -25.422473640909505 ], [ -49.244117999871122, -25.422464200801585 ], [ -49.244115811456986, -25.42244217388307 ], [ -49.244113623043397, -25.422420146964498 ], [ -49.244112685152025, -25.422410706856517 ] ] } },
{ "type": "Feature", "properties": { "length_m": 6.9999999995351789, "length_ok": true, "above_tolerance": false, "segment_id": 275, "node_degree": 4, "center_offset_m": 17.0, "used_fallback": true, "box_id": 1, "provider": "protomaps" }, "geometry": { "type": "LineString", "coordinates": [ [ -49.24444564029973, -25.422446871842418 ], [ -49.244444702378978, -25.422437431735478 ], [ -49.244442513897603, -25.422415404819258 ], [ -49.244440325416775, -25.422393377902978 ], [ -49.244439387496584, -25.422383937795985 ] ] } },
{ "type": "Feature", "properties": { "length_m": 6.9999999995351789, "length_ok": true, "above_tolerance": false, "segment_id": 275, "node_degree": 4, "center_offset_m": 17.0, "used_fallback": true, "box_id": 1, "provider": "protomaps" }, "geometry": { "type": "LineString", "coordinates": [ [ -49.24573858848651, -25.422340923911076 ], [ -49.245737650464733, -25.422331483806961 ], [ -49.245735461747643, -25.422309456897317 ], [ -49.245733273031099, -25.42228742998762 ], [ -49.24573233500989, -25.42227798988344 ] ] } },
{ "type": "Feature", "properties": { "length_m": 3.9999956172660611, "length_ok": true, "above_tolerance": false, "segment_id": 276, "node_degree": 4, "center_offset_m": 7.0, "used_fallback": false, "box_id": 1, "provider": "protomaps" }, "geometry": { "type": "LineString", "coordinates": [ [ -49.245969899869451, -25.422308372737891 ], [ -49.245969363854826, -25.422302978398253 ], [ -49.245968113154149, -25.422290391605763 ], [ -49.245966862453649, -25.422277804813252 ], [ -49.245966326439202, -25.4222724104736 ] ] } },
{ "type": "Feature", "properties": { "length_m": 3.9999988127845159, "length_ok": true, "above_tolerance": false, "segment_id": 277, "node_degree": 4, "center_offset_m": 7.0, "used_fallback": false, "box_id": 1, "provider": "protomaps" }, "geometry": { "type": "LineString", "coordinates": [ [ -49.245281660848121, -25.424555605156232 ], [ -49.245287600202929, -25.424555110512358 ], [ -49.245301458697355, -25.424553956342415 ], [ -49.245315317191597, -25.424552802171142 ], [ -49.24532125654622, -25.424552307525911 ] ] } },
{ "type": "Feature", "properties": { "length_m": 3.9999988289626942, "length_ok": true, "above_tolerance": false, "segment_id": 278, "node_degree": 4, "center_offset_m": 7.0, "used_fallback": false, "box_id": 1, "provider": "protomaps" }, "geometry": { "type": "LineString", "coordinates": [ [ -49.245294370413859, -25.424681456438382 ], [ -49.245300309774628, -25.424680961791822 ], [ -49.245314168282945, -25.42467980761559 ], [ -49.245328026791093, -25.42467865343804 ], [ -49.245333966151669, -25.424678158790115 ] ] } },
{ "type": "Feature", "properties": { "length_m": 4.0000001132927405, "length_ok": true, "above_tolerance": false, "segment_id": 278, "node_degree": 3, "center_offset_m": 7.0, "used_fallback": false, "box_id": 1, "provider": "protomaps" }, "geometry": { "type": "LineString", "coordinates": [ [ -49.245446800073715, -25.426190815434435 ], [ -49.24545273951059, -25.426190320785555 ], [ -49.245466598196508, -25.426189166603884 ], [ -49.245480456882234, -25.426188012420898 ], [ -49.245486396318924, -25.426187517770643 ] ] } },
{ "type": "Feature", "properties": { "length_m": 3.9999982440417199, "length_ok": true, "above_tolerance": false, "segment_id": 279, "node_degree": 3, "center_offset_m": 7.0, "used_fallback": false, "box_id": 1, "provider": "protomaps" }, "geometry": { "type": "LineString", "coordinates": [ [ -49.245140155854301, -25.423157018591723 ], [ -49.245146093828183, -25.423156511132262 ], [ -49.245159949100447, -25.423155327059245 ], [ -49.24517380437252, -25.423154142984917 ], [ -49.24517974234621, -25.423153635524081 ] ] } },
{ "type": "Feature", "properties": { "length_m": 6.044646985669722, "length_ok": true, "above_tolerance": false, "segment_id": 280, "node_degree": 3, "center_offset_m": 5.5659057916739636, "used_fallback": false, "box_id": 1, "provider": "protomaps" }, "geometry": { "type": "LineString", "coordinates": [ [ -49.241980014929482, -25.423399898604639 ], [ -49.241979171809284, -25.42339174966051 ], [ -49.241977204529107, -25.423372735457498 ], [ -49.24197523724937, -25.423353721254447 ], [ -49.241974394129606, -25.423345572310275 ] ] } },
{ "type": "Feature", "properties": { "length_m": 3.9999996923286969, "length_ok": true, "above_tolerance": false, "segment_id": 281, "node_degree": 3, "center_offset_m": 7.0, "used_fallback": false, "box_id": 1, "provider": "protomaps" }, "geometry": { "type": "LineString", "coordinates": [ [ -49.242102475508048, -25.423370910999324 ], [ -49.242101917572292, -25.423365518497139 ], [ -49.242100615722336, -25.423352935992025 ], [ -49.242099313872572, -25.423340353486889 ], [ -49.242098755937015, -25.423334960984686 ] ] } },
{ "type": "Feature", "properties": { "length_m": 4.000000301163734, "length_ok": true, "above_tolerance": false, "segment_id": 281, "node_degree": 4, "center_offset_m": 7.0, "used_fallback": false, "box_id": 1, "provider": "protomaps" }, "geometry": { "type": "LineString", "coordinates": [ [ -49.243100329125589, -25.423285763911643 ], [ -49.243099771145218, -25.423280371410019 ], [ -49.243098469191168, -25.423267788906237 ], [ -49.243097167237302, -25.423255206402434 ], [ -49.24309660925713, -25.423249813900792 ] ] } },
{ "type": "Feature", "properties": { "length_m": 3.9999991478172698, "length_ok": true, "above_tolerance": false, "segment_id": 282, "node_degree": 4, "center_offset_m": 7.0, "used_fallback": false, "box_id": 1, "provider": "protomaps" }, "geometry": { "type": "LineString", "coordinates": [ [ -49.243238883732758, -25.423273940403245 ], [ -49.243238325740499, -25.423268547903877 ], [ -49.243237023758702, -25.423255965405342 ], [ -49.24323572177709, -25.423243382906776 ], [ -49.24323516378503, -25.423237990407387 ] ] } },
{ "type": "Feature", "properties": { "length_m": 3.9999984490671001, "length_ok": true, "above_tolerance": false, "segment_id": 282, "node_degree": 4, "center_offset_m": 7.0, "used_fallback": false, "box_id": 1, "provider": "protomaps" }, "geometry": { "type": "LineString", "coordinates": [ [ -49.244283055976034, -25.423184831512991 ], [ -49.244282497937277, -25.423179439016028 ], [ -49.244281195846987, -25.423166856523082 ], [ -49.24427989375689, -25.423154274030114 ], [ -49.244279335718332, -25.42314888153313 ] ] } },
{ "type": "Feature", "properties": { "length_m": 3.9999983973917934, "length_ok": true, "above_tolerance": false, "segment_id": 283, "node_degree": 4, "center_offset_m": 7.0, "used_fallback": false, "box_id": 1, "provider": "protomaps" }, "geometry": { "type": "LineString", "coordinates": [ [ -49.244421610391512, -25.423173006866701 ], [ -49.244421052349942, -25.423167614369707 ], [ -49.244419750253087, -25.423155031876711 ], [ -49.244418448156409, -25.42314244938369 ], [ -49.244417890115038, -25.423137056886681 ] ] } },
{ "type": "Feature", "properties": { "length_m": 3.9999961428327513, "length_ok": true, "above_tolerance": false, "segment_id": 283, "node_degree": 3, "center_offset_m": 7.0, "used_fallback": false, "box_id": 1, "provider": "protomaps" }, "geometry": { "type": "LineString", "coordinates": [ [ -49.24508601314961, -25.423116302940691 ], [ -49.245085455078708, -25.423110910447665 ], [ -49.245084152913407, -25.423098327963924 ], [ -49.24508285074829, -25.423085745480165 ], [ -49.245082292677587, -25.423080352987114 ] ] } },
{ "type": "Feature", "properties": { "length_m": 3.9999980843501852, "length_ok": true, "above_tolerance": false, "segment_id": 284, "node_degree": 3, "center_offset_m": 7.0, "used_fallback": false, "box_id": 1, "provider": "protomaps" }, "geometry": { "type": "LineString", "coordinates": [ [ -49.245224567467865, -25.423104477576114 ], [ -49.245224009392011, -25.423099085080537 ], [ -49.245222707215135, -25.423086502590845 ], [ -49.245221405038443, -25.423073920101132 ], [ -49.245220846962773, -25.423068527605526 ] ] } },
{ "type": "Feature", "properties": { "length_m": 3.9999923135553033, "length_ok": true, "above_tolerance": false, "segment_id": 284, "node_degree": 4, "center_offset_m": 7.0, "used_fallback": false, "box_id": 1, "provider": "protomaps" }, "geometry": { "type": "LineString", "coordinates": [ [ -49.245905664713156, -25.423046345142566 ], [ -49.245905106607708, -25.423040952655718 ], [ -49.245903804361795, -25.42302837018639 ], [ -49.245902502116067, -25.423015787717056 ], [ -49.245901944010811, -25.423010395230186 ] ] } },
{ "type": "Feature", "properties": { "length_m": 4.0000018903114576, "length_ok": true, "above_tolerance": false, "segment_id": 285, "node_degree": 4, "center_offset_m": 7.0, "used_fallback": false, "box_id": 1, "provider": "protomaps" }, "geometry": { "type": "LineString", "coordinates": [ [ -49.24604421892311, -25.423034519113134 ], [ -49.246043660814522, -25.423029126613194 ], [ -49.246042358561276, -25.423016544113327 ], [ -49.246041056308222, -25.423003961613443 ], [ -49.246040498199825, -25.422998569113485 ] ] } },
{ "type": "Feature", "properties": { "length_m": 3.9999941132060313, "length_ok": true, "above_tolerance": false, "segment_id": 285, "node_degree": 3, "center_offset_m": 7.0, "used_fallback": false, "box_id": 1, "provider": "protomaps" }, "geometry": { "type": "LineString", "coordinates": [ [ -49.246786554494641, -25.422971156014349 ], [ -49.246785996354006, -25.422965763525934 ], [ -49.246784694026012, -25.422953181052954 ], [ -49.246783391698195, -25.422940598579959 ], [ -49.246782833557759, -25.42293520609153 ] ] } },
{ "type": "Feature", "properties": { "length_m": 5.3429327679444611, "length_ok": true, "above_tolerance": false, "segment_id": 286, "node_degree": 3, "center_offset_m": 5.2729333473780517, "used_fallback": false, "box_id": 1, "provider": "protomaps" }, "geometry": { "type": "LineString", "coordinates": [ [ -49.246908041544216, -25.422961030679389 ], [ -49.246907295955246, -25.422953827747829 ], [ -49.246905556247874, -25.422937020907515 ], [ -49.246903816540836, -25.422920214067172 ], [ -49.246903070952207, -25.422913011135584 ] ] } },
{ "type": "Feature", "properties": { "length_m": 5.6999038534589515, "length_ok": true, "above_tolerance": false, "segment_id": 286, "node_degree": 4, "center_offset_m": 5.2729333473780517, "used_fallback": false, "box_id": 1, "provider": "protomaps" }, "geometry": { "type": "LineString", "coordinates": [ [ -49.246910154032918, -25.422960679790251 ], [ -49.246909358629651, -25.422952995617706 ], [ -49.24690750268897, -25.422935065881735 ], [ -49.246905646748658, -25.422917136145731 ], [ -49.246904851345796, -25.42290945197314 ] ] } },
{ "type": "Feature", "properties": { "length_m": 4.1644077340992887, "length_ok": true, "above_tolerance": false, "segment_id": 287, "node_degree": 4, "center_offset_m": 7.0, "used_fallback": false, "box_id": 1, "provider": "protomaps" }, "geometry": { "type": "LineString", "coordinates": [ [ -49.247031760965754, -25.42295171521528 ], [ -49.247031179868031, -25.422946101077621 ], [ -49.247029823973492, -25.422933001423058 ], [ -49.247028468079158, -25.422919901768484 ], [ -49.247027886981655, -25.4229142876308 ] ] } },
{ "type": "Feature", "properties": { "length_m": 3.999999828736005, "length_ok": true, "above_tolerance": false, "segment_id": 287, "node_degree": 3, "center_offset_m": 7.0, "used_fallback": false, "box_id": 1, "provider": "protomaps" }, "geometry": { "type": "LineString", "coordinates": [ [ -49.247242514151566, -25.422932234277319 ], [ -49.247241955985771, -25.422926841782182 ], [ -49.247240653599064, -25.422914259293513 ], [ -49.247239351212535, -25.42290167680483 ], [ -49.247238793046947, -25.422896284309669 ] ] } },
{ "type": "Feature", "properties": { "length_m": 4.155745733162262, "length_ok": true, "above_tolerance": false, "segment_id": 288, "node_degree": 3, "center_offset_m": 7.0, "used_fallback": false, "box_id": 1, "provider": "protomaps" }, "geometry": { "type": "LineString", "coordinates": [ [ -49.247381213075919, -25.422921806628896 ], [ -49.247380633169755, -25.422916204169272 ], [ -49.247379280055512, -25.422903131763466 ], [ -49.247377926941475, -25.422890059357645 ], [ -49.247377347035517, -25.422884456898011 ] ] } },
{ "type": "Feature", "properties": { "length_m": 4.000002145392723, "length_ok": true, "above_tolerance": false, "segment_id": 288, "node_degree": 4, "center_offset_m": 7.0, "used_fallback": false, "box_id": 1, "provider": "protomaps" }, "geometry": { "type": "LineString", "coordinates": [ [ -49.24843473678937, -25.422830457810434 ], [ -49.248434178569156, -25.422825065313919 ], [ -49.248432876055467, -25.422812482822039 ], [ -49.248431573541964, -25.422799900330144 ], [ -49.248431015321948, -25.422794507833608 ] ] } },
{ "type": "Feature", "properties": { "length_m": 4.0000023499642783, "length_ok": true, "above_tolerance": false, "segment_id": 289, "node_degree": 4, "center_offset_m": 7.0, "used_fallback": false, "box_id": 1, "provider": "protomaps" }, "geometry": { "type": "LineString", "coordinates": [ [ -49.248573290654107, -25.422818629273021 ], [ -49.248572732430127, -25.422813236776221 ], [ -49.248571429907649, -25.422800654283666 ], [ -49.248570127385356, -25.422788071791089 ], [ -49.248569569161575, -25.422782679294261 ] ] } },
{ "type": "Feature", "properties": { "length_m": 4.0000072328192919, "length_ok": true, "above_tolerance": false, "segment_id": 289, "node_degree": 4, "center_offset_m": 7.0, "used_fallback": false, "box_id": 1, "provider": "protomaps" }, "geometry": { "type": "LineString", "coordinates": [ [ -49.249650596515018, -25.422726653767903 ], [ -49.249650038242279, -25.42272126126603 ], [ -49.249648735606051, -25.422708678761641 ], [ -49.249647432970001, -25.422696096257233 ], [ -49.249646874697468, -25.422690703755336 ] ] } },
{ "type": "Feature", "properties": { "length_m": 7.0000000001124771, "length_ok": true, "above_tolerance": true, "segment_id": 290, "node_degree": 4, "center_offset_m": 9.8555837137390245, "used_fallback": true, "box_id": 1, "provider": "protomaps" }, "geometry": { "type": "LineString", "coordinates": [ [ -49.249818806864887, -25.422725891974629 ], [ -49.249817829831422, -25.422716455117659 ], [ -49.249815550087071, -25.422694435784688 ], [ -49.24981327034331, -25.422672416451658 ], [ -49.249812293310441, -25.422662979594634 ] ] } },
{ "type": "Feature", "properties": { "length_m": 7.0000000001124771, "length_ok": true, "above_tolerance": true, "segment_id": 290, "node_degree": 3, "center_offset_m": 9.8555837137390245, "used_fallback": true, "box_id": 1, "provider": "protomaps" }, "geometry": { "type": "LineString", "coordinates": [ [ -49.249822787993622, -25.422725552048441 ], [ -49.249821810959851, -25.422716115191481 ], [ -49.249819531214776, -25.422694095858539 ], [ -49.24981725147029, -25.422672076525526 ], [ -49.249816274437109, -25.422662639668513 ] ] } },
{ "type": "Feature", "properties": { "length_m": 4.8805642426792435, "length_ok": true, "above_tolerance": false, "segment_id": 291, "node_degree": 3, "center_offset_m": 5.9414745052515014, "used_fallback": false, "box_id": 1, "provider": "protomaps" }, "geometry": { "type": "LineString", "coordinates": [ [ -49.249978546381946, -25.42270660170081 ], [ -49.249977865223833, -25.422700022097754 ], [ -49.249976275855111, -25.422684669690597 ], [ -49.249974686486659, -25.422669317283422 ], [ -49.249974005328845, -25.422662737680341 ] ] } },
{ "type": "Feature", "properties": { "length_m": 4.6791978916366856, "length_ok": true, "above_tolerance": false, "segment_id": 291, "node_degree": 3, "center_offset_m": 5.9414745052515014, "used_fallback": false, "box_id": 1, "provider": "protomaps" }, "geometry": { "type": "LineString", "coordinates": [ [ -49.249980745806887, -25.422704458969076 ], [ -49.249980092752452, -25.422698150832719 ], [ -49.249978568958944, -25.422683431847869 ], [ -49.249977045165693, -25.422668712862993 ], [ -49.24997639211152, -25.422662404726619 ] ] } },
{ "type": "Feature", "properties": { "length_m": 4.0000033313906238, "length_ok": true, "above_tolerance": false, "segment_id": 292, "node_degree": 3, "center_offset_m": 7.0, "used_fallback": false, "box_id": 1, "provider": "protomaps" }, "geometry": { "type": "LineString", "coordinates": [ [ -49.250108208585381, -25.422687582044375 ], [ -49.250107650288271, -25.422682189548794 ], [ -49.250106347595143, -25.422669607059071 ], [ -49.250105044902206, -25.42265702456934 ], [ -49.250104486605288, -25.422651632073737 ] ] } },
{ "type": "Feature", "properties": { "length_m": 7.0000000006870113, "length_ok": true, "above_tolerance": true, "segment_id": 292, "node_degree": 3, "center_offset_m": 17.0, "used_fallback": true, "box_id": 1, "provider": "protomaps" }, "geometry": { "type": "LineString", "coordinates": [ [ -49.250381978345658, -25.422677806874358 ], [ -49.250381001305122, -25.422668370015618 ], [ -49.250378721544287, -25.422646350678523 ], [ -49.250376441784034, -25.422624331341371 ], [ -49.250375464744096, -25.422614894482582 ] ] } },
{ "type": "Feature", "properties": { "length_m": 6.9999999997959668, "length_ok": true, "above_tolerance": false, "segment_id": 293, "node_degree": 3, "center_offset_m": 6.1167210010729089, "used_fallback": true, "box_id": 1, "provider": "protomaps" }, "geometry": { "type": "LineString", "coordinates": [ [ -49.250605808933535, -25.422658694937784 ], [ -49.250604831879173, -25.422649258079282 ], [ -49.250602552086058, -25.422627238742749 ], [ -49.250600272293511, -25.422605219406158 ], [ -49.250599295239745, -25.422595782547603 ] ] } },
{ "type": "Feature", "properties": { "length_m": 6.9999999997959668, "length_ok": true, "above_tolerance": false, "segment_id": 293, "node_degree": 3, "center_offset_m": 6.1167210010729089, "used_fallback": true, "box_id": 1, "provider": "protomaps" }, "geometry": { "type": "LineString", "coordinates": [ [ -49.250608279760705, -25.422658483963037 ], [ -49.25060730270615, -25.422649047104549 ], [ -49.25060502291258, -25.422627027768034 ], [ -49.250602743119586, -25.422605008431457 ], [ -49.250601766065628, -25.422595571572906 ] ] } },
{ "type": "Feature", "properties": { "length_m": 6.9999999997549889, "length_ok": true, "above_tolerance": false, "segment_id": 294, "node_degree": 3, "center_offset_m": 4.510800594578531, "used_fallback": true, "box_id": 1, "provider": "protomaps" }, "geometry": { "type": "LineString", "coordinates": [ [ -49.250713457175351, -25.422649502975798 ], [ -49.250712480051632, -25.422640066122771 ], [ -49.250710200096691, -25.422618046799005 ], [ -49.250707920142325, -25.422596027475176 ], [ -49.250706943019196, -25.422586590622089 ] ] } },
{ "type": "Feature", "properties": { "length_m": 6.9999999997549889, "length_ok": true, "above_tolerance": false, "segment_id": 294, "node_degree": 3, "center_offset_m": 4.510800594578531, "used_fallback": true, "box_id": 1, "provider": "protomaps" }, "geometry": { "type": "LineString", "coordinates": [ [ -49.250715279295626, -25.422649347380588 ], [ -49.250714302171758, -25.422639910527565 ], [ -49.250712022216483, -25.422617891203803 ], [ -49.25070974226179, -25.422595871879995 ], [ -49.250708765138526, -25.422586435026908 ] ] } },
{ "type": "Feature", "properties": { "length_m": 7.000000000151787, "length_ok": true, "above_tolerance": true, "segment_id": 295, "node_degree": 3, "center_offset_m": 16.9990716018402, "used_fallback": true, "box_id": 1, "provider": "protomaps" }, "geometry": { "type": "LineString", "coordinates": [ [ -49.250923216308045, -25.422631591925782 ], [ -49.250922239233063, -25.422622155067721 ], [ -49.250919959391844, -25.422600135732164 ], [ -49.250917679551193, -25.422578116396569 ], [ -49.250916702476815, -25.42256867953844 ] ] } },
{ "type": "Feature", "properties": { "length_m": 7.000000000151787, "length_ok": true, "above_tolerance": true, "segment_id": 295, "node_degree": 3, "center_offset_m": 16.9990716018402, "used_fallback": true, "box_id": 1, "provider": "protomaps" }, "geometry": { "type": "LineString", "coordinates": [ [ -49.250939961326054, -25.422630162099313 ], [ -49.250938984249757, -25.422620725241281 ], [ -49.250936704405497, -25.422598705905838 ], [ -49.250934424561798, -25.422576686570341 ], [ -49.250933447486105, -25.422567249712248 ] ] } },
{ "type": "Feature", "properties": { "length_m": 7.0000000006269385, "length_ok": true, "above_tolerance": true, "segment_id": 296, "node_degree": 3, "center_offset_m": 12.183026051770169, "used_fallback": true, "box_id": 1, "provider": "protomaps" }, "geometry": { "type": "LineString", "coordinates": [ [ -49.251223828085223, -25.422605923011201 ], [ -49.251222850993607, -25.422596486153278 ], [ -49.251220571113571, -25.422574466818102 ], [ -49.251218291234117, -25.422552447482868 ], [ -49.251217314143091, -25.422543010624892 ] ] } },
{ "type": "Feature", "properties": { "length_m": 3.9999986910507359, "length_ok": true, "above_tolerance": false, "segment_id": 297, "node_degree": 4, "center_offset_m": 7.0, "used_fallback": false, "box_id": 1, "provider": "protomaps" }, "geometry": { "type": "LineString", "coordinates": [ [ -49.245999310040801, -25.423083707097703 ], [ -49.245993371376429, -25.423084207842695 ], [ -49.245979514492753, -25.423085376246743 ], [ -49.245965657608899, -25.423086544649479 ], [ -49.245959718944327, -25.423087045393096 ] ] } },
{ "type": "Feature", "properties": { "length_m": 3.999997214733646, "length_ok": true, "above_tolerance": false, "segment_id": 298, "node_degree": 4, "center_offset_m": 7.0, "used_fallback": false, "box_id": 1, "provider": "protomaps" }, "geometry": { "type": "LineString", "coordinates": [ [ -49.245986443821515, -25.422957868874889 ], [ -49.245980505166301, -25.422958369627175 ], [ -49.245966648303998, -25.422959538048232 ], [ -49.24595279144151, -25.422960706467965 ], [ -49.245946852786105, -25.422961207218876 ] ] } },
{ "type": "Feature", "properties": { "length_m": 3.999992917919803, "length_ok": true, "above_tolerance": false, "segment_id": 298, "node_degree": 4, "center_offset_m": 7.0, "used_fallback": false, "box_id": 1, "provider": "protomaps" }, "geometry": { "type": "LineString", "coordinates": [ [ -49.245925041220808, -25.42235732054473 ], [ -49.245919102601484, -25.422357821295577 ], [ -49.245905245822932, -25.422358989713295 ], [ -49.245891389044196, -25.422360158129695 ], [ -49.24588545042468, -25.422360658879168 ] ] } },
{ "type": "Feature", "properties": { "length_m": 6.9999999999777547, "length_ok": true, "above_tolerance": false, "segment_id": 299, "node_degree": 4, "center_offset_m": 17.0, "used_fallback": true, "box_id": 1, "provider": "protomaps" }, "geometry": { "type": "LineString", "coordinates": [ [ -49.245918291106854, -25.422144840262266 ], [ -49.245907898522354, -25.422145716572555 ], [ -49.245883649158124, -25.422147761293672 ], [ -49.245859399793332, -25.422149806010744 ], [ -49.24584900720825, -25.422150682316818 ] ] } },
{ "type": "Feature", "properties": { "length_m": 6.9999999999777547, "length_ok": true, "above_tolerance": false, "segment_id": 299, "node_degree": 3, "center_offset_m": 17.0, "used_fallback": true, "box_id": 1, "provider": "protomaps" }, "geometry": { "type": "LineString", "coordinates": [ [ -49.245855155563639, -25.421527333961333 ], [ -49.245844763032245, -25.421528210270019 ], [ -49.245820513791926, -25.421530254987385 ], [ -49.245796264551046, -25.421532299700694 ], [ -49.245785872019063, -25.42153317600517 ] ] } },
{ "type": "Feature", "properties": { "length_m": 6.9999999998239089, "length_ok": true, "above_tolerance": false, "segment_id": 300, "node_degree": 3, "center_offset_m": 17.0, "used_fallback": true, "box_id": 1, "provider": "protomaps" }, "geometry": { "type": "LineString", "coordinates": [ [ -49.245824828735152, -25.421230715310543 ], [ -49.245814436228571, -25.421231591611598 ], [ -49.24579018704614, -25.421233636311193 ], [ -49.245765937863148, -25.421235681006738 ], [ -49.245755545355976, -25.421236557303576 ] ] } },
{ "type": "Feature", "properties": { "length_m": 7.0000000001497495, "length_ok": true, "above_tolerance": true, "segment_id": 301, "node_degree": 4, "center_offset_m": 17.0, "used_fallback": true, "box_id": 1, "provider": "protomaps" }, "geometry": { "type": "LineString", "coordinates": [ [ -49.247229638450989, -25.421360716759867 ], [ -49.247230588708277, -25.421370155861506 ], [ -49.247232805975685, -25.421392180431948 ], [ -49.24723502324364, -25.421414205002328 ], [ -49.247235973501503, -25.421423644103907 ] ] } },
{ "type": "Feature", "properties": { "length_m": 6.9999999992589954, "length_ok": true, "above_tolerance": false, "segment_id": 302, "node_degree": 4, "center_offset_m": 17.0, "used_fallback": true, "box_id": 1, "provider": "protomaps" }, "geometry": { "type": "LineString", "coordinates": [ [ -49.246902973695818, -25.421387838216724 ], [ -49.246903923927498, -25.421397277319112 ], [ -49.246906141135142, -25.421419301891298 ], [ -49.24690835834334, -25.421441326463423 ], [ -49.246909308575596, -25.421450765565755 ] ] } },
{ "type": "Feature", "properties": { "length_m": 6.9999999999600471, "length_ok": true, "above_tolerance": false, "segment_id": 303, "node_degree": 3, "center_offset_m": 7.6127884279511981, "used_fallback": true, "box_id": 1, "provider": "protomaps" }, "geometry": { "type": "LineString", "coordinates": [ [ -49.245726658317437, -25.421357169593925 ], [ -49.245727671282921, -25.421366603309533 ], [ -49.245730034869482, -25.421388615312559 ], [ -49.245732398456646, -25.421410627315531 ], [ -49.245733411422755, -25.421420061031078 ] ] } },
{ "type": "Feature", "properties": { "length_m": 6.9999999999600471, "length_ok": true, "above_tolerance": false, "segment_id": 303, "node_degree": 3, "center_offset_m": 7.6127884279511981, "used_fallback": true, "box_id": 1, "provider": "protomaps" }, "geometry": { "type": "LineString", "coordinates": [ [ -49.245723584216989, -25.421357441823972 ], [ -49.245724597182232, -25.421366875539579 ], [ -49.245726960768238, -25.421388887542626 ], [ -49.245729324354841, -25.42141089954562 ], [ -49.245730337320715, -25.421420333261175 ] ] } },
{ "type": "Feature", "properties": { "length_m": 7.0000000007133698, "length_ok": true, "above_tolerance": true, "segment_id": 304, "node_degree": 3, "center_offset_m": 17.0, "used_fallback": true, "box_id": 1, "provider": "protomaps" }, "geometry": { "type": "LineString", "coordinates": [ [ -49.245485029641451, -25.421378566547723 ], [ -49.245486042552372, -25.421388000267129 ], [ -49.245488406011617, -25.421410012279061 ], [ -49.245490769471473, -25.42143202429094 ], [ -49.24549178238302, -25.421441458010293 ] ] } },
{ "type": "Feature", "properties": { "length_m": 7.0000000003964642, "length_ok": true, "above_tolerance": true, "segment_id": 305, "node_degree": 4, "center_offset_m": 17.0, "used_fallback": true, "box_id": 1, "provider": "protomaps" }, "geometry": { "type": "LineString", "coordinates": [ [ -49.243173470179421, -25.421579109953417 ], [ -49.243174450922268, -25.421588546465937 ], [ -49.243176739322628, -25.421610564995131 ], [ -49.243179027723585, -25.421632583524275 ], [ -49.243180008467021, -25.421642020036742 ] ] } },
{ "type": "Feature", "properties": { "length_m": 7.0000000006753762, "length_ok": true, "above_tolerance": true, "segment_id": 306, "node_degree": 4, "center_offset_m": 17.0, "used_fallback": true, "box_id": 1, "provider": "protomaps" }, "geometry": { "type": "LineString", "coordinates": [ [ -49.242846894431615, -25.421607101425515 ], [ -49.242847875146197, -25.421616537939077 ], [ -49.242850163480632, -25.4216385564707 ], [ -49.242852451815644, -25.421660575002278 ], [ -49.242853432530822, -25.421670011515786 ] ] } },
{ "type": "Feature", "properties": { "length_m": 7.0000000006753762, "length_ok": true, "above_tolerance": true, "segment_id": 306, "node_degree": 4, "center_offset_m": 17.0, "used_fallback": true, "box_id": 1, "provider": "protomaps" }, "geometry": { "type": "LineString", "coordinates": [ [ -49.24202538836721, -25.421677510995991 ], [ -49.242026369017644, -25.421686947511581 ], [ -49.242028657202418, -25.421708966047937 ], [ -49.242030945387761, -25.421730984584229 ], [ -49.242031926038791, -25.421740421099766 ] ] } },
{ "type": "Feature", "properties": { "length_m": 6.9999999996940145, "length_ok": true, "above_tolerance": false, "segment_id": 307, "node_degree": 4, "center_offset_m": 17.0, "used_fallback": true, "box_id": 1, "provider": "protomaps" }, "geometry": { "type": "LineString", "coordinates": [ [ -49.241698812256807, -25.421705499705205 ], [ -49.241699792871941, -25.421714936222443 ], [ -49.241702080974342, -25.421736954762626 ], [ -49.241704369077311, -25.421758973302754 ], [ -49.241705349693042, -25.421768409819933 ] ] } },
{ "type": "Feature", "properties": { "length_m": 4.0000025579166678, "length_ok": true, "above_tolerance": false, "segment_id": 308, "node_degree": 4, "center_offset_m": 7.0, "used_fallback": false, "box_id": 1, "provider": "protomaps" }, "geometry": { "type": "LineString", "coordinates": [ [ -49.243193487838965, -25.423323297313559 ], [ -49.243187545340788, -25.423323759136458 ], [ -49.2431736795116, -25.423324836722259 ], [ -49.243159813682247, -25.423325914306751 ], [ -49.2431538711839, -25.423326376128266 ] ] } },
{ "type": "Feature", "properties": { "length_m": 3.9999998237312702, "length_ok": true, "above_tolerance": false, "segment_id": 309, "node_degree": 4, "center_offset_m": 7.0, "used_fallback": false, "box_id": 1, "provider": "protomaps" }, "geometry": { "type": "LineString", "coordinates": [ [ -49.243181621601998, -25.423197378226455 ], [ -49.243175679114984, -25.423197840058453 ], [ -49.243161813311829, -25.423198917665491 ], [ -49.243147947508511, -25.423199995271201 ], [ -49.243142005021319, -25.423200457101817 ] ] } },
{ "type": "Feature", "properties": { "length_m": 4.0000009999459598, "length_ok": true, "above_tolerance": false, "segment_id": 309, "node_degree": 4, "center_offset_m": 7.0, "used_fallback": false, "box_id": 1, "provider": "protomaps" }, "geometry": { "type": "LineString", "coordinates": [ [ -49.243124097266175, -25.42258695646364 ], [ -49.243118154807441, -25.422587418295059 ], [ -49.243104289070281, -25.422588495900754 ], [ -49.243090423332958, -25.422589573505125 ], [ -49.24308448087406, -25.422590035335169 ] ] } },
{ "type": "Feature", "properties": { "length_m": 6.9999999999898206, "length_ok": true, "above_tolerance": false, "segment_id": 310, "node_degree": 4, "center_offset_m": 17.0, "used_fallback": true, "box_id": 1, "provider": "protomaps" }, "geometry": { "type": "LineString", "coordinates": [ [ -49.243119035134676, -25.422374437738259 ], [ -49.243108635853027, -25.422375245945918 ], [ -49.243084370862164, -25.422377131760882 ], [ -49.243060105870804, -25.422379017571796 ], [ -49.243049706588636, -25.422379825775238 ] ] } },
{ "type": "Feature", "properties": { "length_m": 6.9999999999898206, "length_ok": true, "above_tolerance": false, "segment_id": 310, "node_degree": 4, "center_offset_m": 17.0, "used_fallback": true, "box_id": 1, "provider": "protomaps" }, "geometry": { "type": "LineString", "coordinates": [ [ -49.243062100560969, -25.421770271444089 ], [ -49.243051701331339, -25.421771079650515 ], [ -49.243027436461844, -25.421772965462605 ], [ -49.243003171591852, -25.421774851270655 ], [ -49.242992772361703, -25.421775659472864 ] ] } },
{ "type": "Feature", "properties": { "length_m": 7.0000000000381393, "length_ok": true, "above_tolerance": true, "segment_id": 311, "node_degree": 4, "center_offset_m": 17.0, "used_fallback": true, "box_id": 1, "provider": "protomaps" }, "geometry": { "type": "LineString", "coordinates": [ [ -49.243034130475522, -25.421473462214852 ], [ -49.243023731271087, -25.421474270416855 ], [ -49.242999466460375, -25.421476156218631 ], [ -49.242975201649166, -25.421478042016361 ], [ -49.242964802444213, -25.421478850214147 ] ] } },
{ "type": "Feature", "properties": { "length_m": 4.1643932600108675, "length_ok": true, "above_tolerance": false, "segment_id": 312, "node_degree": 4, "center_offset_m": 7.0, "used_fallback": false, "box_id": 1, "provider": "protomaps" }, "geometry": { "type": "LineString", "coordinates": [ [ -49.246906056275726, -25.422894212198202 ], [ -49.246911369787362, -25.42289129453485 ], [ -49.246923767980213, -25.42288448665289 ], [ -49.246936166171707, -25.422877678769801 ], [ -49.246941479681944, -25.422874761105277 ] ] } },
{ "type": "Feature", "properties": { "length_m": 4.1644060159447598, "length_ok": true, "above_tolerance": false, "segment_id": 313, "node_degree": 4, "center_offset_m": 7.0, "used_fallback": false, "box_id": 1, "provider": "protomaps" }, "geometry": { "type": "LineString", "coordinates": [ [ -49.246979461206145, -25.423001591324052 ], [ -49.24698477474216, -25.422998673656551 ], [ -49.246997172991904, -25.42299186576491 ], [ -49.247009571240284, -25.422985057872136 ], [ -49.247014884774892, -25.422982140203469 ] ] } },
{ "type": "Feature", "properties": { "length_m": 6.9999999997699778, "length_ok": true, "above_tolerance": false, "segment_id": 314, "node_degree": 3, "center_offset_m": 17.0, "used_fallback": true, "box_id": 1, "provider": "protomaps" }, "geometry": { "type": "LineString", "coordinates": [ [ -49.245567603349713, -25.421263805560777 ], [ -49.245559854217156, -25.421270155169243 ], [ -49.245541772904694, -25.421284970920574 ], [ -49.245523691587842, -25.421299786669405 ], [ -49.245515942450702, -25.421306136275291 ] ] } },
{ "type": "Feature", "properties": { "length_m": 4.0000068366277031, "length_ok": true, "above_tolerance": false, "segment_id": 316, "node_degree": 4, "center_offset_m": 7.0, "used_fallback": false, "box_id": 1, "provider": "protomaps" }, "geometry": { "type": "LineString", "coordinates": [ [ -49.24437640694839, -25.423222297499866 ], [ -49.244370465918365, -25.423222774692967 ], [ -49.244356603514838, -25.42322388814258 ], [ -49.24434274111114, -25.423225001590893 ], [ -49.24433680008093, -25.423225478782609 ] ] } },
{ "type": "Feature", "properties": { "length_m": 4.0000053843721526, "length_ok": true, "above_tolerance": false, "segment_id": 317, "node_degree": 4, "center_offset_m": 7.0, "used_fallback": false, "box_id": 1, "provider": "protomaps" }, "geometry": { "type": "LineString", "coordinates": [ [ -49.244364145831661, -25.423096409535017 ], [ -49.244358204811327, -25.42309688674159 ], [ -49.244344342430409, -25.423098000222655 ], [ -49.244330480049328, -25.423099113702389 ], [ -49.244324539028817, -25.42309959090759 ] ] } },
{ "type": "Feature", "properties": { "length_m": 3.9999913685380903, "length_ok": true, "above_tolerance": false, "segment_id": 317, "node_degree": 4, "center_offset_m": 7.0, "used_fallback": false, "box_id": 1, "provider": "protomaps" }, "geometry": { "type": "LineString", "coordinates": [ [ -49.244305096512583, -25.422490142744245 ], [ -49.244299155542883, -25.422490619948366 ], [ -49.244285293280115, -25.422491733423694 ], [ -49.244271431017175, -25.422492846897708 ], [ -49.24426549004729, -25.422493324100451 ] ] } },
{ "type": "Feature", "properties": { "length_m": 6.9999999999609273, "length_ok": true, "above_tolerance": false, "segment_id": 318, "node_degree": 4, "center_offset_m": 17.0, "used_fallback": true, "box_id": 1, "provider": "protomaps" }, "geometry": { "type": "LineString", "coordinates": [ [ -49.244299367861409, -25.422277637887383 ], [ -49.244288971159435, -25.422278472988054 ], [ -49.2442647121878, -25.422280421553381 ], [ -49.244240453215632, -25.422282370114655 ], [ -49.244230056513118, -25.422283205211119 ] ] } },
{ "type": "Feature", "properties": { "length_m": 4.0000008854977178, "length_ok": true, "above_tolerance": false, "segment_id": 320, "node_degree": 3, "center_offset_m": 7.0, "used_fallback": false, "box_id": 1, "provider": "protomaps" }, "geometry": { "type": "LineString", "coordinates": [ [ -49.24204476339213, -25.423294269768654 ], [ -49.242038824241781, -25.423294765769356 ], [ -49.242024966224172, -25.423295923103357 ], [ -49.242011108206377, -25.423297080436047 ], [ -49.242005169055844, -25.423297576435363 ] ] } },
{ "type": "Feature", "properties": { "length_m": 6.9999999999080869, "length_ok": true, "above_tolerance": false, "segment_id": 321, "node_degree": 4, "center_offset_m": 17.0, "used_fallback": true, "box_id": 1, "provider": "protomaps" }, "geometry": { "type": "LineString", "coordinates": [ [ -49.241815620665285, -25.42157755649178 ], [ -49.241826013524232, -25.421576683533122 ], [ -49.241850263528043, -25.421574646626691 ], [ -49.241874513531293, -25.421572609716215 ], [ -49.241884906389657, -25.421571736753343 ] ] } },
{ "type": "Feature", "properties": { "length_m": 6.9999999999494431, "length_ok": true, "above_tolerance": false, "segment_id": 322, "node_degree": 4, "center_offset_m": 17.0, "used_fallback": true, "box_id": 1, "provider": "protomaps" }, "geometry": { "type": "LineString", "coordinates": [ [ -49.241845831830112, -25.421874184379288 ], [ -49.241856224714205, -25.421873311416284 ], [ -49.2418804747767, -25.421871274499726 ], [ -49.241904724838619, -25.421869237579113 ], [ -49.241915117722129, -25.4218683646119 ] ] } },
{ "type": "Feature", "properties": { "length_m": 6.9999999999494431, "length_ok": true, "above_tolerance": false, "segment_id": 322, "node_degree": 3, "center_offset_m": 17.0, "used_fallback": true, "box_id": 1, "provider": "protomaps" }, "geometry": { "type": "LineString", "coordinates": [ [ -49.241906888810341, -25.422473667149841 ], [ -49.241917281745998, -25.4224727941853 ], [ -49.241941531928788, -25.422470757265145 ], [ -49.241965782111023, -25.422468720340937 ], [ -49.241976175046091, -25.422467847372189 ] ] } },
{ "type": "Feature", "properties": { "length_m": 6.9999999998723288, "length_ok": true, "above_tolerance": false, "segment_id": 323, "node_degree": 3, "center_offset_m": 6.9907763636705873, "used_fallback": true, "box_id": 1, "provider": "protomaps" }, "geometry": { "type": "LineString", "coordinates": [ [ -49.241417070876992, -25.422803819836236 ], [ -49.241425495061236, -25.422798223898806 ], [ -49.241445151488186, -25.422785166709385 ], [ -49.241464807910965, -25.422772109517094 ], [ -49.24147323209089, -25.422766513576658 ] ] } },
{ "type": "Feature", "properties": { "length_m": 7.0000000002859402, "length_ok": true, "above_tolerance": true, "segment_id": 324, "node_degree": 3, "center_offset_m": 17.0, "used_fallback": true, "box_id": 1, "provider": "protomaps" }, "geometry": { "type": "LineString", "coordinates": [ [ -49.241554929563392, -25.422974972430257 ], [ -49.241563353748234, -25.422969376477923 ], [ -49.241583010176562, -25.42295631925376 ], [ -49.241602666600727, -25.422943262026706 ], [ -49.241611090781241, -25.422937666071387 ] ] } },
{ "type": "Feature", "properties": { "length_m": 7.0000000002859402, "length_ok": true, "above_tolerance": true, "segment_id": 324, "node_degree": 4, "center_offset_m": 17.0, "used_fallback": true, "box_id": 1, "provider": "protomaps" }, "geometry": { "type": "LineString", "coordinates": [ [ -49.241793366963854, -25.423270992687762 ], [ -49.241801791160036, -25.423265396722485 ], [ -49.241821447614818, -25.423252339468085 ], [ -49.241841104065443, -25.423239282210805 ], [ -49.241849528257298, -25.423233686242533 ] ] } },
{ "type": "Feature", "properties": { "length_m": 6.9999999994040047, "length_ok": true, "above_tolerance": false, "segment_id": 325, "node_degree": 4, "center_offset_m": 3.9591441358299924, "used_fallback": true, "box_id": 1, "provider": "protomaps" }, "geometry": { "type": "LineString", "coordinates": [ [ -49.241913435115364, -25.423420056657079 ], [ -49.241921859308199, -25.423414460674024 ], [ -49.241941515755158, -25.423401403378158 ], [ -49.241961172197961, -25.423388346079417 ], [ -49.241969596386461, -25.423382750093364 ] ] } },
{ "type": "Feature", "properties": { "length_m": 6.999999999827593, "length_ok": true, "above_tolerance": false, "segment_id": 326, "node_degree": 3, "center_offset_m": 8.5071599731282284, "used_fallback": true, "box_id": 1, "provider": "protomaps" }, "geometry": { "type": "LineString", "coordinates": [ [ -49.241699835727793, -25.423348296236934 ], [ -49.241691421655887, -25.423353904756198 ], [ -49.241671788818465, -25.423366991299119 ], [ -49.241652155976873, -25.423380077839166 ], [ -49.241643741900639, -25.423385686355445 ] ] } },
{ "type": "Feature", "properties": { "length_m": 6.999999999751747, "length_ok": true, "above_tolerance": false, "segment_id": 327, "node_degree": 3, "center_offset_m": 8.0108173106101397, "used_fallback": true, "box_id": 1, "provider": "protomaps" }, "geometry": { "type": "LineString", "coordinates": [ [ -49.241602679873075, -25.423228091991181 ], [ -49.241594265796749, -25.423233700494052 ], [ -49.241574632949003, -25.423246786998707 ], [ -49.241555000097101, -25.423259873500484 ], [ -49.24154658601644, -25.423265482000367 ] ] } },
{ "type": "Feature", "properties": { "length_m": 6.999999999751747, "length_ok": true, "above_tolerance": false, "segment_id": 327, "node_degree": 3, "center_offset_m": 8.0108173106101397, "used_fallback": true, "box_id": 1, "provider": "protomaps" }, "geometry": { "type": "LineString", "coordinates": [ [ -49.241600756683418, -25.423225712554444 ], [ -49.241592342607184, -25.423231321057212 ], [ -49.241572709759652, -25.423244407561622 ], [ -49.241553076907955, -25.423257494063154 ], [ -49.24154466282738, -25.423263102562927 ] ] } },
{ "type": "Feature", "properties": { "length_m": 7.0000000003867466, "length_ok": true, "above_tolerance": true, "segment_id": 328, "node_degree": 3, "center_offset_m": 8.1168538583009475, "used_fallback": true, "box_id": 1, "provider": "protomaps" }, "geometry": { "type": "LineString", "coordinates": [ [ -49.241505896373248, -25.423108348567698 ], [ -49.241497482331887, -25.423113957102952 ], [ -49.24147784956574, -25.423127043683152 ], [ -49.241458216795429, -25.423140130260485 ], [ -49.241449802749742, -25.423145738792748 ] ] } },
{ "type": "Feature", "properties": { "length_m": 7.0000000003867466, "length_ok": true, "above_tolerance": true, "segment_id": 328, "node_degree": 3, "center_offset_m": 8.1168538583009475, "used_fallback": true, "box_id": 1, "provider": "protomaps" }, "geometry": { "type": "LineString", "coordinates": [ [ -49.241503947717668, -25.423105937642745 ], [ -49.2414955336764, -25.423111546177893 ], [ -49.241475900910466, -25.423124632757844 ], [ -49.241456268140375, -25.423137719334932 ], [ -49.241447854094773, -25.423143327867088 ] ] } },
{ "type": "Feature", "properties": { "length_m": 6.9999999996013686, "length_ok": true, "above_tolerance": false, "segment_id": 329, "node_degree": 3, "center_offset_m": 2.4999509802546647, "used_fallback": true, "box_id": 1, "provider": "protomaps" }, "geometry": { "type": "LineString", "coordinates": [ [ -49.241441501736041, -25.42302867752802 ], [ -49.241433087643081, -25.423034285992181 ], [ -49.241413454756525, -25.423047372406511 ], [ -49.241393821865813, -25.423060458817961 ], [ -49.241385407768519, -25.423066067279134 ] ] } },
{ "type": "Feature", "properties": { "length_m": 6.9999999994205169, "length_ok": true, "above_tolerance": false, "segment_id": 330, "node_degree": 3, "center_offset_m": 17.0, "used_fallback": true, "box_id": 1, "provider": "protomaps" }, "geometry": { "type": "LineString", "coordinates": [ [ -49.250535428127513, -25.422344522262819 ], [ -49.250533644185246, -25.422335183258362 ], [ -49.250529481654205, -25.422313392247904 ], [ -49.250525319124399, -25.42229160123734 ], [ -49.25052353518344, -25.422282262232788 ] ] } },
{ "type": "Feature", "properties": { "length_m": 6.9999999999541354, "length_ok": true, "above_tolerance": false, "segment_id": 330, "node_degree": 3, "center_offset_m": 17.0, "used_fallback": true, "box_id": 1, "provider": "protomaps" }, "geometry": { "type": "LineString", "coordinates": [ [ -49.250700840956291, -25.422470504564814 ], [ -49.250711189676338, -25.422469272049195 ], [ -49.250735336689132, -25.422466396176549 ], [ -49.250759483701032, -25.422463520299875 ], [ -49.25076983242014, -25.422462287780064 ] ] } },
{ "type": "Feature", "properties": { "length_m": 6.9999999997264375, "length_ok": true, "above_tolerance": false, "segment_id": 331, "node_degree": 3, "center_offset_m": 17.0, "used_fallback": true, "box_id": 1, "provider": "protomaps" }, "geometry": { "type": "LineString", "coordinates": [ [ -49.250526039739036, -25.422398190252977 ], [ -49.250526243228748, -25.422388713574353 ], [ -49.250526718037769, -25.422366601324171 ], [ -49.250527192846356, -25.422344489073911 ], [ -49.25052739633562, -25.422335012395212 ] ] } },
{ "type": "Feature", "properties": { "length_m": 6.9999999999606537, "length_ok": true, "above_tolerance": false, "segment_id": 331, "node_degree": 3, "center_offset_m": 17.0, "used_fallback": true, "box_id": 1, "provider": "protomaps" }, "geometry": { "type": "LineString", "coordinates": [ [ -49.250614879127532, -25.422476719371858 ], [ -49.250625266339441, -25.422475791553044 ], [ -49.250649503166791, -25.422473626639608 ], [ -49.250673739993523, -25.422471461722111 ], [ -49.250684127204792, -25.422470533899098 ] ] } },
{ "type": "Feature", "properties": { "length_m": 4.0000007416576135, "length_ok": true, "above_tolerance": false, "segment_id": 332, "node_degree": 3, "center_offset_m": 6.8221527528782584, "used_fallback": false, "box_id": 1, "provider": "protomaps" }, "geometry": { "type": "LineString", "coordinates": [ [ -49.250034834181811, -25.42261137800935 ], [ -49.250029166828114, -25.422613065464454 ], [ -49.250015943002253, -25.422617002858804 ], [ -49.250002719175612, -25.422620940251914 ], [ -49.24999705182109, -25.422622627705728 ] ] } },
{ "type": "Feature", "properties": { "length_m": 4.0000005314083333, "length_ok": true, "above_tolerance": false, "segment_id": 332, "node_degree": 3, "center_offset_m": 6.8221527528782584, "used_fallback": false, "box_id": 1, "provider": "protomaps" }, "geometry": { "type": "LineString", "coordinates": [ [ -49.250033971820955, -25.422608989468181 ], [ -49.250028304467662, -25.42261067692316 ], [ -49.250015080642747, -25.42261461431724 ], [ -49.250001856817036, -25.422618551710084 ], [ -49.249996189462919, -25.422620239163784 ] ] } },
{ "type": "Feature", "properties": { "length_m": 5.8511329299009116, "length_ok": true, "above_tolerance": false, "segment_id": 333, "node_degree": 3, "center_offset_m": 7.5, "used_fallback": false, "box_id": 1, "provider": "protomaps" }, "geometry": { "type": "LineString", "coordinates": [ [ -49.249995019535369, -25.422480544241267 ], [ -49.249987142944157, -25.422483951013355 ], [ -49.249968764229678, -25.422491900146458 ], [ -49.249950385512911, -25.422499849277127 ], [ -49.249942508919304, -25.422503256046664 ] ] } },
{ "type": "Feature", "properties": { "length_m": 5.6875142008208224, "length_ok": true, "above_tolerance": false, "segment_id": 333, "node_degree": 3, "center_offset_m": 14.5, "used_fallback": false, "box_id": 1, "provider": "protomaps" }, "geometry": { "type": "LineString", "coordinates": [ [ -49.249891168948643, -25.422290779485394 ], [ -49.249883512625104, -25.42229409098703 ], [ -49.249865647868631, -25.422301817822525 ], [ -49.249847783109978, -25.422309544655715 ], [ -49.249840126784179, -25.422312856154949 ] ] } },
{ "type": "Feature", "properties": { "length_m": 6.9999999997173648, "length_ok": true, "above_tolerance": false, "segment_id": 334, "node_degree": 3, "center_offset_m": 15.777601208529536, "used_fallback": true, "box_id": 1, "provider": "protomaps" }, "geometry": { "type": "LineString", "coordinates": [ [ -49.249948706307499, -25.422306841314182 ], [ -49.249953802153271, -25.42229856932142 ], [ -49.249965692457266, -25.422279268004122 ], [ -49.249977582757332, -25.422259966685615 ], [ -49.249982678599011, -25.422251694691596 ] ] } },
{ "type": "Feature", "properties": { "length_m": 6.9999999997173648, "length_ok": true, "above_tolerance": false, "segment_id": 334, "node_degree": 3, "center_offset_m": 15.777601208529536, "used_fallback": true, "box_id": 1, "provider": "protomaps" }, "geometry": { "type": "LineString", "coordinates": [ [ -49.249954292888468, -25.422309679569931 ], [ -49.249959388733998, -25.42230140757696 ], [ -49.249971279037446, -25.422282106259182 ], [ -49.249983169336957, -25.422262804940203 ], [ -49.249988265178402, -25.422254532945971 ] ] } },
{ "type": "Feature", "properties": { "length_m": 6.9999999992692539, "length_ok": true, "above_tolerance": false, "segment_id": 335, "node_degree": 3, "center_offset_m": 12.198781976130903, "used_fallback": true, "box_id": 1, "provider": "protomaps" }, "geometry": { "type": "LineString", "coordinates": [ [ -49.250239405655556, -25.422361706872682 ], [ -49.250240193203275, -25.422352255414744 ], [ -49.250242030813958, -25.42233020201278 ], [ -49.250243868423709, -25.4223081486107 ], [ -49.250244655970462, -25.422298697152627 ] ] } },
{ "type": "Feature", "properties": { "length_m": 6.9999999992692539, "length_ok": true, "above_tolerance": false, "segment_id": 335, "node_degree": 3, "center_offset_m": 12.198781976130903, "used_fallback": true, "box_id": 1, "provider": "protomaps" }, "geometry": { "type": "LineString", "coordinates": [ [ -49.25024434092024, -25.422362046019195 ], [ -49.250245128467583, -25.422352594561204 ], [ -49.250246966077377, -25.422330541159134 ], [ -49.25024880368624, -25.422308487756951 ], [ -49.250249591232617, -25.422299036298838 ] ] } },
{ "type": "Feature", "properties": { "length_m": 6.9999999993055342, "length_ok": true, "above_tolerance": false, "segment_id": 336, "node_degree": 3, "center_offset_m": 13.153665178979196, "used_fallback": true, "box_id": 1, "provider": "protomaps" }, "geometry": { "type": "LineString", "coordinates": [ [ -49.241492061999693, -25.42334004979158 ], [ -49.241497501938952, -25.42334813903113 ], [ -49.24151019513328, -25.423367013922743 ], [ -49.24152288833146, -25.423385888813424 ], [ -49.241528328274704, -25.423393978052008 ] ] } },
{ "type": "Feature", "properties": { "length_m": 6.9999999994960262, "length_ok": true, "above_tolerance": false, "segment_id": 337, "node_degree": 3, "center_offset_m": 8.4795280148607528, "used_fallback": true, "box_id": 1, "provider": "protomaps" }, "geometry": { "type": "LineString", "coordinates": [ [ -49.241483792717865, -25.423259673205489 ], [ -49.241477038464936, -25.423252446974793 ], [ -49.241461278544534, -25.423235585768783 ], [ -49.241445518628481, -25.423218724561277 ], [ -49.241438764380078, -25.423211498329024 ] ] } },
{ "type": "Feature", "properties": { "length_m": 6.9999999993687902, "length_ok": true, "above_tolerance": false, "segment_id": 338, "node_degree": 3, "center_offset_m": 1.5085860563833629, "used_fallback": true, "box_id": 1, "provider": "protomaps" }, "geometry": { "type": "LineString", "coordinates": [ [ -49.241415425566423, -25.423033227990981 ], [ -49.241414761702096, -25.423042687240322 ], [ -49.241413212684741, -25.423064758822026 ], [ -49.241411663666568, -25.423086830403626 ], [ -49.241410999801381, -25.42309628965285 ] ] } },
{ "type": "Feature", "properties": { "length_m": 7.0000000001267972, "length_ok": true, "above_tolerance": true, "segment_id": 339, "node_degree": 3, "center_offset_m": 5.3270008117811392, "used_fallback": true, "box_id": 1, "provider": "protomaps" }, "geometry": { "type": "LineString", "coordinates": [ [ -49.241422963891324, -25.422839991694918 ], [ -49.241429271853399, -25.422847543236202 ], [ -49.241443990434583, -25.422865163498283 ], [ -49.241458709019987, -25.422882783759079 ], [ -49.241465016986446, -25.422890335299019 ] ] } },
{ "type": "Feature", "properties": { "length_m": 7.0000000002029221, "length_ok": true, "above_tolerance": true, "segment_id": 340, "node_degree": 4, "center_offset_m": 3.2271130688506728, "used_fallback": true, "box_id": 1, "provider": "protomaps" }, "geometry": { "type": "LineString", "coordinates": [ [ -49.241948248618769, -25.423405817539642 ], [ -49.241937913624788, -25.423404493189519 ], [ -49.241913798639885, -25.423401403036472 ], [ -49.241889683656467, -25.42339831287952 ], [ -49.241879348664028, -25.423396988525347 ] ] } },
{ "type": "Feature", "properties": { "length_m": 7.0000000000684768, "length_ok": true, "above_tolerance": true, "segment_id": 341, "node_degree": 4, "center_offset_m": 0.22575101427677519, "used_fallback": true, "box_id": 1, "provider": "protomaps" }, "geometry": { "type": "LineString", "coordinates": [ [ -49.241953044010558, -25.423374957014175 ], [ -49.241942709159481, -25.423373631761471 ], [ -49.241918594508036, -25.423370539502375 ], [ -49.241894479858061, -25.423367447239386 ], [ -49.241884145008527, -25.423366121982617 ] ] } },
{ "type": "Feature", "properties": { "length_m": 7.0000000001591864, "length_ok": true, "above_tolerance": true, "segment_id": 342, "node_degree": 3, "center_offset_m": 17.0, "used_fallback": true, "box_id": 1, "provider": "protomaps" }, "geometry": { "type": "LineString", "coordinates": [ [ -49.251246347075465, -25.420910069130247 ], [ -49.251256749622002, -25.420909297333232 ], [ -49.251281022230259, -25.42090749647063 ], [ -49.251305294838048, -25.420905695603984 ], [ -49.251315697384101, -25.420904923802755 ] ] } },
{ "type": "Feature", "properties": { "length_m": 6.9999999993074669, "length_ok": true, "above_tolerance": false, "segment_id": 343, "node_degree": 3, "center_offset_m": 17.0, "used_fallback": true, "box_id": 1, "provider": "protomaps" }, "geometry": { "type": "LineString", "coordinates": [ [ -49.250738643913309, -25.421249146626536 ], [ -49.250739288562571, -25.421258607012319 ], [ -49.250740792744395, -25.421280681245765 ], [ -49.250742296926511, -25.421302755479157 ], [ -49.250742941576078, -25.421312215864887 ] ] } },
{ "type": "Feature", "properties": { "length_m": 6.9999999999285505, "length_ok": true, "above_tolerance": false, "segment_id": 344, "node_degree": 3, "center_offset_m": 9.5813205991140187, "used_fallback": true, "box_id": 1, "provider": "protomaps" }, "geometry": { "type": "LineString", "coordinates": [ [ -49.250542368462789, -25.421204973401331 ], [ -49.250552741152141, -25.421203920967873 ], [ -49.250576944093453, -25.421201465286916 ], [ -49.250601147034033, -25.42119900960191 ], [ -49.250611519722632, -25.421197957164253 ] ] } },
{ "type": "Feature", "properties": { "length_m": 7.0000000001596181, "length_ok": true, "above_tolerance": true, "segment_id": 344, "node_degree": 3, "center_offset_m": 9.5813205991140187, "used_fallback": true, "box_id": 1, "provider": "protomaps" }, "geometry": { "type": "LineString", "coordinates": [ [ -49.250542800092006, -25.421208481849145 ], [ -49.250553172781665, -25.421207429415663 ], [ -49.250577375723672, -25.421204973734664 ], [ -49.250601578664956, -25.421202518049633 ], [ -49.250611951353847, -25.421201465611951 ] ] } },
{ "type": "Feature", "properties": { "length_m": 6.9999999992736566, "length_ok": true, "above_tolerance": false, "segment_id": 345, "node_degree": 3, "center_offset_m": 13.481836901584057, "used_fallback": true, "box_id": 1, "provider": "protomaps" }, "geometry": { "type": "LineString", "coordinates": [ [ -49.250442572565454, -25.421275259175196 ], [ -49.250443377525919, -25.421284709424913 ], [ -49.25044525576731, -25.421306760007539 ], [ -49.250447134009143, -25.421328810590111 ], [ -49.250447938970055, -25.421338260839775 ] ] } },
{ "type": "Feature", "properties": { "length_m": 6.999999999912716, "length_ok": true, "above_tolerance": false, "segment_id": 346, "node_degree": 3, "center_offset_m": 17.0, "used_fallback": true, "box_id": 1, "provider": "protomaps" }, "geometry": { "type": "LineString", "coordinates": [ [ -49.251155446858533, -25.422728447159287 ], [ -49.251145095299734, -25.422729660025972 ], [ -49.251120941661895, -25.422732490045338 ], [ -49.25109678802319, -25.422735320060678 ], [ -49.251086436463467, -25.42273653292316 ] ] } },
{ "type": "Feature", "properties": { "length_m": 6.9999999999763363, "length_ok": true, "above_tolerance": false, "segment_id": 347, "node_degree": 3, "center_offset_m": 17.0, "used_fallback": true, "box_id": 1, "provider": "protomaps" }, "geometry": { "type": "LineString", "coordinates": [ [ -49.250604079578643, -25.422773812976395 ], [ -49.250593794880423, -25.422775428200854 ], [ -49.25056979725035, -25.422779197055085 ], [ -49.250545799619033, -25.42278296590532 ], [ -49.250535514919505, -25.422784581125622 ] ] } },
{ "type": "Feature", "properties": { "length_m": 3.9999994228022007, "length_ok": true, "above_tolerance": false, "segment_id": 348, "node_degree": 3, "center_offset_m": 7.0, "used_fallback": false, "box_id": 1, "provider": "protomaps" }, "geometry": { "type": "LineString", "coordinates": [ [ -49.250072321715685, -25.422370424484487 ], [ -49.250077661464928, -25.422372837210968 ], [ -49.250090120880692, -25.422378466905386 ], [ -49.250102580297664, -25.422384096598801 ], [ -49.250107920048166, -25.422386509324244 ] ] } },
{ "type": "Feature", "properties": { "length_m": 5.8511547751054307, "length_ok": true, "above_tolerance": false, "segment_id": 348, "node_degree": 3, "center_offset_m": 7.5, "used_fallback": false, "box_id": 1, "provider": "protomaps" }, "geometry": { "type": "LineString", "coordinates": [ [ -49.249991451270304, -25.422480516304351 ], [ -49.249999262200589, -25.422484045618322 ], [ -49.25001748770643, -25.422492280682732 ], [ -49.250035713214857, -25.422500515744993 ], [ -49.250043524147834, -25.422504045056744 ] ] } },
{ "type": "Feature", "properties": { "length_m": 7.0000000002182592, "length_ok": true, "above_tolerance": true, "segment_id": 349, "node_degree": 3, "center_offset_m": 6.7042956372641678, "used_fallback": true, "box_id": 1, "provider": "protomaps" }, "geometry": { "type": "LineString", "coordinates": [ [ -49.249917782983601, -25.422754255103673 ], [ -49.249926934390764, -25.422749697216101 ], [ -49.24994828767155, -25.422739062142728 ], [ -49.249969640948734, -25.422728427066041 ], [ -49.249978792352124, -25.422723869175012 ] ] } },
{ "type": "Feature", "properties": { "length_m": 7.0000000003246532, "length_ok": true, "above_tolerance": true, "segment_id": 349, "node_degree": 3, "center_offset_m": 6.7042956372641678, "used_fallback": true, "box_id": 1, "provider": "protomaps" }, "geometry": { "type": "LineString", "coordinates": [ [ -49.249919091000478, -25.422756420980139 ], [ -49.249928242407762, -25.42275186309249 ], [ -49.24994959568884, -25.422741228018939 ], [ -49.249970948966308, -25.42273059294207 ], [ -49.249980100369832, -25.422726035050971 ] ] } },
{ "type": "Feature", "properties": { "length_m": 7.000000000166251, "length_ok": true, "above_tolerance": true, "segment_id": 350, "node_degree": 3, "center_offset_m": 8.065629245896794, "used_fallback": true, "box_id": 1, "provider": "protomaps" }, "geometry": { "type": "LineString", "coordinates": [ [ -49.249965741184297, -25.422872336413576 ], [ -49.249975912050516, -25.422870208186975 ], [ -49.249999644070471, -25.422865242322107 ], [ -49.250023376088713, -25.422860276453296 ], [ -49.250033546953141, -25.422858148222595 ] ] } },
{ "type": "Feature", "properties": { "length_m": 6.9999999992157136, "length_ok": true, "above_tolerance": false, "segment_id": 351, "node_degree": 3, "center_offset_m": 17.0, "used_fallback": true, "box_id": 1, "provider": "protomaps" }, "geometry": { "type": "LineString", "coordinates": [ [ -49.250148672866679, -25.422807524115697 ], [ -49.250147402562561, -25.422798116100331 ], [ -49.250144438520216, -25.422776164064423 ], [ -49.250141474478696, -25.42275421202844 ], [ -49.250140204175445, -25.422744804013007 ] ] } },
{ "type": "Feature", "properties": { "length_m": 7.0000000001704272, "length_ok": true, "above_tolerance": true, "segment_id": 352, "node_degree": 3, "center_offset_m": 17.0, "used_fallback": true, "box_id": 1, "provider": "protomaps" }, "geometry": { "type": "LineString", "coordinates": [ [ -49.24988986268523, -25.422028210106397 ], [ -49.249879449556033, -25.42202885473063 ], [ -49.249855152254312, -25.422030358850964 ], [ -49.249830854952243, -25.422031862967241 ], [ -49.249820441822678, -25.422032507587264 ] ] } },
{ "type": "Feature", "properties": { "length_m": 7.0000000001704272, "length_ok": true, "above_tolerance": true, "segment_id": 352, "node_degree": 3, "center_offset_m": 17.0, "used_fallback": true, "box_id": 1, "provider": "protomaps" }, "geometry": { "type": "LineString", "coordinates": [ [ -49.249879985271384, -25.421896621218657 ], [ -49.249869572153528, -25.421897265842802 ], [ -49.249845274878297, -25.421898769962919 ], [ -49.249820977602717, -25.421900274078986 ], [ -49.249810564484513, -25.42190091869891 ] ] } },
{ "type": "Feature", "properties": { "length_m": 5.0000003830882278, "length_ok": true, "above_tolerance": false, "segment_id": 353, "node_degree": 3, "center_offset_m": 7.0, "used_fallback": false, "box_id": 1, "provider": "protomaps" }, "geometry": { "type": "LineString", "coordinates": [ [ -49.246837920790782, -25.423012785521461 ], [ -49.246845317854707, -25.423011941219688 ], [ -49.246862577670221, -25.423009971180747 ], [ -49.246879837485302, -25.423008001139753 ], [ -49.246887234548772, -25.423007156835826 ] ] } }
]
}
