{
"type": "FeatureCollection",
"name": "curitiba_1km_protomaps_sidewalk_kerbs",
"crs": { "type": "name", "properties": { "name": "urn:ogc:def:crs:OGC:1.3:CRS84" } },
"features": [
{ "type": "Feature", "properties": { "box_id": 1, "provider": "protomaps" }, "geometry": { "type": "Point", "coordinates": [ -49.297836474677673, -25.43491435398326 ] } },
{ "type": "Feature", "properties": { "box_id": 1, "provider": "protomaps" }, "geometry": { "type": "Point", "coordinates": [ -49.297880935706885, -25.43493242891817 ] } },
{ "type": "Feature", "properties": { "box_id": 1, "provider": "protomaps" }, "geometry": { "type": "Point", "coordinates": [ -49.297817212580895, -25.434976617833733 ] } },
{ "type": "Feature", "properties": { "box_id": 1, "provider": "protomaps" }, "geometry": { "type": "Point", "coordinates": [ -49.29784261889256, -25.434986946373211 ] } },
{ "type": "Feature", "properties": { "box_id": 1, "provider": "protomaps" }, "geometry": { "type": "Point", "coordinates": [ -49.297483329256117, -25.435653793593112 ] } },
{ "type": "Feature", "properties": { "box_id": 1, "provider": "protomaps" }, "geometry": { "type": "Point", "coordinates": [ -49.297508735674214, -25.435664122195305 ] } },
{ "type": "Feature", "properties": { "box_id": 1, "provider": "protomaps" }, "geometry": { "type": "Point", "coordinates": [ -49.297378335299086, -25.435843542116643 ] } },
{ "type": "Feature", "properties": { "box_id": 1, "provider": "protomaps" }, "geometry": { "type": "Point", "coordinates": [ -49.297422796584009, -25.435861617201866 ] } },
{ "type": "Feature", "properties": { "box_id": 1, "provider": "protomaps" }, "geometry": { "type": "Point", "coordinates": [ -49.29730413964645, -25.435994022505504 ] } },
{ "type": "Feature", "properties": { "box_id": 1, "provider": "protomaps" }, "geometry": { "type": "Point", "coordinates": [ -49.297348600972754, -25.436012097615137 ] } },
{ "type": "Feature", "properties": { "box_id": 1, "provider": "protomaps" }, "geometry": { "type": "Point", "coordinates": [ -49.297170079341932, -25.436265916648647 ] } },
{ "type": "Feature", "properties": { "box_id": 1, "provider": "protomaps" }, "geometry": { "type": "Point", "coordinates": [ -49.29721454074302, -25.436283991802348 ] } },
{ "type": "Feature", "properties": { "box_id": 1, "provider": "protomaps" }, "geometry": { "type": "Point", "coordinates": [ -49.296943641876958, -25.436725162063432 ] } },
{ "type": "Feature", "properties": { "box_id": 1, "provider": "protomaps" }, "geometry": { "type": "Point", "coordinates": [ -49.29698810340436, -25.436743237291576 ] } },
{ "type": "Feature", "properties": { "box_id": 1, "provider": "protomaps" }, "geometry": { "type": "Point", "coordinates": [ -49.29681041612556, -25.436997537540087 ] } },
{ "type": "Feature", "properties": { "box_id": 1, "provider": "protomaps" }, "geometry": { "type": "Point", "coordinates": [ -49.296854995813604, -25.437015371390689 ] } },
{ "type": "Feature", "properties": { "box_id": 1, "provider": "protomaps" }, "geometry": { "type": "Point", "coordinates": [ -49.296028359667524, -25.437156989557181 ] } },
{ "type": "Feature", "properties": { "box_id": 1, "provider": "protomaps" }, "geometry": { "type": "Point", "coordinates": [ -49.296012951961657, -25.437115026656659 ] } },
{ "type": "Feature", "properties": { "box_id": 1, "provider": "protomaps" }, "geometry": { "type": "Point", "coordinates": [ -49.296283662668998, -25.437079699936252 ] } },
{ "type": "Feature", "properties": { "box_id": 1, "provider": "protomaps" }, "geometry": { "type": "Point", "coordinates": [ -49.296268254881078, -25.437037737058045 ] } },
{ "type": "Feature", "properties": { "box_id": 1, "provider": "protomaps" }, "geometry": { "type": "Point", "coordinates": [ -49.296750929025542, -25.436938239769674 ] } },
{ "type": "Feature", "properties": { "box_id": 1, "provider": "protomaps" }, "geometry": { "type": "Point", "coordinates": [ -49.296735521087513, -25.436896276932323 ] } },
{ "type": "Feature", "properties": { "box_id": 1, "provider": "protomaps" }, "geometry": { "type": "Point", "coordinates": [ -49.295753241148127, -25.436281948546402 ] } },
{ "type": "Feature", "properties": { "box_id": 1, "provider": "protomaps" }, "geometry": { "type": "Point", "coordinates": [ -49.295794712687112, -25.436258741890207 ] } },
{ "type": "Feature", "properties": { "box_id": 1, "provider": "protomaps" }, "geometry": { "type": "Point", "coordinates": [ -49.295755279633973, -25.436284952152146 ] } },
{ "type": "Feature", "properties": { "box_id": 1, "provider": "protomaps" }, "geometry": { "type": "Point", "coordinates": [ -49.295796751173668, -25.436261745495411 ] } },
{ "type": "Feature", "properties": { "box_id": 1, "provider": "protomaps" }, "geometry": { "type": "Point", "coordinates": [ -49.295857482130323, -25.436494774753001 ] } },
{ "type": "Feature", "properties": { "box_id": 1, "provider": "protomaps" }, "geometry": { "type": "Point", "coordinates": [ -49.295903429324206, -25.43648007919068 ] } },
{ "type": "Feature", "properties": { "box_id": 1, "provider": "protomaps" }, "geometry": { "type": "Point", "coordinates": [ -49.296042870068106, -25.436972687652883 ] } },
{ "type": "Feature", "properties": { "box_id": 1, "provider": "protomaps" }, "geometry": { "type": "Point", "coordinates": [ -49.296088817428149, -25.436957992041638 ] } },
{ "type": "Feature", "properties": { "box_id": 1, "provider": "protomaps" }, "geometry": { "type": "Point", "coordinates": [ -49.296097690927652, -25.437114010033412 ] } },
{ "type": "Feature", "properties": { "box_id": 1, "provider": "protomaps" }, "geometry": { "type": "Point", "coordinates": [ -49.296143638336851, -25.437099314407746 ] } },
{ "type": "Feature", "properties": { "box_id": 1, "provider": "protomaps" }, "geometry": { "type": "Point", "coordinates": [ -49.292686270887621, -25.436663332242066 ] } },
{ "type": "Feature", "properties": { "box_id": 1, "provider": "protomaps" }, "geometry": { "type": "Point", "coordinates": [ -49.292666853688438, -25.436703900111649 ] } },
{ "type": "Feature", "properties": { "box_id": 1, "provider": "protomaps" }, "geometry": { "type": "Point", "coordinates": [ -49.292385384671228, -25.436544590694183 ] } },
{ "type": "Feature", "properties": { "box_id": 1, "provider": "protomaps" }, "geometry": { "type": "Point", "coordinates": [ -49.292365967395227, -25.436585158520383 ] } },
{ "type": "Feature", "properties": { "box_id": 1, "provider": "protomaps" }, "geometry": { "type": "Point", "coordinates": [ -49.291222505904472, -25.43608566511185 ] } },
{ "type": "Feature", "properties": { "box_id": 1, "provider": "protomaps" }, "geometry": { "type": "Point", "coordinates": [ -49.291203088331613, -25.436126232770334 ] } },
{ "type": "Feature", "properties": { "box_id": 1, "provider": "protomaps" }, "geometry": { "type": "Point", "coordinates": [ -49.297040615154472, -25.436948268532422 ] } },
{ "type": "Feature", "properties": { "box_id": 1, "provider": "protomaps" }, "geometry": { "type": "Point", "coordinates": [ -49.297059497136466, -25.436907492786201 ] } },
{ "type": "Feature", "properties": { "box_id": 1, "provider": "protomaps" }, "geometry": { "type": "Point", "coordinates": [ -49.293845474042158, -25.428728930987486 ] } },
{ "type": "Feature", "properties": { "box_id": 1, "provider": "protomaps" }, "geometry": { "type": "Point", "coordinates": [ -49.293871146707858, -25.428738698423654 ] } },
{ "type": "Feature", "properties": { "box_id": 1, "provider": "protomaps" }, "geometry": { "type": "Point", "coordinates": [ -49.293808454337615, -25.42878463906634 ] } },
{ "type": "Feature", "properties": { "box_id": 1, "provider": "protomaps" }, "geometry": { "type": "Point", "coordinates": [ -49.293853381519511, -25.428801732089223 ] } },
{ "type": "Feature", "properties": { "box_id": 1, "provider": "protomaps" }, "geometry": { "type": "Point", "coordinates": [ -49.297890071219406, -25.430980744509689 ] } },
{ "type": "Feature", "properties": { "box_id": 1, "provider": "protomaps" }, "geometry": { "type": "Point", "coordinates": [ -49.297935189570559, -25.430997419163038 ] } },
{ "type": "Feature", "properties": { "box_id": 1, "provider": "protomaps" }, "geometry": { "type": "Point", "coordinates": [ -49.297873424193327, -25.431043031365792 ] } },
{ "type": "Feature", "properties": { "box_id": 1, "provider": "protomaps" }, "geometry": { "type": "Point", "coordinates": [ -49.297899206118835, -25.431052559742632 ] } },
{ "type": "Feature", "properties": { "box_id": 1, "provider": "protomaps" }, "geometry": { "type": "Point", "coordinates": [ -49.297420993133507, -25.436172613896105 ] } },
{ "type": "Feature", "properties": { "box_id": 1, "provider": "protomaps" }, "geometry": { "type": "Point", "coordinates": [ -49.297403264805723, -25.436213814414444 ] } },
{ "type": "Feature", "properties": { "box_id": 1, "provider": "protomaps" }, "geometry": { "type": "Point", "coordinates": [ -49.297267673843322, -25.436118218669225 ] } },
{ "type": "Feature", "properties": { "box_id": 1, "provider": "protomaps" }, "geometry": { "type": "Point", "coordinates": [ -49.297249945476501, -25.436159419168096 ] } },
{ "type": "Feature", "properties": { "box_id": 1, "provider": "protomaps" }, "geometry": { "type": "Point", "coordinates": [ -49.297987564986173, -25.435920281212919 ] } },
{ "type": "Feature", "properties": { "box_id": 1, "provider": "protomaps" }, "geometry": { "type": "Point", "coordinates": [ -49.298030772657384, -25.43594070983967 ] } },
{ "type": "Feature", "properties": { "box_id": 1, "provider": "protomaps" }, "geometry": { "type": "Point", "coordinates": [ -49.297911703787953, -25.436052575388644 ] } },
{ "type": "Feature", "properties": { "box_id": 1, "provider": "protomaps" }, "geometry": { "type": "Point", "coordinates": [ -49.297954911491395, -25.436073004038089 ] } },
{ "type": "Feature", "properties": { "box_id": 1, "provider": "protomaps" }, "geometry": { "type": "Point", "coordinates": [ -49.293170678244422, -25.434968788907891 ] } },
{ "type": "Feature", "properties": { "box_id": 1, "provider": "protomaps" }, "geometry": { "type": "Point", "coordinates": [ -49.293122026180754, -25.434966568221601 ] } },
{ "type": "Feature", "properties": { "box_id": 1, "provider": "protomaps" }, "geometry": { "type": "Point", "coordinates": [ -49.293170784471023, -25.43496686999196 ] } },
{ "type": "Feature", "properties": { "box_id": 1, "provider": "protomaps" }, "geometry": { "type": "Point", "coordinates": [ -49.293122132408115, -25.434964649305751 ] } },
{ "type": "Feature", "properties": { "box_id": 1, "provider": "protomaps" }, "geometry": { "type": "Point", "coordinates": [ -49.29317341209687, -25.43491941045021 ] } },
{ "type": "Feature", "properties": { "box_id": 1, "provider": "protomaps" }, "geometry": { "type": "Point", "coordinates": [ -49.293124761922591, -25.434917156244616 ] } },
{ "type": "Feature", "properties": { "box_id": 1, "provider": "protomaps" }, "geometry": { "type": "Point", "coordinates": [ -49.29342373738281, -25.435032046823146 ] } },
{ "type": "Feature", "properties": { "box_id": 1, "provider": "protomaps" }, "geometry": { "type": "Point", "coordinates": [ -49.293407526051645, -25.435073759215868 ] } },
{ "type": "Feature", "properties": { "box_id": 1, "provider": "protomaps" }, "geometry": { "type": "Point", "coordinates": [ -49.293353003009734, -25.435019431556217 ] } },
{ "type": "Feature", "properties": { "box_id": 1, "provider": "protomaps" }, "geometry": { "type": "Point", "coordinates": [ -49.293343739380809, -25.435043267204406 ] } },
{ "type": "Feature", "properties": { "box_id": 1, "provider": "protomaps" }, "geometry": { "type": "Point", "coordinates": [ -49.293281943364079, -25.434977294936893 ] } },
{ "type": "Feature", "properties": { "box_id": 1, "provider": "protomaps" }, "geometry": { "type": "Point", "coordinates": [ -49.293267168004355, -25.435015312411437 ] } },
{ "type": "Feature", "properties": { "box_id": 1, "provider": "protomaps" }, "geometry": { "type": "Point", "coordinates": [ -49.293087537353209, -25.435054029623124 ] } },
{ "type": "Feature", "properties": { "box_id": 1, "provider": "protomaps" }, "geometry": { "type": "Point", "coordinates": [ -49.293108523542962, -25.435070635506339 ] } },
{ "type": "Feature", "properties": { "box_id": 1, "provider": "protomaps" }, "geometry": { "type": "Point", "coordinates": [ -49.293096990394332, -25.434801151150157 ] } },
{ "type": "Feature", "properties": { "box_id": 1, "provider": "protomaps" }, "geometry": { "type": "Point", "coordinates": [ -49.293121766979233, -25.434839235950989 ] } },
{ "type": "Feature", "properties": { "box_id": 1, "provider": "protomaps" }, "geometry": { "type": "Point", "coordinates": [ -49.293193195257956, -25.434964085975764 ] } },
{ "type": "Feature", "properties": { "box_id": 1, "provider": "protomaps" }, "geometry": { "type": "Point", "coordinates": [ -49.293215377959207, -25.434924704675137 ] } },
{ "type": "Feature", "properties": { "box_id": 1, "provider": "protomaps" }, "geometry": { "type": "Point", "coordinates": [ -49.290230955385596, -25.43401024824059 ] } },
{ "type": "Feature", "properties": { "box_id": 1, "provider": "protomaps" }, "geometry": { "type": "Point", "coordinates": [ -49.290276272664997, -25.434026474187633 ] } },
{ "type": "Feature", "properties": { "box_id": 1, "provider": "protomaps" }, "geometry": { "type": "Point", "coordinates": [ -49.290170723612185, -25.434148953400051 ] } },
{ "type": "Feature", "properties": { "box_id": 1, "provider": "protomaps" }, "geometry": { "type": "Point", "coordinates": [ -49.290216040933849, -25.434165179365969 ] } },
{ "type": "Feature", "properties": { "box_id": 1, "provider": "protomaps" }, "geometry": { "type": "Point", "coordinates": [ -49.291449516785789, -25.434269927298661 ] } },
{ "type": "Feature", "properties": { "box_id": 1, "provider": "protomaps" }, "geometry": { "type": "Point", "coordinates": [ -49.29141583615246, -25.434237970041366 ] } },
{ "type": "Feature", "properties": { "box_id": 1, "provider": "protomaps" }, "geometry": { "type": "Point", "coordinates": [ -49.291495134573587, -25.434221508550127 ] } },
{ "type": "Feature", "properties": { "box_id": 1, "provider": "protomaps" }, "geometry": { "type": "Point", "coordinates": [ -49.291470999936756, -25.434198608845289 ] } },
{ "type": "Feature", "properties": { "box_id": 1, "provider": "protomaps" }, "geometry": { "type": "Point", "coordinates": [ -49.297173067902456, -25.433239595238089 ] } },
{ "type": "Feature", "properties": { "box_id": 1, "provider": "protomaps" }, "geometry": { "type": "Point", "coordinates": [ -49.297198481566738, -25.43324990809651 ] } },
{ "type": "Feature", "properties": { "box_id": 1, "provider": "protomaps" }, "geometry": { "type": "Point", "coordinates": [ -49.297134631270673, -25.433294463738683 ] } },
{ "type": "Feature", "properties": { "box_id": 1, "provider": "protomaps" }, "geometry": { "type": "Point", "coordinates": [ -49.297179105199142, -25.433312511250811 ] } },
{ "type": "Feature", "properties": { "box_id": 1, "provider": "protomaps" }, "geometry": { "type": "Point", "coordinates": [ -49.298804201338562, -25.432860688897108 ] } },
{ "type": "Feature", "properties": { "box_id": 1, "provider": "protomaps" }, "geometry": { "type": "Point", "coordinates": [ -49.298823446695295, -25.432820053660599 ] } },
{ "type": "Feature", "properties": { "box_id": 1, "provider": "protomaps" }, "geometry": { "type": "Point", "coordinates": [ -49.298901458412402, -25.43289866990111 ] } },
{ "type": "Feature", "properties": { "box_id": 1, "provider": "protomaps" }, "geometry": { "type": "Point", "coordinates": [ -49.298920703744123, -25.432858034650682 ] } },
{ "type": "Feature", "properties": { "box_id": 1, "provider": "protomaps" }, "geometry": { "type": "Point", "coordinates": [ -49.298881438936235, -25.432940118535168 ] } },
{ "type": "Feature", "properties": { "box_id": 1, "provider": "protomaps" }, "geometry": { "type": "Point", "coordinates": [ -49.298862623597884, -25.432980919496998 ] } },
{ "type": "Feature", "properties": { "box_id": 1, "provider": "protomaps" }, "geometry": { "type": "Point", "coordinates": [ -49.298781553567792, -25.432902137599157 ] } },
{ "type": "Feature", "properties": { "box_id": 1, "provider": "protomaps" }, "geometry": { "type": "Point", "coordinates": [ -49.298762738203251, -25.432942938546944 ] } },
{ "type": "Feature", "properties": { "box_id": 1, "provider": "protomaps" }, "geometry": { "type": "Point", "coordinates": [ -49.29884358275698, -25.432778368308021 ] } },
{ "type": "Feature", "properties": { "box_id": 1, "provider": "protomaps" }, "geometry": { "type": "Point", "coordinates": [ -49.298862398253291, -25.43273756741754 ] } },
{ "type": "Feature", "properties": { "box_id": 1, "provider": "protomaps" }, "geometry": { "type": "Point", "coordinates": [ -49.298943468041635, -25.432816349640497 ] } },
{ "type": "Feature", "properties": { "box_id": 1, "provider": "protomaps" }, "geometry": { "type": "Point", "coordinates": [ -49.298962283511756, -25.432775548735979 ] } },
{ "type": "Feature", "properties": { "box_id": 1, "provider": "protomaps" }, "geometry": { "type": "Point", "coordinates": [ -49.298482965376969, -25.432663937459488 ] } },
{ "type": "Feature", "properties": { "box_id": 1, "provider": "protomaps" }, "geometry": { "type": "Point", "coordinates": [ -49.29852797296045, -25.432680858548423 ] } },
{ "type": "Feature", "properties": { "box_id": 1, "provider": "protomaps" }, "geometry": { "type": "Point", "coordinates": [ -49.298446178129076, -25.432744619697878 ] } },
{ "type": "Feature", "properties": { "box_id": 1, "provider": "protomaps" }, "geometry": { "type": "Point", "coordinates": [ -49.298491185735998, -25.432761540799198 ] } },
{ "type": "Feature", "properties": { "box_id": 1, "provider": "protomaps" }, "geometry": { "type": "Point", "coordinates": [ -49.298445413519282, -25.432746296648009 ] } },
{ "type": "Feature", "properties": { "box_id": 1, "provider": "protomaps" }, "geometry": { "type": "Point", "coordinates": [ -49.298490421126694, -25.432763217749581 ] } },
{ "type": "Feature", "properties": { "box_id": 1, "provider": "protomaps" }, "geometry": { "type": "Point", "coordinates": [ -49.298426667965572, -25.43278740957394 ] } },
{ "type": "Feature", "properties": { "box_id": 1, "provider": "protomaps" }, "geometry": { "type": "Point", "coordinates": [ -49.298471675587827, -25.432804330675474 ] } },
{ "type": "Feature", "properties": { "box_id": 1, "provider": "protomaps" }, "geometry": { "type": "Point", "coordinates": [ -49.298576104935776, -25.43383401459938 ] } },
{ "type": "Feature", "properties": { "box_id": 1, "provider": "protomaps" }, "geometry": { "type": "Point", "coordinates": [ -49.298556812257416, -25.43387463138167 ] } },
{ "type": "Feature", "properties": { "box_id": 1, "provider": "protomaps" }, "geometry": { "type": "Point", "coordinates": [ -49.298357450008751, -25.433758700143759 ] } },
{ "type": "Feature", "properties": { "box_id": 1, "provider": "protomaps" }, "geometry": { "type": "Point", "coordinates": [ -49.298346425589649, -25.433781909716064 ] } },
{ "type": "Feature", "properties": { "box_id": 1, "provider": "protomaps" }, "geometry": { "type": "Point", "coordinates": [ -49.297226793402608, -25.433315866306998 ] } },
{ "type": "Feature", "properties": { "box_id": 1, "provider": "protomaps" }, "geometry": { "type": "Point", "coordinates": [ -49.297215768817658, -25.433339075786645 ] } },
{ "type": "Feature", "properties": { "box_id": 1, "provider": "protomaps" }, "geometry": { "type": "Point", "coordinates": [ -49.297098994921441, -25.433265811918243 ] } },
{ "type": "Feature", "properties": { "box_id": 1, "provider": "protomaps" }, "geometry": { "type": "Point", "coordinates": [ -49.297087970317754, -25.433289021387424 ] } },
{ "type": "Feature", "properties": { "box_id": 1, "provider": "protomaps" }, "geometry": { "type": "Point", "coordinates": [ -49.296132188753568, -25.432887141441917 ] } },
{ "type": "Feature", "properties": { "box_id": 1, "provider": "protomaps" }, "geometry": { "type": "Point", "coordinates": [ -49.296121164008078, -25.432910350831872 ] } },
{ "type": "Feature", "properties": { "box_id": 1, "provider": "protomaps" }, "geometry": { "type": "Point", "coordinates": [ -49.296004467441371, -25.432836986692923 ] } },
{ "type": "Feature", "properties": { "box_id": 1, "provider": "protomaps" }, "geometry": { "type": "Point", "coordinates": [ -49.295993394066578, -25.432860176982931 ] } },
{ "type": "Feature", "properties": { "box_id": 1, "provider": "protomaps" }, "geometry": { "type": "Point", "coordinates": [ -49.29497196917189, -25.432430458328167 ] } },
{ "type": "Feature", "properties": { "box_id": 1, "provider": "protomaps" }, "geometry": { "type": "Point", "coordinates": [ -49.294960895646241, -25.432453648533251 ] } },
{ "type": "Feature", "properties": { "box_id": 1, "provider": "protomaps" }, "geometry": { "type": "Point", "coordinates": [ -49.294844277771247, -25.432380181363133 ] } },
{ "type": "Feature", "properties": { "box_id": 1, "provider": "protomaps" }, "geometry": { "type": "Point", "coordinates": [ -49.294833204226933, -25.432403371557712 ] } },
{ "type": "Feature", "properties": { "box_id": 1, "provider": "protomaps" }, "geometry": { "type": "Point", "coordinates": [ -49.293869613409143, -25.431996413964288 ] } },
{ "type": "Feature", "properties": { "box_id": 1, "provider": "protomaps" }, "geometry": { "type": "Point", "coordinates": [ -49.293858539722443, -25.43201960407869 ] } },
{ "type": "Feature", "properties": { "box_id": 1, "provider": "protomaps" }, "geometry": { "type": "Point", "coordinates": [ -49.293741922972821, -25.431946136084917 ] } },
{ "type": "Feature", "properties": { "box_id": 1, "provider": "protomaps" }, "geometry": { "type": "Point", "coordinates": [ -49.293730849267455, -25.431969326188813 ] } },
{ "type": "Feature", "properties": { "box_id": 1, "provider": "protomaps" }, "geometry": { "type": "Point", "coordinates": [ -49.29268722109866, -25.431530843389012 ] } },
{ "type": "Feature", "properties": { "box_id": 1, "provider": "protomaps" }, "geometry": { "type": "Point", "coordinates": [ -49.292676147239213, -25.431554033406144 ] } },
{ "type": "Feature", "properties": { "box_id": 1, "provider": "protomaps" }, "geometry": { "type": "Point", "coordinates": [ -49.292559531696703, -25.431480564528975 ] } },
{ "type": "Feature", "properties": { "box_id": 1, "provider": "protomaps" }, "geometry": { "type": "Point", "coordinates": [ -49.292548457818604, -25.431503754535612 ] } },
{ "type": "Feature", "properties": { "box_id": 1, "provider": "protomaps" }, "geometry": { "type": "Point", "coordinates": [ -49.291782433593966, -25.431174571871757 ] } },
{ "type": "Feature", "properties": { "box_id": 1, "provider": "protomaps" }, "geometry": { "type": "Point", "coordinates": [ -49.29177135960235, -25.431197761814445 ] } },
{ "type": "Feature", "properties": { "box_id": 1, "provider": "protomaps" }, "geometry": { "type": "Point", "coordinates": [ -49.291654462845244, -25.431124883083399 ] } },
{ "type": "Feature", "properties": { "box_id": 1, "provider": "protomaps" }, "geometry": { "type": "Point", "coordinates": [ -49.291642072188885, -25.431150830185025 ] } },
{ "type": "Feature", "properties": { "box_id": 1, "provider": "protomaps" }, "geometry": { "type": "Point", "coordinates": [ -49.290661242261173, -25.430733078170903 ] } },
{ "type": "Feature", "properties": { "box_id": 1, "provider": "protomaps" }, "geometry": { "type": "Point", "coordinates": [ -49.290650168105785, -25.430756268021351 ] } },
{ "type": "Feature", "properties": { "box_id": 1, "provider": "protomaps" }, "geometry": { "type": "Point", "coordinates": [ -49.290451062336949, -25.430639982444777 ] } },
{ "type": "Feature", "properties": { "box_id": 1, "provider": "protomaps" }, "geometry": { "type": "Point", "coordinates": [ -49.290431682510238, -25.430680564652185 ] } },
{ "type": "Feature", "properties": { "box_id": 1, "provider": "protomaps" }, "geometry": { "type": "Point", "coordinates": [ -49.289573594923972, -25.430294450606272 ] } },
{ "type": "Feature", "properties": { "box_id": 1, "provider": "protomaps" }, "geometry": { "type": "Point", "coordinates": [ -49.289554214872979, -25.430335032687328 ] } },
{ "type": "Feature", "properties": { "box_id": 1, "provider": "protomaps" }, "geometry": { "type": "Point", "coordinates": [ -49.289369448588246, -25.430214060214336 ] } },
{ "type": "Feature", "properties": { "box_id": 1, "provider": "protomaps" }, "geometry": { "type": "Point", "coordinates": [ -49.289350068485071, -25.430254642265997 ] } },
{ "type": "Feature", "properties": { "box_id": 1, "provider": "protomaps" }, "geometry": { "type": "Point", "coordinates": [ -49.298585065823723, -25.43282544208083 ] } },
{ "type": "Feature", "properties": { "box_id": 1, "provider": "protomaps" }, "geometry": { "type": "Point", "coordinates": [ -49.298565619943496, -25.432865998519532 ] } },
{ "type": "Feature", "properties": { "box_id": 1, "provider": "protomaps" }, "geometry": { "type": "Point", "coordinates": [ -49.298390936044534, -25.432759029308432 ] } },
{ "type": "Feature", "properties": { "box_id": 1, "provider": "protomaps" }, "geometry": { "type": "Point", "coordinates": [ -49.298379824085295, -25.432782204400596 ] } },
{ "type": "Feature", "properties": { "box_id": 1, "provider": "protomaps" }, "geometry": { "type": "Point", "coordinates": [ -49.29553516842644, -25.431619598614656 ] } },
{ "type": "Feature", "properties": { "box_id": 1, "provider": "protomaps" }, "geometry": { "type": "Point", "coordinates": [ -49.295515721768659, -25.43166015461312 ] } },
{ "type": "Feature", "properties": { "box_id": 1, "provider": "protomaps" }, "geometry": { "type": "Point", "coordinates": [ -49.295234382986962, -25.431500671886923 ] } },
{ "type": "Feature", "properties": { "box_id": 1, "provider": "protomaps" }, "geometry": { "type": "Point", "coordinates": [ -49.295214936252499, -25.431541227841954 ] } },
{ "type": "Feature", "properties": { "box_id": 1, "provider": "protomaps" }, "geometry": { "type": "Point", "coordinates": [ -49.293198237792467, -25.430695584117807 ] } },
{ "type": "Feature", "properties": { "box_id": 1, "provider": "protomaps" }, "geometry": { "type": "Point", "coordinates": [ -49.293178790539002, -25.430736139778869 ] } },
{ "type": "Feature", "properties": { "box_id": 1, "provider": "protomaps" }, "geometry": { "type": "Point", "coordinates": [ -49.292897457186989, -25.430576652825255 ] } },
{ "type": "Feature", "properties": { "box_id": 1, "provider": "protomaps" }, "geometry": { "type": "Point", "coordinates": [ -49.292878009856864, -25.430617208442904 ] } },
{ "type": "Feature", "properties": { "box_id": 1, "provider": "protomaps" }, "geometry": { "type": "Point", "coordinates": [ -49.291151620128723, -25.429886317062795 ] } },
{ "type": "Feature", "properties": { "box_id": 1, "provider": "protomaps" }, "geometry": { "type": "Point", "coordinates": [ -49.29113217235367, -25.429926872428346 ] } },
{ "type": "Feature", "properties": { "box_id": 1, "provider": "protomaps" }, "geometry": { "type": "Point", "coordinates": [ -49.290850843756999, -25.429767381772962 ] } },
{ "type": "Feature", "properties": { "box_id": 1, "provider": "protomaps" }, "geometry": { "type": "Point", "coordinates": [ -49.290831395905279, -25.429807937095074 ] } },
{ "type": "Feature", "properties": { "box_id": 1, "provider": "protomaps" }, "geometry": { "type": "Point", "coordinates": [ -49.289985350973303, -25.429425137357228 ] } },
{ "type": "Feature", "properties": { "box_id": 1, "provider": "protomaps" }, "geometry": { "type": "Point", "coordinates": [ -49.289965902901038, -25.429465692554359 ] } },
{ "type": "Feature", "properties": { "box_id": 1, "provider": "protomaps" }, "geometry": { "type": "Point", "coordinates": [ -49.289684577014285, -25.4293061997897 ] } },
{ "type": "Feature", "properties": { "box_id": 1, "provider": "protomaps" }, "geometry": { "type": "Point", "coordinates": [ -49.289665128865387, -25.42934675494342 ] } },
{ "type": "Feature", "properties": { "box_id": 1, "provider": "protomaps" }, "geometry": { "type": "Point", "coordinates": [ -49.289738582472118, -25.429191731300573 ] } },
{ "type": "Feature", "properties": { "box_id": 1, "provider": "protomaps" }, "geometry": { "type": "Point", "coordinates": [ -49.289757973521098, -25.429151153614171 ] } },
{ "type": "Feature", "properties": { "box_id": 1, "provider": "protomaps" }, "geometry": { "type": "Point", "coordinates": [ -49.290039523227705, -25.429310319862772 ] } },
{ "type": "Feature", "properties": { "box_id": 1, "provider": "protomaps" }, "geometry": { "type": "Point", "coordinates": [ -49.290058914199804, -25.429269742133016 ] } },
{ "type": "Feature", "properties": { "box_id": 1, "provider": "protomaps" }, "geometry": { "type": "Point", "coordinates": [ -49.290903433673975, -25.429650747350152 ] } },
{ "type": "Feature", "properties": { "box_id": 1, "provider": "protomaps" }, "geometry": { "type": "Point", "coordinates": [ -49.290922824425387, -25.429610169495945 ] } },
{ "type": "Feature", "properties": { "box_id": 1, "provider": "protomaps" }, "geometry": { "type": "Point", "coordinates": [ -49.291204376832887, -25.429769333635814 ] } },
{ "type": "Feature", "properties": { "box_id": 1, "provider": "protomaps" }, "geometry": { "type": "Point", "coordinates": [ -49.291223767507404, -25.429728755738257 ] } },
{ "type": "Feature", "properties": { "box_id": 1, "provider": "protomaps" }, "geometry": { "type": "Point", "coordinates": [ -49.291959589065222, -25.430066920429869 ] } },
{ "type": "Feature", "properties": { "box_id": 1, "provider": "protomaps" }, "geometry": { "type": "Point", "coordinates": [ -49.291978979546798, -25.430026342423528 ] } },
{ "type": "Feature", "properties": { "box_id": 1, "provider": "protomaps" }, "geometry": { "type": "Point", "coordinates": [ -49.292260534403127, -25.430185504651305 ] } },
{ "type": "Feature", "properties": { "box_id": 1, "provider": "protomaps" }, "geometry": { "type": "Point", "coordinates": [ -49.292279924807808, -25.430144926601617 ] } },
{ "type": "Feature", "properties": { "box_id": 1, "provider": "protomaps" }, "geometry": { "type": "Point", "coordinates": [ -49.292289834923714, -25.430197050156742 ] } },
{ "type": "Feature", "properties": { "box_id": 1, "provider": "protomaps" }, "geometry": { "type": "Point", "coordinates": [ -49.292309225320913, -25.430156472102833 ] } },
{ "type": "Feature", "properties": { "box_id": 1, "provider": "protomaps" }, "geometry": { "type": "Point", "coordinates": [ -49.292590780942952, -25.430315633732707 ] } },
{ "type": "Feature", "properties": { "box_id": 1, "provider": "protomaps" }, "geometry": { "type": "Point", "coordinates": [ -49.292610171263256, -25.430275055635448 ] } },
{ "type": "Feature", "properties": { "box_id": 1, "provider": "protomaps" }, "geometry": { "type": "Point", "coordinates": [ -49.292955174896996, -25.430459216966543 ] } },
{ "type": "Feature", "properties": { "box_id": 1, "provider": "protomaps" }, "geometry": { "type": "Point", "coordinates": [ -49.29297456512419, -25.430418638816803 ] } },
{ "type": "Feature", "properties": { "box_id": 1, "provider": "protomaps" }, "geometry": { "type": "Point", "coordinates": [ -49.293256122288867, -25.430577799242052 ] } },
{ "type": "Feature", "properties": { "box_id": 1, "provider": "protomaps" }, "geometry": { "type": "Point", "coordinates": [ -49.293275512439173, -25.430537221048962 ] } },
{ "type": "Feature", "properties": { "box_id": 1, "provider": "protomaps" }, "geometry": { "type": "Point", "coordinates": [ -49.294148255122117, -25.430929321373242 ] } },
{ "type": "Feature", "properties": { "box_id": 1, "provider": "protomaps" }, "geometry": { "type": "Point", "coordinates": [ -49.29416764504446, -25.430888743051664 ] } },
{ "type": "Feature", "properties": { "box_id": 1, "provider": "protomaps" }, "geometry": { "type": "Point", "coordinates": [ -49.294449204975336, -25.431047901316656 ] } },
{ "type": "Feature", "properties": { "box_id": 1, "provider": "protomaps" }, "geometry": { "type": "Point", "coordinates": [ -49.294468594820771, -25.431007322951739 ] } },
{ "type": "Feature", "properties": { "box_id": 1, "provider": "protomaps" }, "geometry": { "type": "Point", "coordinates": [ -49.295303503462762, -25.431384506566751 ] } },
{ "type": "Feature", "properties": { "box_id": 1, "provider": "protomaps" }, "geometry": { "type": "Point", "coordinates": [ -49.295322893089889, -25.431343928078807 ] } },
{ "type": "Feature", "properties": { "box_id": 1, "provider": "protomaps" }, "geometry": { "type": "Point", "coordinates": [ -49.295604455699191, -25.431503084251908 ] } },
{ "type": "Feature", "properties": { "box_id": 1, "provider": "protomaps" }, "geometry": { "type": "Point", "coordinates": [ -49.295623845249402, -25.431462505720617 ] } },
{ "type": "Feature", "properties": { "box_id": 1, "provider": "protomaps" }, "geometry": { "type": "Point", "coordinates": [ -49.29749515648323, -25.432248017038258 ] } },
{ "type": "Feature", "properties": { "box_id": 1, "provider": "protomaps" }, "geometry": { "type": "Point", "coordinates": [ -49.297514545550229, -25.432207438234713 ] } },
{ "type": "Feature", "properties": { "box_id": 1, "provider": "protomaps" }, "geometry": { "type": "Point", "coordinates": [ -49.2977961132407, -25.43236659043885 ] } },
{ "type": "Feature", "properties": { "box_id": 1, "provider": "protomaps" }, "geometry": { "type": "Point", "coordinates": [ -49.297815502230769, -25.432326011591964 ] } },
{ "type": "Feature", "properties": { "box_id": 1, "provider": "protomaps" }, "geometry": { "type": "Point", "coordinates": [ -49.298961178377873, -25.432637074491641 ] } },
{ "type": "Feature", "properties": { "box_id": 1, "provider": "protomaps" }, "geometry": { "type": "Point", "coordinates": [ -49.299005626087144, -25.432655174781935 ] } },
{ "type": "Feature", "properties": { "box_id": 1, "provider": "protomaps" }, "geometry": { "type": "Point", "coordinates": [ -49.298874104783415, -25.432813383038482 ] } },
{ "type": "Feature", "properties": { "box_id": 1, "provider": "protomaps" }, "geometry": { "type": "Point", "coordinates": [ -49.29891855254111, -25.432831483357393 ] } },
{ "type": "Feature", "properties": { "box_id": 1, "provider": "protomaps" }, "geometry": { "type": "Point", "coordinates": [ -49.298873290414477, -25.432815031987911 ] } },
{ "type": "Feature", "properties": { "box_id": 1, "provider": "protomaps" }, "geometry": { "type": "Point", "coordinates": [ -49.298917738172626, -25.432833132307085 ] } },
{ "type": "Feature", "properties": { "box_id": 1, "provider": "protomaps" }, "geometry": { "type": "Point", "coordinates": [ -49.29883349840879, -25.432895603519245 ] } },
{ "type": "Feature", "properties": { "box_id": 1, "provider": "protomaps" }, "geometry": { "type": "Point", "coordinates": [ -49.298877946189059, -25.43291370385149 ] } },
{ "type": "Feature", "properties": { "box_id": 1, "provider": "protomaps" }, "geometry": { "type": "Point", "coordinates": [ -49.298832688614219, -25.432897243203751 ] } },
{ "type": "Feature", "properties": { "box_id": 1, "provider": "protomaps" }, "geometry": { "type": "Point", "coordinates": [ -49.298877136394943, -25.432915343536262 ] } },
{ "type": "Feature", "properties": { "box_id": 1, "provider": "protomaps" }, "geometry": { "type": "Point", "coordinates": [ -49.298745726727653, -25.433073324666054 ] } },
{ "type": "Feature", "properties": { "box_id": 1, "provider": "protomaps" }, "geometry": { "type": "Point", "coordinates": [ -49.298790174556743, -25.433091425027136 ] } },
{ "type": "Feature", "properties": { "box_id": 1, "provider": "protomaps" }, "geometry": { "type": "Point", "coordinates": [ -49.298460736311789, -25.433650372398276 ] } },
{ "type": "Feature", "properties": { "box_id": 1, "provider": "protomaps" }, "geometry": { "type": "Point", "coordinates": [ -49.298505184299366, -25.43366847285299 ] } },
{ "type": "Feature", "properties": { "box_id": 1, "provider": "protomaps" }, "geometry": { "type": "Point", "coordinates": [ -49.298326490667051, -25.433922190316416 ] } },
{ "type": "Feature", "properties": { "box_id": 1, "provider": "protomaps" }, "geometry": { "type": "Point", "coordinates": [ -49.298370938729285, -25.433940290815237 ] } },
{ "type": "Feature", "properties": { "box_id": 1, "provider": "protomaps" }, "geometry": { "type": "Point", "coordinates": [ -49.29772788220059, -25.429155828337464 ] } },
{ "type": "Feature", "properties": { "box_id": 1, "provider": "protomaps" }, "geometry": { "type": "Point", "coordinates": [ -49.297747339367483, -25.4291152765961 ] } },
{ "type": "Feature", "properties": { "box_id": 1, "provider": "protomaps" }, "geometry": { "type": "Point", "coordinates": [ -49.298028630447227, -25.429274821289837 ] } },
{ "type": "Feature", "properties": { "box_id": 1, "provider": "protomaps" }, "geometry": { "type": "Point", "coordinates": [ -49.298048087537495, -25.429234269505045 ] } },
{ "type": "Feature", "properties": { "box_id": 1, "provider": "protomaps" }, "geometry": { "type": "Point", "coordinates": [ -49.298818693034576, -25.429587410594952 ] } },
{ "type": "Feature", "properties": { "box_id": 1, "provider": "protomaps" }, "geometry": { "type": "Point", "coordinates": [ -49.29883814992354, -25.429546858696085 ] } },
{ "type": "Feature", "properties": { "box_id": 1, "provider": "protomaps" }, "geometry": { "type": "Point", "coordinates": [ -49.299103217130423, -25.429699981519924 ] } },
{ "type": "Feature", "properties": { "box_id": 1, "provider": "protomaps" }, "geometry": { "type": "Point", "coordinates": [ -49.299122673946897, -25.429659429579992 ] } },
{ "type": "Feature", "properties": { "box_id": 1, "provider": "protomaps" }, "geometry": { "type": "Point", "coordinates": [ -49.294369212539792, -25.429246539579374 ] } },
{ "type": "Feature", "properties": { "box_id": 1, "provider": "protomaps" }, "geometry": { "type": "Point", "coordinates": [ -49.294335959020898, -25.429214216688301 ] } },
{ "type": "Feature", "properties": { "box_id": 1, "provider": "protomaps" }, "geometry": { "type": "Point", "coordinates": [ -49.295792668929494, -25.428521902295561 ] } },
{ "type": "Feature", "properties": { "box_id": 1, "provider": "protomaps" }, "geometry": { "type": "Point", "coordinates": [ -49.295766991395112, -25.428484313446017 ] } },
{ "type": "Feature", "properties": { "box_id": 1, "provider": "protomaps" }, "geometry": { "type": "Point", "coordinates": [ -49.296071441037704, -25.428364866339617 ] } },
{ "type": "Feature", "properties": { "box_id": 1, "provider": "protomaps" }, "geometry": { "type": "Point", "coordinates": [ -49.296045763443992, -25.428327277535313 ] } },
{ "type": "Feature", "properties": { "box_id": 1, "provider": "protomaps" }, "geometry": { "type": "Point", "coordinates": [ -49.289788160611636, -25.436954307237766 ] } },
{ "type": "Feature", "properties": { "box_id": 1, "provider": "protomaps" }, "geometry": { "type": "Point", "coordinates": [ -49.289807516737227, -25.436913715356074 ] } },
{ "type": "Feature", "properties": { "box_id": 1, "provider": "protomaps" }, "geometry": { "type": "Point", "coordinates": [ -49.2900707417067, -25.437065407131684 ] } },
{ "type": "Feature", "properties": { "box_id": 1, "provider": "protomaps" }, "geometry": { "type": "Point", "coordinates": [ -49.290090097759979, -25.43702481520932 ] } },
{ "type": "Feature", "properties": { "box_id": 1, "provider": "protomaps" }, "geometry": { "type": "Point", "coordinates": [ -49.293456601205783, -25.432439567555885 ] } },
{ "type": "Feature", "properties": { "box_id": 1, "provider": "protomaps" }, "geometry": { "type": "Point", "coordinates": [ -49.293424461074139, -25.432426571605799 ] } },
{ "type": "Feature", "properties": { "box_id": 1, "provider": "protomaps" }, "geometry": { "type": "Point", "coordinates": [ -49.293341233211315, -25.432479886243023 ] } },
{ "type": "Feature", "properties": { "box_id": 1, "provider": "protomaps" }, "geometry": { "type": "Point", "coordinates": [ -49.293355155957826, -25.432450930449537 ] } },
{ "type": "Feature", "properties": { "box_id": 1, "provider": "protomaps" }, "geometry": { "type": "Point", "coordinates": [ -49.294552087177934, -25.435764224660254 ] } },
{ "type": "Feature", "properties": { "box_id": 1, "provider": "protomaps" }, "geometry": { "type": "Point", "coordinates": [ -49.294562851884713, -25.435740914768182 ] } },
{ "type": "Feature", "properties": { "box_id": 1, "provider": "protomaps" }, "geometry": { "type": "Point", "coordinates": [ -49.29476350205163, -25.435855003285724 ] } },
{ "type": "Feature", "properties": { "box_id": 1, "provider": "protomaps" }, "geometry": { "type": "Point", "coordinates": [ -49.294782340232118, -25.435814210944297 ] } },
{ "type": "Feature", "properties": { "box_id": 1, "provider": "protomaps" }, "geometry": { "type": "Point", "coordinates": [ -49.295562117864073, -25.436159088181821 ] } },
{ "type": "Feature", "properties": { "box_id": 1, "provider": "protomaps" }, "geometry": { "type": "Point", "coordinates": [ -49.295580955835554, -25.4361182957281 ] } },
{ "type": "Feature", "properties": { "box_id": 1, "provider": "protomaps" }, "geometry": { "type": "Point", "coordinates": [ -49.295713992022634, -25.436216915883445 ] } },
{ "type": "Feature", "properties": { "box_id": 1, "provider": "protomaps" }, "geometry": { "type": "Point", "coordinates": [ -49.295732829953167, -25.436176123407893 ] } },
{ "type": "Feature", "properties": { "box_id": 1, "provider": "protomaps" }, "geometry": { "type": "Point", "coordinates": [ -49.295714016455925, -25.436216925186653 ] } },
{ "type": "Feature", "properties": { "box_id": 1, "provider": "protomaps" }, "geometry": { "type": "Point", "coordinates": [ -49.295732854386458, -25.436176132711108 ] } },
{ "type": "Feature", "properties": { "box_id": 1, "provider": "protomaps" }, "geometry": { "type": "Point", "coordinates": [ -49.293566092204735, -25.428690239550892 ] } },
{ "type": "Feature", "properties": { "box_id": 1, "provider": "protomaps" }, "geometry": { "type": "Point", "coordinates": [ -49.293547278171459, -25.428731040671885 ] } },
{ "type": "Feature", "properties": { "box_id": 1, "provider": "protomaps" }, "geometry": { "type": "Point", "coordinates": [ -49.294248020616259, -25.428938837289252 ] } },
{ "type": "Feature", "properties": { "box_id": 1, "provider": "protomaps" }, "geometry": { "type": "Point", "coordinates": [ -49.294227955948053, -25.428979144093041 ] } },
{ "type": "Feature", "properties": { "box_id": 1, "provider": "protomaps" }, "geometry": { "type": "Point", "coordinates": [ -49.294098457412623, -25.428877442736447 ] } },
{ "type": "Feature", "properties": { "box_id": 1, "provider": "protomaps" }, "geometry": { "type": "Point", "coordinates": [ -49.294078392710567, -25.428917749519393 ] } },
{ "type": "Feature", "properties": { "box_id": 1, "provider": "protomaps" }, "geometry": { "type": "Point", "coordinates": [ -49.293990917604802, -25.428833298336652 ] } },
{ "type": "Feature", "properties": { "box_id": 1, "provider": "protomaps" }, "geometry": { "type": "Point", "coordinates": [ -49.2939708528761, -25.428873605103661 ] } },
{ "type": "Feature", "properties": { "box_id": 1, "provider": "protomaps" }, "geometry": { "type": "Point", "coordinates": [ -49.293780493048033, -25.428746920094184 ] } },
{ "type": "Feature", "properties": { "box_id": 1, "provider": "protomaps" }, "geometry": { "type": "Point", "coordinates": [ -49.293760428267191, -25.428787226830007 ] } },
{ "type": "Feature", "properties": { "box_id": 1, "provider": "protomaps" }, "geometry": { "type": "Point", "coordinates": [ -49.293778004906812, -25.428745898721989 ] } },
{ "type": "Feature", "properties": { "box_id": 1, "provider": "protomaps" }, "geometry": { "type": "Point", "coordinates": [ -49.293757940125353, -25.428786205457445 ] } },
{ "type": "Feature", "properties": { "box_id": 1, "provider": "protomaps" }, "geometry": { "type": "Point", "coordinates": [ -49.293783935261345, -25.428607626683732 ] } },
{ "type": "Feature", "properties": { "box_id": 1, "provider": "protomaps" }, "geometry": { "type": "Point", "coordinates": [ -49.293737931455446, -25.428593085808245 ] } },
{ "type": "Feature", "properties": { "box_id": 1, "provider": "protomaps" }, "geometry": { "type": "Point", "coordinates": [ -49.294110131970072, -25.428176753482706 ] } },
{ "type": "Feature", "properties": { "box_id": 1, "provider": "protomaps" }, "geometry": { "type": "Point", "coordinates": [ -49.294128591220712, -25.428135818964829 ] } },
{ "type": "Feature", "properties": { "box_id": 1, "provider": "protomaps" }, "geometry": { "type": "Point", "coordinates": [ -49.29421987531051, -25.42821756273959 ] } },
{ "type": "Feature", "properties": { "box_id": 1, "provider": "protomaps" }, "geometry": { "type": "Point", "coordinates": [ -49.294238334532238, -25.428176628206625 ] } },
{ "type": "Feature", "properties": { "box_id": 1, "provider": "protomaps" }, "geometry": { "type": "Point", "coordinates": [ -49.296988376349695, -25.428675448090797 ] } },
{ "type": "Feature", "properties": { "box_id": 1, "provider": "protomaps" }, "geometry": { "type": "Point", "coordinates": [ -49.297031719545686, -25.42869563400351 ] } },
{ "type": "Feature", "properties": { "box_id": 1, "provider": "protomaps" }, "geometry": { "type": "Point", "coordinates": [ -49.29689105501572, -25.428868537563844 ] } },
{ "type": "Feature", "properties": { "box_id": 1, "provider": "protomaps" }, "geometry": { "type": "Point", "coordinates": [ -49.296915822582498, -25.428880072390267 ] } },
{ "type": "Feature", "properties": { "box_id": 1, "provider": "protomaps" }, "geometry": { "type": "Point", "coordinates": [ -49.296136572947951, -25.430204415484429 ] } },
{ "type": "Feature", "properties": { "box_id": 1, "provider": "protomaps" }, "geometry": { "type": "Point", "coordinates": [ -49.296161340700216, -25.430215950446492 ] } },
{ "type": "Feature", "properties": { "box_id": 1, "provider": "protomaps" }, "geometry": { "type": "Point", "coordinates": [ -49.29607305948462, -25.430316870120031 ] } },
{ "type": "Feature", "properties": { "box_id": 1, "provider": "protomaps" }, "geometry": { "type": "Point", "coordinates": [ -49.296097827252495, -25.430328405093512 ] } },
{ "type": "Feature", "properties": { "box_id": 1, "provider": "protomaps" }, "geometry": { "type": "Point", "coordinates": [ -49.29548304768776, -25.43136151154426 ] } },
{ "type": "Feature", "properties": { "box_id": 1, "provider": "protomaps" }, "geometry": { "type": "Point", "coordinates": [ -49.295507815600679, -25.431373046623825 ] } },
{ "type": "Feature", "properties": { "box_id": 1, "provider": "protomaps" }, "geometry": { "type": "Point", "coordinates": [ -49.295420009389055, -25.431452352082967 ] } },
{ "type": "Feature", "properties": { "box_id": 1, "provider": "protomaps" }, "geometry": { "type": "Point", "coordinates": [ -49.295463353259798, -25.431472538489125 ] } },
{ "type": "Feature", "properties": { "box_id": 1, "provider": "protomaps" }, "geometry": { "type": "Point", "coordinates": [ -49.295419111716022, -25.431453941432082 ] } },
{ "type": "Feature", "properties": { "box_id": 1, "provider": "protomaps" }, "geometry": { "type": "Point", "coordinates": [ -49.295462455587149, -25.431474127838527 ] } },
{ "type": "Feature", "properties": { "box_id": 1, "provider": "protomaps" }, "geometry": { "type": "Point", "coordinates": [ -49.295375686918049, -25.431530825896566 ] } },
{ "type": "Feature", "properties": { "box_id": 1, "provider": "protomaps" }, "geometry": { "type": "Point", "coordinates": [ -49.295419030807857, -25.431551012316692 ] } },
{ "type": "Feature", "properties": { "box_id": 1, "provider": "protomaps" }, "geometry": { "type": "Point", "coordinates": [ -49.295374812150364, -25.43153237468885 ] } },
{ "type": "Feature", "properties": { "box_id": 1, "provider": "protomaps" }, "geometry": { "type": "Point", "coordinates": [ -49.29541815604054, -25.43155256110925 ] } },
{ "type": "Feature", "properties": { "box_id": 1, "provider": "protomaps" }, "geometry": { "type": "Point", "coordinates": [ -49.295330910847476, -25.431630872869682 ] } },
{ "type": "Feature", "properties": { "box_id": 1, "provider": "protomaps" }, "geometry": { "type": "Point", "coordinates": [ -49.295355678797797, -25.4316424079766 ] } },
{ "type": "Feature", "properties": { "box_id": 1, "provider": "protomaps" }, "geometry": { "type": "Point", "coordinates": [ -49.294921960552493, -25.43235492037978 ] } },
{ "type": "Feature", "properties": { "box_id": 1, "provider": "protomaps" }, "geometry": { "type": "Point", "coordinates": [ -49.294946728603342, -25.432366455560228 ] } },
{ "type": "Feature", "properties": { "box_id": 1, "provider": "protomaps" }, "geometry": { "type": "Point", "coordinates": [ -49.294858444740719, -25.432467374342163 ] } },
{ "type": "Feature", "properties": { "box_id": 1, "provider": "protomaps" }, "geometry": { "type": "Point", "coordinates": [ -49.294883212807186, -25.432478909534037 ] } },
{ "type": "Feature", "properties": { "box_id": 1, "provider": "protomaps" }, "geometry": { "type": "Point", "coordinates": [ -49.294300475883588, -25.433455240472526 ] } },
{ "type": "Feature", "properties": { "box_id": 1, "provider": "protomaps" }, "geometry": { "type": "Point", "coordinates": [ -49.29432524408724, -25.433466775764725 ] } },
{ "type": "Feature", "properties": { "box_id": 1, "provider": "protomaps" }, "geometry": { "type": "Point", "coordinates": [ -49.294236958870087, -25.433567694090392 ] } },
{ "type": "Feature", "properties": { "box_id": 1, "provider": "protomaps" }, "geometry": { "type": "Point", "coordinates": [ -49.294261727089342, -25.433579229394013 ] } },
{ "type": "Feature", "properties": { "box_id": 1, "provider": "protomaps" }, "geometry": { "type": "Point", "coordinates": [ -49.293866579741454, -25.434223426327506 ] } },
{ "type": "Feature", "properties": { "box_id": 1, "provider": "protomaps" }, "geometry": { "type": "Point", "coordinates": [ -49.293891348051758, -25.434234961697719 ] } },
{ "type": "Feature", "properties": { "box_id": 1, "provider": "protomaps" }, "geometry": { "type": "Point", "coordinates": [ -49.293803061888902, -25.434335879704825 ] } },
{ "type": "Feature", "properties": { "box_id": 1, "provider": "protomaps" }, "geometry": { "type": "Point", "coordinates": [ -49.293827830214816, -25.434347415086471 ] } },
{ "type": "Feature", "properties": { "box_id": 1, "provider": "protomaps" }, "geometry": { "type": "Point", "coordinates": [ -49.293433370475853, -25.434990384347902 ] } },
{ "type": "Feature", "properties": { "box_id": 1, "provider": "protomaps" }, "geometry": { "type": "Point", "coordinates": [ -49.29345813889266, -25.435001919796033 ] } },
{ "type": "Feature", "properties": { "box_id": 1, "provider": "protomaps" }, "geometry": { "type": "Point", "coordinates": [ -49.293369851785549, -25.435102837485044 ] } },
{ "type": "Feature", "properties": { "box_id": 1, "provider": "protomaps" }, "geometry": { "type": "Point", "coordinates": [ -49.293394620217974, -25.435114372944597 ] } },
{ "type": "Feature", "properties": { "box_id": 1, "provider": "protomaps" }, "geometry": { "type": "Point", "coordinates": [ -49.293310252013356, -25.435208352361496 ] } },
{ "type": "Feature", "properties": { "box_id": 1, "provider": "protomaps" }, "geometry": { "type": "Point", "coordinates": [ -49.293335020460439, -25.435219887831771 ] } },
{ "type": "Feature", "properties": { "box_id": 1, "provider": "protomaps" }, "geometry": { "type": "Point", "coordinates": [ -49.293246733084956, -25.435320805430386 ] } },
{ "type": "Feature", "properties": { "box_id": 1, "provider": "protomaps" }, "geometry": { "type": "Point", "coordinates": [ -49.29327150154765, -25.435332340912073 ] } },
{ "type": "Feature", "properties": { "box_id": 1, "provider": "protomaps" }, "geometry": { "type": "Point", "coordinates": [ -49.292579309782873, -25.436481618308978 ] } },
{ "type": "Feature", "properties": { "box_id": 1, "provider": "protomaps" }, "geometry": { "type": "Point", "coordinates": [ -49.292622654875721, -25.436501805609076 ] } },
{ "type": "Feature", "properties": { "box_id": 1, "provider": "protomaps" }, "geometry": { "type": "Point", "coordinates": [ -49.29242958309446, -25.436746685247417 ] } },
{ "type": "Feature", "properties": { "box_id": 1, "provider": "protomaps" }, "geometry": { "type": "Point", "coordinates": [ -49.292472928251726, -25.436766872594653 ] } },
{ "type": "Feature", "properties": { "box_id": 1, "provider": "protomaps" }, "geometry": { "type": "Point", "coordinates": [ -49.292645812129528, -25.435008654755197 ] } },
{ "type": "Feature", "properties": { "box_id": 1, "provider": "protomaps" }, "geometry": { "type": "Point", "coordinates": [ -49.29268582899121, -25.434990386603317 ] } },
{ "type": "Feature", "properties": { "box_id": 1, "provider": "protomaps" }, "geometry": { "type": "Point", "coordinates": [ -49.291372846850216, -25.434161973603501 ] } },
{ "type": "Feature", "properties": { "box_id": 1, "provider": "protomaps" }, "geometry": { "type": "Point", "coordinates": [ -49.291398299440928, -25.43415173996965 ] } },
{ "type": "Feature", "properties": { "box_id": 1, "provider": "protomaps" }, "geometry": { "type": "Point", "coordinates": [ -49.291392046731737, -25.434201097132284 ] } },
{ "type": "Feature", "properties": { "box_id": 1, "provider": "protomaps" }, "geometry": { "type": "Point", "coordinates": [ -49.291417976562251, -25.434190671616122 ] } },
{ "type": "Feature", "properties": { "box_id": 1, "provider": "protomaps" }, "geometry": { "type": "Point", "coordinates": [ -49.291448270415437, -25.434316708162079 ] } },
{ "type": "Feature", "properties": { "box_id": 1, "provider": "protomaps" }, "geometry": { "type": "Point", "coordinates": [ -49.291473742848595, -25.434306466549902 ] } },
{ "type": "Feature", "properties": { "box_id": 1, "provider": "protomaps" }, "geometry": { "type": "Point", "coordinates": [ -49.291635144669158, -25.434673059642808 ] } },
{ "type": "Feature", "properties": { "box_id": 1, "provider": "protomaps" }, "geometry": { "type": "Point", "coordinates": [ -49.2916579065298, -25.434656895959407 ] } },
{ "type": "Feature", "properties": { "box_id": 1, "provider": "protomaps" }, "geometry": { "type": "Point", "coordinates": [ -49.291618759617677, -25.434714487388526 ] } },
{ "type": "Feature", "properties": { "box_id": 1, "provider": "protomaps" }, "geometry": { "type": "Point", "coordinates": [ -49.291624995582964, -25.434740107583124 ] } },
{ "type": "Feature", "properties": { "box_id": 1, "provider": "protomaps" }, "geometry": { "type": "Point", "coordinates": [ -49.290947101912053, -25.434968680891764 ] } },
{ "type": "Feature", "properties": { "box_id": 1, "provider": "protomaps" }, "geometry": { "type": "Point", "coordinates": [ -49.290971533702248, -25.434991927775936 ] } },
{ "type": "Feature", "properties": { "box_id": 1, "provider": "protomaps" }, "geometry": { "type": "Point", "coordinates": [ -49.290925333420759, -25.434910100393825 ] } },
{ "type": "Feature", "properties": { "box_id": 1, "provider": "protomaps" }, "geometry": { "type": "Point", "coordinates": [ -49.290876630725428, -25.434909172214585 ] } },
{ "type": "Feature", "properties": { "box_id": 1, "provider": "protomaps" }, "geometry": { "type": "Point", "coordinates": [ -49.29070109591791, -25.434384065720632 ] } },
{ "type": "Feature", "properties": { "box_id": 1, "provider": "protomaps" }, "geometry": { "type": "Point", "coordinates": [ -49.290652397608625, -25.434385159532106 ] } },
{ "type": "Feature", "properties": { "box_id": 1, "provider": "protomaps" }, "geometry": { "type": "Point", "coordinates": [ -49.290910396938706, -25.434235353183496 ] } },
{ "type": "Feature", "properties": { "box_id": 1, "provider": "protomaps" }, "geometry": { "type": "Point", "coordinates": [ -49.290897298621488, -25.43419274861607 ] } },
{ "type": "Feature", "properties": { "box_id": 1, "provider": "protomaps" }, "geometry": { "type": "Point", "coordinates": [ -49.291205954657023, -25.434160430005544 ] } },
{ "type": "Feature", "properties": { "box_id": 1, "provider": "protomaps" }, "geometry": { "type": "Point", "coordinates": [ -49.291192856240578, -25.434117825459118 ] } },
{ "type": "Feature", "properties": { "box_id": 1, "provider": "protomaps" }, "geometry": { "type": "Point", "coordinates": [ -49.298728205849706, -25.436190826456194 ] } },
{ "type": "Feature", "properties": { "box_id": 1, "provider": "protomaps" }, "geometry": { "type": "Point", "coordinates": [ -49.298708761707054, -25.436231383780694 ] } },
{ "type": "Feature", "properties": { "box_id": 1, "provider": "protomaps" }, "geometry": { "type": "Point", "coordinates": [ -49.298427399037834, -25.436071919670674 ] } },
{ "type": "Feature", "properties": { "box_id": 1, "provider": "protomaps" }, "geometry": { "type": "Point", "coordinates": [ -49.298407954818465, -25.436112476951756 ] } },
{ "type": "Feature", "properties": { "box_id": 1, "provider": "protomaps" }, "geometry": { "type": "Point", "coordinates": [ -49.298169190529016, -25.435969851025284 ] } },
{ "type": "Feature", "properties": { "box_id": 1, "provider": "protomaps" }, "geometry": { "type": "Point", "coordinates": [ -49.298149746243794, -25.436010408269102 ] } },
{ "type": "Feature", "properties": { "box_id": 1, "provider": "protomaps" }, "geometry": { "type": "Point", "coordinates": [ -49.297868384873389, -25.435850943147429 ] } },
{ "type": "Feature", "properties": { "box_id": 1, "provider": "protomaps" }, "geometry": { "type": "Point", "coordinates": [ -49.297848940511457, -25.435891500347822 ] } },
{ "type": "Feature", "properties": { "box_id": 1, "provider": "protomaps" }, "geometry": { "type": "Point", "coordinates": [ -49.297627720235688, -25.435755808294079 ] } },
{ "type": "Feature", "properties": { "box_id": 1, "provider": "protomaps" }, "geometry": { "type": "Point", "coordinates": [ -49.297608275812387, -25.435796365459737 ] } },
{ "type": "Feature", "properties": { "box_id": 1, "provider": "protomaps" }, "geometry": { "type": "Point", "coordinates": [ -49.297409344208688, -25.435679821593645 ] } },
{ "type": "Feature", "properties": { "box_id": 1, "provider": "protomaps" }, "geometry": { "type": "Point", "coordinates": [ -49.297398233078439, -25.435702997099206 ] } },
{ "type": "Feature", "properties": { "box_id": 1, "provider": "protomaps" }, "geometry": { "type": "Point", "coordinates": [ -49.296276897888013, -25.435232155579293 ] } },
{ "type": "Feature", "properties": { "box_id": 1, "provider": "protomaps" }, "geometry": { "type": "Point", "coordinates": [ -49.296265786592748, -25.435255330991428 ] } },
{ "type": "Feature", "properties": { "box_id": 1, "provider": "protomaps" }, "geometry": { "type": "Point", "coordinates": [ -49.296149284941343, -25.435181708315621 ] } },
{ "type": "Feature", "properties": { "box_id": 1, "provider": "protomaps" }, "geometry": { "type": "Point", "coordinates": [ -49.296138173627483, -25.435204883717233 ] } },
{ "type": "Feature", "properties": { "box_id": 1, "provider": "protomaps" }, "geometry": { "type": "Point", "coordinates": [ -49.295825155816921, -25.43505357465903 ] } },
{ "type": "Feature", "properties": { "box_id": 1, "provider": "protomaps" }, "geometry": { "type": "Point", "coordinates": [ -49.295814044455824, -25.435076750033915 ] } },
{ "type": "Feature", "properties": { "box_id": 1, "provider": "protomaps" }, "geometry": { "type": "Point", "coordinates": [ -49.295697557183047, -25.435003097995061 ] } },
{ "type": "Feature", "properties": { "box_id": 1, "provider": "protomaps" }, "geometry": { "type": "Point", "coordinates": [ -49.295686434342819, -25.435026297263057 ] } },
{ "type": "Feature", "properties": { "box_id": 1, "provider": "protomaps" }, "geometry": { "type": "Point", "coordinates": [ -49.295182911104568, -25.434799678942401 ] } },
{ "type": "Feature", "properties": { "box_id": 1, "provider": "protomaps" }, "geometry": { "type": "Point", "coordinates": [ -49.29517179872196, -25.43482285619973 ] } },
{ "type": "Feature", "properties": { "box_id": 1, "provider": "protomaps" }, "geometry": { "type": "Point", "coordinates": [ -49.295055297991141, -25.434749233122105 ] } },
{ "type": "Feature", "properties": { "box_id": 1, "provider": "protomaps" }, "geometry": { "type": "Point", "coordinates": [ -49.295044186517877, -25.434772408433478 ] } },
{ "type": "Feature", "properties": { "box_id": 1, "provider": "protomaps" }, "geometry": { "type": "Point", "coordinates": [ -49.293916566264301, -25.434299057699597 ] } },
{ "type": "Feature", "properties": { "box_id": 1, "provider": "protomaps" }, "geometry": { "type": "Point", "coordinates": [ -49.293905454625133, -25.434322232917033 ] } },
{ "type": "Feature", "properties": { "box_id": 1, "provider": "protomaps" }, "geometry": { "type": "Point", "coordinates": [ -49.293788955388983, -25.43424860847956 ] } },
{ "type": "Feature", "properties": { "box_id": 1, "provider": "protomaps" }, "geometry": { "type": "Point", "coordinates": [ -49.29377784373122, -25.434271783686469 ] } },
{ "type": "Feature", "properties": { "box_id": 1, "provider": "protomaps" }, "geometry": { "type": "Point", "coordinates": [ -49.292913627793624, -25.433902555602437 ] } },
{ "type": "Feature", "properties": { "box_id": 1, "provider": "protomaps" }, "geometry": { "type": "Point", "coordinates": [ -49.292902516008347, -25.43392573073713 ] } },
{ "type": "Feature", "properties": { "box_id": 1, "provider": "protomaps" }, "geometry": { "type": "Point", "coordinates": [ -49.292786017798498, -25.433852105551193 ] } },
{ "type": "Feature", "properties": { "box_id": 1, "provider": "protomaps" }, "geometry": { "type": "Point", "coordinates": [ -49.292774905994627, -25.433875280675345 ] } },
{ "type": "Feature", "properties": { "box_id": 1, "provider": "protomaps" }, "geometry": { "type": "Point", "coordinates": [ -49.291753319991919, -25.433443827487846 ] } },
{ "type": "Feature", "properties": { "box_id": 1, "provider": "protomaps" }, "geometry": { "type": "Point", "coordinates": [ -49.291742208037618, -25.433467002526797 ] } },
{ "type": "Feature", "properties": { "box_id": 1, "provider": "protomaps" }, "geometry": { "type": "Point", "coordinates": [ -49.291543286266631, -25.433350451165641 ] } },
{ "type": "Feature", "properties": { "box_id": 1, "provider": "protomaps" }, "geometry": { "type": "Point", "coordinates": [ -49.291523840292001, -25.433391007452887 ] } },
{ "type": "Feature", "properties": { "box_id": 1, "provider": "protomaps" }, "geometry": { "type": "Point", "coordinates": [ -49.289868092583667, -25.4326881375573 ] } },
{ "type": "Feature", "properties": { "box_id": 1, "provider": "protomaps" }, "geometry": { "type": "Point", "coordinates": [ -49.289848646182037, -25.432728693602634 ] } },
{ "type": "Feature", "properties": { "box_id": 1, "provider": "protomaps" }, "geometry": { "type": "Point", "coordinates": [ -49.289565593466442, -25.432571712751997 ] } },
{ "type": "Feature", "properties": { "box_id": 1, "provider": "protomaps" }, "geometry": { "type": "Point", "coordinates": [ -49.289547072909897, -25.432612624564928 ] } },
{ "type": "Feature", "properties": { "box_id": 1, "provider": "protomaps" }, "geometry": { "type": "Point", "coordinates": [ -49.29231996100448, -25.435007726709426 ] } },
{ "type": "Feature", "properties": { "box_id": 1, "provider": "protomaps" }, "geometry": { "type": "Point", "coordinates": [ -49.292339226821547, -25.435027306215996 ] } },
{ "type": "Feature", "properties": { "box_id": 1, "provider": "protomaps" }, "geometry": { "type": "Point", "coordinates": [ -49.291105090148569, -25.435995165162169 ] } },
{ "type": "Feature", "properties": { "box_id": 1, "provider": "protomaps" }, "geometry": { "type": "Point", "coordinates": [ -49.291124164758592, -25.436014550561502 ] } },
{ "type": "Feature", "properties": { "box_id": 1, "provider": "protomaps" }, "geometry": { "type": "Point", "coordinates": [ -49.293559323607887, -25.432432685907102 ] } },
{ "type": "Feature", "properties": { "box_id": 1, "provider": "protomaps" }, "geometry": { "type": "Point", "coordinates": [ -49.293584655999084, -25.432443161915611 ] } },
{ "type": "Feature", "properties": { "box_id": 1, "provider": "protomaps" }, "geometry": { "type": "Point", "coordinates": [ -49.293505771536424, -25.432516593922319 ] } },
{ "type": "Feature", "properties": { "box_id": 1, "provider": "protomaps" }, "geometry": { "type": "Point", "coordinates": [ -49.29355010324484, -25.432534926951618 ] } },
{ "type": "Feature", "properties": { "box_id": 1, "provider": "protomaps" }, "geometry": { "type": "Point", "coordinates": [ -49.293505150697328, -25.432517831817758 ] } },
{ "type": "Feature", "properties": { "box_id": 1, "provider": "protomaps" }, "geometry": { "type": "Point", "coordinates": [ -49.293549482406085, -25.43253616484726 ] } },
{ "type": "Feature", "properties": { "box_id": 1, "provider": "protomaps" }, "geometry": { "type": "Point", "coordinates": [ -49.293470597859134, -25.432609596829955 ] } },
{ "type": "Feature", "properties": { "box_id": 1, "provider": "protomaps" }, "geometry": { "type": "Point", "coordinates": [ -49.293495930277757, -25.432620072855052 ] } },
{ "type": "Feature", "properties": { "box_id": 1, "provider": "protomaps" }, "geometry": { "type": "Point", "coordinates": [ -49.293252871906958, -25.433043719606239 ] } },
{ "type": "Feature", "properties": { "box_id": 1, "provider": "protomaps" }, "geometry": { "type": "Point", "coordinates": [ -49.293278204392877, -25.433054195672025 ] } },
{ "type": "Feature", "properties": { "box_id": 1, "provider": "protomaps" }, "geometry": { "type": "Point", "coordinates": [ -49.29319518752925, -25.433158735602831 ] } },
{ "type": "Feature", "properties": { "box_id": 1, "provider": "protomaps" }, "geometry": { "type": "Point", "coordinates": [ -49.293220520033003, -25.433169211679388 ] } },
{ "type": "Feature", "properties": { "box_id": 1, "provider": "protomaps" }, "geometry": { "type": "Point", "coordinates": [ -49.29286044314361, -25.433826172182258 ] } },
{ "type": "Feature", "properties": { "box_id": 1, "provider": "protomaps" }, "geometry": { "type": "Point", "coordinates": [ -49.292885775750833, -25.433836648321385 ] } },
{ "type": "Feature", "properties": { "box_id": 1, "provider": "protomaps" }, "geometry": { "type": "Point", "coordinates": [ -49.292821647794, -25.433880654850213 ] } },
{ "type": "Feature", "properties": { "box_id": 1, "provider": "protomaps" }, "geometry": { "type": "Point", "coordinates": [ -49.292865979872786, -25.43389898810268 ] } },
{ "type": "Feature", "properties": { "box_id": 1, "provider": "protomaps" }, "geometry": { "type": "Point", "coordinates": [ -49.29144614481536, -25.433971871458738 ] } },
{ "type": "Feature", "properties": { "box_id": 1, "provider": "protomaps" }, "geometry": { "type": "Point", "coordinates": [ -49.291401611759618, -25.433953944342946 ] } },
{ "type": "Feature", "properties": { "box_id": 1, "provider": "protomaps" }, "geometry": { "type": "Point", "coordinates": [ -49.291639746504664, -25.433575321951167 ] } },
{ "type": "Feature", "properties": { "box_id": 1, "provider": "protomaps" }, "geometry": { "type": "Point", "coordinates": [ -49.291595213558772, -25.433557394899253 ] } },
{ "type": "Feature", "properties": { "box_id": 1, "provider": "protomaps" }, "geometry": { "type": "Point", "coordinates": [ -49.291724886559848, -25.433377542874176 ] } },
{ "type": "Feature", "properties": { "box_id": 1, "provider": "protomaps" }, "geometry": { "type": "Point", "coordinates": [ -49.291699439192897, -25.43336729886235 ] } },
{ "type": "Feature", "properties": { "box_id": 1, "provider": "protomaps" }, "geometry": { "type": "Point", "coordinates": [ -49.292051192647413, -25.432709168876229 ] } },
{ "type": "Feature", "properties": { "box_id": 1, "provider": "protomaps" }, "geometry": { "type": "Point", "coordinates": [ -49.292025745386255, -25.432698924925901 ] } },
{ "type": "Feature", "properties": { "box_id": 1, "provider": "protomaps" }, "geometry": { "type": "Point", "coordinates": [ -49.292107598633436, -25.432593631395918 ] } },
{ "type": "Feature", "properties": { "box_id": 1, "provider": "protomaps" }, "geometry": { "type": "Point", "coordinates": [ -49.292082151390566, -25.432583387456216 ] } },
{ "type": "Feature", "properties": { "box_id": 1, "provider": "protomaps" }, "geometry": { "type": "Point", "coordinates": [ -49.292602360533067, -25.431580189776412 ] } },
{ "type": "Feature", "properties": { "box_id": 1, "provider": "protomaps" }, "geometry": { "type": "Point", "coordinates": [ -49.292576913450617, -25.431569945929962 ] } },
{ "type": "Feature", "properties": { "box_id": 1, "provider": "protomaps" }, "geometry": { "type": "Point", "coordinates": [ -49.292658765412853, -25.431464652013055 ] } },
{ "type": "Feature", "properties": { "box_id": 1, "provider": "protomaps" }, "geometry": { "type": "Point", "coordinates": [ -49.292633318348685, -25.431454408177231 ] } },
{ "type": "Feature", "properties": { "box_id": 1, "provider": "protomaps" }, "geometry": { "type": "Point", "coordinates": [ -49.293022645204573, -25.430719287231486 ] } },
{ "type": "Feature", "properties": { "box_id": 1, "provider": "protomaps" }, "geometry": { "type": "Point", "coordinates": [ -49.292997198258384, -25.430709043464233 ] } },
{ "type": "Feature", "properties": { "box_id": 1, "provider": "protomaps" }, "geometry": { "type": "Point", "coordinates": [ -49.293078736955529, -25.430627777418707 ] } },
{ "type": "Feature", "properties": { "box_id": 1, "provider": "protomaps" }, "geometry": { "type": "Point", "coordinates": [ -49.293034204826107, -25.430609850841382 ] } },
{ "type": "Feature", "properties": { "box_id": 1, "provider": "protomaps" }, "geometry": { "type": "Point", "coordinates": [ -49.293079485817159, -25.430626243449808 ] } },
{ "type": "Feature", "properties": { "box_id": 1, "provider": "protomaps" }, "geometry": { "type": "Point", "coordinates": [ -49.293034953688164, -25.430608316872725 ] } },
{ "type": "Feature", "properties": { "box_id": 1, "provider": "protomaps" }, "geometry": { "type": "Point", "coordinates": [ -49.293117323530602, -25.430548736580231 ] } },
{ "type": "Feature", "properties": { "box_id": 1, "provider": "protomaps" }, "geometry": { "type": "Point", "coordinates": [ -49.293072791423079, -25.430530810015625 ] } },
{ "type": "Feature", "properties": { "box_id": 1, "provider": "protomaps" }, "geometry": { "type": "Point", "coordinates": [ -49.293118119065412, -25.430547107003427 ] } },
{ "type": "Feature", "properties": { "box_id": 1, "provider": "protomaps" }, "geometry": { "type": "Point", "coordinates": [ -49.293073586958343, -25.430529180439091 ] } },
{ "type": "Feature", "properties": { "box_id": 1, "provider": "protomaps" }, "geometry": { "type": "Point", "coordinates": [ -49.29315626899448, -25.430445571952685 ] } },
{ "type": "Feature", "properties": { "box_id": 1, "provider": "protomaps" }, "geometry": { "type": "Point", "coordinates": [ -49.293130822091619, -25.430435328210613 ] } },
{ "type": "Feature", "properties": { "box_id": 1, "provider": "protomaps" }, "geometry": { "type": "Point", "coordinates": [ -49.294115392637551, -25.429529156168083 ] } },
{ "type": "Feature", "properties": { "box_id": 1, "provider": "protomaps" }, "geometry": { "type": "Point", "coordinates": [ -49.294096238952903, -25.429510017089139 ] } },
{ "type": "Feature", "properties": { "box_id": 1, "provider": "protomaps" }, "geometry": { "type": "Point", "coordinates": [ -49.289946248194248, -25.437052239004828 ] } },
{ "type": "Feature", "properties": { "box_id": 1, "provider": "protomaps" }, "geometry": { "type": "Point", "coordinates": [ -49.289901695948011, -25.43703434899701 ] } },
{ "type": "Feature", "properties": { "box_id": 1, "provider": "protomaps" }, "geometry": { "type": "Point", "coordinates": [ -49.290036991483355, -25.436865916013694 ] } },
{ "type": "Feature", "properties": { "box_id": 1, "provider": "protomaps" }, "geometry": { "type": "Point", "coordinates": [ -49.289992439288824, -25.436848026035843 ] } },
{ "type": "Feature", "properties": { "box_id": 1, "provider": "protomaps" }, "geometry": { "type": "Point", "coordinates": [ -49.290470610143792, -25.435975558428545 ] } },
{ "type": "Feature", "properties": { "box_id": 1, "provider": "protomaps" }, "geometry": { "type": "Point", "coordinates": [ -49.290426058196402, -25.435957668593844 ] } },
{ "type": "Feature", "properties": { "box_id": 1, "provider": "protomaps" }, "geometry": { "type": "Point", "coordinates": [ -49.290603295550042, -25.435703109821425 ] } },
{ "type": "Feature", "properties": { "box_id": 1, "provider": "protomaps" }, "geometry": { "type": "Point", "coordinates": [ -49.290558743678261, -25.435685220030528 ] } },
{ "type": "Feature", "properties": { "box_id": 1, "provider": "protomaps" }, "geometry": { "type": "Point", "coordinates": [ -49.290846627446442, -25.435203462285127 ] } },
{ "type": "Feature", "properties": { "box_id": 1, "provider": "protomaps" }, "geometry": { "type": "Point", "coordinates": [ -49.290802075713344, -25.435185572574557 ] } },
{ "type": "Feature", "properties": { "box_id": 1, "provider": "protomaps" }, "geometry": { "type": "Point", "coordinates": [ -49.290921629137706, -25.435966911344327 ] } },
{ "type": "Feature", "properties": { "box_id": 1, "provider": "protomaps" }, "geometry": { "type": "Point", "coordinates": [ -49.290902208216018, -25.436007477667953 ] } },
{ "type": "Feature", "properties": { "box_id": 1, "provider": "protomaps" }, "geometry": { "type": "Point", "coordinates": [ -49.29067482379736, -25.435869488777264 ] } },
{ "type": "Feature", "properties": { "box_id": 1, "provider": "protomaps" }, "geometry": { "type": "Point", "coordinates": [ -49.290655402812675, -25.435910055065285 ] } },
{ "type": "Feature", "properties": { "box_id": 1, "provider": "protomaps" }, "geometry": { "type": "Point", "coordinates": [ -49.290373951315587, -25.435750723289072 ] } },
{ "type": "Feature", "properties": { "box_id": 1, "provider": "protomaps" }, "geometry": { "type": "Point", "coordinates": [ -49.290354530254113, -25.43579128953369 ] } },
{ "type": "Feature", "properties": { "box_id": 1, "provider": "protomaps" }, "geometry": { "type": "Point", "coordinates": [ -49.291104112282923, -25.429543731363939 ] } },
{ "type": "Feature", "properties": { "box_id": 1, "provider": "protomaps" }, "geometry": { "type": "Point", "coordinates": [ -49.291149087453853, -25.429560720481224 ] } },
{ "type": "Feature", "properties": { "box_id": 1, "provider": "protomaps" }, "geometry": { "type": "Point", "coordinates": [ -49.291022640185503, -25.429721582435462 ] } },
{ "type": "Feature", "properties": { "box_id": 1, "provider": "protomaps" }, "geometry": { "type": "Point", "coordinates": [ -49.291067615407947, -25.429738571580152 ] } },
{ "type": "Feature", "properties": { "box_id": 1, "provider": "protomaps" }, "geometry": { "type": "Point", "coordinates": [ -49.291021886195637, -25.429723228369173 ] } },
{ "type": "Feature", "properties": { "box_id": 1, "provider": "protomaps" }, "geometry": { "type": "Point", "coordinates": [ -49.291066861418557, -25.429740217514109 ] } },
{ "type": "Feature", "properties": { "box_id": 1, "provider": "protomaps" }, "geometry": { "type": "Point", "coordinates": [ -49.290986560822127, -25.429800342374946 ] } },
{ "type": "Feature", "properties": { "box_id": 1, "provider": "protomaps" }, "geometry": { "type": "Point", "coordinates": [ -49.291031536067379, -25.429817331531744 ] } },
{ "type": "Feature", "properties": { "box_id": 1, "provider": "protomaps" }, "geometry": { "type": "Point", "coordinates": [ -49.29098587296005, -25.429801843951704 ] } },
{ "type": "Feature", "properties": { "box_id": 1, "provider": "protomaps" }, "geometry": { "type": "Point", "coordinates": [ -49.291030848205743, -25.42981883310873 ] } },
{ "type": "Feature", "properties": { "box_id": 1, "provider": "protomaps" }, "geometry": { "type": "Point", "coordinates": [ -49.290951930773851, -25.429900617323398 ] } },
{ "type": "Feature", "properties": { "box_id": 1, "provider": "protomaps" }, "geometry": { "type": "Point", "coordinates": [ -49.290977630929987, -25.429910325421517 ] } },
{ "type": "Feature", "properties": { "box_id": 1, "provider": "protomaps" }, "geometry": { "type": "Point", "coordinates": [ -49.290605738699078, -25.430656334637227 ] } },
{ "type": "Feature", "properties": { "box_id": 1, "provider": "protomaps" }, "geometry": { "type": "Point", "coordinates": [ -49.29063143898027, -25.430666042801828 ] } },
{ "type": "Feature", "properties": { "box_id": 1, "provider": "protomaps" }, "geometry": { "type": "Point", "coordinates": [ -49.290506372961644, -25.43084856356765 ] } },
{ "type": "Feature", "properties": { "box_id": 1, "provider": "protomaps" }, "geometry": { "type": "Point", "coordinates": [ -49.290551348510462, -25.430865552885873 ] } },
{ "type": "Feature", "properties": { "box_id": 1, "provider": "protomaps" }, "geometry": { "type": "Point", "coordinates": [ -49.290205421657717, -25.431505511278413 ] } },
{ "type": "Feature", "properties": { "box_id": 1, "provider": "protomaps" }, "geometry": { "type": "Point", "coordinates": [ -49.29025039739679, -25.431522500697817 ] } },
{ "type": "Feature", "properties": { "box_id": 1, "provider": "protomaps" }, "geometry": { "type": "Point", "coordinates": [ -49.290108182310661, -25.431698543613795 ] } },
{ "type": "Feature", "properties": { "box_id": 1, "provider": "protomaps" }, "geometry": { "type": "Point", "coordinates": [ -49.290148004274599, -25.431713586225026 ] } },
{ "type": "Feature", "properties": { "box_id": 1, "provider": "protomaps" }, "geometry": { "type": "Point", "coordinates": [ -49.290082990554374, -25.431797442658251 ] } },
{ "type": "Feature", "properties": { "box_id": 1, "provider": "protomaps" }, "geometry": { "type": "Point", "coordinates": [ -49.290108691024408, -25.431807150923294 ] } },
{ "type": "Feature", "properties": { "box_id": 1, "provider": "protomaps" }, "geometry": { "type": "Point", "coordinates": [ -49.289983622958921, -25.431989671115023 ] } },
{ "type": "Feature", "properties": { "box_id": 1, "provider": "protomaps" }, "geometry": { "type": "Point", "coordinates": [ -49.290028598838205, -25.432006660608987 ] } },
{ "type": "Feature", "properties": { "box_id": 1, "provider": "protomaps" }, "geometry": { "type": "Point", "coordinates": [ -49.28974848962023, -25.432502933896433 ] } },
{ "type": "Feature", "properties": { "box_id": 1, "provider": "protomaps" }, "geometry": { "type": "Point", "coordinates": [ -49.28979346564816, -25.432519923469457 ] } },
{ "type": "Feature", "properties": { "box_id": 1, "provider": "protomaps" }, "geometry": { "type": "Point", "coordinates": [ -49.289622484255524, -25.43277798366017 ] } },
{ "type": "Feature", "properties": { "box_id": 1, "provider": "protomaps" }, "geometry": { "type": "Point", "coordinates": [ -49.289667460363113, -25.432794973275552 ] } },
{ "type": "Feature", "properties": { "box_id": 1, "provider": "protomaps" }, "geometry": { "type": "Point", "coordinates": [ -49.29174888743713, -25.434750285949384 ] } },
{ "type": "Feature", "properties": { "box_id": 1, "provider": "protomaps" }, "geometry": { "type": "Point", "coordinates": [ -49.291759586164751, -25.434726951088354 ] } },
{ "type": "Feature", "properties": { "box_id": 1, "provider": "protomaps" }, "geometry": { "type": "Point", "coordinates": [ -49.29231190307933, -25.434964414994461 ] } },
{ "type": "Feature", "properties": { "box_id": 1, "provider": "protomaps" }, "geometry": { "type": "Point", "coordinates": [ -49.292323016547009, -25.43494017531075 ] } },
{ "type": "Feature", "properties": { "box_id": 1, "provider": "protomaps" }, "geometry": { "type": "Point", "coordinates": [ -49.292445055311063, -25.435005433707587 ] } },
{ "type": "Feature", "properties": { "box_id": 1, "provider": "protomaps" }, "geometry": { "type": "Point", "coordinates": [ -49.292453035294066, -25.434980338015293 ] } },
{ "type": "Feature", "properties": { "box_id": 1, "provider": "protomaps" }, "geometry": { "type": "Point", "coordinates": [ -49.292630556540047, -25.435050824283039 ] } },
{ "type": "Feature", "properties": { "box_id": 1, "provider": "protomaps" }, "geometry": { "type": "Point", "coordinates": [ -49.292642981399439, -25.435011750017555 ] } },
{ "type": "Feature", "properties": { "box_id": 1, "provider": "protomaps" }, "geometry": { "type": "Point", "coordinates": [ -49.292774174729445, -25.435098152547514 ] } },
{ "type": "Feature", "properties": { "box_id": 1, "provider": "protomaps" }, "geometry": { "type": "Point", "coordinates": [ -49.292784423152085, -25.435074651605998 ] } },
{ "type": "Feature", "properties": { "box_id": 1, "provider": "protomaps" }, "geometry": { "type": "Point", "coordinates": [ -49.293221049751288, -25.435258832486205 ] } },
{ "type": "Feature", "properties": { "box_id": 1, "provider": "protomaps" }, "geometry": { "type": "Point", "coordinates": [ -49.293231298104679, -25.435235331510196 ] } },
{ "type": "Feature", "properties": { "box_id": 1, "provider": "protomaps" }, "geometry": { "type": "Point", "coordinates": [ -49.293283416856873, -25.435291451987329 ] } },
{ "type": "Feature", "properties": { "box_id": 1, "provider": "protomaps" }, "geometry": { "type": "Point", "coordinates": [ -49.293301351457458, -25.435250325270438 ] } },
{ "type": "Feature", "properties": { "box_id": 1, "provider": "protomaps" }, "geometry": { "type": "Point", "coordinates": [ -49.290032458690334, -25.43412078141758 ] } },
{ "type": "Feature", "properties": { "box_id": 1, "provider": "protomaps" }, "geometry": { "type": "Point", "coordinates": [ -49.290050970671317, -25.434079866316544 ] } },
{ "type": "Feature", "properties": { "box_id": 1, "provider": "protomaps" }, "geometry": { "type": "Point", "coordinates": [ -49.290335914388265, -25.434233989221156 ] } },
{ "type": "Feature", "properties": { "box_id": 1, "provider": "protomaps" }, "geometry": { "type": "Point", "coordinates": [ -49.290354426288793, -25.434193074078046 ] } },
{ "type": "Feature", "properties": { "box_id": 1, "provider": "protomaps" }, "geometry": { "type": "Point", "coordinates": [ -49.290581202191525, -25.434285383036485 ] } },
{ "type": "Feature", "properties": { "box_id": 1, "provider": "protomaps" }, "geometry": { "type": "Point", "coordinates": [ -49.290583219338508, -25.434241187370819 ] } },
{ "type": "Feature", "properties": { "box_id": 1, "provider": "protomaps" }, "geometry": { "type": "Point", "coordinates": [ -49.289582079254622, -25.4318313608943 ] } },
{ "type": "Feature", "properties": { "box_id": 1, "provider": "protomaps" }, "geometry": { "type": "Point", "coordinates": [ -49.289561883596583, -25.431791107987312 ] } },
{ "type": "Feature", "properties": { "box_id": 1, "provider": "protomaps" }, "geometry": { "type": "Point", "coordinates": [ -49.289560916280031, -25.431711038875086 ] } },
{ "type": "Feature", "properties": { "box_id": 1, "provider": "protomaps" }, "geometry": { "type": "Point", "coordinates": [ -49.289580134576049, -25.431670393334279 ] } },
{ "type": "Feature", "properties": { "box_id": 1, "provider": "protomaps" }, "geometry": { "type": "Point", "coordinates": [ -49.295794800567464, -25.436198309834271 ] } },
{ "type": "Feature", "properties": { "box_id": 1, "provider": "protomaps" }, "geometry": { "type": "Point", "coordinates": [ -49.295789342257777, -25.436167578036958 ] } },
{ "type": "Feature", "properties": { "box_id": 1, "provider": "protomaps" }, "geometry": { "type": "Point", "coordinates": [ -49.295858181457106, -25.436202342043412 ] } },
{ "type": "Feature", "properties": { "box_id": 1, "provider": "protomaps" }, "geometry": { "type": "Point", "coordinates": [ -49.295851977516918, -25.436167412244945 ] } },
{ "type": "Feature", "properties": { "box_id": 1, "provider": "protomaps" }, "geometry": { "type": "Point", "coordinates": [ -49.29599285427723, -25.436159102598186 ] } },
{ "type": "Feature", "properties": { "box_id": 1, "provider": "protomaps" }, "geometry": { "type": "Point", "coordinates": [ -49.295983806238716, -25.436135198712773 ] } },
{ "type": "Feature", "properties": { "box_id": 1, "provider": "protomaps" }, "geometry": { "type": "Point", "coordinates": [ -49.298996008193733, -25.435209089007511 ] } },
{ "type": "Feature", "properties": { "box_id": 1, "provider": "protomaps" }, "geometry": { "type": "Point", "coordinates": [ -49.299040631659096, -25.435226831097211 ] } },
{ "type": "Feature", "properties": { "box_id": 1, "provider": "protomaps" }, "geometry": { "type": "Point", "coordinates": [ -49.298864418710643, -25.435481976479803 ] } },
{ "type": "Feature", "properties": { "box_id": 1, "provider": "protomaps" }, "geometry": { "type": "Point", "coordinates": [ -49.29890904225234, -25.435499718613052 ] } },
{ "type": "Feature", "properties": { "box_id": 1, "provider": "protomaps" }, "geometry": { "type": "Point", "coordinates": [ -49.298611563991201, -25.436006337142885 ] } },
{ "type": "Feature", "properties": { "box_id": 1, "provider": "protomaps" }, "geometry": { "type": "Point", "coordinates": [ -49.298656187679541, -25.436024079359822 ] } },
{ "type": "Feature", "properties": { "box_id": 1, "provider": "protomaps" }, "geometry": { "type": "Point", "coordinates": [ -49.298479972684056, -25.436279224153093 ] } },
{ "type": "Feature", "properties": { "box_id": 1, "provider": "protomaps" }, "geometry": { "type": "Point", "coordinates": [ -49.298524596448722, -25.43629696641359 ] } },
{ "type": "Feature", "properties": { "box_id": 1, "provider": "protomaps" }, "geometry": { "type": "Point", "coordinates": [ -49.29586792105151, -25.436295229624143 ] } },
{ "type": "Feature", "properties": { "box_id": 1, "provider": "protomaps" }, "geometry": { "type": "Point", "coordinates": [ -49.295837696131095, -25.436281804901174 ] } },
{ "type": "Feature", "properties": { "box_id": 1, "provider": "protomaps" }, "geometry": { "type": "Point", "coordinates": [ -49.295902299824903, -25.436229056072495 ] } },
{ "type": "Feature", "properties": { "box_id": 1, "provider": "protomaps" }, "geometry": { "type": "Point", "coordinates": [ -49.295867298011473, -25.436213509643117 ] } },
{ "type": "Feature", "properties": { "box_id": 1, "provider": "protomaps" }, "geometry": { "type": "Point", "coordinates": [ -49.295744164733485, -25.435103509914907 ] } },
{ "type": "Feature", "properties": { "box_id": 1, "provider": "protomaps" }, "geometry": { "type": "Point", "coordinates": [ -49.295718132452308, -25.435094558400866 ] } },
{ "type": "Feature", "properties": { "box_id": 1, "provider": "protomaps" }, "geometry": { "type": "Point", "coordinates": [ -49.29577878131596, -25.435047269394119 ] } },
{ "type": "Feature", "properties": { "box_id": 1, "provider": "protomaps" }, "geometry": { "type": "Point", "coordinates": [ -49.295733224842465, -25.43503160425232 ] } },
{ "type": "Feature", "properties": { "box_id": 1, "provider": "protomaps" }, "geometry": { "type": "Point", "coordinates": [ -49.295677688766133, -25.436341193363894 ] } },
{ "type": "Feature", "properties": { "box_id": 1, "provider": "protomaps" }, "geometry": { "type": "Point", "coordinates": [ -49.295633267882408, -25.436323036286709 ] } },
{ "type": "Feature", "properties": { "box_id": 1, "provider": "protomaps" }, "geometry": { "type": "Point", "coordinates": [ -49.295771518324067, -25.436146902031787 ] } },
{ "type": "Feature", "properties": { "box_id": 1, "provider": "protomaps" }, "geometry": { "type": "Point", "coordinates": [ -49.295740001040038, -25.436134019321123 ] } },
{ "type": "Feature", "properties": { "box_id": 1, "provider": "protomaps" }, "geometry": { "type": "Point", "coordinates": [ -49.296191661890774, -25.43528132940672 ] } },
{ "type": "Feature", "properties": { "box_id": 1, "provider": "protomaps" }, "geometry": { "type": "Point", "coordinates": [ -49.296166278693896, -25.435270954032227 ] } },
{ "type": "Feature", "properties": { "box_id": 1, "provider": "protomaps" }, "geometry": { "type": "Point", "coordinates": [ -49.296248792767585, -25.435166085282486 ] } },
{ "type": "Feature", "properties": { "box_id": 1, "provider": "protomaps" }, "geometry": { "type": "Point", "coordinates": [ -49.296223409588741, -25.435155709918714 ] } },
{ "type": "Feature", "properties": { "box_id": 1, "provider": "protomaps" }, "geometry": { "type": "Point", "coordinates": [ -49.296583132749106, -25.434491651099489 ] } },
{ "type": "Feature", "properties": { "box_id": 1, "provider": "protomaps" }, "geometry": { "type": "Point", "coordinates": [ -49.296557749675806, -25.434481275798404 ] } },
{ "type": "Feature", "properties": { "box_id": 1, "provider": "protomaps" }, "geometry": { "type": "Point", "coordinates": [ -49.296640262843056, -25.434376406772682 ] } },
{ "type": "Feature", "properties": { "box_id": 1, "provider": "protomaps" }, "geometry": { "type": "Point", "coordinates": [ -49.296614879787789, -25.434366031482309 ] } },
{ "type": "Feature", "properties": { "box_id": 1, "provider": "protomaps" }, "geometry": { "type": "Point", "coordinates": [ -49.297933241646604, -25.429050182027492 ] } },
{ "type": "Feature", "properties": { "box_id": 1, "provider": "protomaps" }, "geometry": { "type": "Point", "coordinates": [ -49.297977642879218, -25.429068373446828 ] } },
{ "type": "Feature", "properties": { "box_id": 1, "provider": "protomaps" }, "geometry": { "type": "Point", "coordinates": [ -49.297846680371443, -25.429247451367168 ] } },
{ "type": "Feature", "properties": { "box_id": 1, "provider": "protomaps" }, "geometry": { "type": "Point", "coordinates": [ -49.297872052534551, -25.429257846481931 ] } },
{ "type": "Feature", "properties": { "box_id": 1, "provider": "protomaps" }, "geometry": { "type": "Point", "coordinates": [ -49.297165152983297, -25.4306191360327 ] } },
{ "type": "Feature", "properties": { "box_id": 1, "provider": "protomaps" }, "geometry": { "type": "Point", "coordinates": [ -49.297190525360634, -25.430629531275169 ] } },
{ "type": "Feature", "properties": { "box_id": 1, "provider": "protomaps" }, "geometry": { "type": "Point", "coordinates": [ -49.297107914807292, -25.4307343354903 ] } },
{ "type": "Feature", "properties": { "box_id": 1, "provider": "protomaps" }, "geometry": { "type": "Point", "coordinates": [ -49.297133287202627, -25.430744730743491 ] } },
{ "type": "Feature", "properties": { "box_id": 1, "provider": "protomaps" }, "geometry": { "type": "Point", "coordinates": [ -49.296078684370308, -25.432810915672377 ] } },
{ "type": "Feature", "properties": { "box_id": 1, "provider": "protomaps" }, "geometry": { "type": "Point", "coordinates": [ -49.296104061561877, -25.432821302114366 ] } },
{ "type": "Feature", "properties": { "box_id": 1, "provider": "protomaps" }, "geometry": { "type": "Point", "coordinates": [ -49.296021493599703, -25.432926134869472 ] } },
{ "type": "Feature", "properties": { "box_id": 1, "provider": "protomaps" }, "geometry": { "type": "Point", "coordinates": [ -49.296046870809278, -25.432936521322176 ] } },
{ "type": "Feature", "properties": { "box_id": 1, "provider": "protomaps" }, "geometry": { "type": "Point", "coordinates": [ -49.295520427281431, -25.433935595357166 ] } },
{ "type": "Feature", "properties": { "box_id": 1, "provider": "protomaps" }, "geometry": { "type": "Point", "coordinates": [ -49.295545804648803, -25.433945981903804 ] } },
{ "type": "Feature", "properties": { "box_id": 1, "provider": "protomaps" }, "geometry": { "type": "Point", "coordinates": [ -49.295463235394827, -25.434050814265166 ] } },
{ "type": "Feature", "properties": { "box_id": 1, "provider": "protomaps" }, "geometry": { "type": "Point", "coordinates": [ -49.295488612780211, -25.434061200822534 ] } },
{ "type": "Feature", "properties": { "box_id": 1, "provider": "protomaps" }, "geometry": { "type": "Point", "coordinates": [ -49.295129455809679, -25.43472324220938 ] } },
{ "type": "Feature", "properties": { "box_id": 1, "provider": "protomaps" }, "geometry": { "type": "Point", "coordinates": [ -49.295154833300181, -25.434733628829328 ] } },
{ "type": "Feature", "properties": { "box_id": 1, "provider": "protomaps" }, "geometry": { "type": "Point", "coordinates": [ -49.295072263141456, -25.434838460914897 ] } },
{ "type": "Feature", "properties": { "box_id": 1, "provider": "protomaps" }, "geometry": { "type": "Point", "coordinates": [ -49.295097640649963, -25.434848847545567 ] } },
{ "type": "Feature", "properties": { "box_id": 1, "provider": "protomaps" }, "geometry": { "type": "Point", "coordinates": [ -49.294637554560346, -25.435714203830219 ] } },
{ "type": "Feature", "properties": { "box_id": 1, "provider": "protomaps" }, "geometry": { "type": "Point", "coordinates": [ -49.294662932205753, -25.435724590542399 ] } },
{ "type": "Feature", "properties": { "box_id": 1, "provider": "protomaps" }, "geometry": { "type": "Point", "coordinates": [ -49.294532034238465, -25.435903711187919 ] } },
{ "type": "Feature", "properties": { "box_id": 1, "provider": "protomaps" }, "geometry": { "type": "Point", "coordinates": [ -49.29457644517084, -25.435921887965726 ] } },
{ "type": "Feature", "properties": { "box_id": 1, "provider": "protomaps" }, "geometry": { "type": "Point", "coordinates": [ -49.289867895031044, -25.431819787807967 ] } },
{ "type": "Feature", "properties": { "box_id": 1, "provider": "protomaps" }, "geometry": { "type": "Point", "coordinates": [ -49.289884065076677, -25.431778062396312 ] } },
{ "type": "Feature", "properties": { "box_id": 1, "provider": "protomaps" }, "geometry": { "type": "Point", "coordinates": [ -49.289906298038431, -25.431832059537747 ] } },
{ "type": "Feature", "properties": { "box_id": 1, "provider": "protomaps" }, "geometry": { "type": "Point", "coordinates": [ -49.289922468073001, -25.431790334121334 ] } },
{ "type": "Feature", "properties": { "box_id": 1, "provider": "protomaps" }, "geometry": { "type": "Point", "coordinates": [ -49.290127458849348, -25.431897302540001 ] } },
{ "type": "Feature", "properties": { "box_id": 1, "provider": "protomaps" }, "geometry": { "type": "Point", "coordinates": [ -49.290138522791693, -25.431874108638681 ] } },
{ "type": "Feature", "properties": { "box_id": 1, "provider": "protomaps" }, "geometry": { "type": "Point", "coordinates": [ -49.291997283750604, -25.432632759163468 ] } },
{ "type": "Feature", "properties": { "box_id": 1, "provider": "protomaps" }, "geometry": { "type": "Point", "coordinates": [ -49.292008347419582, -25.432609565108407 ] } },
{ "type": "Feature", "properties": { "box_id": 1, "provider": "protomaps" }, "geometry": { "type": "Point", "coordinates": [ -49.292124996672555, -25.432682991205507 ] } },
{ "type": "Feature", "properties": { "box_id": 1, "provider": "protomaps" }, "geometry": { "type": "Point", "coordinates": [ -49.292136060322854, -25.432659797139941 ] } },
{ "type": "Feature", "properties": { "box_id": 1, "provider": "protomaps" }, "geometry": { "type": "Point", "coordinates": [ -49.292221185369669, -25.432720824041581 ] } },
{ "type": "Feature", "properties": { "box_id": 1, "provider": "protomaps" }, "geometry": { "type": "Point", "coordinates": [ -49.292232249005913, -25.432697629968118 ] } },
{ "type": "Feature", "properties": { "box_id": 1, "provider": "protomaps" }, "geometry": { "type": "Point", "coordinates": [ -49.29234889848734, -25.432771055897859 ] } },
{ "type": "Feature", "properties": { "box_id": 1, "provider": "protomaps" }, "geometry": { "type": "Point", "coordinates": [ -49.292359962104904, -25.432747861813898 ] } },
{ "type": "Feature", "properties": { "box_id": 1, "provider": "protomaps" }, "geometry": { "type": "Point", "coordinates": [ -49.293167307276086, -25.433092947173567 ] } },
{ "type": "Feature", "properties": { "box_id": 1, "provider": "protomaps" }, "geometry": { "type": "Point", "coordinates": [ -49.293178370774001, -25.433069753022323 ] } },
{ "type": "Feature", "properties": { "box_id": 1, "provider": "protomaps" }, "geometry": { "type": "Point", "coordinates": [ -49.293295021220786, -25.43314317824494 ] } },
{ "type": "Feature", "properties": { "box_id": 1, "provider": "protomaps" }, "geometry": { "type": "Point", "coordinates": [ -49.293306084700014, -25.433119984083199 ] } },
{ "type": "Feature", "properties": { "box_id": 1, "provider": "protomaps" }, "geometry": { "type": "Point", "coordinates": [ -49.294211712413968, -25.43350371694066 ] } },
{ "type": "Feature", "properties": { "box_id": 1, "provider": "protomaps" }, "geometry": { "type": "Point", "coordinates": [ -49.294222775759167, -25.433480522703551 ] } },
{ "type": "Feature", "properties": { "box_id": 1, "provider": "protomaps" }, "geometry": { "type": "Point", "coordinates": [ -49.294339427271574, -25.433553947145541 ] } },
{ "type": "Feature", "properties": { "box_id": 1, "provider": "protomaps" }, "geometry": { "type": "Point", "coordinates": [ -49.294350490598099, -25.433530752897941 ] } },
{ "type": "Feature", "properties": { "box_id": 1, "provider": "protomaps" }, "geometry": { "type": "Point", "coordinates": [ -49.295435130511478, -25.433984880654545 ] } },
{ "type": "Feature", "properties": { "box_id": 1, "provider": "protomaps" }, "geometry": { "type": "Point", "coordinates": [ -49.295446193677769, -25.433961686316881 ] } },
{ "type": "Feature", "properties": { "box_id": 1, "provider": "protomaps" }, "geometry": { "type": "Point", "coordinates": [ -49.295562846438436, -25.43403510984438 ] } },
{ "type": "Feature", "properties": { "box_id": 1, "provider": "protomaps" }, "geometry": { "type": "Point", "coordinates": [ -49.295573909586047, -25.434011915496217 ] } },
{ "type": "Feature", "properties": { "box_id": 1, "provider": "protomaps" }, "geometry": { "type": "Point", "coordinates": [ -49.29652961635081, -25.434415324354642 ] } },
{ "type": "Feature", "properties": { "box_id": 1, "provider": "protomaps" }, "geometry": { "type": "Point", "coordinates": [ -49.296540679357044, -25.434392129927012 ] } },
{ "type": "Feature", "properties": { "box_id": 1, "provider": "protomaps" }, "geometry": { "type": "Point", "coordinates": [ -49.296657333234393, -25.434465552636336 ] } },
{ "type": "Feature", "properties": { "box_id": 1, "provider": "protomaps" }, "geometry": { "type": "Point", "coordinates": [ -49.296668396221939, -25.434442358198211 ] } },
{ "type": "Feature", "properties": { "box_id": 1, "provider": "protomaps" }, "geometry": { "type": "Point", "coordinates": [ -49.297788961791952, -25.434910591069681 ] } },
{ "type": "Feature", "properties": { "box_id": 1, "provider": "protomaps" }, "geometry": { "type": "Point", "coordinates": [ -49.297800024613991, -25.434887396538564 ] } },
{ "type": "Feature", "properties": { "box_id": 1, "provider": "protomaps" }, "geometry": { "type": "Point", "coordinates": [ -49.297999197067142, -25.435003598969285 ] } },
{ "type": "Feature", "properties": { "box_id": 1, "provider": "protomaps" }, "geometry": { "type": "Point", "coordinates": [ -49.298018556950858, -25.434963008509001 ] } },
{ "type": "Feature", "properties": { "box_id": 1, "provider": "protomaps" }, "geometry": { "type": "Point", "coordinates": [ -49.298792319632533, -25.435315503724105 ] } },
{ "type": "Feature", "properties": { "box_id": 1, "provider": "protomaps" }, "geometry": { "type": "Point", "coordinates": [ -49.298811679313239, -25.435274913149748 ] } },
{ "type": "Feature", "properties": { "box_id": 1, "provider": "protomaps" }, "geometry": { "type": "Point", "coordinates": [ -49.299050604258099, -25.435417075936016 ] } },
{ "type": "Feature", "properties": { "box_id": 1, "provider": "protomaps" }, "geometry": { "type": "Point", "coordinates": [ -49.299069963872654, -25.435376485324525 ] } },
{ "type": "Feature", "properties": { "box_id": 1, "provider": "protomaps" }, "geometry": { "type": "Point", "coordinates": [ -49.29354555314859, -25.432473384548942 ] } },
{ "type": "Feature", "properties": { "box_id": 1, "provider": "protomaps" }, "geometry": { "type": "Point", "coordinates": [ -49.293543616950856, -25.43251758326485 ] } },
{ "type": "Feature", "properties": { "box_id": 1, "provider": "protomaps" }, "geometry": { "type": "Point", "coordinates": [ -49.293479838830123, -25.432471010840043 ] } },
{ "type": "Feature", "properties": { "box_id": 1, "provider": "protomaps" }, "geometry": { "type": "Point", "coordinates": [ -49.293477902609609, -25.43251520955388 ] } },
{ "type": "Feature", "properties": { "box_id": 1, "provider": "protomaps" }, "geometry": { "type": "Point", "coordinates": [ -49.293477215270755, -25.43247091607217 ] } },
{ "type": "Feature", "properties": { "box_id": 1, "provider": "protomaps" }, "geometry": { "type": "Point", "coordinates": [ -49.293475279049289, -25.432515114785932 ] } },
{ "type": "Feature", "properties": { "box_id": 1, "provider": "protomaps" }, "geometry": { "type": "Point", "coordinates": [ -49.293456804287111, -25.432528588338048 ] } },
{ "type": "Feature", "properties": { "box_id": 1, "provider": "protomaps" }, "geometry": { "type": "Point", "coordinates": [ -49.293491897844277, -25.432485102050858 ] } },
{ "type": "Feature", "properties": { "box_id": 1, "provider": "protomaps" }, "geometry": { "type": "Point", "coordinates": [ -49.293458955249228, -25.432529737308169 ] } },
{ "type": "Feature", "properties": { "box_id": 1, "provider": "protomaps" }, "geometry": { "type": "Point", "coordinates": [ -49.293494740597637, -25.432485393784336 ] } },
{ "type": "Feature", "properties": { "box_id": 1, "provider": "protomaps" }, "geometry": { "type": "Point", "coordinates": [ -49.293498585287885, -25.43257574927771 ] } },
{ "type": "Feature", "properties": { "box_id": 1, "provider": "protomaps" }, "geometry": { "type": "Point", "coordinates": [ -49.293527378558707, -25.43254007000607 ] } },
{ "type": "Feature", "properties": { "box_id": 1, "provider": "protomaps" }, "geometry": { "type": "Point", "coordinates": [ -49.29902412712083, -25.429481782024681 ] } },
{ "type": "Feature", "properties": { "box_id": 1, "provider": "protomaps" }, "geometry": { "type": "Point", "coordinates": [ -49.299068519301343, -25.42949999201911 ] } },
{ "type": "Feature", "properties": { "box_id": 1, "provider": "protomaps" }, "geometry": { "type": "Point", "coordinates": [ -49.298889073777438, -25.429753268153164 ] } },
{ "type": "Feature", "properties": { "box_id": 1, "provider": "protomaps" }, "geometry": { "type": "Point", "coordinates": [ -49.298933466032082, -25.429771478191853 ] } },
{ "type": "Feature", "properties": { "box_id": 1, "provider": "protomaps" }, "geometry": { "type": "Point", "coordinates": [ -49.298281454400083, -25.430974695309235 ] } },
{ "type": "Feature", "properties": { "box_id": 1, "provider": "protomaps" }, "geometry": { "type": "Point", "coordinates": [ -49.298325846988241, -25.430992905547086 ] } },
{ "type": "Feature", "properties": { "box_id": 1, "provider": "protomaps" }, "geometry": { "type": "Point", "coordinates": [ -49.298146397559762, -25.431246180530458 ] } },
{ "type": "Feature", "properties": { "box_id": 1, "provider": "protomaps" }, "geometry": { "type": "Point", "coordinates": [ -49.298190790222051, -25.431264390812579 ] } },
{ "type": "Feature", "properties": { "box_id": 1, "provider": "protomaps" }, "geometry": { "type": "Point", "coordinates": [ -49.29770066253819, -25.4321421668967 ] } },
{ "type": "Feature", "properties": { "box_id": 1, "provider": "protomaps" }, "geometry": { "type": "Point", "coordinates": [ -49.297745055445155, -25.432160377324934 ] } },
{ "type": "Feature", "properties": { "box_id": 1, "provider": "protomaps" }, "geometry": { "type": "Point", "coordinates": [ -49.29763308183152, -25.432278011685828 ] } },
{ "type": "Feature", "properties": { "box_id": 1, "provider": "protomaps" }, "geometry": { "type": "Point", "coordinates": [ -49.297677474773664, -25.432296222140039 ] } },
{ "type": "Feature", "properties": { "box_id": 1, "provider": "protomaps" }, "geometry": { "type": "Point", "coordinates": [ -49.292543499974876, -25.428862202108668 ] } },
{ "type": "Feature", "properties": { "box_id": 1, "provider": "protomaps" }, "geometry": { "type": "Point", "coordinates": [ -49.292562974816185, -25.428821657487834 ] } },
{ "type": "Feature", "properties": { "box_id": 1, "provider": "protomaps" }, "geometry": { "type": "Point", "coordinates": [ -49.292844194672391, -25.428981303445102 ] } },
{ "type": "Feature", "properties": { "box_id": 1, "provider": "protomaps" }, "geometry": { "type": "Point", "coordinates": [ -49.29286366943716, -25.428940758780801 ] } },
{ "type": "Feature", "properties": { "box_id": 1, "provider": "protomaps" }, "geometry": { "type": "Point", "coordinates": [ -49.293997538204259, -25.429438120383246 ] } },
{ "type": "Feature", "properties": { "box_id": 1, "provider": "protomaps" }, "geometry": { "type": "Point", "coordinates": [ -49.294017012675454, -25.429397575552244 ] } },
{ "type": "Feature", "properties": { "box_id": 1, "provider": "protomaps" }, "geometry": { "type": "Point", "coordinates": [ -49.294215596999194, -25.429514565149915 ] } },
{ "type": "Feature", "properties": { "box_id": 1, "provider": "protomaps" }, "geometry": { "type": "Point", "coordinates": [ -49.29422687994488, -25.429491458441195 ] } },
{ "type": "Feature", "properties": { "box_id": 1, "provider": "protomaps" }, "geometry": { "type": "Point", "coordinates": [ -49.29483624370345, -25.42976446881211 ] } },
{ "type": "Feature", "properties": { "box_id": 1, "provider": "protomaps" }, "geometry": { "type": "Point", "coordinates": [ -49.294847526559934, -25.429741362051548 ] } },
{ "type": "Feature", "properties": { "box_id": 1, "provider": "protomaps" }, "geometry": { "type": "Point", "coordinates": [ -49.294963472896747, -25.429815697258793 ] } },
{ "type": "Feature", "properties": { "box_id": 1, "provider": "protomaps" }, "geometry": { "type": "Point", "coordinates": [ -49.294974755734948, -25.429792590487605 ] } },
{ "type": "Feature", "properties": { "box_id": 1, "provider": "protomaps" }, "geometry": { "type": "Point", "coordinates": [ -49.296047943652333, -25.430252349988113 ] } },
{ "type": "Feature", "properties": { "box_id": 1, "provider": "protomaps" }, "geometry": { "type": "Point", "coordinates": [ -49.296059226334684, -25.430229243126316 ] } },
{ "type": "Feature", "properties": { "box_id": 1, "provider": "protomaps" }, "geometry": { "type": "Point", "coordinates": [ -49.296175173923729, -25.430303577434465 ] } },
{ "type": "Feature", "properties": { "box_id": 1, "provider": "protomaps" }, "geometry": { "type": "Point", "coordinates": [ -49.296186456587797, -25.430280470562042 ] } },
{ "type": "Feature", "properties": { "box_id": 1, "provider": "protomaps" }, "geometry": { "type": "Point", "coordinates": [ -49.297079963258533, -25.43066787355588 ] } },
{ "type": "Feature", "properties": { "box_id": 1, "provider": "protomaps" }, "geometry": { "type": "Point", "coordinates": [ -49.297091245792551, -25.430644766607884 ] } },
{ "type": "Feature", "properties": { "box_id": 1, "provider": "protomaps" }, "geometry": { "type": "Point", "coordinates": [ -49.297207194448141, -25.430719100150171 ] } },
{ "type": "Feature", "properties": { "box_id": 1, "provider": "protomaps" }, "geometry": { "type": "Point", "coordinates": [ -49.29721847696387, -25.430695993191549 ] } },
{ "type": "Feature", "properties": { "box_id": 1, "provider": "protomaps" }, "geometry": { "type": "Point", "coordinates": [ -49.297843290601364, -25.430975206787764 ] } },
{ "type": "Feature", "properties": { "box_id": 1, "provider": "protomaps" }, "geometry": { "type": "Point", "coordinates": [ -49.297854573025667, -25.430952099776 ] } },
{ "type": "Feature", "properties": { "box_id": 1, "provider": "protomaps" }, "geometry": { "type": "Point", "coordinates": [ -49.297970522470109, -25.431026432751818 ] } },
{ "type": "Feature", "properties": { "box_id": 1, "provider": "protomaps" }, "geometry": { "type": "Point", "coordinates": [ -49.297981804876123, -25.431003325729431 ] } },
{ "type": "Feature", "properties": { "box_id": 1, "provider": "protomaps" }, "geometry": { "type": "Point", "coordinates": [ -49.298166865121225, -25.431105483732392 ] } },
{ "type": "Feature", "properties": { "box_id": 1, "provider": "protomaps" }, "geometry": { "type": "Point", "coordinates": [ -49.298178147499016, -25.431082376693602 ] } },
{ "type": "Feature", "properties": { "box_id": 1, "provider": "protomaps" }, "geometry": { "type": "Point", "coordinates": [ -49.298376202567269, -25.431200134809703 ] } },
{ "type": "Feature", "properties": { "box_id": 1, "provider": "protomaps" }, "geometry": { "type": "Point", "coordinates": [ -49.298395946674674, -25.431159697460611 ] } },
{ "type": "Feature", "properties": { "box_id": 1, "provider": "protomaps" }, "geometry": { "type": "Point", "coordinates": [ -49.294330295546416, -25.430978076500917 ] } },
{ "type": "Feature", "properties": { "box_id": 1, "provider": "protomaps" }, "geometry": { "type": "Point", "coordinates": [ -49.294285969187399, -25.430959733905766 ] } },
{ "type": "Feature", "properties": { "box_id": 1, "provider": "protomaps" }, "geometry": { "type": "Point", "coordinates": [ -49.294349946136919, -25.430916061093452 ] } },
{ "type": "Feature", "properties": { "box_id": 1, "provider": "protomaps" }, "geometry": { "type": "Point", "coordinates": [ -49.294324616798001, -25.430905579615764 ] } },
{ "type": "Feature", "properties": { "box_id": 1, "provider": "protomaps" }, "geometry": { "type": "Point", "coordinates": [ -49.294889308311241, -25.429841272393869 ] } },
{ "type": "Feature", "properties": { "box_id": 1, "provider": "protomaps" }, "geometry": { "type": "Point", "coordinates": [ -49.294863979138846, -25.429830791016961 ] } },
{ "type": "Feature", "properties": { "box_id": 1, "provider": "protomaps" }, "geometry": { "type": "Point", "coordinates": [ -49.294947020245004, -25.429726268300666 ] } },
{ "type": "Feature", "properties": { "box_id": 1, "provider": "protomaps" }, "geometry": { "type": "Point", "coordinates": [ -49.29492169109043, -25.429715786934544 ] } },
{ "type": "Feature", "properties": { "box_id": 1, "provider": "protomaps" }, "geometry": { "type": "Point", "coordinates": [ -49.292417669493283, -25.434920264376107 ] } },
{ "type": "Feature", "properties": { "box_id": 1, "provider": "protomaps" }, "geometry": { "type": "Point", "coordinates": [ -49.292439266832432, -25.43493751839862 ] } },
{ "type": "Feature", "properties": { "box_id": 1, "provider": "protomaps" }, "geometry": { "type": "Point", "coordinates": [ -49.293821366044604, -25.43199407166729 ] } },
{ "type": "Feature", "properties": { "box_id": 1, "provider": "protomaps" }, "geometry": { "type": "Point", "coordinates": [ -49.293777113932649, -25.431975581128977 ] } },
{ "type": "Feature", "properties": { "box_id": 1, "provider": "protomaps" }, "geometry": { "type": "Point", "coordinates": [ -49.293841964329005, -25.43193074801302 ] } },
{ "type": "Feature", "properties": { "box_id": 1, "provider": "protomaps" }, "geometry": { "type": "Point", "coordinates": [ -49.293816677416999, -25.431920181996741 ] } },
{ "type": "Feature", "properties": { "box_id": 1, "provider": "protomaps" }, "geometry": { "type": "Point", "coordinates": [ -49.296945336447152, -25.428797960852371 ] } },
{ "type": "Feature", "properties": { "box_id": 1, "provider": "protomaps" }, "geometry": { "type": "Point", "coordinates": [ -49.296926226786397, -25.4288386485971 ] } },
{ "type": "Feature", "properties": { "box_id": 1, "provider": "protomaps" }, "geometry": { "type": "Point", "coordinates": [ -49.296793871801007, -25.428739299344635 ] } },
{ "type": "Feature", "properties": { "box_id": 1, "provider": "protomaps" }, "geometry": { "type": "Point", "coordinates": [ -49.296774762101528, -25.428779987067987 ] } },
{ "type": "Feature", "properties": { "box_id": 1, "provider": "protomaps" }, "geometry": { "type": "Point", "coordinates": [ -49.29607964814538, -25.428462681240873 ] } },
{ "type": "Feature", "properties": { "box_id": 1, "provider": "protomaps" }, "geometry": { "type": "Point", "coordinates": [ -49.296060538261173, -25.428503368862621 ] } },
{ "type": "Feature", "properties": { "box_id": 1, "provider": "protomaps" }, "geometry": { "type": "Point", "coordinates": [ -49.295777894502983, -25.428345810961691 ] } },
{ "type": "Feature", "properties": { "box_id": 1, "provider": "protomaps" }, "geometry": { "type": "Point", "coordinates": [ -49.29575878454073, -25.428386498540512 ] } },
{ "type": "Feature", "properties": { "box_id": 1, "provider": "protomaps" }, "geometry": { "type": "Point", "coordinates": [ -49.289380175488716, -25.430381647231084 ] } },
{ "type": "Feature", "properties": { "box_id": 1, "provider": "protomaps" }, "geometry": { "type": "Point", "coordinates": [ -49.289335426959042, -25.430364171021278 ] } },
{ "type": "Feature", "properties": { "box_id": 1, "provider": "protomaps" }, "geometry": { "type": "Point", "coordinates": [ -49.289500597001478, -25.430127387631288 ] } },
{ "type": "Feature", "properties": { "box_id": 1, "provider": "protomaps" }, "geometry": { "type": "Point", "coordinates": [ -49.289455848543788, -25.430109911461571 ] } },
{ "type": "Feature", "properties": { "box_id": 1, "provider": "protomaps" }, "geometry": { "type": "Point", "coordinates": [ -49.289782809099194, -25.429531516284733 ] } },
{ "type": "Feature", "properties": { "box_id": 1, "provider": "protomaps" }, "geometry": { "type": "Point", "coordinates": [ -49.289738060810194, -25.429514040208968 ] } },
{ "type": "Feature", "properties": { "box_id": 1, "provider": "protomaps" }, "geometry": { "type": "Point", "coordinates": [ -49.289864633182901, -25.429358749092195 ] } },
{ "type": "Feature", "properties": { "box_id": 1, "provider": "protomaps" }, "geometry": { "type": "Point", "coordinates": [ -49.289819884942823, -25.429341273043644 ] } },
{ "type": "Feature", "properties": { "box_id": 1, "provider": "protomaps" }, "geometry": { "type": "Point", "coordinates": [ -49.289865327843636, -25.42935728235058 ] } },
{ "type": "Feature", "properties": { "box_id": 1, "provider": "protomaps" }, "geometry": { "type": "Point", "coordinates": [ -49.289820579603976, -25.429339806302256 ] } },
{ "type": "Feature", "properties": { "box_id": 1, "provider": "protomaps" }, "geometry": { "type": "Point", "coordinates": [ -49.289901346958487, -25.429281229722523 ] } },
{ "type": "Feature", "properties": { "box_id": 1, "provider": "protomaps" }, "geometry": { "type": "Point", "coordinates": [ -49.289856598740357, -25.429263753686193 ] } },
{ "type": "Feature", "properties": { "box_id": 1, "provider": "protomaps" }, "geometry": { "type": "Point", "coordinates": [ -49.289902122465648, -25.429279592275236 ] } },
{ "type": "Feature", "properties": { "box_id": 1, "provider": "protomaps" }, "geometry": { "type": "Point", "coordinates": [ -49.28985737424798, -25.429262116239162 ] } },
{ "type": "Feature", "properties": { "box_id": 1, "provider": "protomaps" }, "geometry": { "type": "Point", "coordinates": [ -49.289985926944716, -25.429102642708177 ] } },
{ "type": "Feature", "properties": { "box_id": 1, "provider": "protomaps" }, "geometry": { "type": "Point", "coordinates": [ -49.289941178777141, -25.42908516670002 ] } },
{ "type": "Feature", "properties": { "box_id": 1, "provider": "protomaps" }, "geometry": { "type": "Point", "coordinates": [ -49.292294109089404, -25.432798705280831 ] } },
{ "type": "Feature", "properties": { "box_id": 1, "provider": "protomaps" }, "geometry": { "type": "Point", "coordinates": [ -49.292266575809855, -25.432794989059079 ] } },
{ "type": "Feature", "properties": { "box_id": 1, "provider": "protomaps" }, "geometry": { "type": "Point", "coordinates": [ -49.292314779466885, -25.432736897397739 ] } },
{ "type": "Feature", "properties": { "box_id": 1, "provider": "protomaps" }, "geometry": { "type": "Point", "coordinates": [ -49.292266596251793, -25.43273039401463 ] } },
{ "type": "Feature", "properties": { "box_id": 1, "provider": "protomaps" }, "geometry": { "type": "Point", "coordinates": [ -49.291120787739089, -25.43138588526277 ] } },
{ "type": "Feature", "properties": { "box_id": 1, "provider": "protomaps" }, "geometry": { "type": "Point", "coordinates": [ -49.291165185040718, -25.431367684541751 ] } },
{ "type": "Feature", "properties": { "box_id": 1, "provider": "protomaps" }, "geometry": { "type": "Point", "coordinates": [ -49.291159093833478, -25.431439898457313 ] } },
{ "type": "Feature", "properties": { "box_id": 1, "provider": "protomaps" }, "geometry": { "type": "Point", "coordinates": [ -49.29118446372992, -25.431429498039911 ] } },
{ "type": "Feature", "properties": { "box_id": 1, "provider": "protomaps" }, "geometry": { "type": "Point", "coordinates": [ -49.28969980702071, -25.429273603579343 ] } },
{ "type": "Feature", "properties": { "box_id": 1, "provider": "protomaps" }, "geometry": { "type": "Point", "coordinates": [ -49.289719198107214, -25.42923302590377 ] } },
{ "type": "Feature", "properties": { "box_id": 1, "provider": "protomaps" }, "geometry": { "type": "Point", "coordinates": [ -49.290000747902525, -25.429392192289569 ] } },
{ "type": "Feature", "properties": { "box_id": 1, "provider": "protomaps" }, "geometry": { "type": "Point", "coordinates": [ -49.290020138912148, -25.429351614570642 ] } },
{ "type": "Feature", "properties": { "box_id": 1, "provider": "protomaps" }, "geometry": { "type": "Point", "coordinates": [ -49.290865734110049, -25.429733043963303 ] } },
{ "type": "Feature", "properties": { "box_id": 1, "provider": "protomaps" }, "geometry": { "type": "Point", "coordinates": [ -49.290885124898708, -25.429692466119775 ] } },
{ "type": "Feature", "properties": { "box_id": 1, "provider": "protomaps" }, "geometry": { "type": "Point", "coordinates": [ -49.291166677397428, -25.429851630394889 ] } },
{ "type": "Feature", "properties": { "box_id": 1, "provider": "protomaps" }, "geometry": { "type": "Point", "coordinates": [ -49.291186068109198, -25.429811052508011 ] } },
{ "type": "Feature", "properties": { "box_id": 1, "provider": "protomaps" }, "geometry": { "type": "Point", "coordinates": [ -49.292915398064366, -25.430540695719774 ] } },
{ "type": "Feature", "properties": { "box_id": 1, "provider": "protomaps" }, "geometry": { "type": "Point", "coordinates": [ -49.29293478832934, -25.430500117581015 ] } },
{ "type": "Feature", "properties": { "box_id": 1, "provider": "protomaps" }, "geometry": { "type": "Point", "coordinates": [ -49.293216345580447, -25.430659278145257 ] } },
{ "type": "Feature", "properties": { "box_id": 1, "provider": "protomaps" }, "geometry": { "type": "Point", "coordinates": [ -49.293235735768526, -25.430618699963144 ] } },
{ "type": "Feature", "properties": { "box_id": 1, "provider": "protomaps" }, "geometry": { "type": "Point", "coordinates": [ -49.295258619744466, -25.43146397394392 ] } },
{ "type": "Feature", "properties": { "box_id": 1, "provider": "protomaps" }, "geometry": { "type": "Point", "coordinates": [ -49.29527800941068, -25.431423395467682 ] } },
{ "type": "Feature", "properties": { "box_id": 1, "provider": "protomaps" }, "geometry": { "type": "Point", "coordinates": [ -49.295559572094582, -25.431582551789027 ] } },
{ "type": "Feature", "properties": { "box_id": 1, "provider": "protomaps" }, "geometry": { "type": "Point", "coordinates": [ -49.295578961683887, -25.431541973269454 ] } },
{ "type": "Feature", "properties": { "box_id": 1, "provider": "protomaps" }, "geometry": { "type": "Point", "coordinates": [ -49.298327241171904, -25.432672998439955 ] } },
{ "type": "Feature", "properties": { "box_id": 1, "provider": "protomaps" }, "geometry": { "type": "Point", "coordinates": [ -49.298346630053835, -25.432632419521841 ] } },
{ "type": "Feature", "properties": { "box_id": 1, "provider": "protomaps" }, "geometry": { "type": "Point", "coordinates": [ -49.298606174395644, -25.432782892714229 ] } },
{ "type": "Feature", "properties": { "box_id": 1, "provider": "protomaps" }, "geometry": { "type": "Point", "coordinates": [ -49.298625563206279, -25.432742313755952 ] } },
{ "type": "Feature", "properties": { "box_id": 1, "provider": "protomaps" }, "geometry": { "type": "Point", "coordinates": [ -49.289886399984042, -25.431735862615934 ] } },
{ "type": "Feature", "properties": { "box_id": 1, "provider": "protomaps" }, "geometry": { "type": "Point", "coordinates": [ -49.289874917079899, -25.431692875574367 ] } },
{ "type": "Feature", "properties": { "box_id": 1, "provider": "protomaps" }, "geometry": { "type": "Point", "coordinates": [ -49.290011306324587, -25.431708350097463 ] } },
{ "type": "Feature", "properties": { "box_id": 1, "provider": "protomaps" }, "geometry": { "type": "Point", "coordinates": [ -49.289999823377464, -25.43166536306336 ] } },
{ "type": "Feature", "properties": { "box_id": 1, "provider": "protomaps" }, "geometry": { "type": "Point", "coordinates": [ -49.290244289154984, -25.431640192680895 ] } },
{ "type": "Feature", "properties": { "box_id": 1, "provider": "protomaps" }, "geometry": { "type": "Point", "coordinates": [ -49.290232743425797, -25.431606255482233 ] } },
{ "type": "Feature", "properties": { "box_id": 1, "provider": "protomaps" }, "geometry": { "type": "Point", "coordinates": [ -49.291080765445308, -25.431407831846357 ] } },
{ "type": "Feature", "properties": { "box_id": 1, "provider": "protomaps" }, "geometry": { "type": "Point", "coordinates": [ -49.291072549185948, -25.431383681701153 ] } },
{ "type": "Feature", "properties": { "box_id": 1, "provider": "protomaps" }, "geometry": { "type": "Point", "coordinates": [ -49.291213741405542, -25.431370527327779 ] } },
{ "type": "Feature", "properties": { "box_id": 1, "provider": "protomaps" }, "geometry": { "type": "Point", "coordinates": [ -49.291205525121271, -25.431346377188646 ] } },
{ "type": "Feature", "properties": { "box_id": 1, "provider": "protomaps" }, "geometry": { "type": "Point", "coordinates": [ -49.291665360183046, -25.431208576586741 ] } },
{ "type": "Feature", "properties": { "box_id": 1, "provider": "protomaps" }, "geometry": { "type": "Point", "coordinates": [ -49.291646801526618, -25.431185468752055 ] } },
{ "type": "Feature", "properties": { "box_id": 1, "provider": "protomaps" }, "geometry": { "type": "Point", "coordinates": [ -49.291762361969511, -25.431114681772904 ] } },
{ "type": "Feature", "properties": { "box_id": 1, "provider": "protomaps" }, "geometry": { "type": "Point", "coordinates": [ -49.291738939175474, -25.431101025079741 ] } },
{ "type": "Feature", "properties": { "box_id": 1, "provider": "protomaps" }, "geometry": { "type": "Point", "coordinates": [ -49.292504490189067, -25.430195522959636 ] } },
{ "type": "Feature", "properties": { "box_id": 1, "provider": "protomaps" }, "geometry": { "type": "Point", "coordinates": [ -49.29252575921673, -25.4302283994808 ] } },
{ "type": "Feature", "properties": { "box_id": 1, "provider": "protomaps" }, "geometry": { "type": "Point", "coordinates": [ -49.292435888582922, -25.430217931591699 ] } },
{ "type": "Feature", "properties": { "box_id": 1, "provider": "protomaps" }, "geometry": { "type": "Point", "coordinates": [ -49.292460562295986, -25.430256070929818 ] } },
{ "type": "Feature", "properties": { "box_id": 1, "provider": "protomaps" }, "geometry": { "type": "Point", "coordinates": [ -49.292141748804397, -25.430115452411485 ] } },
{ "type": "Feature", "properties": { "box_id": 1, "provider": "protomaps" }, "geometry": { "type": "Point", "coordinates": [ -49.292097165291239, -25.430097631892391 ] } },
{ "type": "Feature", "properties": { "box_id": 1, "provider": "protomaps" }, "geometry": { "type": "Point", "coordinates": [ -49.29216053004054, -25.430053179272551 ] } },
{ "type": "Feature", "properties": { "box_id": 1, "provider": "protomaps" }, "geometry": { "type": "Point", "coordinates": [ -49.292135053756418, -25.430042996124506 ] } },
{ "type": "Feature", "properties": { "box_id": 1, "provider": "protomaps" }, "geometry": { "type": "Point", "coordinates": [ -49.292688288245593, -25.428964408096743 ] } },
{ "type": "Feature", "properties": { "box_id": 1, "provider": "protomaps" }, "geometry": { "type": "Point", "coordinates": [ -49.292662812134708, -25.428954225048361 ] } },
{ "type": "Feature", "properties": { "box_id": 1, "provider": "protomaps" }, "geometry": { "type": "Point", "coordinates": [ -49.292726014561111, -25.428910105328491 ] } },
{ "type": "Feature", "properties": { "box_id": 1, "provider": "protomaps" }, "geometry": { "type": "Point", "coordinates": [ -49.292681431382192, -25.428892285005336 ] } },
{ "type": "Feature", "properties": { "box_id": 1, "provider": "protomaps" }, "geometry": { "type": "Point", "coordinates": [ -49.294216472859745, -25.429415578005486 ] } },
{ "type": "Feature", "properties": { "box_id": 1, "provider": "protomaps" }, "geometry": { "type": "Point", "coordinates": [ -49.294172375209826, -25.429396787441938 ] } },
{ "type": "Feature", "properties": { "box_id": 1, "provider": "protomaps" }, "geometry": { "type": "Point", "coordinates": [ -49.294217974892433, -25.429412671288489 ] } },
{ "type": "Feature", "properties": { "box_id": 1, "provider": "protomaps" }, "geometry": { "type": "Point", "coordinates": [ -49.294173877243281, -25.429393880725435 ] } },
{ "type": "Feature", "properties": { "box_id": 1, "provider": "protomaps" }, "geometry": { "type": "Point", "coordinates": [ -49.294259141134582, -25.429183400960426 ] } },
{ "type": "Feature", "properties": { "box_id": 1, "provider": "protomaps" }, "geometry": { "type": "Point", "coordinates": [ -49.294210433796081, -25.429182845002412 ] } },
{ "type": "Feature", "properties": { "box_id": 1, "provider": "protomaps" }, "geometry": { "type": "Point", "coordinates": [ -49.294260182505255, -25.429108166965992 ] } },
{ "type": "Feature", "properties": { "box_id": 1, "provider": "protomaps" }, "geometry": { "type": "Point", "coordinates": [ -49.294211475196974, -25.429107611009869 ] } },
{ "type": "Feature", "properties": { "box_id": 1, "provider": "protomaps" }, "geometry": { "type": "Point", "coordinates": [ -49.294264305603868, -25.428810290032835 ] } },
{ "type": "Feature", "properties": { "box_id": 1, "provider": "protomaps" }, "geometry": { "type": "Point", "coordinates": [ -49.294215598415221, -25.428809734084247 ] } },
{ "type": "Feature", "properties": { "box_id": 1, "provider": "protomaps" }, "geometry": { "type": "Point", "coordinates": [ -49.294257302847491, -25.428343611804731 ] } },
{ "type": "Feature", "properties": { "box_id": 1, "provider": "protomaps" }, "geometry": { "type": "Point", "coordinates": [ -49.294208640879241, -25.428345592941117 ] } },
{ "type": "Feature", "properties": { "box_id": 1, "provider": "protomaps" }, "geometry": { "type": "Point", "coordinates": [ -49.294248065349322, -25.428156507644264 ] } },
{ "type": "Feature", "properties": { "box_id": 1, "provider": "protomaps" }, "geometry": { "type": "Point", "coordinates": [ -49.294199403456496, -25.428158488781495 ] } }
]
}
