{
"type": "FeatureCollection",
"name": "curitiba_1km_osmnx_roads",
"crs": { "type": "name", "properties": { "name": "urn:ogc:def:crs:OGC:1.3:CRS84" } },
"features": [
{ "type": "Feature", "properties": { "highway": "residential", "amenity": null, "healthcare": null, "name": "Rua Rio Grande do Norte", "brand": null, "brand:wikidata": null, "shop": null, "maxspeed": null, "addr:city": null, "addr:housenumber": null, "addr:street": null, "office": null, "website": null, "bus": null, "public_transport": null, "shelter": null, "check_date:shelter": null, "recycling:aluminium": null, "recycling:beverage_cartons": null, "recycling:books": null, "recycling:cans": null, "recycling:cardboard": null, "recycling:cartons": null, "recycling:glass": null, "recycling:glass_bottles": null, "recycling:magazines": null, "recycling:newspaper": null, "recycling:paper": null, "recycling:paper_packaging": null, "recycling:plastic": null, "recycling:plastic_bottles": null, "recycling:plastic_packaging": null, "recycling:scrap_metal": null, "recycling_type": null, "contact:email": null, "contact:phone": null, "contact:website": null, "contact:whatsapp": null, "natural": null, "opening_hours": null, "operator": null, "phone": null, "crossing": null, "crossing:signals": null, "crossing:markings": null, "parking_space": null, "addr:postcode": null, "addr:suburb": null, "description": null, "payment:pix": null, "lit": null, "oneway": null, "surface": "asphalt", "lanes": null, "sidewalk": null, "source": null, "alt_name": null, "foot": null, "smoothness": null, "building": null, "service": null, "bridge": null, "layer": null, "brand:wikipedia": null, "cuisine": null, "takeaway": null, "bicycle": null, "leisure": null, "highway:source": null, "building:levels": null, "note": null, "footway": null, "mapillary": null, "survey:date": null, "tactile_paving": null, "turn:lanes": null, "box_id": 1, "provider": "osmnx" }, "geometry": { "type": "LineString", "coordinates": [ [ -49.271959224993786, -25.463691394959842 ], [ -49.2714325, -25.4632178 ] ] } },
{ "type": "Feature", "properties": { "highway": "residential", "amenity": null, "healthcare": null, "name": "Rua Paraíba", "brand": null, "brand:wikidata": null, "shop": null, "maxspeed": null, "addr:city": null, "addr:housenumber": null, "addr:street": null, "office": null, "website": null, "bus": null, "public_transport": null, "shelter": null, "check_date:shelter": null, "recycling:aluminium": null, "recycling:beverage_cartons": null, "recycling:books": null, "recycling:cans": null, "recycling:cardboard": null, "recycling:cartons": null, "recycling:glass": null, "recycling:glass_bottles": null, "recycling:magazines": null, "recycling:newspaper": null, "recycling:paper": null, "recycling:paper_packaging": null, "recycling:plastic": null, "recycling:plastic_bottles": null, "recycling:plastic_packaging": null, "recycling:scrap_metal": null, "recycling_type": null, "contact:email": null, "contact:phone": null, "contact:website": null, "contact:whatsapp": null, "natural": null, "opening_hours": null, "operator": null, "phone": null, "crossing": null, "crossing:signals": null, "crossing:markings": null, "parking_space": null, "addr:postcode": null, "addr:suburb": null, "description": null, "payment:pix": null, "lit": null, "oneway": null, "surface": "asphalt", "lanes": null, "sidewalk": null, "source": null, "alt_name": null, "foot": null, "smoothness": null, "building": null, "service": null, "bridge": null, "layer": null, "brand:wikipedia": null, "cuisine": null, "takeaway": null, "bicycle": null, "leisure": null, "highway:source": null, "building:levels": null, "note": null, "footway": null, "mapillary": null, "survey:date": null, "tactile_paving": null, "turn:lanes": null, "box_id": 1, "provider": "osmnx" }, "geometry": { "type": "LineString", "coordinates": [ [ -49.271588677138602, -25.46473405879512 ], [ -49.2709729, -25.4641804 ], [ -49.270423, -25.4636859 ] ] } },
{ "type": "Feature", "properties": { "highway": "residential", "amenity": null, "healthcare": null, "name": "Rua Augusto de Mari", "brand": null, "brand:wikidata": null, "shop": null, "maxspeed": null, "addr:city": null, "addr:housenumber": null, "addr:street": null, "office": null, "website": null, "bus": null, "public_transport": null, "shelter": null, "check_date:shelter": null, "recycling:aluminium": null, "recycling:beverage_cartons": null, "recycling:books": null, "recycling:cans": null, "recycling:cardboard": null, "recycling:cartons": null, "recycling:glass": null, "recycling:glass_bottles": null, "recycling:magazines": null, "recycling:newspaper": null, "recycling:paper": null, "recycling:paper_packaging": null, "recycling:plastic": null, "recycling:plastic_bottles": null, "recycling:plastic_packaging": null, "recycling:scrap_metal": null, "recycling_type": null, "contact:email": null, "contact:phone": null, "contact:website": null, "contact:whatsapp": null, "natural": null, "opening_hours": null, "operator": null, "phone": null, "crossing": null, "crossing:signals": null, "crossing:markings": null, "parking_space": null, "addr:postcode": null, "addr:suburb": null, "description": null, "payment:pix": null, "lit": null, "oneway": null, "surface": "asphalt", "lanes": null, "sidewalk": null, "source": null, "alt_name": null, "foot": null, "smoothness": null, "building": null, "service": null, "bridge": null, "layer": null, "brand:wikipedia": null, "cuisine": null, "takeaway": null, "bicycle": null, "leisure": null, "highway:source": null, "building:levels": null, "note": null, "footway": null, "mapillary": null, "survey:date": null, "tactile_paving": null, "turn:lanes": null, "box_id": 1, "provider": "osmnx" }, "geometry": { "type": "LineString", "coordinates": [ [ -49.271979256159682, -25.462289183345206 ], [ -49.2719104, -25.4622246 ] ] } },
{ "type": "Feature", "properties": { "highway": "residential", "amenity": null, "healthcare": null, "name": "Rua Piauí", "brand": null, "brand:wikidata": null, "shop": null, "maxspeed": null, "addr:city": null, "addr:housenumber": null, "addr:street": null, "office": null, "website": null, "bus": null, "public_transport": null, "shelter": null, "check_date:shelter": null, "recycling:aluminium": null, "recycling:beverage_cartons": null, "recycling:books": null, "recycling:cans": null, "recycling:cardboard": null, "recycling:cartons": null, "recycling:glass": null, "recycling:glass_bottles": null, "recycling:magazines": null, "recycling:newspaper": null, "recycling:paper": null, "recycling:paper_packaging": null, "recycling:plastic": null, "recycling:plastic_bottles": null, "recycling:plastic_packaging": null, "recycling:scrap_metal": null, "recycling_type": null, "contact:email": null, "contact:phone": null, "contact:website": null, "contact:whatsapp": null, "natural": null, "opening_hours": null, "operator": null, "phone": null, "crossing": null, "crossing:signals": null, "crossing:markings": null, "parking_space": null, "addr:postcode": null, "addr:suburb": null, "description": null, "payment:pix": null, "lit": null, "oneway": "no", "surface": null, "lanes": null, "sidewalk": null, "source": null, "alt_name": null, "foot": null, "smoothness": null, "building": null, "service": null, "bridge": null, "layer": null, "brand:wikipedia": null, "cuisine": null, "takeaway": null, "bicycle": null, "leisure": null, "highway:source": null, "building:levels": null, "note": null, "footway": null, "mapillary": null, "survey:date": null, "tactile_paving": null, "turn:lanes": null, "box_id": 1, "provider": "osmnx" }, "geometry": { "type": "LineString", "coordinates": [ [ -49.269274, -25.4584305 ], [ -49.270138, -25.4592136 ], [ -49.2712554, -25.4602233 ], [ -49.271999167349932, -25.460895370205197 ] ] } },
{ "type": "Feature", "properties": { "highway": "primary", "amenity": null, "healthcare": null, "name": "Avenida Presidente Kennedy", "brand": null, "brand:wikidata": null, "shop": null, "maxspeed": "50", "addr:city": null, "addr:housenumber": null, "addr:street": null, "office": null, "website": null, "bus": null, "public_transport": null, "shelter": null, "check_date:shelter": null, "recycling:aluminium": null, "recycling:beverage_cartons": null, "recycling:books": null, "recycling:cans": null, "recycling:cardboard": null, "recycling:cartons": null, "recycling:glass": null, "recycling:glass_bottles": null, "recycling:magazines": null, "recycling:newspaper": null, "recycling:paper": null, "recycling:paper_packaging": null, "recycling:plastic": null, "recycling:plastic_bottles": null, "recycling:plastic_packaging": null, "recycling:scrap_metal": null, "recycling_type": null, "contact:email": null, "contact:phone": null, "contact:website": null, "contact:whatsapp": null, "natural": null, "opening_hours": null, "operator": null, "phone": null, "crossing": null, "crossing:signals": null, "crossing:markings": null, "parking_space": null, "addr:postcode": null, "addr:suburb": null, "description": null, "payment:pix": null, "lit": "yes", "oneway": "yes", "surface": "asphalt", "lanes": "2", "sidewalk": null, "source": null, "alt_name": null, "foot": null, "smoothness": null, "building": null, "service": null, "bridge": null, "layer": null, "brand:wikipedia": null, "cuisine": null, "takeaway": null, "bicycle": null, "leisure": null, "highway:source": null, "building:levels": null, "note": null, "footway": null, "mapillary": null, "survey:date": null, "tactile_paving": null, "turn:lanes": null, "box_id": 1, "provider": "osmnx" }, "geometry": { "type": "LineString", "coordinates": [ [ -49.271963, -25.4593996 ], [ -49.27201980396169, -25.459450776473531 ] ] } },
{ "type": "Feature", "properties": { "highway": "primary", "amenity": null, "healthcare": null, "name": "Avenida Presidente Kennedy", "brand": null, "brand:wikidata": null, "shop": null, "maxspeed": "50", "addr:city": null, "addr:housenumber": null, "addr:street": null, "office": null, "website": null, "bus": null, "public_transport": null, "shelter": null, "check_date:shelter": null, "recycling:aluminium": null, "recycling:beverage_cartons": null, "recycling:books": null, "recycling:cans": null, "recycling:cardboard": null, "recycling:cartons": null, "recycling:glass": null, "recycling:glass_bottles": null, "recycling:magazines": null, "recycling:newspaper": null, "recycling:paper": null, "recycling:paper_packaging": null, "recycling:plastic": null, "recycling:plastic_bottles": null, "recycling:plastic_packaging": null, "recycling:scrap_metal": null, "recycling_type": null, "contact:email": null, "contact:phone": null, "contact:website": null, "contact:whatsapp": null, "natural": null, "opening_hours": null, "operator": null, "phone": null, "crossing": null, "crossing:signals": null, "crossing:markings": null, "parking_space": null, "addr:postcode": null, "addr:suburb": null, "description": null, "payment:pix": null, "lit": "yes", "oneway": "yes", "surface": "asphalt", "lanes": "2", "sidewalk": null, "source": null, "alt_name": null, "foot": null, "smoothness": null, "building": null, "service": null, "bridge": null, "layer": null, "brand:wikipedia": null, "cuisine": null, "takeaway": null, "bicycle": null, "leisure": null, "highway:source": null, "building:levels": null, "note": null, "footway": null, "mapillary": null, "survey:date": null, "tactile_paving": null, "turn:lanes": null, "box_id": 1, "provider": "osmnx" }, "geometry": { "type": "LineString", "coordinates": [ [ -49.272017599338909, -25.459605103370237 ], [ -49.2717918, -25.4594014 ], [ -49.2716957, -25.4593147 ], [ -49.2707298, -25.4584434 ], [ -49.2705755, -25.4583041 ], [ -49.269714, -25.457527 ], [ -49.2693236, -25.4571748 ], [ -49.2692396, -25.457099 ] ] } },
{ "type": "Feature", "properties": { "highway": "residential", "amenity": null, "healthcare": null, "name": "Rua João Antônio Xavier", "brand": null, "brand:wikidata": null, "shop": null, "maxspeed": null, "addr:city": null, "addr:housenumber": null, "addr:street": null, "office": null, "website": null, "bus": null, "public_transport": null, "shelter": null, "check_date:shelter": null, "recycling:aluminium": null, "recycling:beverage_cartons": null, "recycling:books": null, "recycling:cans": null, "recycling:cardboard": null, "recycling:cartons": null, "recycling:glass": null, "recycling:glass_bottles": null, "recycling:magazines": null, "recycling:newspaper": null, "recycling:paper": null, "recycling:paper_packaging": null, "recycling:plastic": null, "recycling:plastic_bottles": null, "recycling:plastic_packaging": null, "recycling:scrap_metal": null, "recycling_type": null, "contact:email": null, "contact:phone": null, "contact:website": null, "contact:whatsapp": null, "natural": null, "opening_hours": null, "operator": null, "phone": null, "crossing": null, "crossing:signals": null, "crossing:markings": null, "parking_space": null, "addr:postcode": null, "addr:suburb": null, "description": null, "payment:pix": null, "lit": null, "oneway": "yes", "surface": null, "lanes": null, "sidewalk": null, "source": null, "alt_name": null, "foot": "no", "smoothness": null, "building": null, "service": null, "bridge": null, "layer": null, "brand:wikipedia": null, "cuisine": null, "takeaway": null, "bicycle": null, "leisure": null, "highway:source": null, "building:levels": null, "note": "check classification", "footway": null, "mapillary": null, "survey:date": null, "tactile_paving": null, "turn:lanes": null, "box_id": 1, "provider": "osmnx" }, "geometry": { "type": "LineString", "coordinates": [ [ -49.271963, -25.4593996 ], [ -49.2717918, -25.4594014 ] ] } },
{ "type": "Feature", "properties": { "highway": "footway", "amenity": null, "healthcare": null, "name": null, "brand": null, "brand:wikidata": null, "shop": null, "maxspeed": null, "addr:city": null, "addr:housenumber": null, "addr:street": null, "office": null, "website": null, "bus": null, "public_transport": null, "shelter": null, "check_date:shelter": null, "recycling:aluminium": null, "recycling:beverage_cartons": null, "recycling:books": null, "recycling:cans": null, "recycling:cardboard": null, "recycling:cartons": null, "recycling:glass": null, "recycling:glass_bottles": null, "recycling:magazines": null, "recycling:newspaper": null, "recycling:paper": null, "recycling:paper_packaging": null, "recycling:plastic": null, "recycling:plastic_bottles": null, "recycling:plastic_packaging": null, "recycling:scrap_metal": null, "recycling_type": null, "contact:email": null, "contact:phone": null, "contact:website": null, "contact:whatsapp": null, "natural": null, "opening_hours": null, "operator": null, "phone": null, "crossing": null, "crossing:signals": null, "crossing:markings": null, "parking_space": null, "addr:postcode": null, "addr:suburb": null, "description": null, "payment:pix": null, "lit": null, "oneway": null, "surface": null, "lanes": null, "sidewalk": null, "source": null, "alt_name": null, "foot": null, "smoothness": null, "building": null, "service": null, "bridge": null, "layer": null, "brand:wikipedia": null, "cuisine": null, "takeaway": null, "bicycle": null, "leisure": null, "highway:source": null, "building:levels": null, "note": null, "footway": "sidewalk", "mapillary": null, "survey:date": null, "tactile_paving": null, "turn:lanes": null, "box_id": 1, "provider": "osmnx" }, "geometry": { "type": "LineString", "coordinates": [ [ -49.2719155, -25.4592677 ], [ -49.2719803, -25.4593261 ], [ -49.2719873, -25.4593308 ], [ -49.2719956, -25.4593335 ], [ -49.2720043, -25.4593339 ], [ -49.2720128, -25.4593319 ], [ -49.272021549100565, -25.459328614138702 ] ] } },
{ "type": "Feature", "properties": { "highway": "footway", "amenity": null, "healthcare": null, "name": null, "brand": null, "brand:wikidata": null, "shop": null, "maxspeed": null, "addr:city": null, "addr:housenumber": null, "addr:street": null, "office": null, "website": null, "bus": null, "public_transport": null, "shelter": null, "check_date:shelter": null, "recycling:aluminium": null, "recycling:beverage_cartons": null, "recycling:books": null, "recycling:cans": null, "recycling:cardboard": null, "recycling:cartons": null, "recycling:glass": null, "recycling:glass_bottles": null, "recycling:magazines": null, "recycling:newspaper": null, "recycling:paper": null, "recycling:paper_packaging": null, "recycling:plastic": null, "recycling:plastic_bottles": null, "recycling:plastic_packaging": null, "recycling:scrap_metal": null, "recycling_type": null, "contact:email": null, "contact:phone": null, "contact:website": null, "contact:whatsapp": null, "natural": null, "opening_hours": null, "operator": null, "phone": null, "crossing": null, "crossing:signals": null, "crossing:markings": null, "parking_space": null, "addr:postcode": null, "addr:suburb": null, "description": null, "payment:pix": null, "lit": null, "oneway": null, "surface": null, "lanes": null, "sidewalk": null, "source": null, "alt_name": null, "foot": null, "smoothness": null, "building": null, "service": null, "bridge": null, "layer": null, "brand:wikipedia": null, "cuisine": null, "takeaway": null, "bicycle": null, "leisure": null, "highway:source": null, "building:levels": null, "note": null, "footway": "sidewalk", "mapillary": null, "survey:date": null, "tactile_paving": null, "turn:lanes": null, "box_id": 1, "provider": "osmnx" }, "geometry": { "type": "LineString", "coordinates": [ [ -49.2718157, -25.4591776 ], [ -49.2719155, -25.4592677 ] ] } },
{ "type": "Feature", "properties": { "highway": "residential", "amenity": null, "healthcare": null, "name": "Rua Pernambuco", "brand": null, "brand:wikidata": null, "shop": null, "maxspeed": null, "addr:city": null, "addr:housenumber": null, "addr:street": null, "office": null, "website": null, "bus": null, "public_transport": null, "shelter": null, "check_date:shelter": null, "recycling:aluminium": null, "recycling:beverage_cartons": null, "recycling:books": null, "recycling:cans": null, "recycling:cardboard": null, "recycling:cartons": null, "recycling:glass": null, "recycling:glass_bottles": null, "recycling:magazines": null, "recycling:newspaper": null, "recycling:paper": null, "recycling:paper_packaging": null, "recycling:plastic": null, "recycling:plastic_bottles": null, "recycling:plastic_packaging": null, "recycling:scrap_metal": null, "recycling_type": null, "contact:email": null, "contact:phone": null, "contact:website": null, "contact:whatsapp": null, "natural": null, "opening_hours": null, "operator": null, "phone": null, "crossing": null, "crossing:signals": null, "crossing:markings": null, "parking_space": null, "addr:postcode": null, "addr:suburb": null, "description": null, "payment:pix": null, "lit": null, "oneway": null, "surface": null, "lanes": null, "sidewalk": null, "source": null, "alt_name": null, "foot": null, "smoothness": null, "building": null, "service": null, "bridge": null, "layer": null, "brand:wikipedia": null, "cuisine": null, "takeaway": null, "bicycle": null, "leisure": null, "highway:source": null, "building:levels": null, "note": null, "footway": null, "mapillary": null, "survey:date": null, "tactile_paving": null, "turn:lanes": null, "box_id": 1, "provider": "osmnx" }, "geometry": { "type": "LineString", "coordinates": [ [ -49.2692391, -25.4642143 ], [ -49.269802491577806, -25.464712964677382 ] ] } },
{ "type": "Feature", "properties": { "highway": "residential", "amenity": null, "healthcare": null, "name": "Rua Pernambuco", "brand": null, "brand:wikidata": null, "shop": null, "maxspeed": null, "addr:city": null, "addr:housenumber": null, "addr:street": null, "office": null, "website": null, "bus": null, "public_transport": null, "shelter": null, "check_date:shelter": null, "recycling:aluminium": null, "recycling:beverage_cartons": null, "recycling:books": null, "recycling:cans": null, "recycling:cardboard": null, "recycling:cartons": null, "recycling:glass": null, "recycling:glass_bottles": null, "recycling:magazines": null, "recycling:newspaper": null, "recycling:paper": null, "recycling:paper_packaging": null, "recycling:plastic": null, "recycling:plastic_bottles": null, "recycling:plastic_packaging": null, "recycling:scrap_metal": null, "recycling_type": null, "contact:email": null, "contact:phone": null, "contact:website": null, "contact:whatsapp": null, "natural": null, "opening_hours": null, "operator": null, "phone": null, "crossing": null, "crossing:signals": null, "crossing:markings": null, "parking_space": null, "addr:postcode": null, "addr:suburb": null, "description": null, "payment:pix": null, "lit": null, "oneway": null, "surface": null, "lanes": null, "sidewalk": null, "source": null, "alt_name": null, "foot": null, "smoothness": null, "building": null, "service": null, "bridge": null, "layer": null, "brand:wikipedia": null, "cuisine": null, "takeaway": null, "bicycle": null, "leisure": null, "highway:source": null, "building:levels": null, "note": null, "footway": null, "mapillary": null, "survey:date": null, "tactile_paving": null, "turn:lanes": null, "box_id": 1, "provider": "osmnx" }, "geometry": { "type": "LineString", "coordinates": [ [ -49.2693543, -25.464069 ], [ -49.2694373, -25.4641429 ], [ -49.270081979107715, -25.464716265310301 ] ] } },
{ "type": "Feature", "properties": { "highway": "residential", "amenity": null, "healthcare": null, "name": null, "brand": null, "brand:wikidata": null, "shop": null, "maxspeed": null, "addr:city": null, "addr:housenumber": null, "addr:street": null, "office": null, "website": null, "bus": null, "public_transport": null, "shelter": null, "check_date:shelter": null, "recycling:aluminium": null, "recycling:beverage_cartons": null, "recycling:books": null, "recycling:cans": null, "recycling:cardboard": null, "recycling:cartons": null, "recycling:glass": null, "recycling:glass_bottles": null, "recycling:magazines": null, "recycling:newspaper": null, "recycling:paper": null, "recycling:paper_packaging": null, "recycling:plastic": null, "recycling:plastic_bottles": null, "recycling:plastic_packaging": null, "recycling:scrap_metal": null, "recycling_type": null, "contact:email": null, "contact:phone": null, "contact:website": null, "contact:whatsapp": null, "natural": null, "opening_hours": null, "operator": null, "phone": null, "crossing": null, "crossing:signals": null, "crossing:markings": null, "parking_space": null, "addr:postcode": null, "addr:suburb": null, "description": null, "payment:pix": null, "lit": null, "oneway": null, "surface": "asphalt", "lanes": null, "sidewalk": null, "source": null, "alt_name": null, "foot": null, "smoothness": null, "building": null, "service": null, "bridge": null, "layer": null, "brand:wikipedia": null, "cuisine": null, "takeaway": null, "bicycle": null, "leisure": null, "highway:source": null, "building:levels": null, "note": null, "footway": null, "mapillary": null, "survey:date": null, "tactile_paving": null, "turn:lanes": null, "box_id": 1, "provider": "osmnx" }, "geometry": { "type": "LineString", "coordinates": [ [ -49.2719104, -25.4622246 ], [ -49.271324, -25.461986 ] ] } },
{ "type": "Feature", "properties": { "highway": "service", "amenity": null, "healthcare": null, "name": null, "brand": null, "brand:wikidata": null, "shop": null, "maxspeed": null, "addr:city": null, "addr:housenumber": null, "addr:street": null, "office": null, "website": null, "bus": null, "public_transport": null, "shelter": null, "check_date:shelter": null, "recycling:aluminium": null, "recycling:beverage_cartons": null, "recycling:books": null, "recycling:cans": null, "recycling:cardboard": null, "recycling:cartons": null, "recycling:glass": null, "recycling:glass_bottles": null, "recycling:magazines": null, "recycling:newspaper": null, "recycling:paper": null, "recycling:paper_packaging": null, "recycling:plastic": null, "recycling:plastic_bottles": null, "recycling:plastic_packaging": null, "recycling:scrap_metal": null, "recycling_type": null, "contact:email": null, "contact:phone": null, "contact:website": null, "contact:whatsapp": null, "natural": null, "opening_hours": null, "operator": null, "phone": null, "crossing": null, "crossing:signals": null, "crossing:markings": null, "parking_space": null, "addr:postcode": null, "addr:suburb": null, "description": null, "payment:pix": null, "lit": null, "oneway": null, "surface": "paved", "lanes": null, "sidewalk": null, "source": null, "alt_name": null, "foot": null, "smoothness": null, "building": null, "service": null, "bridge": null, "layer": null, "brand:wikipedia": null, "cuisine": null, "takeaway": null, "bicycle": null, "leisure": null, "highway:source": null, "building:levels": null, "note": null, "footway": null, "mapillary": null, "survey:date": null, "tactile_paving": null, "turn:lanes": null, "box_id": 1, "provider": "osmnx" }, "geometry": { "type": "LineString", "coordinates": [ [ -49.2715363, -25.459643 ], [ -49.2716099, -25.4597068 ], [ -49.2718264, -25.4599029 ] ] } },
{ "type": "Feature", "properties": { "highway": "footway", "amenity": null, "healthcare": null, "name": null, "brand": null, "brand:wikidata": null, "shop": null, "maxspeed": null, "addr:city": null, "addr:housenumber": null, "addr:street": null, "office": null, "website": null, "bus": null, "public_transport": null, "shelter": null, "check_date:shelter": null, "recycling:aluminium": null, "recycling:beverage_cartons": null, "recycling:books": null, "recycling:cans": null, "recycling:cardboard": null, "recycling:cartons": null, "recycling:glass": null, "recycling:glass_bottles": null, "recycling:magazines": null, "recycling:newspaper": null, "recycling:paper": null, "recycling:paper_packaging": null, "recycling:plastic": null, "recycling:plastic_bottles": null, "recycling:plastic_packaging": null, "recycling:scrap_metal": null, "recycling_type": null, "contact:email": null, "contact:phone": null, "contact:website": null, "contact:whatsapp": null, "natural": null, "opening_hours": null, "operator": null, "phone": null, "crossing": null, "crossing:signals": null, "crossing:markings": null, "parking_space": null, "addr:postcode": null, "addr:suburb": null, "description": null, "payment:pix": null, "lit": null, "oneway": null, "surface": null, "lanes": null, "sidewalk": null, "source": null, "alt_name": null, "foot": null, "smoothness": null, "building": null, "service": null, "bridge": null, "layer": null, "brand:wikipedia": null, "cuisine": null, "takeaway": null, "bicycle": null, "leisure": null, "highway:source": null, "building:levels": null, "note": null, "footway": "sidewalk", "mapillary": null, "survey:date": null, "tactile_paving": null, "turn:lanes": null, "box_id": 1, "provider": "osmnx" }, "geometry": { "type": "LineString", "coordinates": [ [ -49.2714189, -25.4588194 ], [ -49.2714525, -25.4588498 ], [ -49.2716235, -25.4590041 ] ] } },
{ "type": "Feature", "properties": { "highway": "footway", "amenity": null, "healthcare": null, "name": null, "brand": null, "brand:wikidata": null, "shop": null, "maxspeed": null, "addr:city": null, "addr:housenumber": null, "addr:street": null, "office": null, "website": null, "bus": null, "public_transport": null, "shelter": null, "check_date:shelter": null, "recycling:aluminium": null, "recycling:beverage_cartons": null, "recycling:books": null, "recycling:cans": null, "recycling:cardboard": null, "recycling:cartons": null, "recycling:glass": null, "recycling:glass_bottles": null, "recycling:magazines": null, "recycling:newspaper": null, "recycling:paper": null, "recycling:paper_packaging": null, "recycling:plastic": null, "recycling:plastic_bottles": null, "recycling:plastic_packaging": null, "recycling:scrap_metal": null, "recycling_type": null, "contact:email": null, "contact:phone": null, "contact:website": null, "contact:whatsapp": null, "natural": null, "opening_hours": null, "operator": null, "phone": null, "crossing": null, "crossing:signals": null, "crossing:markings": null, "parking_space": null, "addr:postcode": null, "addr:suburb": null, "description": null, "payment:pix": null, "lit": null, "oneway": null, "surface": null, "lanes": null, "sidewalk": null, "source": null, "alt_name": null, "foot": null, "smoothness": null, "building": null, "service": null, "bridge": null, "layer": null, "brand:wikipedia": null, "cuisine": null, "takeaway": null, "bicycle": null, "leisure": null, "highway:source": null, "building:levels": null, "note": null, "footway": "sidewalk", "mapillary": null, "survey:date": null, "tactile_paving": null, "turn:lanes": null, "box_id": 1, "provider": "osmnx" }, "geometry": { "type": "LineString", "coordinates": [ [ -49.2711949, -25.4586173 ], [ -49.2714189, -25.4588194 ] ] } },
{ "type": "Feature", "properties": { "highway": "footway", "amenity": null, "healthcare": null, "name": null, "brand": null, "brand:wikidata": null, "shop": null, "maxspeed": null, "addr:city": null, "addr:housenumber": null, "addr:street": null, "office": null, "website": null, "bus": null, "public_transport": null, "shelter": null, "check_date:shelter": null, "recycling:aluminium": null, "recycling:beverage_cartons": null, "recycling:books": null, "recycling:cans": null, "recycling:cardboard": null, "recycling:cartons": null, "recycling:glass": null, "recycling:glass_bottles": null, "recycling:magazines": null, "recycling:newspaper": null, "recycling:paper": null, "recycling:paper_packaging": null, "recycling:plastic": null, "recycling:plastic_bottles": null, "recycling:plastic_packaging": null, "recycling:scrap_metal": null, "recycling_type": null, "contact:email": null, "contact:phone": null, "contact:website": null, "contact:whatsapp": null, "natural": null, "opening_hours": null, "operator": null, "phone": null, "crossing": null, "crossing:signals": null, "crossing:markings": null, "parking_space": null, "addr:postcode": null, "addr:suburb": null, "description": null, "payment:pix": null, "lit": null, "oneway": null, "surface": null, "lanes": null, "sidewalk": null, "source": null, "alt_name": null, "foot": null, "smoothness": null, "building": null, "service": null, "bridge": null, "layer": null, "brand:wikipedia": null, "cuisine": null, "takeaway": null, "bicycle": null, "leisure": null, "highway:source": null, "building:levels": null, "note": null, "footway": "sidewalk", "mapillary": null, "survey:date": null, "tactile_paving": null, "turn:lanes": null, "box_id": 1, "provider": "osmnx" }, "geometry": { "type": "LineString", "coordinates": [ [ -49.2712324, -25.4585258 ], [ -49.2711756, -25.4585476 ], [ -49.2711677, -25.4585522 ], [ -49.2711616, -25.458559 ], [ -49.2711582, -25.4585673 ], [ -49.2711579, -25.4585761 ], [ -49.2711608, -25.4585845 ], [ -49.2711664, -25.4585916 ], [ -49.2711949, -25.4586173 ] ] } },
{ "type": "Feature", "properties": { "highway": "footway", "amenity": null, "healthcare": null, "name": null, "brand": null, "brand:wikidata": null, "shop": null, "maxspeed": null, "addr:city": null, "addr:housenumber": null, "addr:street": null, "office": null, "website": null, "bus": null, "public_transport": null, "shelter": null, "check_date:shelter": null, "recycling:aluminium": null, "recycling:beverage_cartons": null, "recycling:books": null, "recycling:cans": null, "recycling:cardboard": null, "recycling:cartons": null, "recycling:glass": null, "recycling:glass_bottles": null, "recycling:magazines": null, "recycling:newspaper": null, "recycling:paper": null, "recycling:paper_packaging": null, "recycling:plastic": null, "recycling:plastic_bottles": null, "recycling:plastic_packaging": null, "recycling:scrap_metal": null, "recycling_type": null, "contact:email": null, "contact:phone": null, "contact:website": null, "contact:whatsapp": null, "natural": null, "opening_hours": null, "operator": null, "phone": null, "crossing": null, "crossing:signals": null, "crossing:markings": null, "parking_space": null, "addr:postcode": null, "addr:suburb": null, "description": null, "payment:pix": null, "lit": null, "oneway": null, "surface": null, "lanes": null, "sidewalk": null, "source": null, "alt_name": null, "foot": null, "smoothness": null, "building": null, "service": null, "bridge": null, "layer": null, "brand:wikipedia": null, "cuisine": null, "takeaway": null, "bicycle": null, "leisure": null, "highway:source": null, "building:levels": null, "note": null, "footway": "crossing", "mapillary": null, "survey:date": null, "tactile_paving": null, "turn:lanes": null, "box_id": 1, "provider": "osmnx" }, "geometry": { "type": "LineString", "coordinates": [ [ -49.2711756, -25.4585476 ], [ -49.2711642, -25.4585373 ], [ -49.2711375, -25.4585132 ], [ -49.2711108, -25.4584891 ], [ -49.2710994, -25.4584788 ] ] } },
{ "type": "Feature", "properties": { "highway": "footway", "amenity": null, "healthcare": null, "name": null, "brand": null, "brand:wikidata": null, "shop": null, "maxspeed": null, "addr:city": null, "addr:housenumber": null, "addr:street": null, "office": null, "website": null, "bus": null, "public_transport": null, "shelter": null, "check_date:shelter": null, "recycling:aluminium": null, "recycling:beverage_cartons": null, "recycling:books": null, "recycling:cans": null, "recycling:cardboard": null, "recycling:cartons": null, "recycling:glass": null, "recycling:glass_bottles": null, "recycling:magazines": null, "recycling:newspaper": null, "recycling:paper": null, "recycling:paper_packaging": null, "recycling:plastic": null, "recycling:plastic_bottles": null, "recycling:plastic_packaging": null, "recycling:scrap_metal": null, "recycling_type": null, "contact:email": null, "contact:phone": null, "contact:website": null, "contact:whatsapp": null, "natural": null, "opening_hours": null, "operator": null, "phone": null, "crossing": null, "crossing:signals": null, "crossing:markings": null, "parking_space": null, "addr:postcode": null, "addr:suburb": null, "description": null, "payment:pix": null, "lit": null, "oneway": null, "surface": null, "lanes": null, "sidewalk": null, "source": null, "alt_name": null, "foot": null, "smoothness": null, "building": null, "service": null, "bridge": null, "layer": null, "brand:wikipedia": null, "cuisine": null, "takeaway": null, "bicycle": null, "leisure": null, "highway:source": null, "building:levels": null, "note": null, "footway": "sidewalk", "mapillary": null, "survey:date": null, "tactile_paving": null, "turn:lanes": null, "box_id": 1, "provider": "osmnx" }, "geometry": { "type": "LineString", "coordinates": [ [ -49.2709679, -25.4584125 ], [ -49.2710446, -25.4584816 ], [ -49.2710516, -25.4584863 ], [ -49.2710599, -25.458489 ], [ -49.2710687, -25.4584893 ], [ -49.2710772, -25.4584873 ], [ -49.2710994, -25.4584788 ], [ -49.271208, -25.4584371 ] ] } },
{ "type": "Feature", "properties": { "highway": "footway", "amenity": null, "healthcare": null, "name": null, "brand": null, "brand:wikidata": null, "shop": null, "maxspeed": null, "addr:city": null, "addr:housenumber": null, "addr:street": null, "office": null, "website": null, "bus": null, "public_transport": null, "shelter": null, "check_date:shelter": null, "recycling:aluminium": null, "recycling:beverage_cartons": null, "recycling:books": null, "recycling:cans": null, "recycling:cardboard": null, "recycling:cartons": null, "recycling:glass": null, "recycling:glass_bottles": null, "recycling:magazines": null, "recycling:newspaper": null, "recycling:paper": null, "recycling:paper_packaging": null, "recycling:plastic": null, "recycling:plastic_bottles": null, "recycling:plastic_packaging": null, "recycling:scrap_metal": null, "recycling_type": null, "contact:email": null, "contact:phone": null, "contact:website": null, "contact:whatsapp": null, "natural": null, "opening_hours": null, "operator": null, "phone": null, "crossing": null, "crossing:signals": null, "crossing:markings": null, "parking_space": null, "addr:postcode": null, "addr:suburb": null, "description": null, "payment:pix": null, "lit": null, "oneway": null, "surface": null, "lanes": null, "sidewalk": null, "source": null, "alt_name": null, "foot": null, "smoothness": null, "building": null, "service": null, "bridge": null, "layer": null, "brand:wikipedia": null, "cuisine": null, "takeaway": null, "bicycle": null, "leisure": null, "highway:source": null, "building:levels": null, "note": null, "footway": "sidewalk", "mapillary": null, "survey:date": null, "tactile_paving": null, "turn:lanes": null, "box_id": 1, "provider": "osmnx" }, "geometry": { "type": "LineString", "coordinates": [ [ -49.2716267, -25.4583743 ], [ -49.2712324, -25.4585258 ] ] } },
{ "type": "Feature", "properties": { "highway": "footway", "amenity": null, "healthcare": null, "name": null, "brand": null, "brand:wikidata": null, "shop": null, "maxspeed": null, "addr:city": null, "addr:housenumber": null, "addr:street": null, "office": null, "website": null, "bus": null, "public_transport": null, "shelter": null, "check_date:shelter": null, "recycling:aluminium": null, "recycling:beverage_cartons": null, "recycling:books": null, "recycling:cans": null, "recycling:cardboard": null, "recycling:cartons": null, "recycling:glass": null, "recycling:glass_bottles": null, "recycling:magazines": null, "recycling:newspaper": null, "recycling:paper": null, "recycling:paper_packaging": null, "recycling:plastic": null, "recycling:plastic_bottles": null, "recycling:plastic_packaging": null, "recycling:scrap_metal": null, "recycling_type": null, "contact:email": null, "contact:phone": null, "contact:website": null, "contact:whatsapp": null, "natural": null, "opening_hours": null, "operator": null, "phone": null, "crossing": null, "crossing:signals": null, "crossing:markings": null, "parking_space": null, "addr:postcode": null, "addr:suburb": null, "description": null, "payment:pix": null, "lit": null, "oneway": null, "surface": null, "lanes": null, "sidewalk": null, "source": null, "alt_name": null, "foot": null, "smoothness": null, "building": null, "service": null, "bridge": null, "layer": null, "brand:wikipedia": null, "cuisine": null, "takeaway": null, "bicycle": null, "leisure": null, "highway:source": null, "building:levels": null, "note": null, "footway": "sidewalk", "mapillary": null, "survey:date": null, "tactile_paving": null, "turn:lanes": null, "box_id": 1, "provider": "osmnx" }, "geometry": { "type": "LineString", "coordinates": [ [ -49.2716235, -25.4590041 ], [ -49.2718157, -25.4591776 ] ] } },
{ "type": "Feature", "properties": { "highway": "footway", "amenity": null, "healthcare": null, "name": null, "brand": null, "brand:wikidata": null, "shop": null, "maxspeed": null, "addr:city": null, "addr:housenumber": null, "addr:street": null, "office": null, "website": null, "bus": null, "public_transport": null, "shelter": null, "check_date:shelter": null, "recycling:aluminium": null, "recycling:beverage_cartons": null, "recycling:books": null, "recycling:cans": null, "recycling:cardboard": null, "recycling:cartons": null, "recycling:glass": null, "recycling:glass_bottles": null, "recycling:magazines": null, "recycling:newspaper": null, "recycling:paper": null, "recycling:paper_packaging": null, "recycling:plastic": null, "recycling:plastic_bottles": null, "recycling:plastic_packaging": null, "recycling:scrap_metal": null, "recycling_type": null, "contact:email": null, "contact:phone": null, "contact:website": null, "contact:whatsapp": null, "natural": null, "opening_hours": null, "operator": null, "phone": null, "crossing": null, "crossing:signals": null, "crossing:markings": null, "parking_space": null, "addr:postcode": null, "addr:suburb": null, "description": null, "payment:pix": null, "lit": null, "oneway": null, "surface": null, "lanes": null, "sidewalk": null, "source": null, "alt_name": null, "foot": null, "smoothness": null, "building": null, "service": null, "bridge": null, "layer": null, "brand:wikipedia": null, "cuisine": null, "takeaway": null, "bicycle": null, "leisure": null, "highway:source": null, "building:levels": null, "note": null, "footway": "sidewalk", "mapillary": null, "survey:date": null, "tactile_paving": null, "turn:lanes": null, "box_id": 1, "provider": "osmnx" }, "geometry": { "type": "LineString", "coordinates": [ [ -49.272029333235494, -25.458783713034627 ], [ -49.2720038, -25.4587424 ] ] } },
{ "type": "Feature", "properties": { "highway": "footway", "amenity": null, "healthcare": null, "name": null, "brand": null, "brand:wikidata": null, "shop": null, "maxspeed": null, "addr:city": null, "addr:housenumber": null, "addr:street": null, "office": null, "website": null, "bus": null, "public_transport": null, "shelter": null, "check_date:shelter": null, "recycling:aluminium": null, "recycling:beverage_cartons": null, "recycling:books": null, "recycling:cans": null, "recycling:cardboard": null, "recycling:cartons": null, "recycling:glass": null, "recycling:glass_bottles": null, "recycling:magazines": null, "recycling:newspaper": null, "recycling:paper": null, "recycling:paper_packaging": null, "recycling:plastic": null, "recycling:plastic_bottles": null, "recycling:plastic_packaging": null, "recycling:scrap_metal": null, "recycling_type": null, "contact:email": null, "contact:phone": null, "contact:website": null, "contact:whatsapp": null, "natural": null, "opening_hours": null, "operator": null, "phone": null, "crossing": null, "crossing:signals": null, "crossing:markings": null, "parking_space": null, "addr:postcode": null, "addr:suburb": null, "description": null, "payment:pix": null, "lit": null, "oneway": null, "surface": null, "lanes": null, "sidewalk": null, "source": null, "alt_name": null, "foot": null, "smoothness": null, "building": null, "service": null, "bridge": null, "layer": null, "brand:wikipedia": null, "cuisine": null, "takeaway": null, "bicycle": null, "leisure": null, "highway:source": null, "building:levels": null, "note": null, "footway": "sidewalk", "mapillary": null, "survey:date": null, "tactile_paving": null, "turn:lanes": null, "box_id": 1, "provider": "osmnx" }, "geometry": { "type": "LineString", "coordinates": [ [ -49.2720038, -25.4587424 ], [ -49.2719441, -25.4586459 ] ] } },
{ "type": "Feature", "properties": { "highway": "footway", "amenity": null, "healthcare": null, "name": null, "brand": null, "brand:wikidata": null, "shop": null, "maxspeed": null, "addr:city": null, "addr:housenumber": null, "addr:street": null, "office": null, "website": null, "bus": null, "public_transport": null, "shelter": null, "check_date:shelter": null, "recycling:aluminium": null, "recycling:beverage_cartons": null, "recycling:books": null, "recycling:cans": null, "recycling:cardboard": null, "recycling:cartons": null, "recycling:glass": null, "recycling:glass_bottles": null, "recycling:magazines": null, "recycling:newspaper": null, "recycling:paper": null, "recycling:paper_packaging": null, "recycling:plastic": null, "recycling:plastic_bottles": null, "recycling:plastic_packaging": null, "recycling:scrap_metal": null, "recycling_type": null, "contact:email": null, "contact:phone": null, "contact:website": null, "contact:whatsapp": null, "natural": null, "opening_hours": null, "operator": null, "phone": null, "crossing": null, "crossing:signals": null, "crossing:markings": null, "parking_space": null, "addr:postcode": null, "addr:suburb": null, "description": null, "payment:pix": null, "lit": null, "oneway": null, "surface": null, "lanes": null, "sidewalk": null, "source": null, "alt_name": null, "foot": null, "smoothness": null, "building": null, "service": null, "bridge": null, "layer": null, "brand:wikipedia": null, "cuisine": null, "takeaway": null, "bicycle": null, "leisure": null, "highway:source": null, "building:levels": null, "note": null, "footway": "sidewalk", "mapillary": null, "survey:date": null, "tactile_paving": null, "turn:lanes": null, "box_id": 1, "provider": "osmnx" }, "geometry": { "type": "LineString", "coordinates": [ [ -49.272012, -25.4585713 ], [ -49.272031907785774, -25.458603490659012 ] ] } },
{ "type": "Feature", "properties": { "highway": "footway", "amenity": null, "healthcare": null, "name": null, "brand": null, "brand:wikidata": null, "shop": null, "maxspeed": null, "addr:city": null, "addr:housenumber": null, "addr:street": null, "office": null, "website": null, "bus": null, "public_transport": null, "shelter": null, "check_date:shelter": null, "recycling:aluminium": null, "recycling:beverage_cartons": null, "recycling:books": null, "recycling:cans": null, "recycling:cardboard": null, "recycling:cartons": null, "recycling:glass": null, "recycling:glass_bottles": null, "recycling:magazines": null, "recycling:newspaper": null, "recycling:paper": null, "recycling:paper_packaging": null, "recycling:plastic": null, "recycling:plastic_bottles": null, "recycling:plastic_packaging": null, "recycling:scrap_metal": null, "recycling_type": null, "contact:email": null, "contact:phone": null, "contact:website": null, "contact:whatsapp": null, "natural": null, "opening_hours": null, "operator": null, "phone": null, "crossing": null, "crossing:signals": null, "crossing:markings": null, "parking_space": null, "addr:postcode": null, "addr:suburb": null, "description": null, "payment:pix": null, "lit": null, "oneway": null, "surface": null, "lanes": null, "sidewalk": null, "source": null, "alt_name": null, "foot": null, "smoothness": null, "building": null, "service": null, "bridge": null, "layer": null, "brand:wikipedia": null, "cuisine": null, "takeaway": null, "bicycle": null, "leisure": null, "highway:source": null, "building:levels": null, "note": null, "footway": "sidewalk", "mapillary": null, "survey:date": null, "tactile_paving": null, "turn:lanes": null, "box_id": 1, "provider": "osmnx" }, "geometry": { "type": "LineString", "coordinates": [ [ -49.2719441, -25.4586459 ], [ -49.2718814, -25.4585445 ] ] } },
{ "type": "Feature", "properties": { "highway": "footway", "amenity": null, "healthcare": null, "name": null, "brand": null, "brand:wikidata": null, "shop": null, "maxspeed": null, "addr:city": null, "addr:housenumber": null, "addr:street": null, "office": null, "website": null, "bus": null, "public_transport": null, "shelter": null, "check_date:shelter": null, "recycling:aluminium": null, "recycling:beverage_cartons": null, "recycling:books": null, "recycling:cans": null, "recycling:cardboard": null, "recycling:cartons": null, "recycling:glass": null, "recycling:glass_bottles": null, "recycling:magazines": null, "recycling:newspaper": null, "recycling:paper": null, "recycling:paper_packaging": null, "recycling:plastic": null, "recycling:plastic_bottles": null, "recycling:plastic_packaging": null, "recycling:scrap_metal": null, "recycling_type": null, "contact:email": null, "contact:phone": null, "contact:website": null, "contact:whatsapp": null, "natural": null, "opening_hours": null, "operator": null, "phone": null, "crossing": null, "crossing:signals": null, "crossing:markings": null, "parking_space": null, "addr:postcode": null, "addr:suburb": null, "description": null, "payment:pix": null, "lit": null, "oneway": null, "surface": null, "lanes": null, "sidewalk": null, "source": null, "alt_name": null, "foot": null, "smoothness": null, "building": null, "service": null, "bridge": null, "layer": null, "brand:wikipedia": null, "cuisine": null, "takeaway": null, "bicycle": null, "leisure": null, "highway:source": null, "building:levels": null, "note": null, "footway": "sidewalk", "mapillary": null, "survey:date": null, "tactile_paving": null, "turn:lanes": null, "box_id": 1, "provider": "osmnx" }, "geometry": { "type": "LineString", "coordinates": [ [ -49.2718814, -25.4585445 ], [ -49.2717714, -25.4583665 ], [ -49.271767, -25.4583595 ] ] } },
{ "type": "Feature", "properties": { "highway": "footway", "amenity": null, "healthcare": null, "name": null, "brand": null, "brand:wikidata": null, "shop": null, "maxspeed": null, "addr:city": null, "addr:housenumber": null, "addr:street": null, "office": null, "website": null, "bus": null, "public_transport": null, "shelter": null, "check_date:shelter": null, "recycling:aluminium": null, "recycling:beverage_cartons": null, "recycling:books": null, "recycling:cans": null, "recycling:cardboard": null, "recycling:cartons": null, "recycling:glass": null, "recycling:glass_bottles": null, "recycling:magazines": null, "recycling:newspaper": null, "recycling:paper": null, "recycling:paper_packaging": null, "recycling:plastic": null, "recycling:plastic_bottles": null, "recycling:plastic_packaging": null, "recycling:scrap_metal": null, "recycling_type": null, "contact:email": null, "contact:phone": null, "contact:website": null, "contact:whatsapp": null, "natural": null, "opening_hours": null, "operator": null, "phone": null, "crossing": null, "crossing:signals": null, "crossing:markings": null, "parking_space": null, "addr:postcode": null, "addr:suburb": null, "description": null, "payment:pix": null, "lit": null, "oneway": null, "surface": null, "lanes": null, "sidewalk": null, "source": null, "alt_name": null, "foot": null, "smoothness": null, "building": null, "service": null, "bridge": null, "layer": null, "brand:wikipedia": null, "cuisine": null, "takeaway": null, "bicycle": null, "leisure": null, "highway:source": null, "building:levels": null, "note": null, "footway": "sidewalk", "mapillary": null, "survey:date": null, "tactile_paving": null, "turn:lanes": null, "box_id": 1, "provider": "osmnx" }, "geometry": { "type": "LineString", "coordinates": [ [ -49.2718563, -25.4583191 ], [ -49.2718642, -25.4583322 ], [ -49.272012, -25.4585713 ] ] } },
{ "type": "Feature", "properties": { "highway": "residential", "amenity": null, "healthcare": null, "name": "Rua Jacinto Antunes da Silva", "brand": null, "brand:wikidata": null, "shop": null, "maxspeed": null, "addr:city": null, "addr:housenumber": null, "addr:street": null, "office": null, "website": null, "bus": null, "public_transport": null, "shelter": null, "check_date:shelter": null, "recycling:aluminium": null, "recycling:beverage_cartons": null, "recycling:books": null, "recycling:cans": null, "recycling:cardboard": null, "recycling:cartons": null, "recycling:glass": null, "recycling:glass_bottles": null, "recycling:magazines": null, "recycling:newspaper": null, "recycling:paper": null, "recycling:paper_packaging": null, "recycling:plastic": null, "recycling:plastic_bottles": null, "recycling:plastic_packaging": null, "recycling:scrap_metal": null, "recycling_type": null, "contact:email": null, "contact:phone": null, "contact:website": null, "contact:whatsapp": null, "natural": null, "opening_hours": null, "operator": null, "phone": null, "crossing": null, "crossing:signals": null, "crossing:markings": null, "parking_space": null, "addr:postcode": null, "addr:suburb": null, "description": null, "payment:pix": null, "lit": null, "oneway": null, "surface": "asphalt", "lanes": null, "sidewalk": null, "source": null, "alt_name": null, "foot": null, "smoothness": null, "building": null, "service": null, "bridge": null, "layer": null, "brand:wikipedia": null, "cuisine": null, "takeaway": null, "bicycle": null, "leisure": null, "highway:source": null, "building:levels": null, "note": null, "footway": null, "mapillary": null, "survey:date": null, "tactile_paving": null, "turn:lanes": null, "box_id": 1, "provider": "osmnx" }, "geometry": { "type": "LineString", "coordinates": [ [ -49.272054929191022, -25.456991957811333 ], [ -49.2719838, -25.4568327 ], [ -49.2719465, -25.456749 ] ] } },
{ "type": "Feature", "properties": { "highway": "footway", "amenity": null, "healthcare": null, "name": null, "brand": null, "brand:wikidata": null, "shop": null, "maxspeed": null, "addr:city": null, "addr:housenumber": null, "addr:street": null, "office": null, "website": null, "bus": null, "public_transport": null, "shelter": null, "check_date:shelter": null, "recycling:aluminium": null, "recycling:beverage_cartons": null, "recycling:books": null, "recycling:cans": null, "recycling:cardboard": null, "recycling:cartons": null, "recycling:glass": null, "recycling:glass_bottles": null, "recycling:magazines": null, "recycling:newspaper": null, "recycling:paper": null, "recycling:paper_packaging": null, "recycling:plastic": null, "recycling:plastic_bottles": null, "recycling:plastic_packaging": null, "recycling:scrap_metal": null, "recycling_type": null, "contact:email": null, "contact:phone": null, "contact:website": null, "contact:whatsapp": null, "natural": null, "opening_hours": null, "operator": null, "phone": null, "crossing": null, "crossing:signals": null, "crossing:markings": null, "parking_space": null, "addr:postcode": null, "addr:suburb": null, "description": null, "payment:pix": null, "lit": null, "oneway": null, "surface": null, "lanes": null, "sidewalk": null, "source": null, "alt_name": null, "foot": null, "smoothness": null, "building": null, "service": null, "bridge": null, "layer": null, "brand:wikipedia": null, "cuisine": null, "takeaway": null, "bicycle": null, "leisure": null, "highway:source": null, "building:levels": null, "note": null, "footway": "crossing", "mapillary": null, "survey:date": null, "tactile_paving": null, "turn:lanes": null, "box_id": 1, "provider": "osmnx" }, "geometry": { "type": "LineString", "coordinates": [ [ -49.2718642, -25.4583322 ], [ -49.2718503, -25.4583373 ], [ -49.2718178, -25.4583493 ], [ -49.2717853, -25.4583613 ], [ -49.2717714, -25.4583665 ] ] } },
{ "type": "Feature", "properties": { "highway": "footway", "amenity": null, "healthcare": null, "name": null, "brand": null, "brand:wikidata": null, "shop": null, "maxspeed": null, "addr:city": null, "addr:housenumber": null, "addr:street": null, "office": null, "website": null, "bus": null, "public_transport": null, "shelter": null, "check_date:shelter": null, "recycling:aluminium": null, "recycling:beverage_cartons": null, "recycling:books": null, "recycling:cans": null, "recycling:cardboard": null, "recycling:cartons": null, "recycling:glass": null, "recycling:glass_bottles": null, "recycling:magazines": null, "recycling:newspaper": null, "recycling:paper": null, "recycling:paper_packaging": null, "recycling:plastic": null, "recycling:plastic_bottles": null, "recycling:plastic_packaging": null, "recycling:scrap_metal": null, "recycling_type": null, "contact:email": null, "contact:phone": null, "contact:website": null, "contact:whatsapp": null, "natural": null, "opening_hours": null, "operator": null, "phone": null, "crossing": null, "crossing:signals": null, "crossing:markings": null, "parking_space": null, "addr:postcode": null, "addr:suburb": null, "description": null, "payment:pix": null, "lit": null, "oneway": null, "surface": null, "lanes": null, "sidewalk": null, "source": null, "alt_name": null, "foot": null, "smoothness": null, "building": null, "service": null, "bridge": null, "layer": null, "brand:wikipedia": null, "cuisine": null, "takeaway": null, "bicycle": null, "leisure": null, "highway:source": null, "building:levels": null, "note": null, "footway": "sidewalk", "mapillary": null, "survey:date": null, "tactile_paving": null, "turn:lanes": null, "box_id": 1, "provider": "osmnx" }, "geometry": { "type": "LineString", "coordinates": [ [ -49.2719261, -25.4582613 ], [ -49.2718857, -25.4582762 ], [ -49.2718713, -25.4582815 ], [ -49.2718628, -25.4582864 ], [ -49.2718565, -25.4582935 ], [ -49.2718532, -25.4583021 ], [ -49.2718532, -25.4583113 ], [ -49.2718563, -25.4583191 ] ] } },
{ "type": "Feature", "properties": { "highway": "footway", "amenity": null, "healthcare": null, "name": null, "brand": null, "brand:wikidata": null, "shop": null, "maxspeed": null, "addr:city": null, "addr:housenumber": null, "addr:street": null, "office": null, "website": null, "bus": null, "public_transport": null, "shelter": null, "check_date:shelter": null, "recycling:aluminium": null, "recycling:beverage_cartons": null, "recycling:books": null, "recycling:cans": null, "recycling:cardboard": null, "recycling:cartons": null, "recycling:glass": null, "recycling:glass_bottles": null, "recycling:magazines": null, "recycling:newspaper": null, "recycling:paper": null, "recycling:paper_packaging": null, "recycling:plastic": null, "recycling:plastic_bottles": null, "recycling:plastic_packaging": null, "recycling:scrap_metal": null, "recycling_type": null, "contact:email": null, "contact:phone": null, "contact:website": null, "contact:whatsapp": null, "natural": null, "opening_hours": null, "operator": null, "phone": null, "crossing": null, "crossing:signals": null, "crossing:markings": null, "parking_space": null, "addr:postcode": null, "addr:suburb": null, "description": null, "payment:pix": null, "lit": null, "oneway": null, "surface": null, "lanes": null, "sidewalk": null, "source": null, "alt_name": null, "foot": null, "smoothness": null, "building": null, "service": null, "bridge": null, "layer": null, "brand:wikipedia": null, "cuisine": null, "takeaway": null, "bicycle": null, "leisure": null, "highway:source": null, "building:levels": null, "note": null, "footway": "sidewalk", "mapillary": null, "survey:date": null, "tactile_paving": null, "turn:lanes": null, "box_id": 1, "provider": "osmnx" }, "geometry": { "type": "LineString", "coordinates": [ [ -49.271208, -25.4584371 ], [ -49.2714706, -25.4583362 ] ] } },
{ "type": "Feature", "properties": { "highway": "footway", "amenity": null, "healthcare": null, "name": null, "brand": null, "brand:wikidata": null, "shop": null, "maxspeed": null, "addr:city": null, "addr:housenumber": null, "addr:street": null, "office": null, "website": null, "bus": null, "public_transport": null, "shelter": null, "check_date:shelter": null, "recycling:aluminium": null, "recycling:beverage_cartons": null, "recycling:books": null, "recycling:cans": null, "recycling:cardboard": null, "recycling:cartons": null, "recycling:glass": null, "recycling:glass_bottles": null, "recycling:magazines": null, "recycling:newspaper": null, "recycling:paper": null, "recycling:paper_packaging": null, "recycling:plastic": null, "recycling:plastic_bottles": null, "recycling:plastic_packaging": null, "recycling:scrap_metal": null, "recycling_type": null, "contact:email": null, "contact:phone": null, "contact:website": null, "contact:whatsapp": null, "natural": null, "opening_hours": null, "operator": null, "phone": null, "crossing": null, "crossing:signals": null, "crossing:markings": null, "parking_space": null, "addr:postcode": null, "addr:suburb": null, "description": null, "payment:pix": null, "lit": null, "oneway": null, "surface": null, "lanes": null, "sidewalk": null, "source": null, "alt_name": null, "foot": null, "smoothness": null, "building": null, "service": null, "bridge": null, "layer": null, "brand:wikipedia": null, "cuisine": null, "takeaway": null, "bicycle": null, "leisure": null, "highway:source": null, "building:levels": null, "note": null, "footway": "sidewalk", "mapillary": null, "survey:date": null, "tactile_paving": null, "turn:lanes": null, "box_id": 1, "provider": "osmnx" }, "geometry": { "type": "LineString", "coordinates": [ [ -49.271767, -25.4583595 ], [ -49.2717606, -25.458349 ], [ -49.2717553, -25.4583428 ], [ -49.2717482, -25.4583382 ], [ -49.27174, -25.4583357 ], [ -49.2717313, -25.4583354 ], [ -49.2717229, -25.4583373 ], [ -49.2717021, -25.4583454 ], [ -49.2716267, -25.4583743 ] ] } },
{ "type": "Feature", "properties": { "highway": "footway", "amenity": null, "healthcare": null, "name": null, "brand": null, "brand:wikidata": null, "shop": null, "maxspeed": null, "addr:city": null, "addr:housenumber": null, "addr:street": null, "office": null, "website": null, "bus": null, "public_transport": null, "shelter": null, "check_date:shelter": null, "recycling:aluminium": null, "recycling:beverage_cartons": null, "recycling:books": null, "recycling:cans": null, "recycling:cardboard": null, "recycling:cartons": null, "recycling:glass": null, "recycling:glass_bottles": null, "recycling:magazines": null, "recycling:newspaper": null, "recycling:paper": null, "recycling:paper_packaging": null, "recycling:plastic": null, "recycling:plastic_bottles": null, "recycling:plastic_packaging": null, "recycling:scrap_metal": null, "recycling_type": null, "contact:email": null, "contact:phone": null, "contact:website": null, "contact:whatsapp": null, "natural": null, "opening_hours": null, "operator": null, "phone": null, "crossing": null, "crossing:signals": null, "crossing:markings": null, "parking_space": null, "addr:postcode": null, "addr:suburb": null, "description": null, "payment:pix": null, "lit": null, "oneway": null, "surface": null, "lanes": null, "sidewalk": null, "source": null, "alt_name": null, "foot": null, "smoothness": null, "building": null, "service": null, "bridge": null, "layer": null, "brand:wikipedia": null, "cuisine": null, "takeaway": null, "bicycle": null, "leisure": null, "highway:source": null, "building:levels": null, "note": null, "footway": "crossing", "mapillary": null, "survey:date": null, "tactile_paving": null, "turn:lanes": null, "box_id": 1, "provider": "osmnx" }, "geometry": { "type": "LineString", "coordinates": [ [ -49.271653, -25.4582662 ], [ -49.2716604, -25.4582781 ], [ -49.2716775, -25.4583058 ], [ -49.2716947, -25.4583335 ], [ -49.2717021, -25.4583454 ] ] } },
{ "type": "Feature", "properties": { "highway": "footway", "amenity": null, "healthcare": null, "name": null, "brand": null, "brand:wikidata": null, "shop": null, "maxspeed": null, "addr:city": null, "addr:housenumber": null, "addr:street": null, "office": null, "website": null, "bus": null, "public_transport": null, "shelter": null, "check_date:shelter": null, "recycling:aluminium": null, "recycling:beverage_cartons": null, "recycling:books": null, "recycling:cans": null, "recycling:cardboard": null, "recycling:cartons": null, "recycling:glass": null, "recycling:glass_bottles": null, "recycling:magazines": null, "recycling:newspaper": null, "recycling:paper": null, "recycling:paper_packaging": null, "recycling:plastic": null, "recycling:plastic_bottles": null, "recycling:plastic_packaging": null, "recycling:scrap_metal": null, "recycling_type": null, "contact:email": null, "contact:phone": null, "contact:website": null, "contact:whatsapp": null, "natural": null, "opening_hours": null, "operator": null, "phone": null, "crossing": null, "crossing:signals": null, "crossing:markings": null, "parking_space": null, "addr:postcode": null, "addr:suburb": null, "description": null, "payment:pix": null, "lit": null, "oneway": null, "surface": null, "lanes": null, "sidewalk": null, "source": null, "alt_name": null, "foot": null, "smoothness": null, "building": null, "service": null, "bridge": null, "layer": null, "brand:wikipedia": null, "cuisine": null, "takeaway": null, "bicycle": null, "leisure": null, "highway:source": null, "building:levels": null, "note": null, "footway": "sidewalk", "mapillary": null, "survey:date": null, "tactile_paving": null, "turn:lanes": null, "box_id": 1, "provider": "osmnx" }, "geometry": { "type": "LineString", "coordinates": [ [ -49.2714706, -25.4583362 ], [ -49.271653, -25.4582662 ], [ -49.2716678, -25.4582605 ], [ -49.2716762, -25.4582556 ], [ -49.2716824, -25.4582485 ], [ -49.2716856, -25.4582399 ], [ -49.2716855, -25.4582308 ], [ -49.2716821, -25.4582223 ], [ -49.2716759, -25.4582123 ] ] } },
{ "type": "Feature", "properties": { "highway": "footway", "amenity": null, "healthcare": null, "name": null, "brand": null, "brand:wikidata": null, "shop": null, "maxspeed": null, "addr:city": null, "addr:housenumber": null, "addr:street": null, "office": null, "website": null, "bus": null, "public_transport": null, "shelter": null, "check_date:shelter": null, "recycling:aluminium": null, "recycling:beverage_cartons": null, "recycling:books": null, "recycling:cans": null, "recycling:cardboard": null, "recycling:cartons": null, "recycling:glass": null, "recycling:glass_bottles": null, "recycling:magazines": null, "recycling:newspaper": null, "recycling:paper": null, "recycling:paper_packaging": null, "recycling:plastic": null, "recycling:plastic_bottles": null, "recycling:plastic_packaging": null, "recycling:scrap_metal": null, "recycling_type": null, "contact:email": null, "contact:phone": null, "contact:website": null, "contact:whatsapp": null, "natural": null, "opening_hours": null, "operator": null, "phone": null, "crossing": null, "crossing:signals": null, "crossing:markings": null, "parking_space": null, "addr:postcode": null, "addr:suburb": null, "description": null, "payment:pix": null, "lit": null, "oneway": null, "surface": null, "lanes": null, "sidewalk": null, "source": null, "alt_name": null, "foot": null, "smoothness": null, "building": null, "service": null, "bridge": null, "layer": null, "brand:wikipedia": null, "cuisine": null, "takeaway": null, "bicycle": null, "leisure": null, "highway:source": null, "building:levels": null, "note": null, "footway": "sidewalk", "mapillary": null, "survey:date": null, "tactile_paving": null, "turn:lanes": null, "box_id": 1, "provider": "osmnx" }, "geometry": { "type": "LineString", "coordinates": [ [ -49.2716759, -25.4582123 ], [ -49.2716743, -25.4582096 ], [ -49.271533, -25.4579815 ] ] } },
{ "type": "Feature", "properties": { "highway": "residential", "amenity": null, "healthcare": null, "name": "Rua Miguel Romanel", "brand": null, "brand:wikidata": null, "shop": null, "maxspeed": null, "addr:city": null, "addr:housenumber": null, "addr:street": null, "office": null, "website": null, "bus": null, "public_transport": null, "shelter": null, "check_date:shelter": null, "recycling:aluminium": null, "recycling:beverage_cartons": null, "recycling:books": null, "recycling:cans": null, "recycling:cardboard": null, "recycling:cartons": null, "recycling:glass": null, "recycling:glass_bottles": null, "recycling:magazines": null, "recycling:newspaper": null, "recycling:paper": null, "recycling:paper_packaging": null, "recycling:plastic": null, "recycling:plastic_bottles": null, "recycling:plastic_packaging": null, "recycling:scrap_metal": null, "recycling_type": null, "contact:email": null, "contact:phone": null, "contact:website": null, "contact:whatsapp": null, "natural": null, "opening_hours": null, "operator": null, "phone": null, "crossing": null, "crossing:signals": null, "crossing:markings": null, "parking_space": null, "addr:postcode": null, "addr:suburb": null, "description": null, "payment:pix": null, "lit": null, "oneway": null, "surface": "asphalt", "lanes": null, "sidewalk": null, "source": null, "alt_name": null, "foot": null, "smoothness": null, "building": null, "service": null, "bridge": null, "layer": null, "brand:wikipedia": null, "cuisine": null, "takeaway": null, "bicycle": null, "leisure": null, "highway:source": null, "building:levels": null, "note": null, "footway": null, "mapillary": null, "survey:date": null, "tactile_paving": null, "turn:lanes": null, "box_id": 1, "provider": "osmnx" }, "geometry": { "type": "LineString", "coordinates": [ [ -49.272030620596027, -25.458693595869224 ], [ -49.2718178, -25.4583493 ], [ -49.2717691, -25.4582706 ], [ -49.2717204, -25.4581919 ], [ -49.2711861, -25.4573295 ], [ -49.2711374, -25.4572508 ], [ -49.2710887, -25.4571721 ], [ -49.2708949, -25.4568594 ], [ -49.2708462, -25.4567807 ] ] } },
{ "type": "Feature", "properties": { "highway": "footway", "amenity": null, "healthcare": null, "name": null, "brand": null, "brand:wikidata": null, "shop": null, "maxspeed": null, "addr:city": null, "addr:housenumber": null, "addr:street": null, "office": null, "website": null, "bus": null, "public_transport": null, "shelter": null, "check_date:shelter": null, "recycling:aluminium": null, "recycling:beverage_cartons": null, "recycling:books": null, "recycling:cans": null, "recycling:cardboard": null, "recycling:cartons": null, "recycling:glass": null, "recycling:glass_bottles": null, "recycling:magazines": null, "recycling:newspaper": null, "recycling:paper": null, "recycling:paper_packaging": null, "recycling:plastic": null, "recycling:plastic_bottles": null, "recycling:plastic_packaging": null, "recycling:scrap_metal": null, "recycling_type": null, "contact:email": null, "contact:phone": null, "contact:website": null, "contact:whatsapp": null, "natural": null, "opening_hours": null, "operator": null, "phone": null, "crossing": null, "crossing:signals": null, "crossing:markings": null, "parking_space": null, "addr:postcode": null, "addr:suburb": null, "description": null, "payment:pix": null, "lit": null, "oneway": null, "surface": null, "lanes": null, "sidewalk": null, "source": null, "alt_name": null, "foot": null, "smoothness": null, "building": null, "service": null, "bridge": null, "layer": null, "brand:wikipedia": null, "cuisine": null, "takeaway": null, "bicycle": null, "leisure": null, "highway:source": null, "building:levels": null, "note": null, "footway": "sidewalk", "mapillary": null, "survey:date": null, "tactile_paving": null, "turn:lanes": null, "box_id": 1, "provider": "osmnx" }, "geometry": { "type": "LineString", "coordinates": [ [ -49.2715494, -25.4578239 ], [ -49.2716868, -25.4580457 ] ] } },
{ "type": "Feature", "properties": { "highway": "footway", "amenity": null, "healthcare": null, "name": null, "brand": null, "brand:wikidata": null, "shop": null, "maxspeed": null, "addr:city": null, "addr:housenumber": null, "addr:street": null, "office": null, "website": null, "bus": null, "public_transport": null, "shelter": null, "check_date:shelter": null, "recycling:aluminium": null, "recycling:beverage_cartons": null, "recycling:books": null, "recycling:cans": null, "recycling:cardboard": null, "recycling:cartons": null, "recycling:glass": null, "recycling:glass_bottles": null, "recycling:magazines": null, "recycling:newspaper": null, "recycling:paper": null, "recycling:paper_packaging": null, "recycling:plastic": null, "recycling:plastic_bottles": null, "recycling:plastic_packaging": null, "recycling:scrap_metal": null, "recycling_type": null, "contact:email": null, "contact:phone": null, "contact:website": null, "contact:whatsapp": null, "natural": null, "opening_hours": null, "operator": null, "phone": null, "crossing": null, "crossing:signals": null, "crossing:markings": null, "parking_space": null, "addr:postcode": null, "addr:suburb": null, "description": null, "payment:pix": null, "lit": null, "oneway": null, "surface": null, "lanes": null, "sidewalk": null, "source": null, "alt_name": null, "foot": null, "smoothness": null, "building": null, "service": null, "bridge": null, "layer": null, "brand:wikipedia": null, "cuisine": null, "takeaway": null, "bicycle": null, "leisure": null, "highway:source": null, "building:levels": null, "note": null, "footway": "sidewalk", "mapillary": null, "survey:date": null, "tactile_paving": null, "turn:lanes": null, "box_id": 1, "provider": "osmnx" }, "geometry": { "type": "LineString", "coordinates": [ [ -49.271533, -25.4579815 ], [ -49.27139, -25.4577507 ] ] } },
{ "type": "Feature", "properties": { "highway": "footway", "amenity": null, "healthcare": null, "name": null, "brand": null, "brand:wikidata": null, "shop": null, "maxspeed": null, "addr:city": null, "addr:housenumber": null, "addr:street": null, "office": null, "website": null, "bus": null, "public_transport": null, "shelter": null, "check_date:shelter": null, "recycling:aluminium": null, "recycling:beverage_cartons": null, "recycling:books": null, "recycling:cans": null, "recycling:cardboard": null, "recycling:cartons": null, "recycling:glass": null, "recycling:glass_bottles": null, "recycling:magazines": null, "recycling:newspaper": null, "recycling:paper": null, "recycling:paper_packaging": null, "recycling:plastic": null, "recycling:plastic_bottles": null, "recycling:plastic_packaging": null, "recycling:scrap_metal": null, "recycling_type": null, "contact:email": null, "contact:phone": null, "contact:website": null, "contact:whatsapp": null, "natural": null, "opening_hours": null, "operator": null, "phone": null, "crossing": null, "crossing:signals": null, "crossing:markings": null, "parking_space": null, "addr:postcode": null, "addr:suburb": null, "description": null, "payment:pix": null, "lit": null, "oneway": null, "surface": null, "lanes": null, "sidewalk": null, "source": null, "alt_name": null, "foot": null, "smoothness": null, "building": null, "service": null, "bridge": null, "layer": null, "brand:wikipedia": null, "cuisine": null, "takeaway": null, "bicycle": null, "leisure": null, "highway:source": null, "building:levels": null, "note": null, "footway": "sidewalk", "mapillary": null, "survey:date": null, "tactile_paving": null, "turn:lanes": null, "box_id": 1, "provider": "osmnx" }, "geometry": { "type": "LineString", "coordinates": [ [ -49.2714913, -25.4577301 ], [ -49.2715494, -25.4578239 ] ] } },
{ "type": "Feature", "properties": { "highway": "footway", "amenity": null, "healthcare": null, "name": null, "brand": null, "brand:wikidata": null, "shop": null, "maxspeed": null, "addr:city": null, "addr:housenumber": null, "addr:street": null, "office": null, "website": null, "bus": null, "public_transport": null, "shelter": null, "check_date:shelter": null, "recycling:aluminium": null, "recycling:beverage_cartons": null, "recycling:books": null, "recycling:cans": null, "recycling:cardboard": null, "recycling:cartons": null, "recycling:glass": null, "recycling:glass_bottles": null, "recycling:magazines": null, "recycling:newspaper": null, "recycling:paper": null, "recycling:paper_packaging": null, "recycling:plastic": null, "recycling:plastic_bottles": null, "recycling:plastic_packaging": null, "recycling:scrap_metal": null, "recycling_type": null, "contact:email": null, "contact:phone": null, "contact:website": null, "contact:whatsapp": null, "natural": null, "opening_hours": null, "operator": null, "phone": null, "crossing": null, "crossing:signals": null, "crossing:markings": null, "parking_space": null, "addr:postcode": null, "addr:suburb": null, "description": null, "payment:pix": null, "lit": null, "oneway": null, "surface": null, "lanes": null, "sidewalk": null, "source": null, "alt_name": null, "foot": null, "smoothness": null, "building": null, "service": null, "bridge": null, "layer": null, "brand:wikipedia": null, "cuisine": null, "takeaway": null, "bicycle": null, "leisure": null, "highway:source": null, "building:levels": null, "note": null, "footway": "sidewalk", "mapillary": null, "survey:date": null, "tactile_paving": null, "turn:lanes": null, "box_id": 1, "provider": "osmnx" }, "geometry": { "type": "LineString", "coordinates": [ [ -49.2714373, -25.4576429 ], [ -49.2714913, -25.4577301 ] ] } },
{ "type": "Feature", "properties": { "highway": "footway", "amenity": null, "healthcare": null, "name": null, "brand": null, "brand:wikidata": null, "shop": null, "maxspeed": null, "addr:city": null, "addr:housenumber": null, "addr:street": null, "office": null, "website": null, "bus": null, "public_transport": null, "shelter": null, "check_date:shelter": null, "recycling:aluminium": null, "recycling:beverage_cartons": null, "recycling:books": null, "recycling:cans": null, "recycling:cardboard": null, "recycling:cartons": null, "recycling:glass": null, "recycling:glass_bottles": null, "recycling:magazines": null, "recycling:newspaper": null, "recycling:paper": null, "recycling:paper_packaging": null, "recycling:plastic": null, "recycling:plastic_bottles": null, "recycling:plastic_packaging": null, "recycling:scrap_metal": null, "recycling_type": null, "contact:email": null, "contact:phone": null, "contact:website": null, "contact:whatsapp": null, "natural": null, "opening_hours": null, "operator": null, "phone": null, "crossing": null, "crossing:signals": null, "crossing:markings": null, "parking_space": null, "addr:postcode": null, "addr:suburb": null, "description": null, "payment:pix": null, "lit": null, "oneway": null, "surface": null, "lanes": null, "sidewalk": null, "source": null, "alt_name": null, "foot": null, "smoothness": null, "building": null, "service": null, "bridge": null, "layer": null, "brand:wikipedia": null, "cuisine": null, "takeaway": null, "bicycle": null, "leisure": null, "highway:source": null, "building:levels": null, "note": null, "footway": "crossing", "mapillary": null, "survey:date": null, "tactile_paving": null, "turn:lanes": null, "box_id": 1, "provider": "osmnx" }, "geometry": { "type": "LineString", "coordinates": [ [ -49.2718857, -25.4582762 ], [ -49.2718784, -25.4582643 ], [ -49.2718612, -25.4582366 ], [ -49.271844, -25.4582088 ], [ -49.2718367, -25.4581969 ] ] } },
{ "type": "Feature", "properties": { "highway": "footway", "amenity": null, "healthcare": null, "name": null, "brand": null, "brand:wikidata": null, "shop": null, "maxspeed": null, "addr:city": null, "addr:housenumber": null, "addr:street": null, "office": null, "website": null, "bus": null, "public_transport": null, "shelter": null, "check_date:shelter": null, "recycling:aluminium": null, "recycling:beverage_cartons": null, "recycling:books": null, "recycling:cans": null, "recycling:cardboard": null, "recycling:cartons": null, "recycling:glass": null, "recycling:glass_bottles": null, "recycling:magazines": null, "recycling:newspaper": null, "recycling:paper": null, "recycling:paper_packaging": null, "recycling:plastic": null, "recycling:plastic_bottles": null, "recycling:plastic_packaging": null, "recycling:scrap_metal": null, "recycling_type": null, "contact:email": null, "contact:phone": null, "contact:website": null, "contact:whatsapp": null, "natural": null, "opening_hours": null, "operator": null, "phone": null, "crossing": null, "crossing:signals": null, "crossing:markings": null, "parking_space": null, "addr:postcode": null, "addr:suburb": null, "description": null, "payment:pix": null, "lit": null, "oneway": null, "surface": null, "lanes": null, "sidewalk": null, "source": null, "alt_name": null, "foot": null, "smoothness": null, "building": null, "service": null, "bridge": null, "layer": null, "brand:wikipedia": null, "cuisine": null, "takeaway": null, "bicycle": null, "leisure": null, "highway:source": null, "building:levels": null, "note": null, "footway": "sidewalk", "mapillary": null, "survey:date": null, "tactile_paving": null, "turn:lanes": null, "box_id": 1, "provider": "osmnx" }, "geometry": { "type": "LineString", "coordinates": [ [ -49.272037383679482, -25.458220169897967 ], [ -49.2719261, -25.4582613 ] ] } },
{ "type": "Feature", "properties": { "highway": "footway", "amenity": null, "healthcare": null, "name": null, "brand": null, "brand:wikidata": null, "shop": null, "maxspeed": null, "addr:city": null, "addr:housenumber": null, "addr:street": null, "office": null, "website": null, "bus": null, "public_transport": null, "shelter": null, "check_date:shelter": null, "recycling:aluminium": null, "recycling:beverage_cartons": null, "recycling:books": null, "recycling:cans": null, "recycling:cardboard": null, "recycling:cartons": null, "recycling:glass": null, "recycling:glass_bottles": null, "recycling:magazines": null, "recycling:newspaper": null, "recycling:paper": null, "recycling:paper_packaging": null, "recycling:plastic": null, "recycling:plastic_bottles": null, "recycling:plastic_packaging": null, "recycling:scrap_metal": null, "recycling_type": null, "contact:email": null, "contact:phone": null, "contact:website": null, "contact:whatsapp": null, "natural": null, "opening_hours": null, "operator": null, "phone": null, "crossing": null, "crossing:signals": null, "crossing:markings": null, "parking_space": null, "addr:postcode": null, "addr:suburb": null, "description": null, "payment:pix": null, "lit": null, "oneway": null, "surface": null, "lanes": null, "sidewalk": null, "source": null, "alt_name": null, "foot": null, "smoothness": null, "building": null, "service": null, "bridge": null, "layer": null, "brand:wikipedia": null, "cuisine": null, "takeaway": null, "bicycle": null, "leisure": null, "highway:source": null, "building:levels": null, "note": null, "footway": "crossing", "mapillary": null, "survey:date": null, "tactile_paving": null, "turn:lanes": null, "box_id": 1, "provider": "osmnx" }, "geometry": { "type": "LineString", "coordinates": [ [ -49.2716743, -25.4582096 ], [ -49.2716881, -25.4582043 ], [ -49.2717204, -25.4581919 ], [ -49.2717526, -25.4581795 ], [ -49.2717664, -25.4581742 ] ] } },
{ "type": "Feature", "properties": { "highway": "footway", "amenity": null, "healthcare": null, "name": null, "brand": null, "brand:wikidata": null, "shop": null, "maxspeed": null, "addr:city": null, "addr:housenumber": null, "addr:street": null, "office": null, "website": null, "bus": null, "public_transport": null, "shelter": null, "check_date:shelter": null, "recycling:aluminium": null, "recycling:beverage_cartons": null, "recycling:books": null, "recycling:cans": null, "recycling:cardboard": null, "recycling:cartons": null, "recycling:glass": null, "recycling:glass_bottles": null, "recycling:magazines": null, "recycling:newspaper": null, "recycling:paper": null, "recycling:paper_packaging": null, "recycling:plastic": null, "recycling:plastic_bottles": null, "recycling:plastic_packaging": null, "recycling:scrap_metal": null, "recycling_type": null, "contact:email": null, "contact:phone": null, "contact:website": null, "contact:whatsapp": null, "natural": null, "opening_hours": null, "operator": null, "phone": null, "crossing": null, "crossing:signals": null, "crossing:markings": null, "parking_space": null, "addr:postcode": null, "addr:suburb": null, "description": null, "payment:pix": null, "lit": null, "oneway": null, "surface": null, "lanes": null, "sidewalk": null, "source": null, "alt_name": null, "foot": null, "smoothness": null, "building": null, "service": null, "bridge": null, "layer": null, "brand:wikipedia": null, "cuisine": null, "takeaway": null, "bicycle": null, "leisure": null, "highway:source": null, "building:levels": null, "note": null, "footway": "sidewalk", "mapillary": null, "survey:date": null, "tactile_paving": null, "turn:lanes": null, "box_id": 1, "provider": "osmnx" }, "geometry": { "type": "LineString", "coordinates": [ [ -49.2717795, -25.4581947 ], [ -49.2717833, -25.4581992 ], [ -49.2717903, -25.4582037 ], [ -49.2717984, -25.4582063 ], [ -49.271807, -25.4582067 ], [ -49.2718153, -25.4582048 ], [ -49.2718367, -25.4581969 ], [ -49.2720189, -25.4581296 ] ] } },
{ "type": "Feature", "properties": { "highway": "footway", "amenity": null, "healthcare": null, "name": null, "brand": null, "brand:wikidata": null, "shop": null, "maxspeed": null, "addr:city": null, "addr:housenumber": null, "addr:street": null, "office": null, "website": null, "bus": null, "public_transport": null, "shelter": null, "check_date:shelter": null, "recycling:aluminium": null, "recycling:beverage_cartons": null, "recycling:books": null, "recycling:cans": null, "recycling:cardboard": null, "recycling:cartons": null, "recycling:glass": null, "recycling:glass_bottles": null, "recycling:magazines": null, "recycling:newspaper": null, "recycling:paper": null, "recycling:paper_packaging": null, "recycling:plastic": null, "recycling:plastic_bottles": null, "recycling:plastic_packaging": null, "recycling:scrap_metal": null, "recycling_type": null, "contact:email": null, "contact:phone": null, "contact:website": null, "contact:whatsapp": null, "natural": null, "opening_hours": null, "operator": null, "phone": null, "crossing": null, "crossing:signals": null, "crossing:markings": null, "parking_space": null, "addr:postcode": null, "addr:suburb": null, "description": null, "payment:pix": null, "lit": null, "oneway": null, "surface": null, "lanes": null, "sidewalk": null, "source": null, "alt_name": null, "foot": null, "smoothness": null, "building": null, "service": null, "bridge": null, "layer": null, "brand:wikipedia": null, "cuisine": null, "takeaway": null, "bicycle": null, "leisure": null, "highway:source": null, "building:levels": null, "note": null, "footway": "sidewalk", "mapillary": null, "survey:date": null, "tactile_paving": null, "turn:lanes": null, "box_id": 1, "provider": "osmnx" }, "geometry": { "type": "LineString", "coordinates": [ [ -49.2716868, -25.4580457 ], [ -49.2717664, -25.4581742 ], [ -49.2717795, -25.4581947 ] ] } },
{ "type": "Feature", "properties": { "highway": "footway", "amenity": null, "healthcare": null, "name": null, "brand": null, "brand:wikidata": null, "shop": null, "maxspeed": null, "addr:city": null, "addr:housenumber": null, "addr:street": null, "office": null, "website": null, "bus": null, "public_transport": null, "shelter": null, "check_date:shelter": null, "recycling:aluminium": null, "recycling:beverage_cartons": null, "recycling:books": null, "recycling:cans": null, "recycling:cardboard": null, "recycling:cartons": null, "recycling:glass": null, "recycling:glass_bottles": null, "recycling:magazines": null, "recycling:newspaper": null, "recycling:paper": null, "recycling:paper_packaging": null, "recycling:plastic": null, "recycling:plastic_bottles": null, "recycling:plastic_packaging": null, "recycling:scrap_metal": null, "recycling_type": null, "contact:email": null, "contact:phone": null, "contact:website": null, "contact:whatsapp": null, "natural": null, "opening_hours": null, "operator": null, "phone": null, "crossing": null, "crossing:signals": null, "crossing:markings": null, "parking_space": null, "addr:postcode": null, "addr:suburb": null, "description": null, "payment:pix": null, "lit": null, "oneway": null, "surface": null, "lanes": null, "sidewalk": null, "source": null, "alt_name": null, "foot": null, "smoothness": null, "building": null, "service": null, "bridge": null, "layer": null, "brand:wikipedia": null, "cuisine": null, "takeaway": null, "bicycle": null, "leisure": null, "highway:source": null, "building:levels": null, "note": null, "footway": "sidewalk", "mapillary": null, "survey:date": null, "tactile_paving": null, "turn:lanes": null, "box_id": 1, "provider": "osmnx" }, "geometry": { "type": "LineString", "coordinates": [ [ -49.2720189, -25.4581296 ], [ -49.272038782525676, -25.458122248569151 ] ] } },
{ "type": "Feature", "properties": { "highway": "residential", "amenity": null, "healthcare": null, "name": "Rua João Antônio Xavier", "brand": null, "brand:wikidata": null, "shop": null, "maxspeed": null, "addr:city": null, "addr:housenumber": null, "addr:street": null, "office": null, "website": null, "bus": null, "public_transport": null, "shelter": null, "check_date:shelter": null, "recycling:aluminium": null, "recycling:beverage_cartons": null, "recycling:books": null, "recycling:cans": null, "recycling:cardboard": null, "recycling:cartons": null, "recycling:glass": null, "recycling:glass_bottles": null, "recycling:magazines": null, "recycling:newspaper": null, "recycling:paper": null, "recycling:paper_packaging": null, "recycling:plastic": null, "recycling:plastic_bottles": null, "recycling:plastic_packaging": null, "recycling:scrap_metal": null, "recycling_type": null, "contact:email": null, "contact:phone": null, "contact:website": null, "contact:whatsapp": null, "natural": null, "opening_hours": null, "operator": null, "phone": null, "crossing": null, "crossing:signals": null, "crossing:markings": null, "parking_space": null, "addr:postcode": null, "addr:suburb": null, "description": null, "payment:pix": null, "lit": null, "oneway": "no", "surface": "paved", "lanes": "2", "sidewalk": null, "source": null, "alt_name": null, "foot": null, "smoothness": null, "building": null, "service": null, "bridge": null, "layer": null, "brand:wikipedia": null, "cuisine": null, "takeaway": null, "bicycle": null, "leisure": null, "highway:source": null, "building:levels": null, "note": null, "footway": null, "mapillary": null, "survey:date": null, "tactile_paving": null, "turn:lanes": null, "box_id": 1, "provider": "osmnx" }, "geometry": { "type": "LineString", "coordinates": [ [ -49.271963, -25.4593996 ], [ -49.272020846988653, -25.45937776302425 ] ] } },
{ "type": "Feature", "properties": { "highway": "footway", "amenity": null, "healthcare": null, "name": null, "brand": null, "brand:wikidata": null, "shop": null, "maxspeed": null, "addr:city": null, "addr:housenumber": null, "addr:street": null, "office": null, "website": null, "bus": null, "public_transport": null, "shelter": null, "check_date:shelter": null, "recycling:aluminium": null, "recycling:beverage_cartons": null, "recycling:books": null, "recycling:cans": null, "recycling:cardboard": null, "recycling:cartons": null, "recycling:glass": null, "recycling:glass_bottles": null, "recycling:magazines": null, "recycling:newspaper": null, "recycling:paper": null, "recycling:paper_packaging": null, "recycling:plastic": null, "recycling:plastic_bottles": null, "recycling:plastic_packaging": null, "recycling:scrap_metal": null, "recycling_type": null, "contact:email": null, "contact:phone": null, "contact:website": null, "contact:whatsapp": null, "natural": null, "opening_hours": null, "operator": null, "phone": null, "crossing": null, "crossing:signals": null, "crossing:markings": null, "parking_space": null, "addr:postcode": null, "addr:suburb": null, "description": null, "payment:pix": null, "lit": null, "oneway": null, "surface": null, "lanes": null, "sidewalk": null, "source": null, "alt_name": null, "foot": null, "smoothness": null, "building": null, "service": null, "bridge": null, "layer": null, "brand:wikipedia": null, "cuisine": null, "takeaway": null, "bicycle": null, "leisure": null, "highway:source": null, "building:levels": null, "note": null, "footway": "sidewalk", "mapillary": null, "survey:date": null, "tactile_paving": null, "turn:lanes": null, "box_id": 1, "provider": "osmnx" }, "geometry": { "type": "LineString", "coordinates": [ [ -49.2719296, -25.4572851 ], [ -49.2715122, -25.4572908 ] ] } },
{ "type": "Feature", "properties": { "highway": "footway", "amenity": null, "healthcare": null, "name": null, "brand": null, "brand:wikidata": null, "shop": null, "maxspeed": null, "addr:city": null, "addr:housenumber": null, "addr:street": null, "office": null, "website": null, "bus": null, "public_transport": null, "shelter": null, "check_date:shelter": null, "recycling:aluminium": null, "recycling:beverage_cartons": null, "recycling:books": null, "recycling:cans": null, "recycling:cardboard": null, "recycling:cartons": null, "recycling:glass": null, "recycling:glass_bottles": null, "recycling:magazines": null, "recycling:newspaper": null, "recycling:paper": null, "recycling:paper_packaging": null, "recycling:plastic": null, "recycling:plastic_bottles": null, "recycling:plastic_packaging": null, "recycling:scrap_metal": null, "recycling_type": null, "contact:email": null, "contact:phone": null, "contact:website": null, "contact:whatsapp": null, "natural": null, "opening_hours": null, "operator": null, "phone": null, "crossing": null, "crossing:signals": null, "crossing:markings": null, "parking_space": null, "addr:postcode": null, "addr:suburb": null, "description": null, "payment:pix": null, "lit": null, "oneway": null, "surface": null, "lanes": null, "sidewalk": null, "source": null, "alt_name": null, "foot": null, "smoothness": null, "building": null, "service": null, "bridge": null, "layer": null, "brand:wikipedia": null, "cuisine": null, "takeaway": null, "bicycle": null, "leisure": null, "highway:source": null, "building:levels": null, "note": null, "footway": "sidewalk", "mapillary": null, "survey:date": null, "tactile_paving": null, "turn:lanes": null, "box_id": 1, "provider": "osmnx" }, "geometry": { "type": "LineString", "coordinates": [ [ -49.27205076495563, -25.45728346052573 ], [ -49.2719296, -25.4572851 ] ] } },
{ "type": "Feature", "properties": { "highway": "footway", "amenity": null, "healthcare": null, "name": null, "brand": null, "brand:wikidata": null, "shop": null, "maxspeed": null, "addr:city": null, "addr:housenumber": null, "addr:street": null, "office": null, "website": null, "bus": null, "public_transport": null, "shelter": null, "check_date:shelter": null, "recycling:aluminium": null, "recycling:beverage_cartons": null, "recycling:books": null, "recycling:cans": null, "recycling:cardboard": null, "recycling:cartons": null, "recycling:glass": null, "recycling:glass_bottles": null, "recycling:magazines": null, "recycling:newspaper": null, "recycling:paper": null, "recycling:paper_packaging": null, "recycling:plastic": null, "recycling:plastic_bottles": null, "recycling:plastic_packaging": null, "recycling:scrap_metal": null, "recycling_type": null, "contact:email": null, "contact:phone": null, "contact:website": null, "contact:whatsapp": null, "natural": null, "opening_hours": null, "operator": null, "phone": null, "crossing": null, "crossing:signals": null, "crossing:markings": null, "parking_space": null, "addr:postcode": null, "addr:suburb": null, "description": null, "payment:pix": null, "lit": null, "oneway": null, "surface": null, "lanes": null, "sidewalk": null, "source": null, "alt_name": null, "foot": null, "smoothness": null, "building": null, "service": null, "bridge": null, "layer": null, "brand:wikipedia": null, "cuisine": null, "takeaway": null, "bicycle": null, "leisure": null, "highway:source": null, "building:levels": null, "note": null, "footway": "crossing", "mapillary": null, "survey:date": null, "tactile_paving": null, "turn:lanes": null, "box_id": 1, "provider": "osmnx" }, "geometry": { "type": "LineString", "coordinates": [ [ -49.2720448, -25.4571933 ], [ -49.2720508, -25.4572067 ], [ -49.272051828454352, -25.457209014022283 ] ] } },
{ "type": "Feature", "properties": { "highway": "footway", "amenity": null, "healthcare": null, "name": null, "brand": null, "brand:wikidata": null, "shop": null, "maxspeed": null, "addr:city": null, "addr:housenumber": null, "addr:street": null, "office": null, "website": null, "bus": null, "public_transport": null, "shelter": null, "check_date:shelter": null, "recycling:aluminium": null, "recycling:beverage_cartons": null, "recycling:books": null, "recycling:cans": null, "recycling:cardboard": null, "recycling:cartons": null, "recycling:glass": null, "recycling:glass_bottles": null, "recycling:magazines": null, "recycling:newspaper": null, "recycling:paper": null, "recycling:paper_packaging": null, "recycling:plastic": null, "recycling:plastic_bottles": null, "recycling:plastic_packaging": null, "recycling:scrap_metal": null, "recycling_type": null, "contact:email": null, "contact:phone": null, "contact:website": null, "contact:whatsapp": null, "natural": null, "opening_hours": null, "operator": null, "phone": null, "crossing": null, "crossing:signals": null, "crossing:markings": null, "parking_space": null, "addr:postcode": null, "addr:suburb": null, "description": null, "payment:pix": null, "lit": null, "oneway": null, "surface": null, "lanes": null, "sidewalk": null, "source": null, "alt_name": null, "foot": null, "smoothness": null, "building": null, "service": null, "bridge": null, "layer": null, "brand:wikipedia": null, "cuisine": null, "takeaway": null, "bicycle": null, "leisure": null, "highway:source": null, "building:levels": null, "note": null, "footway": "sidewalk", "mapillary": null, "survey:date": null, "tactile_paving": null, "turn:lanes": null, "box_id": 1, "provider": "osmnx" }, "geometry": { "type": "LineString", "coordinates": [ [ -49.27139, -25.4577507 ], [ -49.2712471, -25.4575199 ] ] } },
{ "type": "Feature", "properties": { "highway": "footway", "amenity": null, "healthcare": null, "name": null, "brand": null, "brand:wikidata": null, "shop": null, "maxspeed": null, "addr:city": null, "addr:housenumber": null, "addr:street": null, "office": null, "website": null, "bus": null, "public_transport": null, "shelter": null, "check_date:shelter": null, "recycling:aluminium": null, "recycling:beverage_cartons": null, "recycling:books": null, "recycling:cans": null, "recycling:cardboard": null, "recycling:cartons": null, "recycling:glass": null, "recycling:glass_bottles": null, "recycling:magazines": null, "recycling:newspaper": null, "recycling:paper": null, "recycling:paper_packaging": null, "recycling:plastic": null, "recycling:plastic_bottles": null, "recycling:plastic_packaging": null, "recycling:scrap_metal": null, "recycling_type": null, "contact:email": null, "contact:phone": null, "contact:website": null, "contact:whatsapp": null, "natural": null, "opening_hours": null, "operator": null, "phone": null, "crossing": null, "crossing:signals": null, "crossing:markings": null, "parking_space": null, "addr:postcode": null, "addr:suburb": null, "description": null, "payment:pix": null, "lit": null, "oneway": null, "surface": null, "lanes": null, "sidewalk": null, "source": null, "alt_name": null, "foot": null, "smoothness": null, "building": null, "service": null, "bridge": null, "layer": null, "brand:wikipedia": null, "cuisine": null, "takeaway": null, "bicycle": null, "leisure": null, "highway:source": null, "building:levels": null, "note": null, "footway": "sidewalk", "mapillary": null, "survey:date": null, "tactile_paving": null, "turn:lanes": null, "box_id": 1, "provider": "osmnx" }, "geometry": { "type": "LineString", "coordinates": [ [ -49.2713821, -25.4575538 ], [ -49.2714373, -25.4576429 ] ] } },
{ "type": "Feature", "properties": { "highway": "footway", "amenity": null, "healthcare": null, "name": null, "brand": null, "brand:wikidata": null, "shop": null, "maxspeed": null, "addr:city": null, "addr:housenumber": null, "addr:street": null, "office": null, "website": null, "bus": null, "public_transport": null, "shelter": null, "check_date:shelter": null, "recycling:aluminium": null, "recycling:beverage_cartons": null, "recycling:books": null, "recycling:cans": null, "recycling:cardboard": null, "recycling:cartons": null, "recycling:glass": null, "recycling:glass_bottles": null, "recycling:magazines": null, "recycling:newspaper": null, "recycling:paper": null, "recycling:paper_packaging": null, "recycling:plastic": null, "recycling:plastic_bottles": null, "recycling:plastic_packaging": null, "recycling:scrap_metal": null, "recycling_type": null, "contact:email": null, "contact:phone": null, "contact:website": null, "contact:whatsapp": null, "natural": null, "opening_hours": null, "operator": null, "phone": null, "crossing": null, "crossing:signals": null, "crossing:markings": null, "parking_space": null, "addr:postcode": null, "addr:suburb": null, "description": null, "payment:pix": null, "lit": null, "oneway": null, "surface": null, "lanes": null, "sidewalk": null, "source": null, "alt_name": null, "foot": null, "smoothness": null, "building": null, "service": null, "bridge": null, "layer": null, "brand:wikipedia": null, "cuisine": null, "takeaway": null, "bicycle": null, "leisure": null, "highway:source": null, "building:levels": null, "note": null, "footway": "sidewalk", "mapillary": null, "survey:date": null, "tactile_paving": null, "turn:lanes": null, "box_id": 1, "provider": "osmnx" }, "geometry": { "type": "LineString", "coordinates": [ [ -49.2713188, -25.4574516 ], [ -49.2713821, -25.4575538 ] ] } },
{ "type": "Feature", "properties": { "highway": "footway", "amenity": null, "healthcare": null, "name": null, "brand": null, "brand:wikidata": null, "shop": null, "maxspeed": null, "addr:city": null, "addr:housenumber": null, "addr:street": null, "office": null, "website": null, "bus": null, "public_transport": null, "shelter": null, "check_date:shelter": null, "recycling:aluminium": null, "recycling:beverage_cartons": null, "recycling:books": null, "recycling:cans": null, "recycling:cardboard": null, "recycling:cartons": null, "recycling:glass": null, "recycling:glass_bottles": null, "recycling:magazines": null, "recycling:newspaper": null, "recycling:paper": null, "recycling:paper_packaging": null, "recycling:plastic": null, "recycling:plastic_bottles": null, "recycling:plastic_packaging": null, "recycling:scrap_metal": null, "recycling_type": null, "contact:email": null, "contact:phone": null, "contact:website": null, "contact:whatsapp": null, "natural": null, "opening_hours": null, "operator": null, "phone": null, "crossing": null, "crossing:signals": null, "crossing:markings": null, "parking_space": null, "addr:postcode": null, "addr:suburb": null, "description": null, "payment:pix": null, "lit": null, "oneway": null, "surface": null, "lanes": null, "sidewalk": null, "source": null, "alt_name": null, "foot": null, "smoothness": null, "building": null, "service": null, "bridge": null, "layer": null, "brand:wikipedia": null, "cuisine": null, "takeaway": null, "bicycle": null, "leisure": null, "highway:source": null, "building:levels": null, "note": null, "footway": "sidewalk", "mapillary": null, "survey:date": null, "tactile_paving": null, "turn:lanes": null, "box_id": 1, "provider": "osmnx" }, "geometry": { "type": "LineString", "coordinates": [ [ -49.2712471, -25.4575199 ], [ -49.2711296, -25.4573303 ], [ -49.2711041, -25.4572892 ] ] } },
{ "type": "Feature", "properties": { "highway": "footway", "amenity": null, "healthcare": null, "name": null, "brand": null, "brand:wikidata": null, "shop": null, "maxspeed": null, "addr:city": null, "addr:housenumber": null, "addr:street": null, "office": null, "website": null, "bus": null, "public_transport": null, "shelter": null, "check_date:shelter": null, "recycling:aluminium": null, "recycling:beverage_cartons": null, "recycling:books": null, "recycling:cans": null, "recycling:cardboard": null, "recycling:cartons": null, "recycling:glass": null, "recycling:glass_bottles": null, "recycling:magazines": null, "recycling:newspaper": null, "recycling:paper": null, "recycling:paper_packaging": null, "recycling:plastic": null, "recycling:plastic_bottles": null, "recycling:plastic_packaging": null, "recycling:scrap_metal": null, "recycling_type": null, "contact:email": null, "contact:phone": null, "contact:website": null, "contact:whatsapp": null, "natural": null, "opening_hours": null, "operator": null, "phone": null, "crossing": null, "crossing:signals": null, "crossing:markings": null, "parking_space": null, "addr:postcode": null, "addr:suburb": null, "description": null, "payment:pix": null, "lit": null, "oneway": null, "surface": null, "lanes": null, "sidewalk": null, "source": null, "alt_name": null, "foot": null, "smoothness": null, "building": null, "service": null, "bridge": null, "layer": null, "brand:wikipedia": null, "cuisine": null, "takeaway": null, "bicycle": null, "leisure": null, "highway:source": null, "building:levels": null, "note": null, "footway": "sidewalk", "mapillary": null, "survey:date": null, "tactile_paving": null, "turn:lanes": null, "box_id": 1, "provider": "osmnx" }, "geometry": { "type": "LineString", "coordinates": [ [ -49.2712718, -25.4572941 ], [ -49.2712651, -25.4572951 ], [ -49.2712631, -25.4572954 ], [ -49.2712553, -25.4572989 ], [ -49.2712489, -25.4573044 ], [ -49.2712438, -25.4573142 ], [ -49.2712425, -25.4573191 ], [ -49.2712431, -25.457327 ], [ -49.2712438, -25.4573287 ], [ -49.2712463, -25.4573345 ], [ -49.2713188, -25.4574516 ] ] } },
{ "type": "Feature", "properties": { "highway": "footway", "amenity": null, "healthcare": null, "name": null, "brand": null, "brand:wikidata": null, "shop": null, "maxspeed": null, "addr:city": null, "addr:housenumber": null, "addr:street": null, "office": null, "website": null, "bus": null, "public_transport": null, "shelter": null, "check_date:shelter": null, "recycling:aluminium": null, "recycling:beverage_cartons": null, "recycling:books": null, "recycling:cans": null, "recycling:cardboard": null, "recycling:cartons": null, "recycling:glass": null, "recycling:glass_bottles": null, "recycling:magazines": null, "recycling:newspaper": null, "recycling:paper": null, "recycling:paper_packaging": null, "recycling:plastic": null, "recycling:plastic_bottles": null, "recycling:plastic_packaging": null, "recycling:scrap_metal": null, "recycling_type": null, "contact:email": null, "contact:phone": null, "contact:website": null, "contact:whatsapp": null, "natural": null, "opening_hours": null, "operator": null, "phone": null, "crossing": null, "crossing:signals": null, "crossing:markings": null, "parking_space": null, "addr:postcode": null, "addr:suburb": null, "description": null, "payment:pix": null, "lit": null, "oneway": null, "surface": null, "lanes": null, "sidewalk": null, "source": null, "alt_name": null, "foot": null, "smoothness": null, "building": null, "service": null, "bridge": null, "layer": null, "brand:wikipedia": null, "cuisine": null, "takeaway": null, "bicycle": null, "leisure": null, "highway:source": null, "building:levels": null, "note": null, "footway": "crossing", "mapillary": null, "survey:date": null, "tactile_paving": null, "turn:lanes": null, "box_id": 1, "provider": "osmnx" }, "geometry": { "type": "LineString", "coordinates": [ [ -49.2712438, -25.4573287 ], [ -49.2712265, -25.4573289 ], [ -49.2711861, -25.4573295 ], [ -49.2711465, -25.45733 ], [ -49.2711296, -25.4573303 ] ] } },
{ "type": "Feature", "properties": { "highway": "footway", "amenity": null, "healthcare": null, "name": null, "brand": null, "brand:wikidata": null, "shop": null, "maxspeed": null, "addr:city": null, "addr:housenumber": null, "addr:street": null, "office": null, "website": null, "bus": null, "public_transport": null, "shelter": null, "check_date:shelter": null, "recycling:aluminium": null, "recycling:beverage_cartons": null, "recycling:books": null, "recycling:cans": null, "recycling:cardboard": null, "recycling:cartons": null, "recycling:glass": null, "recycling:glass_bottles": null, "recycling:magazines": null, "recycling:newspaper": null, "recycling:paper": null, "recycling:paper_packaging": null, "recycling:plastic": null, "recycling:plastic_bottles": null, "recycling:plastic_packaging": null, "recycling:scrap_metal": null, "recycling_type": null, "contact:email": null, "contact:phone": null, "contact:website": null, "contact:whatsapp": null, "natural": null, "opening_hours": null, "operator": null, "phone": null, "crossing": null, "crossing:signals": null, "crossing:markings": null, "parking_space": null, "addr:postcode": null, "addr:suburb": null, "description": null, "payment:pix": null, "lit": null, "oneway": null, "surface": null, "lanes": null, "sidewalk": null, "source": null, "alt_name": null, "foot": null, "smoothness": null, "building": null, "service": null, "bridge": null, "layer": null, "brand:wikipedia": null, "cuisine": null, "takeaway": null, "bicycle": null, "leisure": null, "highway:source": null, "building:levels": null, "note": null, "footway": "sidewalk", "mapillary": null, "survey:date": null, "tactile_paving": null, "turn:lanes": null, "box_id": 1, "provider": "osmnx" }, "geometry": { "type": "LineString", "coordinates": [ [ -49.2715122, -25.4572908 ], [ -49.2712718, -25.4572941 ] ] } },
{ "type": "Feature", "properties": { "highway": "footway", "amenity": null, "healthcare": null, "name": null, "brand": null, "brand:wikidata": null, "shop": null, "maxspeed": null, "addr:city": null, "addr:housenumber": null, "addr:street": null, "office": null, "website": null, "bus": null, "public_transport": null, "shelter": null, "check_date:shelter": null, "recycling:aluminium": null, "recycling:beverage_cartons": null, "recycling:books": null, "recycling:cans": null, "recycling:cardboard": null, "recycling:cartons": null, "recycling:glass": null, "recycling:glass_bottles": null, "recycling:magazines": null, "recycling:newspaper": null, "recycling:paper": null, "recycling:paper_packaging": null, "recycling:plastic": null, "recycling:plastic_bottles": null, "recycling:plastic_packaging": null, "recycling:scrap_metal": null, "recycling_type": null, "contact:email": null, "contact:phone": null, "contact:website": null, "contact:whatsapp": null, "natural": null, "opening_hours": null, "operator": null, "phone": null, "crossing": null, "crossing:signals": null, "crossing:markings": null, "parking_space": null, "addr:postcode": null, "addr:suburb": null, "description": null, "payment:pix": null, "lit": null, "oneway": null, "surface": null, "lanes": null, "sidewalk": null, "source": null, "alt_name": null, "foot": null, "smoothness": null, "building": null, "service": null, "bridge": null, "layer": null, "brand:wikipedia": null, "cuisine": null, "takeaway": null, "bicycle": null, "leisure": null, "highway:source": null, "building:levels": null, "note": null, "footway": "crossing", "mapillary": null, "survey:date": null, "tactile_paving": null, "turn:lanes": null, "box_id": 1, "provider": "osmnx" }, "geometry": { "type": "LineString", "coordinates": [ [ -49.2712651, -25.4572951 ], [ -49.2712566, -25.4572814 ], [ -49.2712368, -25.4572494 ], [ -49.2712174, -25.4572181 ], [ -49.2712091, -25.4572047 ] ] } },
{ "type": "Feature", "properties": { "highway": "residential", "amenity": null, "healthcare": null, "name": "Rua João Thiele", "brand": null, "brand:wikidata": null, "shop": null, "maxspeed": null, "addr:city": null, "addr:housenumber": null, "addr:street": null, "office": null, "website": null, "bus": null, "public_transport": null, "shelter": null, "check_date:shelter": null, "recycling:aluminium": null, "recycling:beverage_cartons": null, "recycling:books": null, "recycling:cans": null, "recycling:cardboard": null, "recycling:cartons": null, "recycling:glass": null, "recycling:glass_bottles": null, "recycling:magazines": null, "recycling:newspaper": null, "recycling:paper": null, "recycling:paper_packaging": null, "recycling:plastic": null, "recycling:plastic_bottles": null, "recycling:plastic_packaging": null, "recycling:scrap_metal": null, "recycling_type": null, "contact:email": null, "contact:phone": null, "contact:website": null, "contact:whatsapp": null, "natural": null, "opening_hours": null, "operator": null, "phone": null, "crossing": null, "crossing:signals": null, "crossing:markings": null, "parking_space": null, "addr:postcode": null, "addr:suburb": null, "description": null, "payment:pix": null, "lit": null, "oneway": null, "surface": null, "lanes": null, "sidewalk": null, "source": null, "alt_name": null, "foot": null, "smoothness": null, "building": null, "service": null, "bridge": null, "layer": null, "brand:wikipedia": null, "cuisine": null, "takeaway": null, "bicycle": null, "leisure": null, "highway:source": null, "building:levels": null, "note": null, "footway": null, "mapillary": null, "survey:date": null, "tactile_paving": null, "turn:lanes": null, "box_id": 1, "provider": "osmnx" }, "geometry": { "type": "LineString", "coordinates": [ [ -49.2711374, -25.4572508 ], [ -49.2712368, -25.4572494 ], [ -49.272051408933145, -25.457238381135202 ] ] } },
{ "type": "Feature", "properties": { "highway": "footway", "amenity": null, "healthcare": null, "name": null, "brand": null, "brand:wikidata": null, "shop": null, "maxspeed": null, "addr:city": null, "addr:housenumber": null, "addr:street": null, "office": null, "website": null, "bus": null, "public_transport": null, "shelter": null, "check_date:shelter": null, "recycling:aluminium": null, "recycling:beverage_cartons": null, "recycling:books": null, "recycling:cans": null, "recycling:cardboard": null, "recycling:cartons": null, "recycling:glass": null, "recycling:glass_bottles": null, "recycling:magazines": null, "recycling:newspaper": null, "recycling:paper": null, "recycling:paper_packaging": null, "recycling:plastic": null, "recycling:plastic_bottles": null, "recycling:plastic_packaging": null, "recycling:scrap_metal": null, "recycling_type": null, "contact:email": null, "contact:phone": null, "contact:website": null, "contact:whatsapp": null, "natural": null, "opening_hours": null, "operator": null, "phone": null, "crossing": null, "crossing:signals": null, "crossing:markings": null, "parking_space": null, "addr:postcode": null, "addr:suburb": null, "description": null, "payment:pix": null, "lit": null, "oneway": null, "surface": null, "lanes": null, "sidewalk": null, "source": null, "alt_name": null, "foot": null, "smoothness": null, "building": null, "service": null, "bridge": null, "layer": null, "brand:wikipedia": null, "cuisine": null, "takeaway": null, "bicycle": null, "leisure": null, "highway:source": null, "building:levels": null, "note": null, "footway": "sidewalk", "mapillary": null, "survey:date": null, "tactile_paving": null, "turn:lanes": null, "box_id": 1, "provider": "osmnx" }, "geometry": { "type": "LineString", "coordinates": [ [ -49.2712242, -25.4572045 ], [ -49.2713994, -25.4572021 ] ] } },
{ "type": "Feature", "properties": { "highway": "footway", "amenity": null, "healthcare": null, "name": null, "brand": null, "brand:wikidata": null, "shop": null, "maxspeed": null, "addr:city": null, "addr:housenumber": null, "addr:street": null, "office": null, "website": null, "bus": null, "public_transport": null, "shelter": null, "check_date:shelter": null, "recycling:aluminium": null, "recycling:beverage_cartons": null, "recycling:books": null, "recycling:cans": null, "recycling:cardboard": null, "recycling:cartons": null, "recycling:glass": null, "recycling:glass_bottles": null, "recycling:magazines": null, "recycling:newspaper": null, "recycling:paper": null, "recycling:paper_packaging": null, "recycling:plastic": null, "recycling:plastic_bottles": null, "recycling:plastic_packaging": null, "recycling:scrap_metal": null, "recycling_type": null, "contact:email": null, "contact:phone": null, "contact:website": null, "contact:whatsapp": null, "natural": null, "opening_hours": null, "operator": null, "phone": null, "crossing": null, "crossing:signals": null, "crossing:markings": null, "parking_space": null, "addr:postcode": null, "addr:suburb": null, "description": null, "payment:pix": null, "lit": null, "oneway": null, "surface": null, "lanes": null, "sidewalk": null, "source": null, "alt_name": null, "foot": null, "smoothness": null, "building": null, "service": null, "bridge": null, "layer": null, "brand:wikipedia": null, "cuisine": null, "takeaway": null, "bicycle": null, "leisure": null, "highway:source": null, "building:levels": null, "note": null, "footway": "sidewalk", "mapillary": null, "survey:date": null, "tactile_paving": null, "turn:lanes": null, "box_id": 1, "provider": "osmnx" }, "geometry": { "type": "LineString", "coordinates": [ [ -49.2713994, -25.4572021 ], [ -49.2715077, -25.4572006 ] ] } },
{ "type": "Feature", "properties": { "highway": "footway", "amenity": null, "healthcare": null, "name": null, "brand": null, "brand:wikidata": null, "shop": null, "maxspeed": null, "addr:city": null, "addr:housenumber": null, "addr:street": null, "office": null, "website": null, "bus": null, "public_transport": null, "shelter": null, "check_date:shelter": null, "recycling:aluminium": null, "recycling:beverage_cartons": null, "recycling:books": null, "recycling:cans": null, "recycling:cardboard": null, "recycling:cartons": null, "recycling:glass": null, "recycling:glass_bottles": null, "recycling:magazines": null, "recycling:newspaper": null, "recycling:paper": null, "recycling:paper_packaging": null, "recycling:plastic": null, "recycling:plastic_bottles": null, "recycling:plastic_packaging": null, "recycling:scrap_metal": null, "recycling_type": null, "contact:email": null, "contact:phone": null, "contact:website": null, "contact:whatsapp": null, "natural": null, "opening_hours": null, "operator": null, "phone": null, "crossing": null, "crossing:signals": null, "crossing:markings": null, "parking_space": null, "addr:postcode": null, "addr:suburb": null, "description": null, "payment:pix": null, "lit": null, "oneway": null, "surface": null, "lanes": null, "sidewalk": null, "source": null, "alt_name": null, "foot": null, "smoothness": null, "building": null, "service": null, "bridge": null, "layer": null, "brand:wikipedia": null, "cuisine": null, "takeaway": null, "bicycle": null, "leisure": null, "highway:source": null, "building:levels": null, "note": null, "footway": "sidewalk", "mapillary": null, "survey:date": null, "tactile_paving": null, "turn:lanes": null, "box_id": 1, "provider": "osmnx" }, "geometry": { "type": "LineString", "coordinates": [ [ -49.2715077, -25.4572006 ], [ -49.271683, -25.4571982 ] ] } },
{ "type": "Feature", "properties": { "highway": "footway", "amenity": null, "healthcare": null, "name": null, "brand": null, "brand:wikidata": null, "shop": null, "maxspeed": null, "addr:city": null, "addr:housenumber": null, "addr:street": null, "office": null, "website": null, "bus": null, "public_transport": null, "shelter": null, "check_date:shelter": null, "recycling:aluminium": null, "recycling:beverage_cartons": null, "recycling:books": null, "recycling:cans": null, "recycling:cardboard": null, "recycling:cartons": null, "recycling:glass": null, "recycling:glass_bottles": null, "recycling:magazines": null, "recycling:newspaper": null, "recycling:paper": null, "recycling:paper_packaging": null, "recycling:plastic": null, "recycling:plastic_bottles": null, "recycling:plastic_packaging": null, "recycling:scrap_metal": null, "recycling_type": null, "contact:email": null, "contact:phone": null, "contact:website": null, "contact:whatsapp": null, "natural": null, "opening_hours": null, "operator": null, "phone": null, "crossing": null, "crossing:signals": null, "crossing:markings": null, "parking_space": null, "addr:postcode": null, "addr:suburb": null, "description": null, "payment:pix": null, "lit": null, "oneway": null, "surface": null, "lanes": null, "sidewalk": null, "source": null, "alt_name": null, "foot": null, "smoothness": null, "building": null, "service": null, "bridge": null, "layer": null, "brand:wikipedia": null, "cuisine": null, "takeaway": null, "bicycle": null, "leisure": null, "highway:source": null, "building:levels": null, "note": null, "footway": "crossing", "mapillary": null, "survey:date": null, "tactile_paving": null, "turn:lanes": null, "box_id": 1, "provider": "osmnx" }, "geometry": { "type": "LineString", "coordinates": [ [ -49.2711452, -25.4571713 ], [ -49.2711283, -25.4571716 ], [ -49.2710887, -25.4571721 ], [ -49.2710491, -25.4571727 ], [ -49.2710321, -25.4571729 ] ] } },
{ "type": "Feature", "properties": { "highway": "footway", "amenity": null, "healthcare": null, "name": null, "brand": null, "brand:wikidata": null, "shop": null, "maxspeed": null, "addr:city": null, "addr:housenumber": null, "addr:street": null, "office": null, "website": null, "bus": null, "public_transport": null, "shelter": null, "check_date:shelter": null, "recycling:aluminium": null, "recycling:beverage_cartons": null, "recycling:books": null, "recycling:cans": null, "recycling:cardboard": null, "recycling:cartons": null, "recycling:glass": null, "recycling:glass_bottles": null, "recycling:magazines": null, "recycling:newspaper": null, "recycling:paper": null, "recycling:paper_packaging": null, "recycling:plastic": null, "recycling:plastic_bottles": null, "recycling:plastic_packaging": null, "recycling:scrap_metal": null, "recycling_type": null, "contact:email": null, "contact:phone": null, "contact:website": null, "contact:whatsapp": null, "natural": null, "opening_hours": null, "operator": null, "phone": null, "crossing": null, "crossing:signals": null, "crossing:markings": null, "parking_space": null, "addr:postcode": null, "addr:suburb": null, "description": null, "payment:pix": null, "lit": null, "oneway": null, "surface": null, "lanes": null, "sidewalk": null, "source": null, "alt_name": null, "foot": null, "smoothness": null, "building": null, "service": null, "bridge": null, "layer": null, "brand:wikipedia": null, "cuisine": null, "takeaway": null, "bicycle": null, "leisure": null, "highway:source": null, "building:levels": null, "note": null, "footway": "sidewalk", "mapillary": null, "survey:date": null, "tactile_paving": null, "turn:lanes": null, "box_id": 1, "provider": "osmnx" }, "geometry": { "type": "LineString", "coordinates": [ [ -49.2711013, -25.4571004 ], [ -49.2711452, -25.4571713 ], [ -49.2711575, -25.4571912 ], [ -49.2711643, -25.4571986 ], [ -49.2711735, -25.4572035 ], [ -49.271184, -25.457205 ], [ -49.2712079, -25.4572047 ], [ -49.2712091, -25.4572047 ], [ -49.2712242, -25.4572045 ] ] } },
{ "type": "Feature", "properties": { "highway": "footway", "amenity": null, "healthcare": null, "name": null, "brand": null, "brand:wikidata": null, "shop": null, "maxspeed": null, "addr:city": null, "addr:housenumber": null, "addr:street": null, "office": null, "website": null, "bus": null, "public_transport": null, "shelter": null, "check_date:shelter": null, "recycling:aluminium": null, "recycling:beverage_cartons": null, "recycling:books": null, "recycling:cans": null, "recycling:cardboard": null, "recycling:cartons": null, "recycling:glass": null, "recycling:glass_bottles": null, "recycling:magazines": null, "recycling:newspaper": null, "recycling:paper": null, "recycling:paper_packaging": null, "recycling:plastic": null, "recycling:plastic_bottles": null, "recycling:plastic_packaging": null, "recycling:scrap_metal": null, "recycling_type": null, "contact:email": null, "contact:phone": null, "contact:website": null, "contact:whatsapp": null, "natural": null, "opening_hours": null, "operator": null, "phone": null, "crossing": null, "crossing:signals": null, "crossing:markings": null, "parking_space": null, "addr:postcode": null, "addr:suburb": null, "description": null, "payment:pix": null, "lit": null, "oneway": null, "surface": null, "lanes": null, "sidewalk": null, "source": null, "alt_name": null, "foot": null, "smoothness": null, "building": null, "service": null, "bridge": null, "layer": null, "brand:wikipedia": null, "cuisine": null, "takeaway": null, "bicycle": null, "leisure": null, "highway:source": null, "building:levels": null, "note": null, "footway": "sidewalk", "mapillary": null, "survey:date": null, "tactile_paving": null, "turn:lanes": null, "box_id": 1, "provider": "osmnx" }, "geometry": { "type": "LineString", "coordinates": [ [ -49.2712162, -25.4568122 ], [ -49.2710897, -25.4568169 ] ] } },
{ "type": "Feature", "properties": { "highway": "footway", "amenity": null, "healthcare": null, "name": null, "brand": null, "brand:wikidata": null, "shop": null, "maxspeed": null, "addr:city": null, "addr:housenumber": null, "addr:street": null, "office": null, "website": null, "bus": null, "public_transport": null, "shelter": null, "check_date:shelter": null, "recycling:aluminium": null, "recycling:beverage_cartons": null, "recycling:books": null, "recycling:cans": null, "recycling:cardboard": null, "recycling:cartons": null, "recycling:glass": null, "recycling:glass_bottles": null, "recycling:magazines": null, "recycling:newspaper": null, "recycling:paper": null, "recycling:paper_packaging": null, "recycling:plastic": null, "recycling:plastic_bottles": null, "recycling:plastic_packaging": null, "recycling:scrap_metal": null, "recycling_type": null, "contact:email": null, "contact:phone": null, "contact:website": null, "contact:whatsapp": null, "natural": null, "opening_hours": null, "operator": null, "phone": null, "crossing": null, "crossing:signals": null, "crossing:markings": null, "parking_space": null, "addr:postcode": null, "addr:suburb": null, "description": null, "payment:pix": null, "lit": null, "oneway": null, "surface": null, "lanes": null, "sidewalk": null, "source": null, "alt_name": null, "foot": null, "smoothness": null, "building": null, "service": null, "bridge": null, "layer": null, "brand:wikipedia": null, "cuisine": null, "takeaway": null, "bicycle": null, "leisure": null, "highway:source": null, "building:levels": null, "note": null, "footway": "sidewalk", "mapillary": null, "survey:date": null, "tactile_paving": null, "turn:lanes": null, "box_id": 1, "provider": "osmnx" }, "geometry": { "type": "LineString", "coordinates": [ [ -49.2713225, -25.4568082 ], [ -49.2712162, -25.4568122 ] ] } },
{ "type": "Feature", "properties": { "highway": "footway", "amenity": null, "healthcare": null, "name": null, "brand": null, "brand:wikidata": null, "shop": null, "maxspeed": null, "addr:city": null, "addr:housenumber": null, "addr:street": null, "office": null, "website": null, "bus": null, "public_transport": null, "shelter": null, "check_date:shelter": null, "recycling:aluminium": null, "recycling:beverage_cartons": null, "recycling:books": null, "recycling:cans": null, "recycling:cardboard": null, "recycling:cartons": null, "recycling:glass": null, "recycling:glass_bottles": null, "recycling:magazines": null, "recycling:newspaper": null, "recycling:paper": null, "recycling:paper_packaging": null, "recycling:plastic": null, "recycling:plastic_bottles": null, "recycling:plastic_packaging": null, "recycling:scrap_metal": null, "recycling_type": null, "contact:email": null, "contact:phone": null, "contact:website": null, "contact:whatsapp": null, "natural": null, "opening_hours": null, "operator": null, "phone": null, "crossing": null, "crossing:signals": null, "crossing:markings": null, "parking_space": null, "addr:postcode": null, "addr:suburb": null, "description": null, "payment:pix": null, "lit": null, "oneway": null, "surface": null, "lanes": null, "sidewalk": null, "source": null, "alt_name": null, "foot": null, "smoothness": null, "building": null, "service": null, "bridge": null, "layer": null, "brand:wikipedia": null, "cuisine": null, "takeaway": null, "bicycle": null, "leisure": null, "highway:source": null, "building:levels": null, "note": null, "footway": "sidewalk", "mapillary": null, "survey:date": null, "tactile_paving": null, "turn:lanes": null, "box_id": 1, "provider": "osmnx" }, "geometry": { "type": "LineString", "coordinates": [ [ -49.2714963, -25.4568018 ], [ -49.2713225, -25.4568082 ] ] } },
{ "type": "Feature", "properties": { "highway": "footway", "amenity": null, "healthcare": null, "name": null, "brand": null, "brand:wikidata": null, "shop": null, "maxspeed": null, "addr:city": null, "addr:housenumber": null, "addr:street": null, "office": null, "website": null, "bus": null, "public_transport": null, "shelter": null, "check_date:shelter": null, "recycling:aluminium": null, "recycling:beverage_cartons": null, "recycling:books": null, "recycling:cans": null, "recycling:cardboard": null, "recycling:cartons": null, "recycling:glass": null, "recycling:glass_bottles": null, "recycling:magazines": null, "recycling:newspaper": null, "recycling:paper": null, "recycling:paper_packaging": null, "recycling:plastic": null, "recycling:plastic_bottles": null, "recycling:plastic_packaging": null, "recycling:scrap_metal": null, "recycling_type": null, "contact:email": null, "contact:phone": null, "contact:website": null, "contact:whatsapp": null, "natural": null, "opening_hours": null, "operator": null, "phone": null, "crossing": null, "crossing:signals": null, "crossing:markings": null, "parking_space": null, "addr:postcode": null, "addr:suburb": null, "description": null, "payment:pix": null, "lit": null, "oneway": null, "surface": null, "lanes": null, "sidewalk": null, "source": null, "alt_name": null, "foot": null, "smoothness": null, "building": null, "service": null, "bridge": null, "layer": null, "brand:wikipedia": null, "cuisine": null, "takeaway": null, "bicycle": null, "leisure": null, "highway:source": null, "building:levels": null, "note": null, "footway": "sidewalk", "mapillary": null, "survey:date": null, "tactile_paving": null, "turn:lanes": null, "box_id": 1, "provider": "osmnx" }, "geometry": { "type": "LineString", "coordinates": [ [ -49.2716522, -25.456796 ], [ -49.2714963, -25.4568018 ] ] } },
{ "type": "Feature", "properties": { "highway": "residential", "amenity": null, "healthcare": null, "name": "Rua Nestor Victor", "brand": null, "brand:wikidata": null, "shop": null, "maxspeed": null, "addr:city": null, "addr:housenumber": null, "addr:street": null, "office": null, "website": null, "bus": null, "public_transport": null, "shelter": null, "check_date:shelter": null, "recycling:aluminium": null, "recycling:beverage_cartons": null, "recycling:books": null, "recycling:cans": null, "recycling:cardboard": null, "recycling:cartons": null, "recycling:glass": null, "recycling:glass_bottles": null, "recycling:magazines": null, "recycling:newspaper": null, "recycling:paper": null, "recycling:paper_packaging": null, "recycling:plastic": null, "recycling:plastic_bottles": null, "recycling:plastic_packaging": null, "recycling:scrap_metal": null, "recycling_type": null, "contact:email": null, "contact:phone": null, "contact:website": null, "contact:whatsapp": null, "natural": null, "opening_hours": null, "operator": null, "phone": null, "crossing": null, "crossing:signals": null, "crossing:markings": null, "parking_space": null, "addr:postcode": null, "addr:suburb": null, "description": null, "payment:pix": null, "lit": null, "oneway": "no", "surface": "asphalt", "lanes": null, "sidewalk": null, "source": null, "alt_name": null, "foot": null, "smoothness": null, "building": null, "service": null, "bridge": null, "layer": null, "brand:wikipedia": null, "cuisine": null, "takeaway": null, "bicycle": null, "leisure": null, "highway:source": null, "building:levels": null, "note": null, "footway": null, "mapillary": null, "survey:date": null, "tactile_paving": null, "turn:lanes": null, "box_id": 1, "provider": "osmnx" }, "geometry": { "type": "LineString", "coordinates": [ [ -49.2719465, -25.456749 ], [ -49.2718472, -25.4567448 ], [ -49.2718323, -25.4567442 ], [ -49.2709555, -25.4567767 ], [ -49.2708462, -25.4567807 ] ] } },
{ "type": "Feature", "properties": { "highway": "footway", "amenity": null, "healthcare": null, "name": null, "brand": null, "brand:wikidata": null, "shop": null, "maxspeed": null, "addr:city": null, "addr:housenumber": null, "addr:street": null, "office": null, "website": null, "bus": null, "public_transport": null, "shelter": null, "check_date:shelter": null, "recycling:aluminium": null, "recycling:beverage_cartons": null, "recycling:books": null, "recycling:cans": null, "recycling:cardboard": null, "recycling:cartons": null, "recycling:glass": null, "recycling:glass_bottles": null, "recycling:magazines": null, "recycling:newspaper": null, "recycling:paper": null, "recycling:paper_packaging": null, "recycling:plastic": null, "recycling:plastic_bottles": null, "recycling:plastic_packaging": null, "recycling:scrap_metal": null, "recycling_type": null, "contact:email": null, "contact:phone": null, "contact:website": null, "contact:whatsapp": null, "natural": null, "opening_hours": null, "operator": null, "phone": null, "crossing": null, "crossing:signals": null, "crossing:markings": null, "parking_space": null, "addr:postcode": null, "addr:suburb": null, "description": null, "payment:pix": null, "lit": null, "oneway": null, "surface": null, "lanes": null, "sidewalk": null, "source": null, "alt_name": null, "foot": null, "smoothness": null, "building": null, "service": null, "bridge": null, "layer": null, "brand:wikipedia": null, "cuisine": null, "takeaway": null, "bicycle": null, "leisure": null, "highway:source": null, "building:levels": null, "note": null, "footway": "sidewalk", "mapillary": null, "survey:date": null, "tactile_paving": null, "turn:lanes": null, "box_id": 1, "provider": "osmnx" }, "geometry": { "type": "LineString", "coordinates": [ [ -49.2712279, -25.4567214 ], [ -49.2714282, -25.456714 ] ] } },
{ "type": "Feature", "properties": { "highway": "footway", "amenity": null, "healthcare": null, "name": null, "brand": null, "brand:wikidata": null, "shop": null, "maxspeed": null, "addr:city": null, "addr:housenumber": null, "addr:street": null, "office": null, "website": null, "bus": null, "public_transport": null, "shelter": null, "check_date:shelter": null, "recycling:aluminium": null, "recycling:beverage_cartons": null, "recycling:books": null, "recycling:cans": null, "recycling:cardboard": null, "recycling:cartons": null, "recycling:glass": null, "recycling:glass_bottles": null, "recycling:magazines": null, "recycling:newspaper": null, "recycling:paper": null, "recycling:paper_packaging": null, "recycling:plastic": null, "recycling:plastic_bottles": null, "recycling:plastic_packaging": null, "recycling:scrap_metal": null, "recycling_type": null, "contact:email": null, "contact:phone": null, "contact:website": null, "contact:whatsapp": null, "natural": null, "opening_hours": null, "operator": null, "phone": null, "crossing": null, "crossing:signals": null, "crossing:markings": null, "parking_space": null, "addr:postcode": null, "addr:suburb": null, "description": null, "payment:pix": null, "lit": null, "oneway": null, "surface": null, "lanes": null, "sidewalk": null, "source": null, "alt_name": null, "foot": null, "smoothness": null, "building": null, "service": null, "bridge": null, "layer": null, "brand:wikipedia": null, "cuisine": null, "takeaway": null, "bicycle": null, "leisure": null, "highway:source": null, "building:levels": null, "note": null, "footway": "sidewalk", "mapillary": null, "survey:date": null, "tactile_paving": null, "turn:lanes": null, "box_id": 1, "provider": "osmnx" }, "geometry": { "type": "LineString", "coordinates": [ [ -49.271683, -25.4571982 ], [ -49.2720448, -25.4571933 ], [ -49.2720469, -25.4571933 ] ] } },
{ "type": "Feature", "properties": { "highway": "footway", "amenity": null, "healthcare": null, "name": null, "brand": null, "brand:wikidata": null, "shop": null, "maxspeed": null, "addr:city": null, "addr:housenumber": null, "addr:street": null, "office": null, "website": null, "bus": null, "public_transport": null, "shelter": null, "check_date:shelter": null, "recycling:aluminium": null, "recycling:beverage_cartons": null, "recycling:books": null, "recycling:cans": null, "recycling:cardboard": null, "recycling:cartons": null, "recycling:glass": null, "recycling:glass_bottles": null, "recycling:magazines": null, "recycling:newspaper": null, "recycling:paper": null, "recycling:paper_packaging": null, "recycling:plastic": null, "recycling:plastic_bottles": null, "recycling:plastic_packaging": null, "recycling:scrap_metal": null, "recycling_type": null, "contact:email": null, "contact:phone": null, "contact:website": null, "contact:whatsapp": null, "natural": null, "opening_hours": null, "operator": null, "phone": null, "crossing": null, "crossing:signals": null, "crossing:markings": null, "parking_space": null, "addr:postcode": null, "addr:suburb": null, "description": null, "payment:pix": null, "lit": null, "oneway": null, "surface": null, "lanes": null, "sidewalk": null, "source": null, "alt_name": null, "foot": null, "smoothness": null, "building": null, "service": null, "bridge": null, "layer": null, "brand:wikipedia": null, "cuisine": null, "takeaway": null, "bicycle": null, "leisure": null, "highway:source": null, "building:levels": null, "note": null, "footway": "sidewalk", "mapillary": null, "survey:date": null, "tactile_paving": null, "turn:lanes": null, "box_id": 1, "provider": "osmnx" }, "geometry": { "type": "MultiLineString", "coordinates": [ [ [ -49.2720469, -25.4571933 ], [ -49.272052064859963, -25.457192465275156 ] ], [ [ -49.272053263793318, -25.457108538144794 ], [ -49.271987, -25.45696 ] ] ] } },
{ "type": "Feature", "properties": { "highway": "footway", "amenity": null, "healthcare": null, "name": null, "brand": null, "brand:wikidata": null, "shop": null, "maxspeed": null, "addr:city": null, "addr:housenumber": null, "addr:street": null, "office": null, "website": null, "bus": null, "public_transport": null, "shelter": null, "check_date:shelter": null, "recycling:aluminium": null, "recycling:beverage_cartons": null, "recycling:books": null, "recycling:cans": null, "recycling:cardboard": null, "recycling:cartons": null, "recycling:glass": null, "recycling:glass_bottles": null, "recycling:magazines": null, "recycling:newspaper": null, "recycling:paper": null, "recycling:paper_packaging": null, "recycling:plastic": null, "recycling:plastic_bottles": null, "recycling:plastic_packaging": null, "recycling:scrap_metal": null, "recycling_type": null, "contact:email": null, "contact:phone": null, "contact:website": null, "contact:whatsapp": null, "natural": null, "opening_hours": null, "operator": null, "phone": null, "crossing": null, "crossing:signals": null, "crossing:markings": null, "parking_space": null, "addr:postcode": null, "addr:suburb": null, "description": null, "payment:pix": null, "lit": null, "oneway": null, "surface": null, "lanes": null, "sidewalk": null, "source": null, "alt_name": null, "foot": null, "smoothness": null, "building": null, "service": null, "bridge": null, "layer": null, "brand:wikipedia": null, "cuisine": null, "takeaway": null, "bicycle": null, "leisure": null, "highway:source": null, "building:levels": null, "note": null, "footway": "sidewalk", "mapillary": null, "survey:date": null, "tactile_paving": null, "turn:lanes": null, "box_id": 1, "provider": "osmnx" }, "geometry": { "type": "LineString", "coordinates": [ [ -49.272057407707585, -25.456818457939345 ], [ -49.2720531, -25.4568211 ], [ -49.2720475, -25.4568275 ], [ -49.2720443, -25.4568351 ], [ -49.2720438, -25.4568415 ], [ -49.2720436, -25.4568432 ], [ -49.2720457, -25.4568511 ], [ -49.272056592703869, -25.456875509420431 ] ] } },
{ "type": "Feature", "properties": { "highway": "footway", "amenity": null, "healthcare": null, "name": null, "brand": null, "brand:wikidata": null, "shop": null, "maxspeed": null, "addr:city": null, "addr:housenumber": null, "addr:street": null, "office": null, "website": null, "bus": null, "public_transport": null, "shelter": null, "check_date:shelter": null, "recycling:aluminium": null, "recycling:beverage_cartons": null, "recycling:books": null, "recycling:cans": null, "recycling:cardboard": null, "recycling:cartons": null, "recycling:glass": null, "recycling:glass_bottles": null, "recycling:magazines": null, "recycling:newspaper": null, "recycling:paper": null, "recycling:paper_packaging": null, "recycling:plastic": null, "recycling:plastic_bottles": null, "recycling:plastic_packaging": null, "recycling:scrap_metal": null, "recycling_type": null, "contact:email": null, "contact:phone": null, "contact:website": null, "contact:whatsapp": null, "natural": null, "opening_hours": null, "operator": null, "phone": null, "crossing": null, "crossing:signals": null, "crossing:markings": null, "parking_space": null, "addr:postcode": null, "addr:suburb": null, "description": null, "payment:pix": null, "lit": null, "oneway": null, "surface": null, "lanes": null, "sidewalk": null, "source": null, "alt_name": null, "foot": null, "smoothness": null, "building": null, "service": null, "bridge": null, "layer": null, "brand:wikipedia": null, "cuisine": null, "takeaway": null, "bicycle": null, "leisure": null, "highway:source": null, "building:levels": null, "note": null, "footway": "sidewalk", "mapillary": null, "survey:date": null, "tactile_paving": null, "turn:lanes": null, "box_id": 1, "provider": "osmnx" }, "geometry": { "type": "LineString", "coordinates": [ [ -49.271987, -25.45696 ], [ -49.2719264, -25.4568242 ], [ -49.2719196, -25.4568088 ], [ -49.2719153, -25.4568022 ], [ -49.2719092, -25.4567969 ], [ -49.2719016, -25.4567934 ], [ -49.2718933, -25.4567919 ], [ -49.2718749, -25.4567912 ] ] } },
{ "type": "Feature", "properties": { "highway": "footway", "amenity": null, "healthcare": null, "name": null, "brand": null, "brand:wikidata": null, "shop": null, "maxspeed": null, "addr:city": null, "addr:housenumber": null, "addr:street": null, "office": null, "website": null, "bus": null, "public_transport": null, "shelter": null, "check_date:shelter": null, "recycling:aluminium": null, "recycling:beverage_cartons": null, "recycling:books": null, "recycling:cans": null, "recycling:cardboard": null, "recycling:cartons": null, "recycling:glass": null, "recycling:glass_bottles": null, "recycling:magazines": null, "recycling:newspaper": null, "recycling:paper": null, "recycling:paper_packaging": null, "recycling:plastic": null, "recycling:plastic_bottles": null, "recycling:plastic_packaging": null, "recycling:scrap_metal": null, "recycling_type": null, "contact:email": null, "contact:phone": null, "contact:website": null, "contact:whatsapp": null, "natural": null, "opening_hours": null, "operator": null, "phone": null, "crossing": null, "crossing:signals": null, "crossing:markings": null, "parking_space": null, "addr:postcode": null, "addr:suburb": null, "description": null, "payment:pix": null, "lit": null, "oneway": null, "surface": null, "lanes": null, "sidewalk": null, "source": null, "alt_name": null, "foot": null, "smoothness": null, "building": null, "service": null, "bridge": null, "layer": null, "brand:wikipedia": null, "cuisine": null, "takeaway": null, "bicycle": null, "leisure": null, "highway:source": null, "building:levels": null, "note": null, "footway": "crossing", "mapillary": null, "survey:date": null, "tactile_paving": null, "turn:lanes": null, "box_id": 1, "provider": "osmnx" }, "geometry": { "type": "LineString", "coordinates": [ [ -49.2720438, -25.4568415 ], [ -49.2720258, -25.4568389 ], [ -49.2719838, -25.4568327 ], [ -49.2719436, -25.4568267 ], [ -49.2719264, -25.4568242 ] ] } },
{ "type": "Feature", "properties": { "highway": "footway", "amenity": null, "healthcare": null, "name": null, "brand": null, "brand:wikidata": null, "shop": null, "maxspeed": null, "addr:city": null, "addr:housenumber": null, "addr:street": null, "office": null, "website": null, "bus": null, "public_transport": null, "shelter": null, "check_date:shelter": null, "recycling:aluminium": null, "recycling:beverage_cartons": null, "recycling:books": null, "recycling:cans": null, "recycling:cardboard": null, "recycling:cartons": null, "recycling:glass": null, "recycling:glass_bottles": null, "recycling:magazines": null, "recycling:newspaper": null, "recycling:paper": null, "recycling:paper_packaging": null, "recycling:plastic": null, "recycling:plastic_bottles": null, "recycling:plastic_packaging": null, "recycling:scrap_metal": null, "recycling_type": null, "contact:email": null, "contact:phone": null, "contact:website": null, "contact:whatsapp": null, "natural": null, "opening_hours": null, "operator": null, "phone": null, "crossing": null, "crossing:signals": null, "crossing:markings": null, "parking_space": null, "addr:postcode": null, "addr:suburb": null, "description": null, "payment:pix": null, "lit": null, "oneway": null, "surface": null, "lanes": null, "sidewalk": null, "source": null, "alt_name": null, "foot": null, "smoothness": null, "building": null, "service": null, "bridge": null, "layer": null, "brand:wikipedia": null, "cuisine": null, "takeaway": null, "bicycle": null, "leisure": null, "highway:source": null, "building:levels": null, "note": null, "footway": "sidewalk", "mapillary": null, "survey:date": null, "tactile_paving": null, "turn:lanes": null, "box_id": 1, "provider": "osmnx" }, "geometry": { "type": "LineString", "coordinates": [ [ -49.2718749, -25.4567912 ], [ -49.2718677, -25.4567909 ], [ -49.2718335, -25.4567894 ], [ -49.2716522, -25.456796 ] ] } },
{ "type": "Feature", "properties": { "highway": "footway", "amenity": null, "healthcare": null, "name": null, "brand": null, "brand:wikidata": null, "shop": null, "maxspeed": null, "addr:city": null, "addr:housenumber": null, "addr:street": null, "office": null, "website": null, "bus": null, "public_transport": null, "shelter": null, "check_date:shelter": null, "recycling:aluminium": null, "recycling:beverage_cartons": null, "recycling:books": null, "recycling:cans": null, "recycling:cardboard": null, "recycling:cartons": null, "recycling:glass": null, "recycling:glass_bottles": null, "recycling:magazines": null, "recycling:newspaper": null, "recycling:paper": null, "recycling:paper_packaging": null, "recycling:plastic": null, "recycling:plastic_bottles": null, "recycling:plastic_packaging": null, "recycling:scrap_metal": null, "recycling_type": null, "contact:email": null, "contact:phone": null, "contact:website": null, "contact:whatsapp": null, "natural": null, "opening_hours": null, "operator": null, "phone": null, "crossing": null, "crossing:signals": null, "crossing:markings": null, "parking_space": null, "addr:postcode": null, "addr:suburb": null, "description": null, "payment:pix": null, "lit": null, "oneway": null, "surface": null, "lanes": null, "sidewalk": null, "source": null, "alt_name": null, "foot": null, "smoothness": null, "building": null, "service": null, "bridge": null, "layer": null, "brand:wikipedia": null, "cuisine": null, "takeaway": null, "bicycle": null, "leisure": null, "highway:source": null, "building:levels": null, "note": null, "footway": "crossing", "mapillary": null, "survey:date": null, "tactile_paving": null, "turn:lanes": null, "box_id": 1, "provider": "osmnx" }, "geometry": { "type": "LineString", "coordinates": [ [ -49.2718677, -25.4567909 ], [ -49.2718616, -25.4567771 ], [ -49.2718472, -25.4567448 ], [ -49.2718329, -25.4567129 ], [ -49.2718305, -25.4566992 ] ] } },
{ "type": "Feature", "properties": { "highway": "footway", "amenity": null, "healthcare": null, "name": null, "brand": null, "brand:wikidata": null, "shop": null, "maxspeed": null, "addr:city": null, "addr:housenumber": null, "addr:street": null, "office": null, "website": null, "bus": null, "public_transport": null, "shelter": null, "check_date:shelter": null, "recycling:aluminium": null, "recycling:beverage_cartons": null, "recycling:books": null, "recycling:cans": null, "recycling:cardboard": null, "recycling:cartons": null, "recycling:glass": null, "recycling:glass_bottles": null, "recycling:magazines": null, "recycling:newspaper": null, "recycling:paper": null, "recycling:paper_packaging": null, "recycling:plastic": null, "recycling:plastic_bottles": null, "recycling:plastic_packaging": null, "recycling:scrap_metal": null, "recycling_type": null, "contact:email": null, "contact:phone": null, "contact:website": null, "contact:whatsapp": null, "natural": null, "opening_hours": null, "operator": null, "phone": null, "crossing": null, "crossing:signals": null, "crossing:markings": null, "parking_space": null, "addr:postcode": null, "addr:suburb": null, "description": null, "payment:pix": null, "lit": null, "oneway": null, "surface": null, "lanes": null, "sidewalk": null, "source": null, "alt_name": null, "foot": null, "smoothness": null, "building": null, "service": null, "bridge": null, "layer": null, "brand:wikipedia": null, "cuisine": null, "takeaway": null, "bicycle": null, "leisure": null, "highway:source": null, "building:levels": null, "note": null, "footway": "sidewalk", "mapillary": null, "survey:date": null, "tactile_paving": null, "turn:lanes": null, "box_id": 1, "provider": "osmnx" }, "geometry": { "type": "LineString", "coordinates": [ [ -49.2719568, -25.4567048 ], [ -49.2720294, -25.4567155 ], [ -49.2720384, -25.4567156 ], [ -49.2720484, -25.4567124 ] ] } },
{ "type": "Feature", "properties": { "highway": "footway", "amenity": null, "healthcare": null, "name": null, "brand": null, "brand:wikidata": null, "shop": null, "maxspeed": null, "addr:city": null, "addr:housenumber": null, "addr:street": null, "office": null, "website": null, "bus": null, "public_transport": null, "shelter": null, "check_date:shelter": null, "recycling:aluminium": null, "recycling:beverage_cartons": null, "recycling:books": null, "recycling:cans": null, "recycling:cardboard": null, "recycling:cartons": null, "recycling:glass": null, "recycling:glass_bottles": null, "recycling:magazines": null, "recycling:newspaper": null, "recycling:paper": null, "recycling:paper_packaging": null, "recycling:plastic": null, "recycling:plastic_bottles": null, "recycling:plastic_packaging": null, "recycling:scrap_metal": null, "recycling_type": null, "contact:email": null, "contact:phone": null, "contact:website": null, "contact:whatsapp": null, "natural": null, "opening_hours": null, "operator": null, "phone": null, "crossing": null, "crossing:signals": null, "crossing:markings": null, "parking_space": null, "addr:postcode": null, "addr:suburb": null, "description": null, "payment:pix": null, "lit": null, "oneway": null, "surface": null, "lanes": null, "sidewalk": null, "source": null, "alt_name": null, "foot": null, "smoothness": null, "building": null, "service": null, "bridge": null, "layer": null, "brand:wikipedia": null, "cuisine": null, "takeaway": null, "bicycle": null, "leisure": null, "highway:source": null, "building:levels": null, "note": null, "footway": "sidewalk", "mapillary": null, "survey:date": null, "tactile_paving": null, "turn:lanes": null, "box_id": 1, "provider": "osmnx" }, "geometry": { "type": "LineString", "coordinates": [ [ -49.2717971, -25.4567003 ], [ -49.2718305, -25.4566992 ], [ -49.2718343, -25.4566991 ], [ -49.2719465, -25.4567038 ], [ -49.2719487, -25.4567042 ], [ -49.2719497, -25.4567043 ], [ -49.2719568, -25.4567048 ] ] } },
{ "type": "Feature", "properties": { "highway": "residential", "amenity": null, "healthcare": null, "name": "Rua Francisco Negrão", "brand": null, "brand:wikidata": null, "shop": null, "maxspeed": null, "addr:city": null, "addr:housenumber": null, "addr:street": null, "office": null, "website": null, "bus": null, "public_transport": null, "shelter": null, "check_date:shelter": null, "recycling:aluminium": null, "recycling:beverage_cartons": null, "recycling:books": null, "recycling:cans": null, "recycling:cardboard": null, "recycling:cartons": null, "recycling:glass": null, "recycling:glass_bottles": null, "recycling:magazines": null, "recycling:newspaper": null, "recycling:paper": null, "recycling:paper_packaging": null, "recycling:plastic": null, "recycling:plastic_bottles": null, "recycling:plastic_packaging": null, "recycling:scrap_metal": null, "recycling_type": null, "contact:email": null, "contact:phone": null, "contact:website": null, "contact:whatsapp": null, "natural": null, "opening_hours": null, "operator": null, "phone": null, "crossing": null, "crossing:signals": null, "crossing:markings": null, "parking_space": null, "addr:postcode": null, "addr:suburb": null, "description": null, "payment:pix": null, "lit": null, "oneway": "no", "surface": null, "lanes": null, "sidewalk": null, "source": null, "alt_name": null, "foot": null, "smoothness": null, "building": null, "service": null, "bridge": null, "layer": null, "brand:wikipedia": null, "cuisine": null, "takeaway": null, "bicycle": null, "leisure": null, "highway:source": null, "building:levels": null, "note": null, "footway": null, "mapillary": null, "survey:date": null, "tactile_paving": null, "turn:lanes": null, "box_id": 1, "provider": "osmnx" }, "geometry": { "type": "LineString", "coordinates": [ [ -49.2710278, -25.4585552 ], [ -49.2711375, -25.4585132 ], [ -49.2716775, -25.4583058 ], [ -49.2717691, -25.4582706 ], [ -49.2718612, -25.4582366 ], [ -49.272038083122794, -25.458171207818303 ] ] } },
{ "type": "Feature", "properties": { "highway": "residential", "amenity": null, "healthcare": null, "name": "Rua Nestor Victor", "brand": null, "brand:wikidata": null, "shop": null, "maxspeed": null, "addr:city": null, "addr:housenumber": null, "addr:street": null, "office": null, "website": null, "bus": null, "public_transport": null, "shelter": null, "check_date:shelter": null, "recycling:aluminium": null, "recycling:beverage_cartons": null, "recycling:books": null, "recycling:cans": null, "recycling:cardboard": null, "recycling:cartons": null, "recycling:glass": null, "recycling:glass_bottles": null, "recycling:magazines": null, "recycling:newspaper": null, "recycling:paper": null, "recycling:paper_packaging": null, "recycling:plastic": null, "recycling:plastic_bottles": null, "recycling:plastic_packaging": null, "recycling:scrap_metal": null, "recycling_type": null, "contact:email": null, "contact:phone": null, "contact:website": null, "contact:whatsapp": null, "natural": null, "opening_hours": null, "operator": null, "phone": null, "crossing": null, "crossing:signals": null, "crossing:markings": null, "parking_space": null, "addr:postcode": null, "addr:suburb": null, "description": null, "payment:pix": null, "lit": null, "oneway": null, "surface": "asphalt", "lanes": null, "sidewalk": null, "source": null, "alt_name": null, "foot": null, "smoothness": null, "building": null, "service": null, "bridge": null, "layer": null, "brand:wikipedia": null, "cuisine": null, "takeaway": null, "bicycle": null, "leisure": null, "highway:source": null, "building:levels": null, "note": null, "footway": null, "mapillary": null, "survey:date": null, "tactile_paving": null, "turn:lanes": null, "box_id": 1, "provider": "osmnx" }, "geometry": { "type": "LineString", "coordinates": [ [ -49.272058163588838, -25.456765545119854 ], [ -49.2719465, -25.456749 ] ] } },
{ "type": "Feature", "properties": { "highway": "footway", "amenity": null, "healthcare": null, "name": null, "brand": null, "brand:wikidata": null, "shop": null, "maxspeed": null, "addr:city": null, "addr:housenumber": null, "addr:street": null, "office": null, "website": null, "bus": null, "public_transport": null, "shelter": null, "check_date:shelter": null, "recycling:aluminium": null, "recycling:beverage_cartons": null, "recycling:books": null, "recycling:cans": null, "recycling:cardboard": null, "recycling:cartons": null, "recycling:glass": null, "recycling:glass_bottles": null, "recycling:magazines": null, "recycling:newspaper": null, "recycling:paper": null, "recycling:paper_packaging": null, "recycling:plastic": null, "recycling:plastic_bottles": null, "recycling:plastic_packaging": null, "recycling:scrap_metal": null, "recycling_type": null, "contact:email": null, "contact:phone": null, "contact:website": null, "contact:whatsapp": null, "natural": null, "opening_hours": null, "operator": null, "phone": null, "crossing": null, "crossing:signals": null, "crossing:markings": null, "parking_space": null, "addr:postcode": null, "addr:suburb": null, "description": null, "payment:pix": null, "lit": null, "oneway": null, "surface": null, "lanes": null, "sidewalk": null, "source": null, "alt_name": null, "foot": null, "smoothness": null, "building": null, "service": null, "bridge": null, "layer": null, "brand:wikipedia": null, "cuisine": null, "takeaway": null, "bicycle": null, "leisure": null, "highway:source": null, "building:levels": null, "note": null, "footway": "sidewalk", "mapillary": null, "survey:date": null, "tactile_paving": null, "turn:lanes": null, "box_id": 1, "provider": "osmnx" }, "geometry": { "type": "MultiLineString", "coordinates": [ [ [ -49.2720484, -25.4567124 ], [ -49.2720544, -25.4567088 ], [ -49.272059050135006, -25.456703485559999 ] ], [ [ -49.272059952527343, -25.456640316745034 ], [ -49.2720443, -25.4564559 ] ] ] } },
{ "type": "Feature", "properties": { "highway": "service", "amenity": null, "healthcare": null, "name": null, "brand": null, "brand:wikidata": null, "shop": null, "maxspeed": null, "addr:city": null, "addr:housenumber": null, "addr:street": null, "office": null, "website": null, "bus": null, "public_transport": null, "shelter": null, "check_date:shelter": null, "recycling:aluminium": null, "recycling:beverage_cartons": null, "recycling:books": null, "recycling:cans": null, "recycling:cardboard": null, "recycling:cartons": null, "recycling:glass": null, "recycling:glass_bottles": null, "recycling:magazines": null, "recycling:newspaper": null, "recycling:paper": null, "recycling:paper_packaging": null, "recycling:plastic": null, "recycling:plastic_bottles": null, "recycling:plastic_packaging": null, "recycling:scrap_metal": null, "recycling_type": null, "contact:email": null, "contact:phone": null, "contact:website": null, "contact:whatsapp": null, "natural": null, "opening_hours": null, "operator": null, "phone": null, "crossing": null, "crossing:signals": null, "crossing:markings": null, "parking_space": null, "addr:postcode": null, "addr:suburb": null, "description": null, "payment:pix": null, "lit": null, "oneway": null, "surface": null, "lanes": null, "sidewalk": null, "source": null, "alt_name": null, "foot": null, "smoothness": null, "building": null, "service": null, "bridge": null, "layer": null, "brand:wikipedia": null, "cuisine": null, "takeaway": null, "bicycle": null, "leisure": null, "highway:source": null, "building:levels": null, "note": null, "footway": null, "mapillary": null, "survey:date": null, "tactile_paving": null, "turn:lanes": null, "box_id": 1, "provider": "osmnx" }, "geometry": { "type": "LineString", "coordinates": [ [ -49.2718323, -25.4567442 ], [ -49.2718305, -25.4566992 ], [ -49.2717713, -25.4561661 ], [ -49.2717679, -25.4561327 ], [ -49.271784, -25.4561126 ], [ -49.2718068, -25.4561 ], [ -49.2718846, -25.4561 ], [ -49.2719134, -25.4561115 ], [ -49.2719275, -25.4561302 ], [ -49.2719564, -25.4566098 ], [ -49.2719497, -25.4567043 ], [ -49.2719465, -25.456749 ] ] } },
{ "type": "Feature", "properties": { "highway": "footway", "amenity": null, "healthcare": null, "name": null, "brand": null, "brand:wikidata": null, "shop": null, "maxspeed": null, "addr:city": null, "addr:housenumber": null, "addr:street": null, "office": null, "website": null, "bus": null, "public_transport": null, "shelter": null, "check_date:shelter": null, "recycling:aluminium": null, "recycling:beverage_cartons": null, "recycling:books": null, "recycling:cans": null, "recycling:cardboard": null, "recycling:cartons": null, "recycling:glass": null, "recycling:glass_bottles": null, "recycling:magazines": null, "recycling:newspaper": null, "recycling:paper": null, "recycling:paper_packaging": null, "recycling:plastic": null, "recycling:plastic_bottles": null, "recycling:plastic_packaging": null, "recycling:scrap_metal": null, "recycling_type": null, "contact:email": null, "contact:phone": null, "contact:website": null, "contact:whatsapp": null, "natural": null, "opening_hours": null, "operator": null, "phone": null, "crossing": null, "crossing:signals": null, "crossing:markings": null, "parking_space": null, "addr:postcode": null, "addr:suburb": null, "description": null, "payment:pix": null, "lit": null, "oneway": null, "surface": null, "lanes": null, "sidewalk": null, "source": null, "alt_name": null, "foot": null, "smoothness": null, "building": null, "service": null, "bridge": null, "layer": null, "brand:wikipedia": null, "cuisine": null, "takeaway": null, "bicycle": null, "leisure": null, "highway:source": null, "building:levels": null, "note": null, "footway": "sidewalk", "mapillary": null, "survey:date": null, "tactile_paving": null, "turn:lanes": null, "box_id": 1, "provider": "osmnx" }, "geometry": { "type": "LineString", "coordinates": [ [ -49.2720443, -25.4564559 ], [ -49.2720225, -25.4561993 ] ] } },
{ "type": "Feature", "properties": { "highway": "footway", "amenity": null, "healthcare": null, "name": null, "brand": null, "brand:wikidata": null, "shop": null, "maxspeed": null, "addr:city": null, "addr:housenumber": null, "addr:street": null, "office": null, "website": null, "bus": null, "public_transport": null, "shelter": null, "check_date:shelter": null, "recycling:aluminium": null, "recycling:beverage_cartons": null, "recycling:books": null, "recycling:cans": null, "recycling:cardboard": null, "recycling:cartons": null, "recycling:glass": null, "recycling:glass_bottles": null, "recycling:magazines": null, "recycling:newspaper": null, "recycling:paper": null, "recycling:paper_packaging": null, "recycling:plastic": null, "recycling:plastic_bottles": null, "recycling:plastic_packaging": null, "recycling:scrap_metal": null, "recycling_type": null, "contact:email": null, "contact:phone": null, "contact:website": null, "contact:whatsapp": null, "natural": null, "opening_hours": null, "operator": null, "phone": null, "crossing": null, "crossing:signals": null, "crossing:markings": null, "parking_space": null, "addr:postcode": null, "addr:suburb": null, "description": null, "payment:pix": null, "lit": null, "oneway": null, "surface": null, "lanes": null, "sidewalk": null, "source": null, "alt_name": null, "foot": null, "smoothness": null, "building": null, "service": null, "bridge": null, "layer": null, "brand:wikipedia": null, "cuisine": null, "takeaway": null, "bicycle": null, "leisure": null, "highway:source": null, "building:levels": null, "note": null, "footway": "sidewalk", "mapillary": null, "survey:date": null, "tactile_paving": null, "turn:lanes": null, "box_id": 1, "provider": "osmnx" }, "geometry": { "type": "LineString", "coordinates": [ [ -49.2720225, -25.4561993 ], [ -49.2719999, -25.4559348 ] ] } },
{ "type": "Feature", "properties": { "highway": "footway", "amenity": null, "healthcare": null, "name": null, "brand": null, "brand:wikidata": null, "shop": null, "maxspeed": null, "addr:city": null, "addr:housenumber": null, "addr:street": null, "office": null, "website": null, "bus": null, "public_transport": null, "shelter": null, "check_date:shelter": null, "recycling:aluminium": null, "recycling:beverage_cartons": null, "recycling:books": null, "recycling:cans": null, "recycling:cardboard": null, "recycling:cartons": null, "recycling:glass": null, "recycling:glass_bottles": null, "recycling:magazines": null, "recycling:newspaper": null, "recycling:paper": null, "recycling:paper_packaging": null, "recycling:plastic": null, "recycling:plastic_bottles": null, "recycling:plastic_packaging": null, "recycling:scrap_metal": null, "recycling_type": null, "contact:email": null, "contact:phone": null, "contact:website": null, "contact:whatsapp": null, "natural": null, "opening_hours": null, "operator": null, "phone": null, "crossing": null, "crossing:signals": null, "crossing:markings": null, "parking_space": null, "addr:postcode": null, "addr:suburb": null, "description": null, "payment:pix": null, "lit": null, "oneway": null, "surface": null, "lanes": null, "sidewalk": null, "source": null, "alt_name": null, "foot": null, "smoothness": null, "building": null, "service": null, "bridge": null, "layer": null, "brand:wikipedia": null, "cuisine": null, "takeaway": null, "bicycle": null, "leisure": null, "highway:source": null, "building:levels": null, "note": null, "footway": "sidewalk", "mapillary": null, "survey:date": null, "tactile_paving": null, "turn:lanes": null, "box_id": 1, "provider": "osmnx" }, "geometry": { "type": "LineString", "coordinates": [ [ -49.2719999, -25.4559348 ], [ -49.2719814, -25.4557167 ], [ -49.271980864704211, -25.455710763083076 ] ] } },
{ "type": "Feature", "properties": { "highway": "footway", "amenity": null, "healthcare": null, "name": null, "brand": null, "brand:wikidata": null, "shop": null, "maxspeed": null, "addr:city": null, "addr:housenumber": null, "addr:street": null, "office": null, "website": null, "bus": null, "public_transport": null, "shelter": null, "check_date:shelter": null, "recycling:aluminium": null, "recycling:beverage_cartons": null, "recycling:books": null, "recycling:cans": null, "recycling:cardboard": null, "recycling:cartons": null, "recycling:glass": null, "recycling:glass_bottles": null, "recycling:magazines": null, "recycling:newspaper": null, "recycling:paper": null, "recycling:paper_packaging": null, "recycling:plastic": null, "recycling:plastic_bottles": null, "recycling:plastic_packaging": null, "recycling:scrap_metal": null, "recycling_type": null, "contact:email": null, "contact:phone": null, "contact:website": null, "contact:whatsapp": null, "natural": null, "opening_hours": null, "operator": null, "phone": null, "crossing": null, "crossing:signals": null, "crossing:markings": null, "parking_space": null, "addr:postcode": null, "addr:suburb": null, "description": null, "payment:pix": null, "lit": null, "oneway": null, "surface": null, "lanes": null, "sidewalk": null, "source": null, "alt_name": null, "foot": null, "smoothness": null, "building": null, "service": null, "bridge": null, "layer": null, "brand:wikipedia": null, "cuisine": null, "takeaway": null, "bicycle": null, "leisure": null, "highway:source": null, "building:levels": null, "note": null, "footway": "sidewalk", "mapillary": null, "survey:date": null, "tactile_paving": null, "turn:lanes": null, "box_id": 1, "provider": "osmnx" }, "geometry": { "type": "LineString", "coordinates": [ [ -49.271816583161517, -25.455708823625123 ], [ -49.27171, -25.4557329 ] ] } },
{ "type": "Feature", "properties": { "highway": "footway", "amenity": null, "healthcare": null, "name": null, "brand": null, "brand:wikidata": null, "shop": null, "maxspeed": null, "addr:city": null, "addr:housenumber": null, "addr:street": null, "office": null, "website": null, "bus": null, "public_transport": null, "shelter": null, "check_date:shelter": null, "recycling:aluminium": null, "recycling:beverage_cartons": null, "recycling:books": null, "recycling:cans": null, "recycling:cardboard": null, "recycling:cartons": null, "recycling:glass": null, "recycling:glass_bottles": null, "recycling:magazines": null, "recycling:newspaper": null, "recycling:paper": null, "recycling:paper_packaging": null, "recycling:plastic": null, "recycling:plastic_bottles": null, "recycling:plastic_packaging": null, "recycling:scrap_metal": null, "recycling_type": null, "contact:email": null, "contact:phone": null, "contact:website": null, "contact:whatsapp": null, "natural": null, "opening_hours": null, "operator": null, "phone": null, "crossing": null, "crossing:signals": null, "crossing:markings": null, "parking_space": null, "addr:postcode": null, "addr:suburb": null, "description": null, "payment:pix": null, "lit": null, "oneway": null, "surface": null, "lanes": null, "sidewalk": null, "source": null, "alt_name": null, "foot": null, "smoothness": null, "building": null, "service": null, "bridge": null, "layer": null, "brand:wikipedia": null, "cuisine": null, "takeaway": null, "bicycle": null, "leisure": null, "highway:source": null, "building:levels": null, "note": null, "footway": "crossing", "mapillary": null, "survey:date": null, "tactile_paving": null, "turn:lanes": null, "box_id": 1, "provider": "osmnx" }, "geometry": { "type": "LineString", "coordinates": [ [ -49.2719814, -25.4557167 ], [ -49.2719961, -25.4557134 ], [ -49.272006469419736, -25.455711065364561 ] ] } },
{ "type": "Feature", "properties": { "highway": "footway", "amenity": null, "healthcare": null, "name": null, "brand": null, "brand:wikidata": null, "shop": null, "maxspeed": null, "addr:city": null, "addr:housenumber": null, "addr:street": null, "office": null, "website": null, "bus": null, "public_transport": null, "shelter": null, "check_date:shelter": null, "recycling:aluminium": null, "recycling:beverage_cartons": null, "recycling:books": null, "recycling:cans": null, "recycling:cardboard": null, "recycling:cartons": null, "recycling:glass": null, "recycling:glass_bottles": null, "recycling:magazines": null, "recycling:newspaper": null, "recycling:paper": null, "recycling:paper_packaging": null, "recycling:plastic": null, "recycling:plastic_bottles": null, "recycling:plastic_packaging": null, "recycling:scrap_metal": null, "recycling_type": null, "contact:email": null, "contact:phone": null, "contact:website": null, "contact:whatsapp": null, "natural": null, "opening_hours": null, "operator": null, "phone": null, "crossing": null, "crossing:signals": null, "crossing:markings": null, "parking_space": null, "addr:postcode": null, "addr:suburb": null, "description": null, "payment:pix": null, "lit": null, "oneway": null, "surface": null, "lanes": null, "sidewalk": null, "source": null, "alt_name": null, "foot": null, "smoothness": null, "building": null, "service": null, "bridge": null, "layer": null, "brand:wikipedia": null, "cuisine": null, "takeaway": null, "bicycle": null, "leisure": null, "highway:source": null, "building:levels": null, "note": null, "footway": "sidewalk", "mapillary": null, "survey:date": null, "tactile_paving": null, "turn:lanes": null, "box_id": 1, "provider": "osmnx" }, "geometry": { "type": "LineString", "coordinates": [ [ -49.2705734, -25.4567437 ], [ -49.2707565, -25.4567382 ], [ -49.2707845, -25.4567369 ] ] } },
{ "type": "Feature", "properties": { "highway": "footway", "amenity": null, "healthcare": null, "name": null, "brand": null, "brand:wikidata": null, "shop": null, "maxspeed": null, "addr:city": null, "addr:housenumber": null, "addr:street": null, "office": null, "website": null, "bus": null, "public_transport": null, "shelter": null, "check_date:shelter": null, "recycling:aluminium": null, "recycling:beverage_cartons": null, "recycling:books": null, "recycling:cans": null, "recycling:cardboard": null, "recycling:cartons": null, "recycling:glass": null, "recycling:glass_bottles": null, "recycling:magazines": null, "recycling:newspaper": null, "recycling:paper": null, "recycling:paper_packaging": null, "recycling:plastic": null, "recycling:plastic_bottles": null, "recycling:plastic_packaging": null, "recycling:scrap_metal": null, "recycling_type": null, "contact:email": null, "contact:phone": null, "contact:website": null, "contact:whatsapp": null, "natural": null, "opening_hours": null, "operator": null, "phone": null, "crossing": null, "crossing:signals": null, "crossing:markings": null, "parking_space": null, "addr:postcode": null, "addr:suburb": null, "description": null, "payment:pix": null, "lit": null, "oneway": null, "surface": null, "lanes": null, "sidewalk": null, "source": null, "alt_name": null, "foot": null, "smoothness": null, "building": null, "service": null, "bridge": null, "layer": null, "brand:wikipedia": null, "cuisine": null, "takeaway": null, "bicycle": null, "leisure": null, "highway:source": null, "building:levels": null, "note": null, "footway": "sidewalk", "mapillary": null, "survey:date": null, "tactile_paving": null, "turn:lanes": null, "box_id": 1, "provider": "osmnx" }, "geometry": { "type": "LineString", "coordinates": [ [ -49.270923, -25.4567242 ], [ -49.2709275, -25.4567278 ], [ -49.2709357, -25.456731 ], [ -49.2709446, -25.4567319 ], [ -49.2712279, -25.4567214 ] ] } },
{ "type": "Feature", "properties": { "highway": "footway", "amenity": null, "healthcare": null, "name": null, "brand": null, "brand:wikidata": null, "shop": null, "maxspeed": null, "addr:city": null, "addr:housenumber": null, "addr:street": null, "office": null, "website": null, "bus": null, "public_transport": null, "shelter": null, "check_date:shelter": null, "recycling:aluminium": null, "recycling:beverage_cartons": null, "recycling:books": null, "recycling:cans": null, "recycling:cardboard": null, "recycling:cartons": null, "recycling:glass": null, "recycling:glass_bottles": null, "recycling:magazines": null, "recycling:newspaper": null, "recycling:paper": null, "recycling:paper_packaging": null, "recycling:plastic": null, "recycling:plastic_bottles": null, "recycling:plastic_packaging": null, "recycling:scrap_metal": null, "recycling_type": null, "contact:email": null, "contact:phone": null, "contact:website": null, "contact:whatsapp": null, "natural": null, "opening_hours": null, "operator": null, "phone": null, "crossing": null, "crossing:signals": null, "crossing:markings": null, "parking_space": null, "addr:postcode": null, "addr:suburb": null, "description": null, "payment:pix": null, "lit": null, "oneway": null, "surface": null, "lanes": null, "sidewalk": null, "source": null, "alt_name": null, "foot": null, "smoothness": null, "building": null, "service": null, "bridge": null, "layer": null, "brand:wikipedia": null, "cuisine": null, "takeaway": null, "bicycle": null, "leisure": null, "highway:source": null, "building:levels": null, "note": null, "footway": "crossing", "mapillary": null, "survey:date": null, "tactile_paving": null, "turn:lanes": null, "box_id": 1, "provider": "osmnx" }, "geometry": { "type": "LineString", "coordinates": [ [ -49.2709161, -25.4566902 ], [ -49.2709008, -25.4566908 ], [ -49.2708651, -25.4566921 ], [ -49.2708294, -25.4566934 ], [ -49.2708141, -25.456694 ] ] } },
{ "type": "Feature", "properties": { "highway": "footway", "amenity": null, "healthcare": null, "name": null, "brand": null, "brand:wikidata": null, "shop": null, "maxspeed": null, "addr:city": null, "addr:housenumber": null, "addr:street": null, "office": null, "website": null, "bus": null, "public_transport": null, "shelter": null, "check_date:shelter": null, "recycling:aluminium": null, "recycling:beverage_cartons": null, "recycling:books": null, "recycling:cans": null, "recycling:cardboard": null, "recycling:cartons": null, "recycling:glass": null, "recycling:glass_bottles": null, "recycling:magazines": null, "recycling:newspaper": null, "recycling:paper": null, "recycling:paper_packaging": null, "recycling:plastic": null, "recycling:plastic_bottles": null, "recycling:plastic_packaging": null, "recycling:scrap_metal": null, "recycling_type": null, "contact:email": null, "contact:phone": null, "contact:website": null, "contact:whatsapp": null, "natural": null, "opening_hours": null, "operator": null, "phone": null, "crossing": null, "crossing:signals": null, "crossing:markings": null, "parking_space": null, "addr:postcode": null, "addr:suburb": null, "description": null, "payment:pix": null, "lit": null, "oneway": null, "surface": null, "lanes": null, "sidewalk": null, "source": null, "alt_name": null, "foot": null, "smoothness": null, "building": null, "service": null, "bridge": null, "layer": null, "brand:wikipedia": null, "cuisine": null, "takeaway": null, "bicycle": null, "leisure": null, "highway:source": null, "building:levels": null, "note": null, "footway": "sidewalk", "mapillary": null, "survey:date": null, "tactile_paving": null, "turn:lanes": null, "box_id": 1, "provider": "osmnx" }, "geometry": { "type": "LineString", "coordinates": [ [ -49.2707845, -25.4567369 ], [ -49.2707909, -25.4567357 ], [ -49.2707995, -25.456731 ], [ -49.2708059, -25.4567241 ], [ -49.2708094, -25.4567156 ], [ -49.2708141, -25.456694 ], [ -49.2708493, -25.4565286 ] ] } },
{ "type": "Feature", "properties": { "highway": "footway", "amenity": null, "healthcare": null, "name": null, "brand": null, "brand:wikidata": null, "shop": null, "maxspeed": null, "addr:city": null, "addr:housenumber": null, "addr:street": null, "office": null, "website": null, "bus": null, "public_transport": null, "shelter": null, "check_date:shelter": null, "recycling:aluminium": null, "recycling:beverage_cartons": null, "recycling:books": null, "recycling:cans": null, "recycling:cardboard": null, "recycling:cartons": null, "recycling:glass": null, "recycling:glass_bottles": null, "recycling:magazines": null, "recycling:newspaper": null, "recycling:paper": null, "recycling:paper_packaging": null, "recycling:plastic": null, "recycling:plastic_bottles": null, "recycling:plastic_packaging": null, "recycling:scrap_metal": null, "recycling_type": null, "contact:email": null, "contact:phone": null, "contact:website": null, "contact:whatsapp": null, "natural": null, "opening_hours": null, "operator": null, "phone": null, "crossing": null, "crossing:signals": null, "crossing:markings": null, "parking_space": null, "addr:postcode": null, "addr:suburb": null, "description": null, "payment:pix": null, "lit": null, "oneway": null, "surface": null, "lanes": null, "sidewalk": null, "source": null, "alt_name": null, "foot": null, "smoothness": null, "building": null, "service": null, "bridge": null, "layer": null, "brand:wikipedia": null, "cuisine": null, "takeaway": null, "bicycle": null, "leisure": null, "highway:source": null, "building:levels": null, "note": null, "footway": "sidewalk", "mapillary": null, "survey:date": null, "tactile_paving": null, "turn:lanes": null, "box_id": 1, "provider": "osmnx" }, "geometry": { "type": "LineString", "coordinates": [ [ -49.2709632, -25.4564694 ], [ -49.2709161, -25.4566902 ], [ -49.2709141, -25.4566997 ], [ -49.2709137, -25.4567078 ], [ -49.270916, -25.4567156 ], [ -49.270923, -25.4567242 ] ] } },
{ "type": "Feature", "properties": { "highway": "footway", "amenity": null, "healthcare": null, "name": null, "brand": null, "brand:wikidata": null, "shop": null, "maxspeed": null, "addr:city": null, "addr:housenumber": null, "addr:street": null, "office": null, "website": null, "bus": null, "public_transport": null, "shelter": null, "check_date:shelter": null, "recycling:aluminium": null, "recycling:beverage_cartons": null, "recycling:books": null, "recycling:cans": null, "recycling:cardboard": null, "recycling:cartons": null, "recycling:glass": null, "recycling:glass_bottles": null, "recycling:magazines": null, "recycling:newspaper": null, "recycling:paper": null, "recycling:paper_packaging": null, "recycling:plastic": null, "recycling:plastic_bottles": null, "recycling:plastic_packaging": null, "recycling:scrap_metal": null, "recycling_type": null, "contact:email": null, "contact:phone": null, "contact:website": null, "contact:whatsapp": null, "natural": null, "opening_hours": null, "operator": null, "phone": null, "crossing": null, "crossing:signals": null, "crossing:markings": null, "parking_space": null, "addr:postcode": null, "addr:suburb": null, "description": null, "payment:pix": null, "lit": null, "oneway": null, "surface": null, "lanes": null, "sidewalk": null, "source": null, "alt_name": null, "foot": null, "smoothness": null, "building": null, "service": null, "bridge": null, "layer": null, "brand:wikipedia": null, "cuisine": null, "takeaway": null, "bicycle": null, "leisure": null, "highway:source": null, "building:levels": null, "note": null, "footway": "sidewalk", "mapillary": null, "survey:date": null, "tactile_paving": null, "turn:lanes": null, "box_id": 1, "provider": "osmnx" }, "geometry": { "type": "LineString", "coordinates": [ [ -49.2708493, -25.4565286 ], [ -49.2709241, -25.456178 ] ] } },
{ "type": "Feature", "properties": { "highway": "footway", "amenity": null, "healthcare": null, "name": null, "brand": null, "brand:wikidata": null, "shop": null, "maxspeed": null, "addr:city": null, "addr:housenumber": null, "addr:street": null, "office": null, "website": null, "bus": null, "public_transport": null, "shelter": null, "check_date:shelter": null, "recycling:aluminium": null, "recycling:beverage_cartons": null, "recycling:books": null, "recycling:cans": null, "recycling:cardboard": null, "recycling:cartons": null, "recycling:glass": null, "recycling:glass_bottles": null, "recycling:magazines": null, "recycling:newspaper": null, "recycling:paper": null, "recycling:paper_packaging": null, "recycling:plastic": null, "recycling:plastic_bottles": null, "recycling:plastic_packaging": null, "recycling:scrap_metal": null, "recycling_type": null, "contact:email": null, "contact:phone": null, "contact:website": null, "contact:whatsapp": null, "natural": null, "opening_hours": null, "operator": null, "phone": null, "crossing": null, "crossing:signals": null, "crossing:markings": null, "parking_space": null, "addr:postcode": null, "addr:suburb": null, "description": null, "payment:pix": null, "lit": null, "oneway": null, "surface": null, "lanes": null, "sidewalk": null, "source": null, "alt_name": null, "foot": null, "smoothness": null, "building": null, "service": null, "bridge": null, "layer": null, "brand:wikipedia": null, "cuisine": null, "takeaway": null, "bicycle": null, "leisure": null, "highway:source": null, "building:levels": null, "note": null, "footway": "sidewalk", "mapillary": null, "survey:date": null, "tactile_paving": null, "turn:lanes": null, "box_id": 1, "provider": "osmnx" }, "geometry": { "type": "LineString", "coordinates": [ [ -49.2710275, -25.4561678 ], [ -49.2709632, -25.4564694 ] ] } },
{ "type": "Feature", "properties": { "highway": "residential", "amenity": null, "healthcare": null, "name": "Rua Doutor Raul Carneiro Filho", "brand": null, "brand:wikidata": null, "shop": null, "maxspeed": null, "addr:city": null, "addr:housenumber": null, "addr:street": null, "office": null, "website": null, "bus": null, "public_transport": null, "shelter": null, "check_date:shelter": null, "recycling:aluminium": null, "recycling:beverage_cartons": null, "recycling:books": null, "recycling:cans": null, "recycling:cardboard": null, "recycling:cartons": null, "recycling:glass": null, "recycling:glass_bottles": null, "recycling:magazines": null, "recycling:newspaper": null, "recycling:paper": null, "recycling:paper_packaging": null, "recycling:plastic": null, "recycling:plastic_bottles": null, "recycling:plastic_packaging": null, "recycling:scrap_metal": null, "recycling_type": null, "contact:email": null, "contact:phone": null, "contact:website": null, "contact:whatsapp": null, "natural": null, "opening_hours": null, "operator": null, "phone": null, "crossing": null, "crossing:signals": null, "crossing:markings": null, "parking_space": null, "addr:postcode": null, "addr:suburb": null, "description": null, "payment:pix": null, "lit": null, "oneway": null, "surface": "asphalt", "lanes": null, "sidewalk": null, "source": null, "alt_name": null, "foot": null, "smoothness": null, "building": null, "service": null, "bridge": null, "layer": null, "brand:wikipedia": null, "cuisine": null, "takeaway": null, "bicycle": null, "leisure": null, "highway:source": null, "building:levels": null, "note": null, "footway": null, "mapillary": null, "survey:date": null, "tactile_paving": null, "turn:lanes": null, "box_id": 1, "provider": "osmnx" }, "geometry": { "type": "LineString", "coordinates": [ [ -49.2708462, -25.4567807 ], [ -49.2708651, -25.4566921 ], [ -49.2710322, -25.4559082 ], [ -49.2710511, -25.4558196 ] ] } },
{ "type": "Feature", "properties": { "highway": "footway", "amenity": null, "healthcare": null, "name": null, "brand": null, "brand:wikidata": null, "shop": null, "maxspeed": null, "addr:city": null, "addr:housenumber": null, "addr:street": null, "office": null, "website": null, "bus": null, "public_transport": null, "shelter": null, "check_date:shelter": null, "recycling:aluminium": null, "recycling:beverage_cartons": null, "recycling:books": null, "recycling:cans": null, "recycling:cardboard": null, "recycling:cartons": null, "recycling:glass": null, "recycling:glass_bottles": null, "recycling:magazines": null, "recycling:newspaper": null, "recycling:paper": null, "recycling:paper_packaging": null, "recycling:plastic": null, "recycling:plastic_bottles": null, "recycling:plastic_packaging": null, "recycling:scrap_metal": null, "recycling_type": null, "contact:email": null, "contact:phone": null, "contact:website": null, "contact:whatsapp": null, "natural": null, "opening_hours": null, "operator": null, "phone": null, "crossing": null, "crossing:signals": null, "crossing:markings": null, "parking_space": null, "addr:postcode": null, "addr:suburb": null, "description": null, "payment:pix": null, "lit": null, "oneway": null, "surface": null, "lanes": null, "sidewalk": null, "source": null, "alt_name": null, "foot": null, "smoothness": null, "building": null, "service": null, "bridge": null, "layer": null, "brand:wikipedia": null, "cuisine": null, "takeaway": null, "bicycle": null, "leisure": null, "highway:source": null, "building:levels": null, "note": null, "footway": "sidewalk", "mapillary": null, "survey:date": null, "tactile_paving": null, "turn:lanes": null, "box_id": 1, "provider": "osmnx" }, "geometry": { "type": "LineString", "coordinates": [ [ -49.2710431, -25.4560944 ], [ -49.2710275, -25.4561678 ] ] } },
{ "type": "Feature", "properties": { "highway": "footway", "amenity": null, "healthcare": null, "name": null, "brand": null, "brand:wikidata": null, "shop": null, "maxspeed": null, "addr:city": null, "addr:housenumber": null, "addr:street": null, "office": null, "website": null, "bus": null, "public_transport": null, "shelter": null, "check_date:shelter": null, "recycling:aluminium": null, "recycling:beverage_cartons": null, "recycling:books": null, "recycling:cans": null, "recycling:cardboard": null, "recycling:cartons": null, "recycling:glass": null, "recycling:glass_bottles": null, "recycling:magazines": null, "recycling:newspaper": null, "recycling:paper": null, "recycling:paper_packaging": null, "recycling:plastic": null, "recycling:plastic_bottles": null, "recycling:plastic_packaging": null, "recycling:scrap_metal": null, "recycling_type": null, "contact:email": null, "contact:phone": null, "contact:website": null, "contact:whatsapp": null, "natural": null, "opening_hours": null, "operator": null, "phone": null, "crossing": null, "crossing:signals": null, "crossing:markings": null, "parking_space": null, "addr:postcode": null, "addr:suburb": null, "description": null, "payment:pix": null, "lit": null, "oneway": null, "surface": null, "lanes": null, "sidewalk": null, "source": null, "alt_name": null, "foot": null, "smoothness": null, "building": null, "service": null, "bridge": null, "layer": null, "brand:wikipedia": null, "cuisine": null, "takeaway": null, "bicycle": null, "leisure": null, "highway:source": null, "building:levels": null, "note": null, "footway": "sidewalk", "mapillary": null, "survey:date": null, "tactile_paving": null, "turn:lanes": null, "box_id": 1, "provider": "osmnx" }, "geometry": { "type": "LineString", "coordinates": [ [ -49.2701301, -25.4560687 ], [ -49.2699896, -25.4560996 ] ] } },
{ "type": "Feature", "properties": { "highway": "residential", "amenity": null, "healthcare": null, "name": "Rua Canal Vila Guaíra", "brand": null, "brand:wikidata": null, "shop": null, "maxspeed": null, "addr:city": null, "addr:housenumber": null, "addr:street": null, "office": null, "website": null, "bus": null, "public_transport": null, "shelter": null, "check_date:shelter": null, "recycling:aluminium": null, "recycling:beverage_cartons": null, "recycling:books": null, "recycling:cans": null, "recycling:cardboard": null, "recycling:cartons": null, "recycling:glass": null, "recycling:glass_bottles": null, "recycling:magazines": null, "recycling:newspaper": null, "recycling:paper": null, "recycling:paper_packaging": null, "recycling:plastic": null, "recycling:plastic_bottles": null, "recycling:plastic_packaging": null, "recycling:scrap_metal": null, "recycling_type": null, "contact:email": null, "contact:phone": null, "contact:website": null, "contact:whatsapp": null, "natural": null, "opening_hours": null, "operator": null, "phone": null, "crossing": null, "crossing:signals": null, "crossing:markings": null, "parking_space": null, "addr:postcode": null, "addr:suburb": null, "description": null, "payment:pix": null, "lit": null, "oneway": "no", "surface": "asphalt", "lanes": null, "sidewalk": null, "source": null, "alt_name": "Rua Rio Vila Guaíra", "foot": null, "smoothness": null, "building": null, "service": null, "bridge": null, "layer": null, "brand:wikipedia": null, "cuisine": null, "takeaway": null, "bicycle": null, "leisure": null, "highway:source": null, "building:levels": null, "note": null, "footway": null, "mapillary": null, "survey:date": null, "tactile_paving": null, "turn:lanes": null, "box_id": 1, "provider": "osmnx" }, "geometry": { "type": "LineString", "coordinates": [ [ -49.268370789704122, -25.464696056866373 ], [ -49.2684572, -25.4646516 ], [ -49.2686239, -25.4645357 ], [ -49.2687221, -25.4644751 ], [ -49.2688264, -25.464416 ], [ -49.2689279, -25.4643658 ], [ -49.2692391, -25.4642143 ] ] } },
{ "type": "Feature", "properties": { "highway": "secondary", "amenity": null, "healthcare": null, "name": "Rua Brigadeiro Franco", "brand": null, "brand:wikidata": null, "shop": null, "maxspeed": null, "addr:city": null, "addr:housenumber": null, "addr:street": null, "office": null, "website": null, "bus": null, "public_transport": null, "shelter": null, "check_date:shelter": null, "recycling:aluminium": null, "recycling:beverage_cartons": null, "recycling:books": null, "recycling:cans": null, "recycling:cardboard": null, "recycling:cartons": null, "recycling:glass": null, "recycling:glass_bottles": null, "recycling:magazines": null, "recycling:newspaper": null, "recycling:paper": null, "recycling:paper_packaging": null, "recycling:plastic": null, "recycling:plastic_bottles": null, "recycling:plastic_packaging": null, "recycling:scrap_metal": null, "recycling_type": null, "contact:email": null, "contact:phone": null, "contact:website": null, "contact:whatsapp": null, "natural": null, "opening_hours": null, "operator": null, "phone": null, "crossing": null, "crossing:signals": null, "crossing:markings": null, "parking_space": null, "addr:postcode": null, "addr:suburb": null, "description": null, "payment:pix": null, "lit": "yes", "oneway": "yes", "surface": "asphalt", "lanes": null, "sidewalk": null, "source": null, "alt_name": null, "foot": null, "smoothness": null, "building": null, "service": null, "bridge": null, "layer": null, "brand:wikipedia": null, "cuisine": null, "takeaway": null, "bicycle": null, "leisure": null, "highway:source": null, "building:levels": null, "note": null, "footway": null, "mapillary": null, "survey:date": null, "tactile_paving": null, "turn:lanes": null, "box_id": 1, "provider": "osmnx" }, "geometry": { "type": "LineString", "coordinates": [ [ -49.265133449875101, -25.464657825212832 ], [ -49.2651408, -25.4646453 ] ] } },
{ "type": "Feature", "properties": { "highway": "secondary", "amenity": null, "healthcare": null, "name": "Rua Brigadeiro Franco", "brand": null, "brand:wikidata": null, "shop": null, "maxspeed": null, "addr:city": null, "addr:housenumber": null, "addr:street": null, "office": null, "website": null, "bus": null, "public_transport": null, "shelter": null, "check_date:shelter": null, "recycling:aluminium": null, "recycling:beverage_cartons": null, "recycling:books": null, "recycling:cans": null, "recycling:cardboard": null, "recycling:cartons": null, "recycling:glass": null, "recycling:glass_bottles": null, "recycling:magazines": null, "recycling:newspaper": null, "recycling:paper": null, "recycling:paper_packaging": null, "recycling:plastic": null, "recycling:plastic_bottles": null, "recycling:plastic_packaging": null, "recycling:scrap_metal": null, "recycling_type": null, "contact:email": null, "contact:phone": null, "contact:website": null, "contact:whatsapp": null, "natural": null, "opening_hours": null, "operator": null, "phone": null, "crossing": null, "crossing:signals": null, "crossing:markings": null, "parking_space": null, "addr:postcode": null, "addr:suburb": null, "description": null, "payment:pix": null, "lit": "yes", "oneway": "yes", "surface": "asphalt", "lanes": null, "sidewalk": null, "source": null, "alt_name": null, "foot": null, "smoothness": null, "building": null, "service": null, "bridge": null, "layer": null, "brand:wikipedia": null, "cuisine": null, "takeaway": null, "bicycle": null, "leisure": null, "highway:source": null, "building:levels": null, "note": null, "footway": null, "mapillary": null, "survey:date": null, "tactile_paving": null, "turn:lanes": null, "box_id": 1, "provider": "osmnx" }, "geometry": { "type": "LineString", "coordinates": [ [ -49.2651408, -25.4646453 ], [ -49.265135890092637, -25.464657854030801 ] ] } },
{ "type": "Feature", "properties": { "highway": "residential", "amenity": null, "healthcare": null, "name": "Rua Antônio Parolin Júnior", "brand": null, "brand:wikidata": null, "shop": null, "maxspeed": null, "addr:city": null, "addr:housenumber": null, "addr:street": null, "office": null, "website": null, "bus": null, "public_transport": null, "shelter": null, "check_date:shelter": null, "recycling:aluminium": null, "recycling:beverage_cartons": null, "recycling:books": null, "recycling:cans": null, "recycling:cardboard": null, "recycling:cartons": null, "recycling:glass": null, "recycling:glass_bottles": null, "recycling:magazines": null, "recycling:newspaper": null, "recycling:paper": null, "recycling:paper_packaging": null, "recycling:plastic": null, "recycling:plastic_bottles": null, "recycling:plastic_packaging": null, "recycling:scrap_metal": null, "recycling_type": null, "contact:email": null, "contact:phone": null, "contact:website": null, "contact:whatsapp": null, "natural": null, "opening_hours": null, "operator": null, "phone": null, "crossing": null, "crossing:signals": null, "crossing:markings": null, "parking_space": null, "addr:postcode": null, "addr:suburb": null, "description": null, "payment:pix": null, "lit": null, "oneway": "no", "surface": null, "lanes": null, "sidewalk": null, "source": null, "alt_name": null, "foot": null, "smoothness": null, "building": null, "service": null, "bridge": null, "layer": null, "brand:wikipedia": null, "cuisine": null, "takeaway": null, "bicycle": null, "leisure": null, "highway:source": null, "building:levels": null, "note": null, "footway": null, "mapillary": null, "survey:date": null, "tactile_paving": null, "turn:lanes": null, "box_id": 1, "provider": "osmnx" }, "geometry": { "type": "LineString", "coordinates": [ [ -49.265172988012814, -25.464658292141998 ], [ -49.2651408, -25.4646453 ] ] } },
{ "type": "Feature", "properties": { "highway": "residential", "amenity": null, "healthcare": null, "name": "Rua Edgard Meira de Vasconcellos", "brand": null, "brand:wikidata": null, "shop": null, "maxspeed": null, "addr:city": null, "addr:housenumber": null, "addr:street": null, "office": null, "website": null, "bus": null, "public_transport": null, "shelter": null, "check_date:shelter": null, "recycling:aluminium": null, "recycling:beverage_cartons": null, "recycling:books": null, "recycling:cans": null, "recycling:cardboard": null, "recycling:cartons": null, "recycling:glass": null, "recycling:glass_bottles": null, "recycling:magazines": null, "recycling:newspaper": null, "recycling:paper": null, "recycling:paper_packaging": null, "recycling:plastic": null, "recycling:plastic_bottles": null, "recycling:plastic_packaging": null, "recycling:scrap_metal": null, "recycling_type": null, "contact:email": null, "contact:phone": null, "contact:website": null, "contact:whatsapp": null, "natural": null, "opening_hours": null, "operator": null, "phone": null, "crossing": null, "crossing:signals": null, "crossing:markings": null, "parking_space": null, "addr:postcode": null, "addr:suburb": null, "description": null, "payment:pix": null, "lit": null, "oneway": null, "surface": null, "lanes": null, "sidewalk": null, "source": null, "alt_name": null, "foot": null, "smoothness": null, "building": null, "service": null, "bridge": null, "layer": null, "brand:wikipedia": null, "cuisine": null, "takeaway": null, "bicycle": null, "leisure": null, "highway:source": null, "building:levels": null, "note": null, "footway": null, "mapillary": null, "survey:date": null, "tactile_paving": null, "turn:lanes": null, "box_id": 1, "provider": "osmnx" }, "geometry": { "type": "LineString", "coordinates": [ [ -49.265644472179694, -25.46466386017633 ], [ -49.2658255, -25.4643177 ], [ -49.2658629, -25.4642521 ], [ -49.2659899, -25.4640601 ], [ -49.266013, -25.4640305 ], [ -49.2661679, -25.4638519 ] ] } },
{ "type": "Feature", "properties": { "highway": "residential", "amenity": null, "healthcare": null, "name": null, "brand": null, "brand:wikidata": null, "shop": null, "maxspeed": null, "addr:city": null, "addr:housenumber": null, "addr:street": null, "office": null, "website": null, "bus": null, "public_transport": null, "shelter": null, "check_date:shelter": null, "recycling:aluminium": null, "recycling:beverage_cartons": null, "recycling:books": null, "recycling:cans": null, "recycling:cardboard": null, "recycling:cartons": null, "recycling:glass": null, "recycling:glass_bottles": null, "recycling:magazines": null, "recycling:newspaper": null, "recycling:paper": null, "recycling:paper_packaging": null, "recycling:plastic": null, "recycling:plastic_bottles": null, "recycling:plastic_packaging": null, "recycling:scrap_metal": null, "recycling_type": null, "contact:email": null, "contact:phone": null, "contact:website": null, "contact:whatsapp": null, "natural": null, "opening_hours": null, "operator": null, "phone": null, "crossing": null, "crossing:signals": null, "crossing:markings": null, "parking_space": null, "addr:postcode": null, "addr:suburb": null, "description": null, "payment:pix": null, "lit": null, "oneway": null, "surface": null, "lanes": null, "sidewalk": null, "source": null, "alt_name": null, "foot": null, "smoothness": null, "building": null, "service": null, "bridge": null, "layer": null, "brand:wikipedia": null, "cuisine": null, "takeaway": null, "bicycle": null, "leisure": null, "highway:source": null, "building:levels": null, "note": null, "footway": null, "mapillary": null, "survey:date": null, "tactile_paving": null, "turn:lanes": null, "box_id": 1, "provider": "osmnx" }, "geometry": { "type": "LineString", "coordinates": [ [ -49.2673199, -25.4643306 ], [ -49.2673543, -25.4644524 ], [ -49.26737, -25.4645242 ], [ -49.267400111967092, -25.464684593561035 ] ] } },
{ "type": "Feature", "properties": { "highway": "residential", "amenity": null, "healthcare": null, "name": "Rua Carlos Affonso Meissner Osório", "brand": null, "brand:wikidata": null, "shop": null, "maxspeed": null, "addr:city": null, "addr:housenumber": null, "addr:street": null, "office": null, "website": null, "bus": null, "public_transport": null, "shelter": null, "check_date:shelter": null, "recycling:aluminium": null, "recycling:beverage_cartons": null, "recycling:books": null, "recycling:cans": null, "recycling:cardboard": null, "recycling:cartons": null, "recycling:glass": null, "recycling:glass_bottles": null, "recycling:magazines": null, "recycling:newspaper": null, "recycling:paper": null, "recycling:paper_packaging": null, "recycling:plastic": null, "recycling:plastic_bottles": null, "recycling:plastic_packaging": null, "recycling:scrap_metal": null, "recycling_type": null, "contact:email": null, "contact:phone": null, "contact:website": null, "contact:whatsapp": null, "natural": null, "opening_hours": null, "operator": null, "phone": null, "crossing": null, "crossing:signals": null, "crossing:markings": null, "parking_space": null, "addr:postcode": null, "addr:suburb": null, "description": null, "payment:pix": null, "lit": null, "oneway": "no", "surface": null, "lanes": null, "sidewalk": null, "source": "IBGE", "alt_name": null, "foot": null, "smoothness": null, "building": null, "service": null, "bridge": null, "layer": null, "brand:wikipedia": null, "cuisine": null, "takeaway": null, "bicycle": null, "leisure": null, "highway:source": null, "building:levels": null, "note": null, "footway": null, "mapillary": null, "survey:date": null, "tactile_paving": null, "turn:lanes": null, "box_id": 1, "provider": "osmnx" }, "geometry": { "type": "LineString", "coordinates": [ [ -49.266807186138728, -25.464677591350565 ], [ -49.2668983, -25.4645535 ], [ -49.2669353, -25.464509 ], [ -49.2669727, -25.464476 ], [ -49.2670098, -25.4644514 ], [ -49.2670547, -25.4644294 ], [ -49.2673199, -25.4643306 ], [ -49.2674613, -25.464279 ], [ -49.2675935, -25.4642315 ], [ -49.267723, -25.4641841 ], [ -49.267856, -25.4641388 ], [ -49.2679227, -25.4641193 ], [ -49.2679885, -25.4641091 ], [ -49.2680446, -25.4641058 ], [ -49.2681387, -25.4641085 ], [ -49.268238, -25.4641161 ], [ -49.2684399, -25.4641436 ], [ -49.2684782, -25.4641449 ], [ -49.2685198, -25.4641391 ], [ -49.2687154, -25.4640958 ], [ -49.2687584, -25.4640865 ], [ -49.2690719, -25.4640332 ] ] } },
{ "type": "Feature", "properties": { "highway": "residential", "amenity": null, "healthcare": null, "name": null, "brand": null, "brand:wikidata": null, "shop": null, "maxspeed": null, "addr:city": null, "addr:housenumber": null, "addr:street": null, "office": null, "website": null, "bus": null, "public_transport": null, "shelter": null, "check_date:shelter": null, "recycling:aluminium": null, "recycling:beverage_cartons": null, "recycling:books": null, "recycling:cans": null, "recycling:cardboard": null, "recycling:cartons": null, "recycling:glass": null, "recycling:glass_bottles": null, "recycling:magazines": null, "recycling:newspaper": null, "recycling:paper": null, "recycling:paper_packaging": null, "recycling:plastic": null, "recycling:plastic_bottles": null, "recycling:plastic_packaging": null, "recycling:scrap_metal": null, "recycling_type": null, "contact:email": null, "contact:phone": null, "contact:website": null, "contact:whatsapp": null, "natural": null, "opening_hours": null, "operator": null, "phone": null, "crossing": null, "crossing:signals": null, "crossing:markings": null, "parking_space": null, "addr:postcode": null, "addr:suburb": null, "description": null, "payment:pix": null, "lit": null, "oneway": null, "surface": null, "lanes": null, "sidewalk": null, "source": null, "alt_name": null, "foot": null, "smoothness": null, "building": null, "service": null, "bridge": null, "layer": null, "brand:wikipedia": null, "cuisine": null, "takeaway": null, "bicycle": null, "leisure": null, "highway:source": null, "building:levels": null, "note": null, "footway": null, "mapillary": null, "survey:date": null, "tactile_paving": null, "turn:lanes": null, "box_id": 1, "provider": "osmnx" }, "geometry": { "type": "LineString", "coordinates": [ [ -49.2675935, -25.4642315 ], [ -49.2677757, -25.4646275 ] ] } },
{ "type": "Feature", "properties": { "highway": "residential", "amenity": null, "healthcare": null, "name": "Rua Antônio Parolin Júnior", "brand": null, "brand:wikidata": null, "shop": null, "maxspeed": null, "addr:city": null, "addr:housenumber": null, "addr:street": null, "office": null, "website": null, "bus": null, "public_transport": null, "shelter": null, "check_date:shelter": null, "recycling:aluminium": null, "recycling:beverage_cartons": null, "recycling:books": null, "recycling:cans": null, "recycling:cardboard": null, "recycling:cartons": null, "recycling:glass": null, "recycling:glass_bottles": null, "recycling:magazines": null, "recycling:newspaper": null, "recycling:paper": null, "recycling:paper_packaging": null, "recycling:plastic": null, "recycling:plastic_bottles": null, "recycling:plastic_packaging": null, "recycling:scrap_metal": null, "recycling_type": null, "contact:email": null, "contact:phone": null, "contact:website": null, "contact:whatsapp": null, "natural": null, "opening_hours": null, "operator": null, "phone": null, "crossing": null, "crossing:signals": null, "crossing:markings": null, "parking_space": null, "addr:postcode": null, "addr:suburb": null, "description": null, "payment:pix": null, "lit": null, "oneway": "no", "surface": null, "lanes": null, "sidewalk": null, "source": null, "alt_name": null, "foot": null, "smoothness": null, "building": null, "service": null, "bridge": null, "layer": null, "brand:wikipedia": null, "cuisine": null, "takeaway": null, "bicycle": null, "leisure": null, "highway:source": null, "building:levels": null, "note": null, "footway": null, "mapillary": null, "survey:date": null, "tactile_paving": null, "turn:lanes": null, "box_id": 1, "provider": "osmnx" }, "geometry": { "type": "LineString", "coordinates": [ [ -49.2651408, -25.4646453 ], [ -49.2638955, -25.4641426 ] ] } },
{ "type": "Feature", "properties": { "highway": "residential", "amenity": null, "healthcare": null, "name": null, "brand": null, "brand:wikidata": null, "shop": null, "maxspeed": null, "addr:city": null, "addr:housenumber": null, "addr:street": null, "office": null, "website": null, "bus": null, "public_transport": null, "shelter": null, "check_date:shelter": null, "recycling:aluminium": null, "recycling:beverage_cartons": null, "recycling:books": null, "recycling:cans": null, "recycling:cardboard": null, "recycling:cartons": null, "recycling:glass": null, "recycling:glass_bottles": null, "recycling:magazines": null, "recycling:newspaper": null, "recycling:paper": null, "recycling:paper_packaging": null, "recycling:plastic": null, "recycling:plastic_bottles": null, "recycling:plastic_packaging": null, "recycling:scrap_metal": null, "recycling_type": null, "contact:email": null, "contact:phone": null, "contact:website": null, "contact:whatsapp": null, "natural": null, "opening_hours": null, "operator": null, "phone": null, "crossing": null, "crossing:signals": null, "crossing:markings": null, "parking_space": null, "addr:postcode": null, "addr:suburb": null, "description": null, "payment:pix": null, "lit": null, "oneway": null, "surface": null, "lanes": null, "sidewalk": null, "source": null, "alt_name": null, "foot": null, "smoothness": null, "building": null, "service": null, "bridge": null, "layer": null, "brand:wikipedia": null, "cuisine": null, "takeaway": null, "bicycle": null, "leisure": null, "highway:source": null, "building:levels": null, "note": null, "footway": null, "mapillary": null, "survey:date": null, "tactile_paving": null, "turn:lanes": null, "box_id": 1, "provider": "osmnx" }, "geometry": { "type": "LineString", "coordinates": [ [ -49.2674613, -25.464279 ], [ -49.2674029, -25.4641307 ], [ -49.2673831, -25.4640865 ], [ -49.2673612, -25.4640523 ], [ -49.2673319, -25.4640241 ], [ -49.2672563, -25.4639759 ] ] } },
{ "type": "Feature", "properties": { "highway": "residential", "amenity": null, "healthcare": null, "name": "Rua Felício da Costa Vieira", "brand": null, "brand:wikidata": null, "shop": null, "maxspeed": null, "addr:city": null, "addr:housenumber": null, "addr:street": null, "office": null, "website": null, "bus": null, "public_transport": null, "shelter": null, "check_date:shelter": null, "recycling:aluminium": null, "recycling:beverage_cartons": null, "recycling:books": null, "recycling:cans": null, "recycling:cardboard": null, "recycling:cartons": null, "recycling:glass": null, "recycling:glass_bottles": null, "recycling:magazines": null, "recycling:newspaper": null, "recycling:paper": null, "recycling:paper_packaging": null, "recycling:plastic": null, "recycling:plastic_bottles": null, "recycling:plastic_packaging": null, "recycling:scrap_metal": null, "recycling_type": null, "contact:email": null, "contact:phone": null, "contact:website": null, "contact:whatsapp": null, "natural": null, "opening_hours": null, "operator": null, "phone": null, "crossing": null, "crossing:signals": null, "crossing:markings": null, "parking_space": null, "addr:postcode": null, "addr:suburb": null, "description": null, "payment:pix": null, "lit": null, "oneway": null, "surface": null, "lanes": null, "sidewalk": null, "source": null, "alt_name": null, "foot": null, "smoothness": null, "building": null, "service": null, "bridge": null, "layer": null, "brand:wikipedia": null, "cuisine": null, "takeaway": null, "bicycle": null, "leisure": null, "highway:source": null, "building:levels": null, "note": null, "footway": null, "mapillary": null, "survey:date": null, "tactile_paving": null, "turn:lanes": null, "box_id": 1, "provider": "osmnx" }, "geometry": { "type": "LineString", "coordinates": [ [ -49.2684572, -25.4646516 ], [ -49.268507851863205, -25.464697675514167 ] ] } },
{ "type": "Feature", "properties": { "highway": "residential", "amenity": null, "healthcare": null, "name": "Rua Canal Vila Guaíra", "brand": null, "brand:wikidata": null, "shop": null, "maxspeed": null, "addr:city": null, "addr:housenumber": null, "addr:street": null, "office": null, "website": null, "bus": null, "public_transport": null, "shelter": null, "check_date:shelter": null, "recycling:aluminium": null, "recycling:beverage_cartons": null, "recycling:books": null, "recycling:cans": null, "recycling:cardboard": null, "recycling:cartons": null, "recycling:glass": null, "recycling:glass_bottles": null, "recycling:magazines": null, "recycling:newspaper": null, "recycling:paper": null, "recycling:paper_packaging": null, "recycling:plastic": null, "recycling:plastic_bottles": null, "recycling:plastic_packaging": null, "recycling:scrap_metal": null, "recycling_type": null, "contact:email": null, "contact:phone": null, "contact:website": null, "contact:whatsapp": null, "natural": null, "opening_hours": null, "operator": null, "phone": null, "crossing": null, "crossing:signals": null, "crossing:markings": null, "parking_space": null, "addr:postcode": null, "addr:suburb": null, "description": null, "payment:pix": null, "lit": null, "oneway": "no", "surface": null, "lanes": null, "sidewalk": null, "source": "IBGE", "alt_name": null, "foot": null, "smoothness": null, "building": null, "service": null, "bridge": null, "layer": null, "brand:wikipedia": null, "cuisine": null, "takeaway": null, "bicycle": null, "leisure": null, "highway:source": null, "building:levels": null, "note": null, "footway": null, "mapillary": null, "survey:date": null, "tactile_paving": null, "turn:lanes": null, "box_id": 1, "provider": "osmnx" }, "geometry": { "type": "LineString", "coordinates": [ [ -49.267641585179931, -25.464687445260484 ], [ -49.2677757, -25.4646275 ], [ -49.268463, -25.4643203 ], [ -49.2690719, -25.4640332 ], [ -49.2692273, -25.4639632 ], [ -49.2693756, -25.4638977 ], [ -49.2696258, -25.4637992 ], [ -49.2697615, -25.4637405 ], [ -49.2700995, -25.4635821 ], [ -49.27021, -25.4635273 ], [ -49.2706042, -25.4633215 ], [ -49.27123, -25.4630384 ], [ -49.2712881, -25.4630221 ], [ -49.2713526, -25.4630194 ], [ -49.2715216, -25.4630314 ] ] } },
{ "type": "Feature", "properties": { "highway": "footway", "amenity": null, "healthcare": null, "name": null, "brand": null, "brand:wikidata": null, "shop": null, "maxspeed": null, "addr:city": null, "addr:housenumber": null, "addr:street": null, "office": null, "website": null, "bus": null, "public_transport": null, "shelter": null, "check_date:shelter": null, "recycling:aluminium": null, "recycling:beverage_cartons": null, "recycling:books": null, "recycling:cans": null, "recycling:cardboard": null, "recycling:cartons": null, "recycling:glass": null, "recycling:glass_bottles": null, "recycling:magazines": null, "recycling:newspaper": null, "recycling:paper": null, "recycling:paper_packaging": null, "recycling:plastic": null, "recycling:plastic_bottles": null, "recycling:plastic_packaging": null, "recycling:scrap_metal": null, "recycling_type": null, "contact:email": null, "contact:phone": null, "contact:website": null, "contact:whatsapp": null, "natural": null, "opening_hours": null, "operator": null, "phone": null, "crossing": null, "crossing:signals": null, "crossing:markings": null, "parking_space": null, "addr:postcode": null, "addr:suburb": null, "description": null, "payment:pix": null, "lit": null, "oneway": null, "surface": "wood", "lanes": null, "sidewalk": null, "source": null, "alt_name": null, "foot": null, "smoothness": null, "building": null, "service": null, "bridge": null, "layer": null, "brand:wikipedia": null, "cuisine": null, "takeaway": null, "bicycle": null, "leisure": null, "highway:source": null, "building:levels": null, "note": null, "footway": "crossing", "mapillary": null, "survey:date": null, "tactile_paving": null, "turn:lanes": null, "box_id": 1, "provider": "osmnx" }, "geometry": { "type": "LineString", "coordinates": [ [ -49.2692391, -25.4642143 ], [ -49.2691794, -25.4641924 ] ] } },
{ "type": "Feature", "properties": { "highway": "footway", "amenity": null, "healthcare": null, "name": null, "brand": null, "brand:wikidata": null, "shop": null, "maxspeed": null, "addr:city": null, "addr:housenumber": null, "addr:street": null, "office": null, "website": null, "bus": null, "public_transport": null, "shelter": null, "check_date:shelter": null, "recycling:aluminium": null, "recycling:beverage_cartons": null, "recycling:books": null, "recycling:cans": null, "recycling:cardboard": null, "recycling:cartons": null, "recycling:glass": null, "recycling:glass_bottles": null, "recycling:magazines": null, "recycling:newspaper": null, "recycling:paper": null, "recycling:paper_packaging": null, "recycling:plastic": null, "recycling:plastic_bottles": null, "recycling:plastic_packaging": null, "recycling:scrap_metal": null, "recycling_type": null, "contact:email": null, "contact:phone": null, "contact:website": null, "contact:whatsapp": null, "natural": null, "opening_hours": null, "operator": null, "phone": null, "crossing": null, "crossing:signals": null, "crossing:markings": null, "parking_space": null, "addr:postcode": null, "addr:suburb": null, "description": null, "payment:pix": null, "lit": null, "oneway": null, "surface": "wood", "lanes": null, "sidewalk": null, "source": null, "alt_name": null, "foot": null, "smoothness": null, "building": null, "service": null, "bridge": "yes", "layer": "1", "brand:wikipedia": null, "cuisine": null, "takeaway": null, "bicycle": null, "leisure": null, "highway:source": null, "building:levels": null, "note": null, "footway": "crossing", "mapillary": null, "survey:date": null, "tactile_paving": null, "turn:lanes": null, "box_id": 1, "provider": "osmnx" }, "geometry": { "type": "LineString", "coordinates": [ [ -49.2691794, -25.4641924 ], [ -49.2691051, -25.4640702 ] ] } },
{ "type": "Feature", "properties": { "highway": "footway", "amenity": null, "healthcare": null, "name": null, "brand": null, "brand:wikidata": null, "shop": null, "maxspeed": null, "addr:city": null, "addr:housenumber": null, "addr:street": null, "office": null, "website": null, "bus": null, "public_transport": null, "shelter": null, "check_date:shelter": null, "recycling:aluminium": null, "recycling:beverage_cartons": null, "recycling:books": null, "recycling:cans": null, "recycling:cardboard": null, "recycling:cartons": null, "recycling:glass": null, "recycling:glass_bottles": null, "recycling:magazines": null, "recycling:newspaper": null, "recycling:paper": null, "recycling:paper_packaging": null, "recycling:plastic": null, "recycling:plastic_bottles": null, "recycling:plastic_packaging": null, "recycling:scrap_metal": null, "recycling_type": null, "contact:email": null, "contact:phone": null, "contact:website": null, "contact:whatsapp": null, "natural": null, "opening_hours": null, "operator": null, "phone": null, "crossing": null, "crossing:signals": null, "crossing:markings": null, "parking_space": null, "addr:postcode": null, "addr:suburb": null, "description": null, "payment:pix": null, "lit": null, "oneway": null, "surface": "wood", "lanes": null, "sidewalk": null, "source": null, "alt_name": null, "foot": null, "smoothness": null, "building": null, "service": null, "bridge": null, "layer": null, "brand:wikipedia": null, "cuisine": null, "takeaway": null, "bicycle": null, "leisure": null, "highway:source": null, "building:levels": null, "note": null, "footway": "crossing", "mapillary": null, "survey:date": null, "tactile_paving": null, "turn:lanes": null, "box_id": 1, "provider": "osmnx" }, "geometry": { "type": "LineString", "coordinates": [ [ -49.2691051, -25.4640702 ], [ -49.2690719, -25.4640332 ] ] } },
{ "type": "Feature", "properties": { "highway": "residential", "amenity": null, "healthcare": null, "name": "Rua Chanceler Lauro Muller", "brand": null, "brand:wikidata": null, "shop": null, "maxspeed": null, "addr:city": null, "addr:housenumber": null, "addr:street": null, "office": null, "website": null, "bus": null, "public_transport": null, "shelter": null, "check_date:shelter": null, "recycling:aluminium": null, "recycling:beverage_cartons": null, "recycling:books": null, "recycling:cans": null, "recycling:cardboard": null, "recycling:cartons": null, "recycling:glass": null, "recycling:glass_bottles": null, "recycling:magazines": null, "recycling:newspaper": null, "recycling:paper": null, "recycling:paper_packaging": null, "recycling:plastic": null, "recycling:plastic_bottles": null, "recycling:plastic_packaging": null, "recycling:scrap_metal": null, "recycling_type": null, "contact:email": null, "contact:phone": null, "contact:website": null, "contact:whatsapp": null, "natural": null, "opening_hours": null, "operator": null, "phone": null, "crossing": null, "crossing:signals": null, "crossing:markings": null, "parking_space": null, "addr:postcode": null, "addr:suburb": null, "description": null, "payment:pix": null, "lit": null, "oneway": null, "surface": null, "lanes": null, "sidewalk": null, "source": null, "alt_name": null, "foot": null, "smoothness": null, "building": null, "service": null, "bridge": "yes", "layer": "1", "brand:wikipedia": null, "cuisine": null, "takeaway": null, "bicycle": null, "leisure": null, "highway:source": null, "building:levels": null, "note": null, "footway": null, "mapillary": null, "survey:date": null, "tactile_paving": null, "turn:lanes": null, "box_id": 1, "provider": "osmnx" }, "geometry": { "type": "LineString", "coordinates": [ [ -49.2692876, -25.464011 ], [ -49.2693543, -25.464069 ] ] } },
{ "type": "Feature", "properties": { "highway": "residential", "amenity": null, "healthcare": null, "name": "Rua Chanceler Lauro Muller", "brand": null, "brand:wikidata": null, "shop": null, "maxspeed": null, "addr:city": null, "addr:housenumber": null, "addr:street": null, "office": null, "website": null, "bus": null, "public_transport": null, "shelter": null, "check_date:shelter": null, "recycling:aluminium": null, "recycling:beverage_cartons": null, "recycling:books": null, "recycling:cans": null, "recycling:cardboard": null, "recycling:cartons": null, "recycling:glass": null, "recycling:glass_bottles": null, "recycling:magazines": null, "recycling:newspaper": null, "recycling:paper": null, "recycling:paper_packaging": null, "recycling:plastic": null, "recycling:plastic_bottles": null, "recycling:plastic_packaging": null, "recycling:scrap_metal": null, "recycling_type": null, "contact:email": null, "contact:phone": null, "contact:website": null, "contact:whatsapp": null, "natural": null, "opening_hours": null, "operator": null, "phone": null, "crossing": null, "crossing:signals": null, "crossing:markings": null, "parking_space": null, "addr:postcode": null, "addr:suburb": null, "description": null, "payment:pix": null, "lit": null, "oneway": null, "surface": null, "lanes": null, "sidewalk": null, "source": null, "alt_name": null, "foot": null, "smoothness": null, "building": null, "service": null, "bridge": null, "layer": null, "brand:wikipedia": null, "cuisine": null, "takeaway": null, "bicycle": null, "leisure": null, "highway:source": null, "building:levels": null, "note": null, "footway": null, "mapillary": null, "survey:date": null, "tactile_paving": null, "turn:lanes": null, "box_id": 1, "provider": "osmnx" }, "geometry": { "type": "LineString", "coordinates": [ [ -49.2692273, -25.4639632 ], [ -49.2692876, -25.464011 ] ] } },
{ "type": "Feature", "properties": { "highway": "footway", "amenity": null, "healthcare": null, "name": null, "brand": null, "brand:wikidata": null, "shop": null, "maxspeed": null, "addr:city": null, "addr:housenumber": null, "addr:street": null, "office": null, "website": null, "bus": null, "public_transport": null, "shelter": null, "check_date:shelter": null, "recycling:aluminium": null, "recycling:beverage_cartons": null, "recycling:books": null, "recycling:cans": null, "recycling:cardboard": null, "recycling:cartons": null, "recycling:glass": null, "recycling:glass_bottles": null, "recycling:magazines": null, "recycling:newspaper": null, "recycling:paper": null, "recycling:paper_packaging": null, "recycling:plastic": null, "recycling:plastic_bottles": null, "recycling:plastic_packaging": null, "recycling:scrap_metal": null, "recycling_type": null, "contact:email": null, "contact:phone": null, "contact:website": null, "contact:whatsapp": null, "natural": null, "opening_hours": null, "operator": null, "phone": null, "crossing": null, "crossing:signals": null, "crossing:markings": null, "parking_space": null, "addr:postcode": null, "addr:suburb": null, "description": null, "payment:pix": null, "lit": null, "oneway": null, "surface": null, "lanes": null, "sidewalk": null, "source": null, "alt_name": null, "foot": null, "smoothness": null, "building": null, "service": null, "bridge": null, "layer": null, "brand:wikipedia": null, "cuisine": null, "takeaway": null, "bicycle": null, "leisure": null, "highway:source": null, "building:levels": null, "note": null, "footway": null, "mapillary": null, "survey:date": null, "tactile_paving": null, "turn:lanes": null, "box_id": 1, "provider": "osmnx" }, "geometry": { "type": "LineString", "coordinates": [ [ -49.2689128, -25.4636204 ], [ -49.2687465, -25.4635265 ], [ -49.2686744, -25.4634858 ] ] } },
{ "type": "Feature", "properties": { "highway": "footway", "amenity": null, "healthcare": null, "name": null, "brand": null, "brand:wikidata": null, "shop": null, "maxspeed": null, "addr:city": null, "addr:housenumber": null, "addr:street": null, "office": null, "website": null, "bus": null, "public_transport": null, "shelter": null, "check_date:shelter": null, "recycling:aluminium": null, "recycling:beverage_cartons": null, "recycling:books": null, "recycling:cans": null, "recycling:cardboard": null, "recycling:cartons": null, "recycling:glass": null, "recycling:glass_bottles": null, "recycling:magazines": null, "recycling:newspaper": null, "recycling:paper": null, "recycling:paper_packaging": null, "recycling:plastic": null, "recycling:plastic_bottles": null, "recycling:plastic_packaging": null, "recycling:scrap_metal": null, "recycling_type": null, "contact:email": null, "contact:phone": null, "contact:website": null, "contact:whatsapp": null, "natural": null, "opening_hours": null, "operator": null, "phone": null, "crossing": null, "crossing:signals": null, "crossing:markings": null, "parking_space": null, "addr:postcode": null, "addr:suburb": null, "description": null, "payment:pix": null, "lit": null, "oneway": null, "surface": null, "lanes": null, "sidewalk": null, "source": null, "alt_name": null, "foot": null, "smoothness": null, "building": null, "service": null, "bridge": null, "layer": null, "brand:wikipedia": null, "cuisine": null, "takeaway": null, "bicycle": null, "leisure": null, "highway:source": null, "building:levels": null, "note": null, "footway": null, "mapillary": null, "survey:date": null, "tactile_paving": null, "turn:lanes": null, "box_id": 1, "provider": "osmnx" }, "geometry": { "type": "LineString", "coordinates": [ [ -49.2687465, -25.4635265 ], [ -49.2688613, -25.4633803 ] ] } },
{ "type": "Feature", "properties": { "highway": "residential", "amenity": null, "healthcare": null, "name": null, "brand": null, "brand:wikidata": null, "shop": null, "maxspeed": null, "addr:city": null, "addr:housenumber": null, "addr:street": null, "office": null, "website": null, "bus": null, "public_transport": null, "shelter": null, "check_date:shelter": null, "recycling:aluminium": null, "recycling:beverage_cartons": null, "recycling:books": null, "recycling:cans": null, "recycling:cardboard": null, "recycling:cartons": null, "recycling:glass": null, "recycling:glass_bottles": null, "recycling:magazines": null, "recycling:newspaper": null, "recycling:paper": null, "recycling:paper_packaging": null, "recycling:plastic": null, "recycling:plastic_bottles": null, "recycling:plastic_packaging": null, "recycling:scrap_metal": null, "recycling_type": null, "contact:email": null, "contact:phone": null, "contact:website": null, "contact:whatsapp": null, "natural": null, "opening_hours": null, "operator": null, "phone": null, "crossing": null, "crossing:signals": null, "crossing:markings": null, "parking_space": null, "addr:postcode": null, "addr:suburb": null, "description": null, "payment:pix": null, "lit": null, "oneway": null, "surface": null, "lanes": null, "sidewalk": null, "source": null, "alt_name": null, "foot": null, "smoothness": null, "building": null, "service": null, "bridge": null, "layer": null, "brand:wikipedia": null, "cuisine": null, "takeaway": null, "bicycle": null, "leisure": null, "highway:source": null, "building:levels": null, "note": null, "footway": null, "mapillary": null, "survey:date": null, "tactile_paving": null, "turn:lanes": null, "box_id": 1, "provider": "osmnx" }, "geometry": { "type": "LineString", "coordinates": [ [ -49.2687676, -25.4638082 ], [ -49.2689128, -25.4636204 ], [ -49.2689634, -25.4635637 ], [ -49.2689952, -25.4635353 ], [ -49.2690743, -25.463469 ], [ -49.2691194, -25.4634251 ], [ -49.2691643, -25.4633601 ], [ -49.2691931, -25.4632926 ], [ -49.2692055, -25.463237 ], [ -49.2691937, -25.4631836 ], [ -49.2691752, -25.4631486 ], [ -49.269139, -25.4631109 ], [ -49.269084, -25.4630754 ], [ -49.2689583, -25.4630127 ] ] } },
{ "type": "Feature", "properties": { "highway": "residential", "amenity": null, "healthcare": null, "name": "Rua Assis Figueiredo", "brand": null, "brand:wikidata": null, "shop": null, "maxspeed": null, "addr:city": null, "addr:housenumber": null, "addr:street": null, "office": null, "website": null, "bus": null, "public_transport": null, "shelter": null, "check_date:shelter": null, "recycling:aluminium": null, "recycling:beverage_cartons": null, "recycling:books": null, "recycling:cans": null, "recycling:cardboard": null, "recycling:cartons": null, "recycling:glass": null, "recycling:glass_bottles": null, "recycling:magazines": null, "recycling:newspaper": null, "recycling:paper": null, "recycling:paper_packaging": null, "recycling:plastic": null, "recycling:plastic_bottles": null, "recycling:plastic_packaging": null, "recycling:scrap_metal": null, "recycling_type": null, "contact:email": null, "contact:phone": null, "contact:website": null, "contact:whatsapp": null, "natural": null, "opening_hours": null, "operator": null, "phone": null, "crossing": null, "crossing:signals": null, "crossing:markings": null, "parking_space": null, "addr:postcode": null, "addr:suburb": null, "description": null, "payment:pix": null, "lit": "yes", "oneway": "no", "surface": "asphalt", "lanes": null, "sidewalk": "separate", "source": null, "alt_name": null, "foot": null, "smoothness": null, "building": null, "service": null, "bridge": null, "layer": null, "brand:wikipedia": null, "cuisine": null, "takeaway": null, "bicycle": null, "leisure": null, "highway:source": null, "building:levels": null, "note": null, "footway": null, "mapillary": null, "survey:date": null, "tactile_paving": null, "turn:lanes": null, "box_id": 1, "provider": "osmnx" }, "geometry": { "type": "LineString", "coordinates": [ [ -49.271982300301708, -25.462076088843851 ], [ -49.2719104, -25.4622246 ], [ -49.2717271, -25.462611 ], [ -49.2715216, -25.4630314 ], [ -49.2714325, -25.4632178 ], [ -49.2709729, -25.4641804 ], [ -49.270708042978491, -25.464723658867438 ] ] } },
{ "type": "Feature", "properties": { "highway": "residential", "amenity": null, "healthcare": null, "name": "Rua Canal Vila Guaíra", "brand": null, "brand:wikidata": null, "shop": null, "maxspeed": null, "addr:city": null, "addr:housenumber": null, "addr:street": null, "office": null, "website": null, "bus": null, "public_transport": null, "shelter": null, "check_date:shelter": null, "recycling:aluminium": null, "recycling:beverage_cartons": null, "recycling:books": null, "recycling:cans": null, "recycling:cardboard": null, "recycling:cartons": null, "recycling:glass": null, "recycling:glass_bottles": null, "recycling:magazines": null, "recycling:newspaper": null, "recycling:paper": null, "recycling:paper_packaging": null, "recycling:plastic": null, "recycling:plastic_bottles": null, "recycling:plastic_packaging": null, "recycling:scrap_metal": null, "recycling_type": null, "contact:email": null, "contact:phone": null, "contact:website": null, "contact:whatsapp": null, "natural": null, "opening_hours": null, "operator": null, "phone": null, "crossing": null, "crossing:signals": null, "crossing:markings": null, "parking_space": null, "addr:postcode": null, "addr:suburb": null, "description": null, "payment:pix": null, "lit": null, "oneway": "no", "surface": "asphalt", "lanes": null, "sidewalk": null, "source": null, "alt_name": "Rua Rio Vila Guaíra", "foot": null, "smoothness": null, "building": null, "service": null, "bridge": null, "layer": null, "brand:wikipedia": null, "cuisine": null, "takeaway": null, "bicycle": null, "leisure": null, "highway:source": null, "building:levels": null, "note": null, "footway": null, "mapillary": null, "survey:date": null, "tactile_paving": null, "turn:lanes": null, "box_id": 1, "provider": "osmnx" }, "geometry": { "type": "LineString", "coordinates": [ [ -49.2694373, -25.4641429 ], [ -49.270423, -25.4636859 ], [ -49.2714325, -25.4632178 ], [ -49.27196954733472, -25.462968815633982 ] ] } },
{ "type": "Feature", "properties": { "highway": "residential", "amenity": null, "healthcare": null, "name": null, "brand": null, "brand:wikidata": null, "shop": null, "maxspeed": null, "addr:city": null, "addr:housenumber": null, "addr:street": null, "office": null, "website": null, "bus": null, "public_transport": null, "shelter": null, "check_date:shelter": null, "recycling:aluminium": null, "recycling:beverage_cartons": null, "recycling:books": null, "recycling:cans": null, "recycling:cardboard": null, "recycling:cartons": null, "recycling:glass": null, "recycling:glass_bottles": null, "recycling:magazines": null, "recycling:newspaper": null, "recycling:paper": null, "recycling:paper_packaging": null, "recycling:plastic": null, "recycling:plastic_bottles": null, "recycling:plastic_packaging": null, "recycling:scrap_metal": null, "recycling_type": null, "contact:email": null, "contact:phone": null, "contact:website": null, "contact:whatsapp": null, "natural": null, "opening_hours": null, "operator": null, "phone": null, "crossing": null, "crossing:signals": null, "crossing:markings": null, "parking_space": null, "addr:postcode": null, "addr:suburb": null, "description": null, "payment:pix": null, "lit": null, "oneway": null, "surface": null, "lanes": null, "sidewalk": null, "source": null, "alt_name": null, "foot": null, "smoothness": null, "building": null, "service": null, "bridge": null, "layer": null, "brand:wikipedia": null, "cuisine": null, "takeaway": null, "bicycle": null, "leisure": null, "highway:source": null, "building:levels": null, "note": null, "footway": null, "mapillary": null, "survey:date": null, "tactile_paving": null, "turn:lanes": null, "box_id": 1, "provider": "osmnx" }, "geometry": { "type": "LineString", "coordinates": [ [ -49.2703802, -25.4631628 ], [ -49.2705352, -25.4629216 ] ] } },
{ "type": "Feature", "properties": { "highway": "residential", "amenity": null, "healthcare": null, "name": null, "brand": null, "brand:wikidata": null, "shop": null, "maxspeed": null, "addr:city": null, "addr:housenumber": null, "addr:street": null, "office": null, "website": null, "bus": null, "public_transport": null, "shelter": null, "check_date:shelter": null, "recycling:aluminium": null, "recycling:beverage_cartons": null, "recycling:books": null, "recycling:cans": null, "recycling:cardboard": null, "recycling:cartons": null, "recycling:glass": null, "recycling:glass_bottles": null, "recycling:magazines": null, "recycling:newspaper": null, "recycling:paper": null, "recycling:paper_packaging": null, "recycling:plastic": null, "recycling:plastic_bottles": null, "recycling:plastic_packaging": null, "recycling:scrap_metal": null, "recycling_type": null, "contact:email": null, "contact:phone": null, "contact:website": null, "contact:whatsapp": null, "natural": null, "opening_hours": null, "operator": null, "phone": null, "crossing": null, "crossing:signals": null, "crossing:markings": null, "parking_space": null, "addr:postcode": null, "addr:suburb": null, "description": null, "payment:pix": null, "lit": null, "oneway": null, "surface": null, "lanes": null, "sidewalk": null, "source": null, "alt_name": null, "foot": null, "smoothness": null, "building": null, "service": null, "bridge": null, "layer": null, "brand:wikipedia": null, "cuisine": null, "takeaway": null, "bicycle": null, "leisure": null, "highway:source": null, "building:levels": null, "note": null, "footway": null, "mapillary": null, "survey:date": null, "tactile_paving": null, "turn:lanes": null, "box_id": 1, "provider": "osmnx" }, "geometry": { "type": "LineString", "coordinates": [ [ -49.2707361, -25.4622086 ], [ -49.2706004, -25.4624826 ] ] } },
{ "type": "Feature", "properties": { "highway": "residential", "amenity": null, "healthcare": null, "name": "Rua Gastão Poplade", "brand": null, "brand:wikidata": null, "shop": null, "maxspeed": null, "addr:city": null, "addr:housenumber": null, "addr:street": null, "office": null, "website": null, "bus": null, "public_transport": null, "shelter": null, "check_date:shelter": null, "recycling:aluminium": null, "recycling:beverage_cartons": null, "recycling:books": null, "recycling:cans": null, "recycling:cardboard": null, "recycling:cartons": null, "recycling:glass": null, "recycling:glass_bottles": null, "recycling:magazines": null, "recycling:newspaper": null, "recycling:paper": null, "recycling:paper_packaging": null, "recycling:plastic": null, "recycling:plastic_bottles": null, "recycling:plastic_packaging": null, "recycling:scrap_metal": null, "recycling_type": null, "contact:email": null, "contact:phone": null, "contact:website": null, "contact:whatsapp": null, "natural": null, "opening_hours": null, "operator": null, "phone": null, "crossing": null, "crossing:signals": null, "crossing:markings": null, "parking_space": null, "addr:postcode": null, "addr:suburb": null, "description": null, "payment:pix": null, "lit": null, "oneway": null, "surface": null, "lanes": null, "sidewalk": null, "source": null, "alt_name": null, "foot": null, "smoothness": null, "building": null, "service": null, "bridge": null, "layer": null, "brand:wikipedia": null, "cuisine": null, "takeaway": null, "bicycle": null, "leisure": null, "highway:source": null, "building:levels": null, "note": null, "footway": null, "mapillary": null, "survey:date": null, "tactile_paving": null, "turn:lanes": null, "box_id": 1, "provider": "osmnx" }, "geometry": { "type": "LineString", "coordinates": [ [ -49.2716957, -25.4593147 ], [ -49.2715363, -25.459643 ], [ -49.2712554, -25.4602233 ], [ -49.2707292, -25.4613105 ], [ -49.270367, -25.4620588 ], [ -49.2703165, -25.4621095 ], [ -49.2702851, -25.4621488 ], [ -49.2702502, -25.4622096 ], [ -49.2701936, -25.4623302 ], [ -49.2701459, -25.462452 ], [ -49.2699603, -25.4629874 ], [ -49.2699167, -25.4630944 ], [ -49.2698844, -25.4631548 ], [ -49.2698287, -25.4632328 ], [ -49.2696727, -25.4634193 ], [ -49.2696057, -25.4635108 ], [ -49.2695496, -25.4635973 ], [ -49.2693756, -25.4638977 ] ] } },
{ "type": "Feature", "properties": { "highway": "primary_link", "amenity": null, "healthcare": null, "name": null, "brand": null, "brand:wikidata": null, "shop": null, "maxspeed": null, "addr:city": null, "addr:housenumber": null, "addr:street": null, "office": null, "website": null, "bus": null, "public_transport": null, "shelter": null, "check_date:shelter": null, "recycling:aluminium": null, "recycling:beverage_cartons": null, "recycling:books": null, "recycling:cans": null, "recycling:cardboard": null, "recycling:cartons": null, "recycling:glass": null, "recycling:glass_bottles": null, "recycling:magazines": null, "recycling:newspaper": null, "recycling:paper": null, "recycling:paper_packaging": null, "recycling:plastic": null, "recycling:plastic_bottles": null, "recycling:plastic_packaging": null, "recycling:scrap_metal": null, "recycling_type": null, "contact:email": null, "contact:phone": null, "contact:website": null, "contact:whatsapp": null, "natural": null, "opening_hours": null, "operator": null, "phone": null, "crossing": null, "crossing:signals": null, "crossing:markings": null, "parking_space": null, "addr:postcode": null, "addr:suburb": null, "description": null, "payment:pix": null, "lit": "yes", "oneway": "yes", "surface": null, "lanes": null, "sidewalk": null, "source": null, "alt_name": null, "foot": "no", "smoothness": null, "building": null, "service": null, "bridge": null, "layer": null, "brand:wikipedia": null, "cuisine": null, "takeaway": null, "bicycle": null, "leisure": null, "highway:source": null, "building:levels": null, "note": null, "footway": null, "mapillary": null, "survey:date": null, "tactile_paving": null, "turn:lanes": null, "box_id": 1, "provider": "osmnx" }, "geometry": { "type": "LineString", "coordinates": [ [ -49.2707298, -25.4584434 ], [ -49.270819, -25.4583666 ] ] } },
{ "type": "Feature", "properties": { "highway": "footway", "amenity": null, "healthcare": null, "name": null, "brand": null, "brand:wikidata": null, "shop": null, "maxspeed": null, "addr:city": null, "addr:housenumber": null, "addr:street": null, "office": null, "website": null, "bus": null, "public_transport": null, "shelter": null, "check_date:shelter": null, "recycling:aluminium": null, "recycling:beverage_cartons": null, "recycling:books": null, "recycling:cans": null, "recycling:cardboard": null, "recycling:cartons": null, "recycling:glass": null, "recycling:glass_bottles": null, "recycling:magazines": null, "recycling:newspaper": null, "recycling:paper": null, "recycling:paper_packaging": null, "recycling:plastic": null, "recycling:plastic_bottles": null, "recycling:plastic_packaging": null, "recycling:scrap_metal": null, "recycling_type": null, "contact:email": null, "contact:phone": null, "contact:website": null, "contact:whatsapp": null, "natural": null, "opening_hours": null, "operator": null, "phone": null, "crossing": null, "crossing:signals": null, "crossing:markings": null, "parking_space": null, "addr:postcode": null, "addr:suburb": null, "description": null, "payment:pix": null, "lit": null, "oneway": null, "surface": null, "lanes": null, "sidewalk": null, "source": null, "alt_name": null, "foot": null, "smoothness": null, "building": null, "service": null, "bridge": null, "layer": null, "brand:wikipedia": null, "cuisine": null, "takeaway": null, "bicycle": null, "leisure": null, "highway:source": null, "building:levels": null, "note": null, "footway": "sidewalk", "mapillary": null, "survey:date": null, "tactile_paving": null, "turn:lanes": null, "box_id": 1, "provider": "osmnx" }, "geometry": { "type": "LineString", "coordinates": [ [ -49.2708678, -25.4583221 ], [ -49.2709679, -25.4584125 ] ] } },
{ "type": "Feature", "properties": { "highway": "footway", "amenity": null, "healthcare": null, "name": null, "brand": null, "brand:wikidata": null, "shop": null, "maxspeed": null, "addr:city": null, "addr:housenumber": null, "addr:street": null, "office": null, "website": null, "bus": null, "public_transport": null, "shelter": null, "check_date:shelter": null, "recycling:aluminium": null, "recycling:beverage_cartons": null, "recycling:books": null, "recycling:cans": null, "recycling:cardboard": null, "recycling:cartons": null, "recycling:glass": null, "recycling:glass_bottles": null, "recycling:magazines": null, "recycling:newspaper": null, "recycling:paper": null, "recycling:paper_packaging": null, "recycling:plastic": null, "recycling:plastic_bottles": null, "recycling:plastic_packaging": null, "recycling:scrap_metal": null, "recycling_type": null, "contact:email": null, "contact:phone": null, "contact:website": null, "contact:whatsapp": null, "natural": null, "opening_hours": null, "operator": null, "phone": null, "crossing": null, "crossing:signals": null, "crossing:markings": null, "parking_space": null, "addr:postcode": null, "addr:suburb": null, "description": null, "payment:pix": null, "lit": null, "oneway": null, "surface": null, "lanes": null, "sidewalk": null, "source": null, "alt_name": null, "foot": null, "smoothness": null, "building": null, "service": null, "bridge": null, "layer": null, "brand:wikipedia": null, "cuisine": null, "takeaway": null, "bicycle": null, "leisure": null, "highway:source": null, "building:levels": null, "note": null, "footway": "sidewalk", "mapillary": null, "survey:date": null, "tactile_paving": null, "turn:lanes": null, "box_id": 1, "provider": "osmnx" }, "geometry": { "type": "LineString", "coordinates": [ [ -49.2706826, -25.458155 ], [ -49.2708678, -25.4583221 ] ] } },
{ "type": "Feature", "properties": { "highway": "footway", "amenity": null, "healthcare": null, "name": null, "brand": null, "brand:wikidata": null, "shop": null, "maxspeed": null, "addr:city": null, "addr:housenumber": null, "addr:street": null, "office": null, "website": null, "bus": null, "public_transport": null, "shelter": null, "check_date:shelter": null, "recycling:aluminium": null, "recycling:beverage_cartons": null, "recycling:books": null, "recycling:cans": null, "recycling:cardboard": null, "recycling:cartons": null, "recycling:glass": null, "recycling:glass_bottles": null, "recycling:magazines": null, "recycling:newspaper": null, "recycling:paper": null, "recycling:paper_packaging": null, "recycling:plastic": null, "recycling:plastic_bottles": null, "recycling:plastic_packaging": null, "recycling:scrap_metal": null, "recycling_type": null, "contact:email": null, "contact:phone": null, "contact:website": null, "contact:whatsapp": null, "natural": null, "opening_hours": null, "operator": null, "phone": null, "crossing": null, "crossing:signals": null, "crossing:markings": null, "parking_space": null, "addr:postcode": null, "addr:suburb": null, "description": null, "payment:pix": null, "lit": null, "oneway": null, "surface": null, "lanes": null, "sidewalk": null, "source": null, "alt_name": null, "foot": null, "smoothness": null, "building": null, "service": null, "bridge": null, "layer": null, "brand:wikipedia": null, "cuisine": null, "takeaway": null, "bicycle": null, "leisure": null, "highway:source": null, "building:levels": null, "note": null, "footway": "sidewalk", "mapillary": null, "survey:date": null, "tactile_paving": null, "turn:lanes": null, "box_id": 1, "provider": "osmnx" }, "geometry": { "type": "LineString", "coordinates": [ [ -49.2704839, -25.4579757 ], [ -49.2705293, -25.4580167 ], [ -49.2705605, -25.4580448 ], [ -49.2706826, -25.458155 ] ] } },
{ "type": "Feature", "properties": { "highway": "service", "amenity": null, "healthcare": null, "name": null, "brand": null, "brand:wikidata": null, "shop": null, "maxspeed": null, "addr:city": null, "addr:housenumber": null, "addr:street": null, "office": null, "website": null, "bus": null, "public_transport": null, "shelter": null, "check_date:shelter": null, "recycling:aluminium": null, "recycling:beverage_cartons": null, "recycling:books": null, "recycling:cans": null, "recycling:cardboard": null, "recycling:cartons": null, "recycling:glass": null, "recycling:glass_bottles": null, "recycling:magazines": null, "recycling:newspaper": null, "recycling:paper": null, "recycling:paper_packaging": null, "recycling:plastic": null, "recycling:plastic_bottles": null, "recycling:plastic_packaging": null, "recycling:scrap_metal": null, "recycling_type": null, "contact:email": null, "contact:phone": null, "contact:website": null, "contact:whatsapp": null, "natural": null, "opening_hours": null, "operator": null, "phone": null, "crossing": null, "crossing:signals": null, "crossing:markings": null, "parking_space": null, "addr:postcode": null, "addr:suburb": null, "description": null, "payment:pix": null, "lit": null, "oneway": null, "surface": "paved", "lanes": null, "sidewalk": null, "source": null, "alt_name": null, "foot": null, "smoothness": null, "building": null, "service": "driveway", "bridge": null, "layer": null, "brand:wikipedia": null, "cuisine": null, "takeaway": null, "bicycle": null, "leisure": null, "highway:source": null, "building:levels": null, "note": null, "footway": null, "mapillary": null, "survey:date": null, "tactile_paving": null, "turn:lanes": null, "box_id": 1, "provider": "osmnx" }, "geometry": { "type": "LineString", "coordinates": [ [ -49.270567, -25.4578632 ], [ -49.2705293, -25.4580167 ], [ -49.2705118, -25.4580892 ] ] } },
{ "type": "Feature", "properties": { "highway": "residential", "amenity": null, "healthcare": null, "name": "Rua Eugênio Parolin", "brand": null, "brand:wikidata": null, "shop": null, "maxspeed": null, "addr:city": null, "addr:housenumber": null, "addr:street": null, "office": null, "website": null, "bus": null, "public_transport": null, "shelter": null, "check_date:shelter": null, "recycling:aluminium": null, "recycling:beverage_cartons": null, "recycling:books": null, "recycling:cans": null, "recycling:cardboard": null, "recycling:cartons": null, "recycling:glass": null, "recycling:glass_bottles": null, "recycling:magazines": null, "recycling:newspaper": null, "recycling:paper": null, "recycling:paper_packaging": null, "recycling:plastic": null, "recycling:plastic_bottles": null, "recycling:plastic_packaging": null, "recycling:scrap_metal": null, "recycling_type": null, "contact:email": null, "contact:phone": null, "contact:website": null, "contact:whatsapp": null, "natural": null, "opening_hours": null, "operator": null, "phone": null, "crossing": null, "crossing:signals": null, "crossing:markings": null, "parking_space": null, "addr:postcode": null, "addr:suburb": null, "description": null, "payment:pix": null, "lit": null, "oneway": "no", "surface": null, "lanes": null, "sidewalk": null, "source": null, "alt_name": null, "foot": null, "smoothness": null, "building": null, "service": null, "bridge": null, "layer": null, "brand:wikipedia": null, "cuisine": null, "takeaway": null, "bicycle": null, "leisure": null, "highway:source": null, "building:levels": null, "note": null, "footway": null, "mapillary": null, "survey:date": null, "tactile_paving": null, "turn:lanes": null, "box_id": 1, "provider": "osmnx" }, "geometry": { "type": "LineString", "coordinates": [ [ -49.2659551, -25.4637587 ], [ -49.2661679, -25.4638519 ], [ -49.2664375, -25.4639698 ], [ -49.2664804, -25.4639973 ], [ -49.2665394, -25.4640435 ], [ -49.2668387, -25.4641338 ], [ -49.2668713, -25.4641479 ], [ -49.2669007, -25.4641687 ], [ -49.266929, -25.4642071 ], [ -49.2670547, -25.4644294 ] ] } },
{ "type": "Feature", "properties": { "highway": "footway", "amenity": null, "healthcare": null, "name": "Rua Eugênio Parolin", "brand": null, "brand:wikidata": null, "shop": null, "maxspeed": null, "addr:city": null, "addr:housenumber": null, "addr:street": null, "office": null, "website": null, "bus": null, "public_transport": null, "shelter": null, "check_date:shelter": null, "recycling:aluminium": null, "recycling:beverage_cartons": null, "recycling:books": null, "recycling:cans": null, "recycling:cardboard": null, "recycling:cartons": null, "recycling:glass": null, "recycling:glass_bottles": null, "recycling:magazines": null, "recycling:newspaper": null, "recycling:paper": null, "recycling:paper_packaging": null, "recycling:plastic": null, "recycling:plastic_bottles": null, "recycling:plastic_packaging": null, "recycling:scrap_metal": null, "recycling_type": null, "contact:email": null, "contact:phone": null, "contact:website": null, "contact:whatsapp": null, "natural": null, "opening_hours": null, "operator": null, "phone": null, "crossing": null, "crossing:signals": null, "crossing:markings": null, "parking_space": null, "addr:postcode": null, "addr:suburb": null, "description": null, "payment:pix": null, "lit": null, "oneway": "no", "surface": null, "lanes": null, "sidewalk": null, "source": null, "alt_name": null, "foot": null, "smoothness": null, "building": null, "service": null, "bridge": null, "layer": null, "brand:wikipedia": null, "cuisine": null, "takeaway": null, "bicycle": null, "leisure": null, "highway:source": null, "building:levels": null, "note": null, "footway": null, "mapillary": null, "survey:date": null, "tactile_paving": null, "turn:lanes": null, "box_id": 1, "provider": "osmnx" }, "geometry": { "type": "LineString", "coordinates": [ [ -49.2658681, -25.4637119 ], [ -49.2659551, -25.4637587 ] ] } },
{ "type": "Feature", "properties": { "highway": "residential", "amenity": null, "healthcare": null, "name": "Rua Ermindo Luís Matkoski", "brand": null, "brand:wikidata": null, "shop": null, "maxspeed": null, "addr:city": null, "addr:housenumber": null, "addr:street": null, "office": null, "website": null, "bus": null, "public_transport": null, "shelter": null, "check_date:shelter": null, "recycling:aluminium": null, "recycling:beverage_cartons": null, "recycling:books": null, "recycling:cans": null, "recycling:cardboard": null, "recycling:cartons": null, "recycling:glass": null, "recycling:glass_bottles": null, "recycling:magazines": null, "recycling:newspaper": null, "recycling:paper": null, "recycling:paper_packaging": null, "recycling:plastic": null, "recycling:plastic_bottles": null, "recycling:plastic_packaging": null, "recycling:scrap_metal": null, "recycling_type": null, "contact:email": null, "contact:phone": null, "contact:website": null, "contact:whatsapp": null, "natural": null, "opening_hours": null, "operator": null, "phone": null, "crossing": null, "crossing:signals": null, "crossing:markings": null, "parking_space": null, "addr:postcode": null, "addr:suburb": null, "description": null, "payment:pix": null, "lit": null, "oneway": null, "surface": null, "lanes": null, "sidewalk": null, "source": null, "alt_name": null, "foot": null, "smoothness": null, "building": null, "service": null, "bridge": null, "layer": null, "brand:wikipedia": null, "cuisine": null, "takeaway": null, "bicycle": null, "leisure": null, "highway:source": null, "building:levels": null, "note": null, "footway": null, "mapillary": null, "survey:date": null, "tactile_paving": null, "turn:lanes": null, "box_id": 1, "provider": "osmnx" }, "geometry": { "type": "LineString", "coordinates": [ [ -49.2668816, -25.4624532 ], [ -49.266649, -25.4629003 ] ] } },
{ "type": "Feature", "properties": { "highway": "residential", "amenity": null, "healthcare": null, "name": "Acesso Miguel Matkoski", "brand": null, "brand:wikidata": null, "shop": null, "maxspeed": null, "addr:city": null, "addr:housenumber": null, "addr:street": null, "office": null, "website": null, "bus": null, "public_transport": null, "shelter": null, "check_date:shelter": null, "recycling:aluminium": null, "recycling:beverage_cartons": null, "recycling:books": null, "recycling:cans": null, "recycling:cardboard": null, "recycling:cartons": null, "recycling:glass": null, "recycling:glass_bottles": null, "recycling:magazines": null, "recycling:newspaper": null, "recycling:paper": null, "recycling:paper_packaging": null, "recycling:plastic": null, "recycling:plastic_bottles": null, "recycling:plastic_packaging": null, "recycling:scrap_metal": null, "recycling_type": null, "contact:email": null, "contact:phone": null, "contact:website": null, "contact:whatsapp": null, "natural": null, "opening_hours": null, "operator": null, "phone": null, "crossing": null, "crossing:signals": null, "crossing:markings": null, "parking_space": null, "addr:postcode": null, "addr:suburb": null, "description": null, "payment:pix": null, "lit": null, "oneway": null, "surface": null, "lanes": null, "sidewalk": null, "source": null, "alt_name": null, "foot": null, "smoothness": null, "building": null, "service": null, "bridge": null, "layer": null, "brand:wikipedia": null, "cuisine": null, "takeaway": null, "bicycle": null, "leisure": null, "highway:source": null, "building:levels": null, "note": null, "footway": null, "mapillary": null, "survey:date": null, "tactile_paving": null, "turn:lanes": null, "box_id": 1, "provider": "osmnx" }, "geometry": { "type": "LineString", "coordinates": [ [ -49.2656306, -25.4624749 ], [ -49.2654752, -25.4627923 ] ] } },
{ "type": "Feature", "properties": { "highway": "residential", "amenity": null, "healthcare": null, "name": "Acesso Léo Vaz", "brand": null, "brand:wikidata": null, "shop": null, "maxspeed": null, "addr:city": null, "addr:housenumber": null, "addr:street": null, "office": null, "website": null, "bus": null, "public_transport": null, "shelter": null, "check_date:shelter": null, "recycling:aluminium": null, "recycling:beverage_cartons": null, "recycling:books": null, "recycling:cans": null, "recycling:cardboard": null, "recycling:cartons": null, "recycling:glass": null, "recycling:glass_bottles": null, "recycling:magazines": null, "recycling:newspaper": null, "recycling:paper": null, "recycling:paper_packaging": null, "recycling:plastic": null, "recycling:plastic_bottles": null, "recycling:plastic_packaging": null, "recycling:scrap_metal": null, "recycling_type": null, "contact:email": null, "contact:phone": null, "contact:website": null, "contact:whatsapp": null, "natural": null, "opening_hours": null, "operator": null, "phone": null, "crossing": null, "crossing:signals": null, "crossing:markings": null, "parking_space": null, "addr:postcode": null, "addr:suburb": null, "description": null, "payment:pix": null, "lit": null, "oneway": null, "surface": null, "lanes": null, "sidewalk": null, "source": null, "alt_name": null, "foot": null, "smoothness": null, "building": null, "service": null, "bridge": null, "layer": null, "brand:wikipedia": null, "cuisine": null, "takeaway": null, "bicycle": null, "leisure": null, "highway:source": null, "building:levels": null, "note": null, "footway": null, "mapillary": null, "survey:date": null, "tactile_paving": null, "turn:lanes": null, "box_id": 1, "provider": "osmnx" }, "geometry": { "type": "LineString", "coordinates": [ [ -49.2672809, -25.4625215 ], [ -49.2677865, -25.4627227 ] ] } },
{ "type": "Feature", "properties": { "highway": "residential", "amenity": null, "healthcare": null, "name": "Acessa Pedro Vicente de Matos", "brand": null, "brand:wikidata": null, "shop": null, "maxspeed": null, "addr:city": null, "addr:housenumber": null, "addr:street": null, "office": null, "website": null, "bus": null, "public_transport": null, "shelter": null, "check_date:shelter": null, "recycling:aluminium": null, "recycling:beverage_cartons": null, "recycling:books": null, "recycling:cans": null, "recycling:cardboard": null, "recycling:cartons": null, "recycling:glass": null, "recycling:glass_bottles": null, "recycling:magazines": null, "recycling:newspaper": null, "recycling:paper": null, "recycling:paper_packaging": null, "recycling:plastic": null, "recycling:plastic_bottles": null, "recycling:plastic_packaging": null, "recycling:scrap_metal": null, "recycling_type": null, "contact:email": null, "contact:phone": null, "contact:website": null, "contact:whatsapp": null, "natural": null, "opening_hours": null, "operator": null, "phone": null, "crossing": null, "crossing:signals": null, "crossing:markings": null, "parking_space": null, "addr:postcode": null, "addr:suburb": null, "description": null, "payment:pix": null, "lit": null, "oneway": null, "surface": null, "lanes": null, "sidewalk": null, "source": null, "alt_name": null, "foot": null, "smoothness": null, "building": null, "service": null, "bridge": null, "layer": null, "brand:wikipedia": null, "cuisine": null, "takeaway": null, "bicycle": null, "leisure": null, "highway:source": null, "building:levels": null, "note": null, "footway": null, "mapillary": null, "survey:date": null, "tactile_paving": null, "turn:lanes": null, "box_id": 1, "provider": "osmnx" }, "geometry": { "type": "LineString", "coordinates": [ [ -49.2652699, -25.4623296 ], [ -49.2651115, -25.4626475 ] ] } },
{ "type": "Feature", "properties": { "highway": "residential", "amenity": null, "healthcare": null, "name": "Travessa Sebastião Prodócimo", "brand": null, "brand:wikidata": null, "shop": null, "maxspeed": null, "addr:city": null, "addr:housenumber": null, "addr:street": null, "office": null, "website": null, "bus": null, "public_transport": null, "shelter": null, "check_date:shelter": null, "recycling:aluminium": null, "recycling:beverage_cartons": null, "recycling:books": null, "recycling:cans": null, "recycling:cardboard": null, "recycling:cartons": null, "recycling:glass": null, "recycling:glass_bottles": null, "recycling:magazines": null, "recycling:newspaper": null, "recycling:paper": null, "recycling:paper_packaging": null, "recycling:plastic": null, "recycling:plastic_bottles": null, "recycling:plastic_packaging": null, "recycling:scrap_metal": null, "recycling_type": null, "contact:email": null, "contact:phone": null, "contact:website": null, "contact:whatsapp": null, "natural": null, "opening_hours": null, "operator": null, "phone": null, "crossing": null, "crossing:signals": null, "crossing:markings": null, "parking_space": null, "addr:postcode": null, "addr:suburb": null, "description": null, "payment:pix": null, "lit": null, "oneway": null, "surface": null, "lanes": null, "sidewalk": null, "source": null, "alt_name": null, "foot": null, "smoothness": null, "building": null, "service": null, "bridge": null, "layer": null, "brand:wikipedia": null, "cuisine": null, "takeaway": null, "bicycle": null, "leisure": null, "highway:source": null, "building:levels": null, "note": null, "footway": null, "mapillary": null, "survey:date": null, "tactile_paving": null, "turn:lanes": null, "box_id": 1, "provider": "osmnx" }, "geometry": { "type": "LineString", "coordinates": [ [ -49.2673538, -25.4623719 ], [ -49.2669817, -25.4622253 ] ] } },
{ "type": "Feature", "properties": { "highway": "residential", "amenity": null, "healthcare": null, "name": "Rua Lamenha Lins", "brand": null, "brand:wikidata": null, "shop": null, "maxspeed": null, "addr:city": null, "addr:housenumber": null, "addr:street": null, "office": null, "website": null, "bus": null, "public_transport": null, "shelter": null, "check_date:shelter": null, "recycling:aluminium": null, "recycling:beverage_cartons": null, "recycling:books": null, "recycling:cans": null, "recycling:cardboard": null, "recycling:cartons": null, "recycling:glass": null, "recycling:glass_bottles": null, "recycling:magazines": null, "recycling:newspaper": null, "recycling:paper": null, "recycling:paper_packaging": null, "recycling:plastic": null, "recycling:plastic_bottles": null, "recycling:plastic_packaging": null, "recycling:scrap_metal": null, "recycling_type": null, "contact:email": null, "contact:phone": null, "contact:website": null, "contact:whatsapp": null, "natural": null, "opening_hours": null, "operator": null, "phone": null, "crossing": null, "crossing:signals": null, "crossing:markings": null, "parking_space": null, "addr:postcode": null, "addr:suburb": null, "description": null, "payment:pix": null, "lit": null, "oneway": "no", "surface": null, "lanes": null, "sidewalk": null, "source": null, "alt_name": null, "foot": null, "smoothness": null, "building": null, "service": null, "bridge": null, "layer": null, "brand:wikipedia": null, "cuisine": null, "takeaway": null, "bicycle": null, "leisure": null, "highway:source": null, "building:levels": null, "note": null, "footway": null, "mapillary": null, "survey:date": null, "tactile_paving": null, "turn:lanes": null, "box_id": 1, "provider": "osmnx" }, "geometry": { "type": "LineString", "coordinates": [ [ -49.2657985, -25.460204 ], [ -49.2653419, -25.4611491 ], [ -49.2648527, -25.4621615 ], [ -49.2643901, -25.4631189 ], [ -49.2638955, -25.4641426 ] ] } },
{ "type": "Feature", "properties": { "highway": "residential", "amenity": null, "healthcare": null, "name": "Rua Professor Rubens Elke Braga", "brand": null, "brand:wikidata": null, "shop": null, "maxspeed": null, "addr:city": null, "addr:housenumber": null, "addr:street": null, "office": null, "website": null, "bus": null, "public_transport": null, "shelter": null, "check_date:shelter": null, "recycling:aluminium": null, "recycling:beverage_cartons": null, "recycling:books": null, "recycling:cans": null, "recycling:cardboard": null, "recycling:cartons": null, "recycling:glass": null, "recycling:glass_bottles": null, "recycling:magazines": null, "recycling:newspaper": null, "recycling:paper": null, "recycling:paper_packaging": null, "recycling:plastic": null, "recycling:plastic_bottles": null, "recycling:plastic_packaging": null, "recycling:scrap_metal": null, "recycling_type": null, "contact:email": null, "contact:phone": null, "contact:website": null, "contact:whatsapp": null, "natural": null, "opening_hours": null, "operator": null, "phone": null, "crossing": null, "crossing:signals": null, "crossing:markings": null, "parking_space": null, "addr:postcode": null, "addr:suburb": null, "description": null, "payment:pix": null, "lit": null, "oneway": "no", "surface": null, "lanes": null, "sidewalk": null, "source": null, "alt_name": null, "foot": null, "smoothness": null, "building": null, "service": null, "bridge": null, "layer": null, "brand:wikipedia": null, "cuisine": null, "takeaway": null, "bicycle": null, "leisure": null, "highway:source": null, "building:levels": null, "note": null, "footway": null, "mapillary": null, "survey:date": null, "tactile_paving": null, "turn:lanes": null, "box_id": 1, "provider": "osmnx" }, "geometry": { "type": "LineString", "coordinates": [ [ -49.2706042, -25.4633215 ], [ -49.2704331, -25.4631969 ], [ -49.2703802, -25.4631628 ], [ -49.2703347, -25.463139 ], [ -49.2702811, -25.4631151 ], [ -49.2699603, -25.4629874 ], [ -49.2690813, -25.4626375 ], [ -49.2690102, -25.4626092 ], [ -49.2685878, -25.4624411 ], [ -49.268058, -25.4622302 ], [ -49.267526, -25.4620184 ], [ -49.2666725, -25.4616787 ], [ -49.2653419, -25.4611491 ], [ -49.2646685, -25.460881 ] ] } },
{ "type": "Feature", "properties": { "highway": "residential", "amenity": null, "healthcare": null, "name": "Rua Padre Isaías de Andrade", "brand": null, "brand:wikidata": null, "shop": null, "maxspeed": null, "addr:city": null, "addr:housenumber": null, "addr:street": null, "office": null, "website": null, "bus": null, "public_transport": null, "shelter": null, "check_date:shelter": null, "recycling:aluminium": null, "recycling:beverage_cartons": null, "recycling:books": null, "recycling:cans": null, "recycling:cardboard": null, "recycling:cartons": null, "recycling:glass": null, "recycling:glass_bottles": null, "recycling:magazines": null, "recycling:newspaper": null, "recycling:paper": null, "recycling:paper_packaging": null, "recycling:plastic": null, "recycling:plastic_bottles": null, "recycling:plastic_packaging": null, "recycling:scrap_metal": null, "recycling_type": null, "contact:email": null, "contact:phone": null, "contact:website": null, "contact:whatsapp": null, "natural": null, "opening_hours": null, "operator": null, "phone": null, "crossing": null, "crossing:signals": null, "crossing:markings": null, "parking_space": null, "addr:postcode": null, "addr:suburb": null, "description": null, "payment:pix": null, "lit": null, "oneway": "no", "surface": null, "lanes": null, "sidewalk": null, "source": null, "alt_name": null, "foot": null, "smoothness": null, "building": null, "service": null, "bridge": null, "layer": null, "brand:wikipedia": null, "cuisine": null, "takeaway": null, "bicycle": null, "leisure": null, "highway:source": null, "building:levels": null, "note": null, "footway": null, "mapillary": null, "survey:date": null, "tactile_paving": null, "turn:lanes": null, "box_id": 1, "provider": "osmnx" }, "geometry": { "type": "LineString", "coordinates": [ [ -49.269714, -25.457527 ], [ -49.269274, -25.4584305 ], [ -49.2687078, -25.4595927 ], [ -49.2679787, -25.4610892 ], [ -49.267526, -25.4620184 ], [ -49.2673538, -25.4623719 ], [ -49.2672809, -25.4625215 ], [ -49.2670193, -25.4630584 ], [ -49.2665394, -25.4640435 ], [ -49.266233705437166, -25.464670818779055 ] ] } },
{ "type": "Feature", "properties": { "highway": "footway", "amenity": null, "healthcare": null, "name": null, "brand": null, "brand:wikidata": null, "shop": null, "maxspeed": null, "addr:city": null, "addr:housenumber": null, "addr:street": null, "office": null, "website": null, "bus": null, "public_transport": null, "shelter": null, "check_date:shelter": null, "recycling:aluminium": null, "recycling:beverage_cartons": null, "recycling:books": null, "recycling:cans": null, "recycling:cardboard": null, "recycling:cartons": null, "recycling:glass": null, "recycling:glass_bottles": null, "recycling:magazines": null, "recycling:newspaper": null, "recycling:paper": null, "recycling:paper_packaging": null, "recycling:plastic": null, "recycling:plastic_bottles": null, "recycling:plastic_packaging": null, "recycling:scrap_metal": null, "recycling_type": null, "contact:email": null, "contact:phone": null, "contact:website": null, "contact:whatsapp": null, "natural": null, "opening_hours": null, "operator": null, "phone": null, "crossing": null, "crossing:signals": null, "crossing:markings": null, "parking_space": null, "addr:postcode": null, "addr:suburb": null, "description": null, "payment:pix": null, "lit": null, "oneway": null, "surface": "concrete:plates", "lanes": null, "sidewalk": null, "source": null, "alt_name": null, "foot": null, "smoothness": "good", "building": null, "service": null, "bridge": null, "layer": null, "brand:wikipedia": null, "cuisine": null, "takeaway": null, "bicycle": null, "leisure": null, "highway:source": null, "building:levels": null, "note": null, "footway": "sidewalk", "mapillary": "476236513652240", "survey:date": "2019-09-12", "tactile_paving": "no", "turn:lanes": null, "box_id": 1, "provider": "osmnx" }, "geometry": { "type": "LineString", "coordinates": [ [ -49.2639731, -25.4614508 ], [ -49.2640447, -25.4613006 ] ] } },
{ "type": "Feature", "properties": { "highway": "secondary", "amenity": null, "healthcare": null, "name": "Rua Brigadeiro Franco", "brand": null, "brand:wikidata": null, "shop": null, "maxspeed": null, "addr:city": null, "addr:housenumber": null, "addr:street": null, "office": null, "website": null, "bus": null, "public_transport": null, "shelter": null, "check_date:shelter": null, "recycling:aluminium": null, "recycling:beverage_cartons": null, "recycling:books": null, "recycling:cans": null, "recycling:cardboard": null, "recycling:cartons": null, "recycling:glass": null, "recycling:glass_bottles": null, "recycling:magazines": null, "recycling:newspaper": null, "recycling:paper": null, "recycling:paper_packaging": null, "recycling:plastic": null, "recycling:plastic_bottles": null, "recycling:plastic_packaging": null, "recycling:scrap_metal": null, "recycling_type": null, "contact:email": null, "contact:phone": null, "contact:website": null, "contact:whatsapp": null, "natural": null, "opening_hours": null, "operator": null, "phone": null, "crossing": null, "crossing:signals": null, "crossing:markings": null, "parking_space": null, "addr:postcode": null, "addr:suburb": null, "description": null, "payment:pix": null, "lit": "yes", "oneway": "no", "surface": "asphalt", "lanes": null, "sidewalk": null, "source": null, "alt_name": null, "foot": null, "smoothness": null, "building": null, "service": null, "bridge": null, "layer": null, "brand:wikipedia": null, "cuisine": null, "takeaway": null, "bicycle": null, "leisure": null, "highway:source": null, "building:levels": null, "note": null, "footway": null, "mapillary": null, "survey:date": null, "tactile_paving": null, "turn:lanes": null, "box_id": 1, "provider": "osmnx" }, "geometry": { "type": "LineString", "coordinates": [ [ -49.2651408, -25.4646453 ], [ -49.2656648, -25.4636304 ], [ -49.2661528, -25.4626852 ], [ -49.2666725, -25.4616787 ], [ -49.2671506, -25.4607528 ], [ -49.2675313, -25.4600154 ], [ -49.2679151, -25.4592721 ], [ -49.2682468, -25.4586296 ], [ -49.2686401, -25.4578679 ] ] } },
{ "type": "Feature", "properties": { "highway": "footway", "amenity": null, "healthcare": null, "name": null, "brand": null, "brand:wikidata": null, "shop": null, "maxspeed": null, "addr:city": null, "addr:housenumber": null, "addr:street": null, "office": null, "website": null, "bus": null, "public_transport": null, "shelter": null, "check_date:shelter": null, "recycling:aluminium": null, "recycling:beverage_cartons": null, "recycling:books": null, "recycling:cans": null, "recycling:cardboard": null, "recycling:cartons": null, "recycling:glass": null, "recycling:glass_bottles": null, "recycling:magazines": null, "recycling:newspaper": null, "recycling:paper": null, "recycling:paper_packaging": null, "recycling:plastic": null, "recycling:plastic_bottles": null, "recycling:plastic_packaging": null, "recycling:scrap_metal": null, "recycling_type": null, "contact:email": null, "contact:phone": null, "contact:website": null, "contact:whatsapp": null, "natural": null, "opening_hours": null, "operator": null, "phone": null, "crossing": null, "crossing:signals": null, "crossing:markings": null, "parking_space": null, "addr:postcode": null, "addr:suburb": null, "description": null, "payment:pix": null, "lit": null, "oneway": null, "surface": "concrete:plates", "lanes": null, "sidewalk": null, "source": null, "alt_name": null, "foot": null, "smoothness": "bad", "building": null, "service": null, "bridge": null, "layer": null, "brand:wikipedia": null, "cuisine": null, "takeaway": null, "bicycle": null, "leisure": null, "highway:source": null, "building:levels": null, "note": null, "footway": "sidewalk", "mapillary": "528730854783535", "survey:date": "2019-09-12", "tactile_paving": "no", "turn:lanes": null, "box_id": 1, "provider": "osmnx" }, "geometry": { "type": "LineString", "coordinates": [ [ -49.2640447, -25.4613006 ], [ -49.2640918, -25.4612019 ] ] } },
{ "type": "Feature", "properties": { "highway": "footway", "amenity": null, "healthcare": null, "name": null, "brand": null, "brand:wikidata": null, "shop": null, "maxspeed": null, "addr:city": null, "addr:housenumber": null, "addr:street": null, "office": null, "website": null, "bus": null, "public_transport": null, "shelter": null, "check_date:shelter": null, "recycling:aluminium": null, "recycling:beverage_cartons": null, "recycling:books": null, "recycling:cans": null, "recycling:cardboard": null, "recycling:cartons": null, "recycling:glass": null, "recycling:glass_bottles": null, "recycling:magazines": null, "recycling:newspaper": null, "recycling:paper": null, "recycling:paper_packaging": null, "recycling:plastic": null, "recycling:plastic_bottles": null, "recycling:plastic_packaging": null, "recycling:scrap_metal": null, "recycling_type": null, "contact:email": null, "contact:phone": null, "contact:website": null, "contact:whatsapp": null, "natural": null, "opening_hours": null, "operator": null, "phone": null, "crossing": null, "crossing:signals": null, "crossing:markings": null, "parking_space": null, "addr:postcode": null, "addr:suburb": null, "description": null, "payment:pix": null, "lit": null, "oneway": null, "surface": "concrete:plates", "lanes": null, "sidewalk": null, "source": null, "alt_name": null, "foot": null, "smoothness": "intermediate", "building": null, "service": null, "bridge": null, "layer": null, "brand:wikipedia": null, "cuisine": null, "takeaway": null, "bicycle": null, "leisure": null, "highway:source": null, "building:levels": null, "note": null, "footway": "sidewalk", "mapillary": "3002800273300075", "survey:date": "2019-09-12", "tactile_paving": "no", "turn:lanes": null, "box_id": 1, "provider": "osmnx" }, "geometry": { "type": "LineString", "coordinates": [ [ -49.2640918, -25.4612019 ], [ -49.2641516, -25.4610766 ] ] } },
{ "type": "Feature", "properties": { "highway": "footway", "amenity": null, "healthcare": null, "name": null, "brand": null, "brand:wikidata": null, "shop": null, "maxspeed": null, "addr:city": null, "addr:housenumber": null, "addr:street": null, "office": null, "website": null, "bus": null, "public_transport": null, "shelter": null, "check_date:shelter": null, "recycling:aluminium": null, "recycling:beverage_cartons": null, "recycling:books": null, "recycling:cans": null, "recycling:cardboard": null, "recycling:cartons": null, "recycling:glass": null, "recycling:glass_bottles": null, "recycling:magazines": null, "recycling:newspaper": null, "recycling:paper": null, "recycling:paper_packaging": null, "recycling:plastic": null, "recycling:plastic_bottles": null, "recycling:plastic_packaging": null, "recycling:scrap_metal": null, "recycling_type": null, "contact:email": null, "contact:phone": null, "contact:website": null, "contact:whatsapp": null, "natural": null, "opening_hours": null, "operator": null, "phone": null, "crossing": null, "crossing:signals": null, "crossing:markings": null, "parking_space": null, "addr:postcode": null, "addr:suburb": null, "description": null, "payment:pix": null, "lit": null, "oneway": null, "surface": "concrete", "lanes": null, "sidewalk": null, "source": null, "alt_name": null, "foot": null, "smoothness": "good", "building": null, "service": null, "bridge": null, "layer": null, "brand:wikipedia": null, "cuisine": null, "takeaway": null, "bicycle": null, "leisure": null, "highway:source": null, "building:levels": null, "note": null, "footway": "sidewalk", "mapillary": "934807503935716", "survey:date": "2019-09-12", "tactile_paving": "no", "turn:lanes": null, "box_id": 1, "provider": "osmnx" }, "geometry": { "type": "LineString", "coordinates": [ [ -49.2641516, -25.4610766 ], [ -49.2642521, -25.4608659 ], [ -49.2642546, -25.4608593 ], [ -49.2642559, -25.4608524 ], [ -49.2642561, -25.4608454 ], [ -49.264255, -25.4608384 ], [ -49.2642528, -25.4608317 ], [ -49.2642493, -25.4608251 ] ] } },
{ "type": "Feature", "properties": { "highway": "footway", "amenity": null, "healthcare": null, "name": null, "brand": null, "brand:wikidata": null, "shop": null, "maxspeed": null, "addr:city": null, "addr:housenumber": null, "addr:street": null, "office": null, "website": null, "bus": null, "public_transport": null, "shelter": null, "check_date:shelter": null, "recycling:aluminium": null, "recycling:beverage_cartons": null, "recycling:books": null, "recycling:cans": null, "recycling:cardboard": null, "recycling:cartons": null, "recycling:glass": null, "recycling:glass_bottles": null, "recycling:magazines": null, "recycling:newspaper": null, "recycling:paper": null, "recycling:paper_packaging": null, "recycling:plastic": null, "recycling:plastic_bottles": null, "recycling:plastic_packaging": null, "recycling:scrap_metal": null, "recycling_type": null, "contact:email": null, "contact:phone": null, "contact:website": null, "contact:whatsapp": null, "natural": null, "opening_hours": null, "operator": null, "phone": null, "crossing": null, "crossing:signals": null, "crossing:markings": null, "parking_space": null, "addr:postcode": null, "addr:suburb": null, "description": null, "payment:pix": null, "lit": null, "oneway": null, "surface": "concrete:plates", "lanes": null, "sidewalk": null, "source": null, "alt_name": null, "foot": null, "smoothness": "bad", "building": null, "service": null, "bridge": null, "layer": null, "brand:wikipedia": null, "cuisine": null, "takeaway": null, "bicycle": null, "leisure": null, "highway:source": null, "building:levels": null, "note": null, "footway": "sidewalk", "mapillary": "173192471392895", "survey:date": "2019-09-12", "tactile_paving": "no", "turn:lanes": null, "box_id": 1, "provider": "osmnx" }, "geometry": { "type": "LineString", "coordinates": [ [ -49.2642493, -25.4608251 ], [ -49.2642451, -25.4608196 ], [ -49.2642398, -25.4608145 ], [ -49.2642377, -25.4608131 ], [ -49.2642337, -25.4608102 ], [ -49.2642269, -25.4608068 ], [ -49.2640167, -25.4607207 ] ] } },
{ "type": "Feature", "properties": { "highway": "footway", "amenity": null, "healthcare": null, "name": null, "brand": null, "brand:wikidata": null, "shop": null, "maxspeed": null, "addr:city": null, "addr:housenumber": null, "addr:street": null, "office": null, "website": null, "bus": null, "public_transport": null, "shelter": null, "check_date:shelter": null, "recycling:aluminium": null, "recycling:beverage_cartons": null, "recycling:books": null, "recycling:cans": null, "recycling:cardboard": null, "recycling:cartons": null, "recycling:glass": null, "recycling:glass_bottles": null, "recycling:magazines": null, "recycling:newspaper": null, "recycling:paper": null, "recycling:paper_packaging": null, "recycling:plastic": null, "recycling:plastic_bottles": null, "recycling:plastic_packaging": null, "recycling:scrap_metal": null, "recycling_type": null, "contact:email": null, "contact:phone": null, "contact:website": null, "contact:whatsapp": null, "natural": null, "opening_hours": null, "operator": null, "phone": null, "crossing": null, "crossing:signals": null, "crossing:markings": null, "parking_space": null, "addr:postcode": null, "addr:suburb": null, "description": null, "payment:pix": null, "lit": null, "oneway": null, "surface": "concrete:plates", "lanes": null, "sidewalk": null, "source": null, "alt_name": null, "foot": null, "smoothness": "intermediate", "building": null, "service": null, "bridge": null, "layer": null, "brand:wikipedia": null, "cuisine": null, "takeaway": null, "bicycle": null, "leisure": null, "highway:source": null, "building:levels": null, "note": null, "footway": "sidewalk", "mapillary": "2955059624750370", "survey:date": "2019-09-12", "tactile_paving": "no", "turn:lanes": null, "box_id": 1, "provider": "osmnx" }, "geometry": { "type": "LineString", "coordinates": [ [ -49.2640167, -25.4607207 ], [ -49.263917, -25.4606799 ] ] } },
{ "type": "Feature", "properties": { "highway": "secondary", "amenity": null, "healthcare": null, "name": "Rua João Parolin", "brand": null, "brand:wikidata": null, "shop": null, "maxspeed": null, "addr:city": null, "addr:housenumber": null, "addr:street": null, "office": null, "website": null, "bus": null, "public_transport": null, "shelter": null, "check_date:shelter": null, "recycling:aluminium": null, "recycling:beverage_cartons": null, "recycling:books": null, "recycling:cans": null, "recycling:cardboard": null, "recycling:cartons": null, "recycling:glass": null, "recycling:glass_bottles": null, "recycling:magazines": null, "recycling:newspaper": null, "recycling:paper": null, "recycling:paper_packaging": null, "recycling:plastic": null, "recycling:plastic_bottles": null, "recycling:plastic_packaging": null, "recycling:scrap_metal": null, "recycling_type": null, "contact:email": null, "contact:phone": null, "contact:website": null, "contact:whatsapp": null, "natural": null, "opening_hours": null, "operator": null, "phone": null, "crossing": null, "crossing:signals": null, "crossing:markings": null, "parking_space": null, "addr:postcode": null, "addr:suburb": null, "description": null, "payment:pix": null, "lit": "yes", "oneway": "no", "surface": "asphalt", "lanes": null, "sidewalk": null, "source": null, "alt_name": null, "foot": null, "smoothness": null, "building": null, "service": null, "bridge": null, "layer": null, "brand:wikipedia": null, "cuisine": null, "takeaway": null, "bicycle": null, "leisure": null, "highway:source": null, "building:levels": null, "note": null, "footway": null, "mapillary": null, "survey:date": null, "tactile_paving": null, "turn:lanes": null, "box_id": 1, "provider": "osmnx" }, "geometry": { "type": "LineString", "coordinates": [ [ -49.2657985, -25.460204 ], [ -49.2671506, -25.4607528 ] ] } },
{ "type": "Feature", "properties": { "highway": "residential", "amenity": null, "healthcare": null, "name": "Rua Gino Parolin", "brand": null, "brand:wikidata": null, "shop": null, "maxspeed": null, "addr:city": null, "addr:housenumber": null, "addr:street": null, "office": null, "website": null, "bus": null, "public_transport": null, "shelter": null, "check_date:shelter": null, "recycling:aluminium": null, "recycling:beverage_cartons": null, "recycling:books": null, "recycling:cans": null, "recycling:cardboard": null, "recycling:cartons": null, "recycling:glass": null, "recycling:glass_bottles": null, "recycling:magazines": null, "recycling:newspaper": null, "recycling:paper": null, "recycling:paper_packaging": null, "recycling:plastic": null, "recycling:plastic_bottles": null, "recycling:plastic_packaging": null, "recycling:scrap_metal": null, "recycling_type": null, "contact:email": null, "contact:phone": null, "contact:website": null, "contact:whatsapp": null, "natural": null, "opening_hours": null, "operator": null, "phone": null, "crossing": null, "crossing:signals": null, "crossing:markings": null, "parking_space": null, "addr:postcode": null, "addr:suburb": null, "description": null, "payment:pix": null, "lit": null, "oneway": "no", "surface": null, "lanes": null, "sidewalk": null, "source": null, "alt_name": null, "foot": null, "smoothness": null, "building": null, "service": null, "bridge": null, "layer": null, "brand:wikipedia": null, "cuisine": null, "takeaway": null, "bicycle": null, "leisure": null, "highway:source": null, "building:levels": null, "note": null, "footway": null, "mapillary": null, "survey:date": null, "tactile_paving": null, "turn:lanes": null, "box_id": 1, "provider": "osmnx" }, "geometry": { "type": "LineString", "coordinates": [ [ -49.2661609, -25.4594539 ], [ -49.2675313, -25.4600154 ] ] } },
{ "type": "Feature", "properties": { "highway": "secondary", "amenity": null, "healthcare": null, "name": "Rua João Parolin", "brand": null, "brand:wikidata": null, "shop": null, "maxspeed": null, "addr:city": null, "addr:housenumber": null, "addr:street": null, "office": null, "website": null, "bus": null, "public_transport": null, "shelter": null, "check_date:shelter": null, "recycling:aluminium": null, "recycling:beverage_cartons": null, "recycling:books": null, "recycling:cans": null, "recycling:cardboard": null, "recycling:cartons": null, "recycling:glass": null, "recycling:glass_bottles": null, "recycling:magazines": null, "recycling:newspaper": null, "recycling:paper": null, "recycling:paper_packaging": null, "recycling:plastic": null, "recycling:plastic_bottles": null, "recycling:plastic_packaging": null, "recycling:scrap_metal": null, "recycling_type": null, "contact:email": null, "contact:phone": null, "contact:website": null, "contact:whatsapp": null, "natural": null, "opening_hours": null, "operator": null, "phone": null, "crossing": null, "crossing:signals": null, "crossing:markings": null, "parking_space": null, "addr:postcode": null, "addr:suburb": null, "description": null, "payment:pix": null, "lit": "yes", "oneway": "no", "surface": "asphalt", "lanes": null, "sidewalk": null, "source": null, "alt_name": null, "foot": null, "smoothness": null, "building": null, "service": null, "bridge": null, "layer": null, "brand:wikipedia": null, "cuisine": null, "takeaway": null, "bicycle": null, "leisure": null, "highway:source": null, "building:levels": null, "note": null, "footway": null, "mapillary": null, "survey:date": null, "tactile_paving": null, "turn:lanes": null, "box_id": 1, "provider": "osmnx" }, "geometry": { "type": "LineString", "coordinates": [ [ -49.2628244, -25.4589965 ], [ -49.2635718, -25.4593 ], [ -49.2648347, -25.4598129 ], [ -49.2657985, -25.460204 ] ] } },
{ "type": "Feature", "properties": { "highway": "residential", "amenity": null, "healthcare": null, "name": null, "brand": null, "brand:wikidata": null, "shop": null, "maxspeed": null, "addr:city": null, "addr:housenumber": null, "addr:street": null, "office": null, "website": null, "bus": null, "public_transport": null, "shelter": null, "check_date:shelter": null, "recycling:aluminium": null, "recycling:beverage_cartons": null, "recycling:books": null, "recycling:cans": null, "recycling:cardboard": null, "recycling:cartons": null, "recycling:glass": null, "recycling:glass_bottles": null, "recycling:magazines": null, "recycling:newspaper": null, "recycling:paper": null, "recycling:paper_packaging": null, "recycling:plastic": null, "recycling:plastic_bottles": null, "recycling:plastic_packaging": null, "recycling:scrap_metal": null, "recycling_type": null, "contact:email": null, "contact:phone": null, "contact:website": null, "contact:whatsapp": null, "natural": null, "opening_hours": null, "operator": null, "phone": null, "crossing": null, "crossing:signals": null, "crossing:markings": null, "parking_space": null, "addr:postcode": null, "addr:suburb": null, "description": null, "payment:pix": null, "lit": null, "oneway": null, "surface": null, "lanes": null, "sidewalk": null, "source": null, "alt_name": null, "foot": null, "smoothness": null, "building": null, "service": null, "bridge": null, "layer": null, "brand:wikipedia": null, "cuisine": null, "takeaway": null, "bicycle": null, "leisure": null, "highway:source": null, "building:levels": null, "note": null, "footway": null, "mapillary": null, "survey:date": null, "tactile_paving": null, "turn:lanes": null, "box_id": 1, "provider": "osmnx" }, "geometry": { "type": "LineString", "coordinates": [ [ -49.2682607, -25.4631221 ], [ -49.2683857, -25.4632548 ], [ -49.2684085, -25.4632751 ], [ -49.2684252, -25.4632865 ], [ -49.2685112, -25.4633369 ] ] } },
{ "type": "Feature", "properties": { "highway": "residential", "amenity": null, "healthcare": null, "name": null, "brand": null, "brand:wikidata": null, "shop": null, "maxspeed": null, "addr:city": null, "addr:housenumber": null, "addr:street": null, "office": null, "website": null, "bus": null, "public_transport": null, "shelter": null, "check_date:shelter": null, "recycling:aluminium": null, "recycling:beverage_cartons": null, "recycling:books": null, "recycling:cans": null, "recycling:cardboard": null, "recycling:cartons": null, "recycling:glass": null, "recycling:glass_bottles": null, "recycling:magazines": null, "recycling:newspaper": null, "recycling:paper": null, "recycling:paper_packaging": null, "recycling:plastic": null, "recycling:plastic_bottles": null, "recycling:plastic_packaging": null, "recycling:scrap_metal": null, "recycling_type": null, "contact:email": null, "contact:phone": null, "contact:website": null, "contact:whatsapp": null, "natural": null, "opening_hours": null, "operator": null, "phone": null, "crossing": null, "crossing:signals": null, "crossing:markings": null, "parking_space": null, "addr:postcode": null, "addr:suburb": null, "description": null, "payment:pix": null, "lit": null, "oneway": null, "surface": null, "lanes": null, "sidewalk": null, "source": null, "alt_name": null, "foot": null, "smoothness": null, "building": null, "service": null, "bridge": null, "layer": null, "brand:wikipedia": null, "cuisine": null, "takeaway": null, "bicycle": null, "leisure": null, "highway:source": null, "building:levels": null, "note": null, "footway": null, "mapillary": null, "survey:date": null, "tactile_paving": null, "turn:lanes": null, "box_id": 1, "provider": "osmnx" }, "geometry": { "type": "LineString", "coordinates": [ [ -49.268093, -25.4629995 ], [ -49.2682836, -25.4630744 ] ] } },
{ "type": "Feature", "properties": { "highway": "residential", "amenity": null, "healthcare": null, "name": null, "brand": null, "brand:wikidata": null, "shop": null, "maxspeed": null, "addr:city": null, "addr:housenumber": null, "addr:street": null, "office": null, "website": null, "bus": null, "public_transport": null, "shelter": null, "check_date:shelter": null, "recycling:aluminium": null, "recycling:beverage_cartons": null, "recycling:books": null, "recycling:cans": null, "recycling:cardboard": null, "recycling:cartons": null, "recycling:glass": null, "recycling:glass_bottles": null, "recycling:magazines": null, "recycling:newspaper": null, "recycling:paper": null, "recycling:paper_packaging": null, "recycling:plastic": null, "recycling:plastic_bottles": null, "recycling:plastic_packaging": null, "recycling:scrap_metal": null, "recycling_type": null, "contact:email": null, "contact:phone": null, "contact:website": null, "contact:whatsapp": null, "natural": null, "opening_hours": null, "operator": null, "phone": null, "crossing": null, "crossing:signals": null, "crossing:markings": null, "parking_space": null, "addr:postcode": null, "addr:suburb": null, "description": null, "payment:pix": null, "lit": null, "oneway": null, "surface": null, "lanes": null, "sidewalk": null, "source": null, "alt_name": null, "foot": null, "smoothness": null, "building": null, "service": null, "bridge": null, "layer": null, "brand:wikipedia": null, "cuisine": null, "takeaway": null, "bicycle": null, "leisure": null, "highway:source": null, "building:levels": null, "note": null, "footway": null, "mapillary": null, "survey:date": null, "tactile_paving": null, "turn:lanes": null, "box_id": 1, "provider": "osmnx" }, "geometry": { "type": "LineString", "coordinates": [ [ -49.2687734, -25.4633084 ], [ -49.2689583, -25.4630127 ], [ -49.2690813, -25.4626375 ] ] } },
{ "type": "Feature", "properties": { "highway": "footway", "amenity": null, "healthcare": null, "name": null, "brand": null, "brand:wikidata": null, "shop": null, "maxspeed": null, "addr:city": null, "addr:housenumber": null, "addr:street": null, "office": null, "website": null, "bus": null, "public_transport": null, "shelter": null, "check_date:shelter": null, "recycling:aluminium": null, "recycling:beverage_cartons": null, "recycling:books": null, "recycling:cans": null, "recycling:cardboard": null, "recycling:cartons": null, "recycling:glass": null, "recycling:glass_bottles": null, "recycling:magazines": null, "recycling:newspaper": null, "recycling:paper": null, "recycling:paper_packaging": null, "recycling:plastic": null, "recycling:plastic_bottles": null, "recycling:plastic_packaging": null, "recycling:scrap_metal": null, "recycling_type": null, "contact:email": null, "contact:phone": null, "contact:website": null, "contact:whatsapp": null, "natural": null, "opening_hours": null, "operator": null, "phone": null, "crossing": null, "crossing:signals": null, "crossing:markings": null, "parking_space": null, "addr:postcode": null, "addr:suburb": null, "description": null, "payment:pix": null, "lit": null, "oneway": null, "surface": null, "lanes": null, "sidewalk": null, "source": null, "alt_name": null, "foot": null, "smoothness": null, "building": null, "service": null, "bridge": null, "layer": null, "brand:wikipedia": null, "cuisine": null, "takeaway": null, "bicycle": null, "leisure": null, "highway:source": null, "building:levels": null, "note": null, "footway": null, "mapillary": null, "survey:date": null, "tactile_paving": null, "turn:lanes": null, "box_id": 1, "provider": "osmnx" }, "geometry": { "type": "LineString", "coordinates": [ [ -49.2683868, -25.4628596 ], [ -49.268603, -25.4629557 ], [ -49.268692, -25.4630054 ] ] } },
{ "type": "Feature", "properties": { "highway": "residential", "amenity": null, "healthcare": null, "name": "Acesso Moacyr Visinoni", "brand": null, "brand:wikidata": null, "shop": null, "maxspeed": null, "addr:city": null, "addr:housenumber": null, "addr:street": null, "office": null, "website": null, "bus": null, "public_transport": null, "shelter": null, "check_date:shelter": null, "recycling:aluminium": null, "recycling:beverage_cartons": null, "recycling:books": null, "recycling:cans": null, "recycling:cardboard": null, "recycling:cartons": null, "recycling:glass": null, "recycling:glass_bottles": null, "recycling:magazines": null, "recycling:newspaper": null, "recycling:paper": null, "recycling:paper_packaging": null, "recycling:plastic": null, "recycling:plastic_bottles": null, "recycling:plastic_packaging": null, "recycling:scrap_metal": null, "recycling_type": null, "contact:email": null, "contact:phone": null, "contact:website": null, "contact:whatsapp": null, "natural": null, "opening_hours": null, "operator": null, "phone": null, "crossing": null, "crossing:signals": null, "crossing:markings": null, "parking_space": null, "addr:postcode": null, "addr:suburb": null, "description": null, "payment:pix": null, "lit": null, "oneway": null, "surface": null, "lanes": null, "sidewalk": null, "source": null, "alt_name": null, "foot": null, "smoothness": null, "building": null, "service": null, "bridge": null, "layer": null, "brand:wikipedia": null, "cuisine": null, "takeaway": null, "bicycle": null, "leisure": null, "highway:source": null, "building:levels": null, "note": null, "footway": null, "mapillary": null, "survey:date": null, "tactile_paving": null, "turn:lanes": null, "box_id": 1, "provider": "osmnx" }, "geometry": { "type": "LineString", "coordinates": [ [ -49.2690102, -25.4626092 ], [ -49.269205, -25.4621948 ] ] } },
{ "type": "Feature", "properties": { "highway": "residential", "amenity": null, "healthcare": null, "name": "Acesso João Santana da Silva", "brand": null, "brand:wikidata": null, "shop": null, "maxspeed": null, "addr:city": null, "addr:housenumber": null, "addr:street": null, "office": null, "website": null, "bus": null, "public_transport": null, "shelter": null, "check_date:shelter": null, "recycling:aluminium": null, "recycling:beverage_cartons": null, "recycling:books": null, "recycling:cans": null, "recycling:cardboard": null, "recycling:cartons": null, "recycling:glass": null, "recycling:glass_bottles": null, "recycling:magazines": null, "recycling:newspaper": null, "recycling:paper": null, "recycling:paper_packaging": null, "recycling:plastic": null, "recycling:plastic_bottles": null, "recycling:plastic_packaging": null, "recycling:scrap_metal": null, "recycling_type": null, "contact:email": null, "contact:phone": null, "contact:website": null, "contact:whatsapp": null, "natural": null, "opening_hours": null, "operator": null, "phone": null, "crossing": null, "crossing:signals": null, "crossing:markings": null, "parking_space": null, "addr:postcode": null, "addr:suburb": null, "description": null, "payment:pix": null, "lit": null, "oneway": null, "surface": null, "lanes": null, "sidewalk": null, "source": "IBGE", "alt_name": null, "foot": null, "smoothness": null, "building": null, "service": null, "bridge": null, "layer": null, "brand:wikipedia": null, "cuisine": null, "takeaway": null, "bicycle": null, "leisure": null, "highway:source": null, "building:levels": null, "note": null, "footway": null, "mapillary": null, "survey:date": null, "tactile_paving": null, "turn:lanes": null, "box_id": 1, "provider": "osmnx" }, "geometry": { "type": "LineString", "coordinates": [ [ -49.2682563, -25.4618115 ], [ -49.268058, -25.4622302 ] ] } },
{ "type": "Feature", "properties": { "highway": "residential", "amenity": null, "healthcare": null, "name": "Rua João Parolin", "brand": null, "brand:wikidata": null, "shop": null, "maxspeed": null, "addr:city": null, "addr:housenumber": null, "addr:street": null, "office": null, "website": null, "bus": null, "public_transport": null, "shelter": null, "check_date:shelter": null, "recycling:aluminium": null, "recycling:beverage_cartons": null, "recycling:books": null, "recycling:cans": null, "recycling:cardboard": null, "recycling:cartons": null, "recycling:glass": null, "recycling:glass_bottles": null, "recycling:magazines": null, "recycling:newspaper": null, "recycling:paper": null, "recycling:paper_packaging": null, "recycling:plastic": null, "recycling:plastic_bottles": null, "recycling:plastic_packaging": null, "recycling:scrap_metal": null, "recycling_type": null, "contact:email": null, "contact:phone": null, "contact:website": null, "contact:whatsapp": null, "natural": null, "opening_hours": null, "operator": null, "phone": null, "crossing": null, "crossing:signals": null, "crossing:markings": null, "parking_space": null, "addr:postcode": null, "addr:suburb": null, "description": null, "payment:pix": null, "lit": null, "oneway": "no", "surface": null, "lanes": null, "sidewalk": null, "source": null, "alt_name": null, "foot": null, "smoothness": null, "building": null, "service": null, "bridge": null, "layer": null, "brand:wikipedia": null, "cuisine": null, "takeaway": null, "bicycle": null, "leisure": null, "highway:source": null, "building:levels": null, "note": null, "footway": null, "mapillary": null, "survey:date": null, "tactile_paving": null, "turn:lanes": null, "box_id": 1, "provider": "osmnx" }, "geometry": { "type": "LineString", "coordinates": [ [ -49.2671506, -25.4607528 ], [ -49.2679787, -25.4610892 ], [ -49.2686255, -25.4613517 ], [ -49.2690318, -25.4615166 ], [ -49.270367, -25.4620588 ], [ -49.2707361, -25.4622086 ], [ -49.2717271, -25.462611 ] ] } },
{ "type": "Feature", "properties": { "highway": "residential", "amenity": null, "healthcare": null, "name": "Acesso Waldemiro Túlio", "brand": null, "brand:wikidata": null, "shop": null, "maxspeed": null, "addr:city": null, "addr:housenumber": null, "addr:street": null, "office": null, "website": null, "bus": null, "public_transport": null, "shelter": null, "check_date:shelter": null, "recycling:aluminium": null, "recycling:beverage_cartons": null, "recycling:books": null, "recycling:cans": null, "recycling:cardboard": null, "recycling:cartons": null, "recycling:glass": null, "recycling:glass_bottles": null, "recycling:magazines": null, "recycling:newspaper": null, "recycling:paper": null, "recycling:paper_packaging": null, "recycling:plastic": null, "recycling:plastic_bottles": null, "recycling:plastic_packaging": null, "recycling:scrap_metal": null, "recycling_type": null, "contact:email": null, "contact:phone": null, "contact:website": null, "contact:whatsapp": null, "natural": null, "opening_hours": null, "operator": null, "phone": null, "crossing": null, "crossing:signals": null, "crossing:markings": null, "parking_space": null, "addr:postcode": null, "addr:suburb": null, "description": null, "payment:pix": null, "lit": null, "oneway": null, "surface": null, "lanes": null, "sidewalk": null, "source": "IBGE", "alt_name": null, "foot": null, "smoothness": null, "building": null, "service": null, "bridge": null, "layer": null, "brand:wikipedia": null, "cuisine": null, "takeaway": null, "bicycle": null, "leisure": null, "highway:source": null, "building:levels": null, "note": null, "footway": null, "mapillary": null, "survey:date": null, "tactile_paving": null, "turn:lanes": null, "box_id": 1, "provider": "osmnx" }, "geometry": { "type": "LineString", "coordinates": [ [ -49.2686255, -25.4613517 ], [ -49.2683995, -25.4618103 ] ] } },
{ "type": "Feature", "properties": { "highway": "residential", "amenity": null, "healthcare": null, "name": "Rua Montese", "brand": null, "brand:wikidata": null, "shop": null, "maxspeed": null, "addr:city": null, "addr:housenumber": null, "addr:street": null, "office": null, "website": null, "bus": null, "public_transport": null, "shelter": null, "check_date:shelter": null, "recycling:aluminium": null, "recycling:beverage_cartons": null, "recycling:books": null, "recycling:cans": null, "recycling:cardboard": null, "recycling:cartons": null, "recycling:glass": null, "recycling:glass_bottles": null, "recycling:magazines": null, "recycling:newspaper": null, "recycling:paper": null, "recycling:paper_packaging": null, "recycling:plastic": null, "recycling:plastic_bottles": null, "recycling:plastic_packaging": null, "recycling:scrap_metal": null, "recycling_type": null, "contact:email": null, "contact:phone": null, "contact:website": null, "contact:whatsapp": null, "natural": null, "opening_hours": null, "operator": null, "phone": null, "crossing": null, "crossing:signals": null, "crossing:markings": null, "parking_space": null, "addr:postcode": null, "addr:suburb": null, "description": null, "payment:pix": null, "lit": null, "oneway": "no", "surface": null, "lanes": null, "sidewalk": null, "source": null, "alt_name": null, "foot": null, "smoothness": null, "building": null, "service": null, "bridge": null, "layer": null, "brand:wikipedia": null, "cuisine": null, "takeaway": null, "bicycle": null, "leisure": null, "highway:source": null, "building:levels": null, "note": null, "footway": null, "mapillary": null, "survey:date": null, "tactile_paving": null, "turn:lanes": null, "box_id": 1, "provider": "osmnx" }, "geometry": { "type": "LineString", "coordinates": [ [ -49.267723, -25.4641841 ], [ -49.2677578, -25.4640548 ], [ -49.2677817, -25.4639945 ], [ -49.2678114, -25.4639442 ], [ -49.2678756, -25.4638557 ], [ -49.2679051, -25.4638103 ], [ -49.2680556, -25.463549 ], [ -49.2682607, -25.4631221 ], [ -49.2682836, -25.4630744 ], [ -49.2683868, -25.4628596 ], [ -49.2685878, -25.4624411 ], [ -49.2690318, -25.4615166 ], [ -49.2693836, -25.4607843 ], [ -49.2697529, -25.4600154 ], [ -49.270138, -25.4592136 ], [ -49.2705755, -25.4583041 ] ] } },
{ "type": "Feature", "properties": { "highway": "residential", "amenity": null, "healthcare": null, "name": "Rua Capitão Caetano Munhoz", "brand": null, "brand:wikidata": null, "shop": null, "maxspeed": null, "addr:city": null, "addr:housenumber": null, "addr:street": null, "office": null, "website": null, "bus": null, "public_transport": null, "shelter": null, "check_date:shelter": null, "recycling:aluminium": null, "recycling:beverage_cartons": null, "recycling:books": null, "recycling:cans": null, "recycling:cardboard": null, "recycling:cartons": null, "recycling:glass": null, "recycling:glass_bottles": null, "recycling:magazines": null, "recycling:newspaper": null, "recycling:paper": null, "recycling:paper_packaging": null, "recycling:plastic": null, "recycling:plastic_bottles": null, "recycling:plastic_packaging": null, "recycling:scrap_metal": null, "recycling_type": null, "contact:email": null, "contact:phone": null, "contact:website": null, "contact:whatsapp": null, "natural": null, "opening_hours": null, "operator": null, "phone": null, "crossing": null, "crossing:signals": null, "crossing:markings": null, "parking_space": null, "addr:postcode": null, "addr:suburb": null, "description": null, "payment:pix": null, "lit": null, "oneway": null, "surface": null, "lanes": null, "sidewalk": null, "source": null, "alt_name": null, "foot": null, "smoothness": null, "building": null, "service": null, "bridge": null, "layer": null, "brand:wikipedia": null, "cuisine": null, "takeaway": null, "bicycle": null, "leisure": null, "highway:source": null, "building:levels": null, "note": null, "footway": null, "mapillary": null, "survey:date": null, "tactile_paving": null, "turn:lanes": null, "box_id": 1, "provider": "osmnx" }, "geometry": { "type": "LineString", "coordinates": [ [ -49.2707292, -25.4613105 ], [ -49.2693836, -25.4607843 ] ] } },
{ "type": "Feature", "properties": { "highway": "residential", "amenity": null, "healthcare": null, "name": "Rua Lamenha Lins", "brand": null, "brand:wikidata": null, "shop": null, "maxspeed": null, "addr:city": null, "addr:housenumber": null, "addr:street": null, "office": null, "website": null, "bus": null, "public_transport": null, "shelter": null, "check_date:shelter": null, "recycling:aluminium": null, "recycling:beverage_cartons": null, "recycling:books": null, "recycling:cans": null, "recycling:cardboard": null, "recycling:cartons": null, "recycling:glass": null, "recycling:glass_bottles": null, "recycling:magazines": null, "recycling:newspaper": null, "recycling:paper": null, "recycling:paper_packaging": null, "recycling:plastic": null, "recycling:plastic_bottles": null, "recycling:plastic_packaging": null, "recycling:scrap_metal": null, "recycling_type": null, "contact:email": null, "contact:phone": null, "contact:website": null, "contact:whatsapp": null, "natural": null, "opening_hours": null, "operator": null, "phone": null, "crossing": null, "crossing:signals": null, "crossing:markings": null, "parking_space": null, "addr:postcode": null, "addr:suburb": null, "description": null, "payment:pix": null, "lit": null, "oneway": "no", "surface": null, "lanes": null, "sidewalk": null, "source": null, "alt_name": null, "foot": null, "smoothness": null, "building": null, "service": null, "bridge": null, "layer": null, "brand:wikipedia": null, "cuisine": null, "takeaway": null, "bicycle": null, "leisure": null, "highway:source": null, "building:levels": null, "note": null, "footway": null, "mapillary": null, "survey:date": null, "tactile_paving": null, "turn:lanes": null, "box_id": 1, "provider": "osmnx" }, "geometry": { "type": "LineString", "coordinates": [ [ -49.2665211, -25.4587084 ], [ -49.2661609, -25.4594539 ], [ -49.2657985, -25.460204 ] ] } },
{ "type": "Feature", "properties": { "highway": "residential", "amenity": null, "healthcare": null, "name": "Rua Nunes Machado", "brand": null, "brand:wikidata": null, "shop": null, "maxspeed": null, "addr:city": null, "addr:housenumber": null, "addr:street": null, "office": null, "website": null, "bus": null, "public_transport": null, "shelter": null, "check_date:shelter": null, "recycling:aluminium": null, "recycling:beverage_cartons": null, "recycling:books": null, "recycling:cans": null, "recycling:cardboard": null, "recycling:cartons": null, "recycling:glass": null, "recycling:glass_bottles": null, "recycling:magazines": null, "recycling:newspaper": null, "recycling:paper": null, "recycling:paper_packaging": null, "recycling:plastic": null, "recycling:plastic_bottles": null, "recycling:plastic_packaging": null, "recycling:scrap_metal": null, "recycling_type": null, "contact:email": null, "contact:phone": null, "contact:website": null, "contact:whatsapp": null, "natural": null, "opening_hours": null, "operator": null, "phone": null, "crossing": null, "crossing:signals": null, "crossing:markings": null, "parking_space": null, "addr:postcode": null, "addr:suburb": null, "description": null, "payment:pix": null, "lit": null, "oneway": "no", "surface": null, "lanes": null, "sidewalk": null, "source": null, "alt_name": null, "foot": null, "smoothness": null, "building": null, "service": null, "bridge": null, "layer": null, "brand:wikipedia": null, "cuisine": null, "takeaway": null, "bicycle": null, "leisure": null, "highway:source": null, "building:levels": null, "note": null, "footway": null, "mapillary": null, "survey:date": null, "tactile_paving": null, "turn:lanes": null, "box_id": 1, "provider": "osmnx" }, "geometry": { "type": "LineString", "coordinates": [ [ -49.266823493253327, -25.455649876723545 ], [ -49.2666331, -25.4560507 ], [ -49.2663303, -25.4566815 ], [ -49.2660856, -25.457194 ], [ -49.2658665, -25.4576526 ], [ -49.2655498, -25.4583157 ], [ -49.2648347, -25.4598129 ], [ -49.2643794, -25.4607661 ], [ -49.2638968, -25.4617767 ], [ -49.263438, -25.4627371 ], [ -49.2629492, -25.4637605 ] ] } },
{ "type": "Feature", "properties": { "highway": "service", "amenity": null, "healthcare": null, "name": null, "brand": null, "brand:wikidata": null, "shop": null, "maxspeed": null, "addr:city": null, "addr:housenumber": null, "addr:street": null, "office": null, "website": null, "bus": null, "public_transport": null, "shelter": null, "check_date:shelter": null, "recycling:aluminium": null, "recycling:beverage_cartons": null, "recycling:books": null, "recycling:cans": null, "recycling:cardboard": null, "recycling:cartons": null, "recycling:glass": null, "recycling:glass_bottles": null, "recycling:magazines": null, "recycling:newspaper": null, "recycling:paper": null, "recycling:paper_packaging": null, "recycling:plastic": null, "recycling:plastic_bottles": null, "recycling:plastic_packaging": null, "recycling:scrap_metal": null, "recycling_type": null, "contact:email": null, "contact:phone": null, "contact:website": null, "contact:whatsapp": null, "natural": null, "opening_hours": null, "operator": null, "phone": null, "crossing": null, "crossing:signals": null, "crossing:markings": null, "parking_space": null, "addr:postcode": null, "addr:suburb": null, "description": null, "payment:pix": null, "lit": null, "oneway": null, "surface": null, "lanes": null, "sidewalk": null, "source": null, "alt_name": null, "foot": null, "smoothness": null, "building": null, "service": null, "bridge": null, "layer": null, "brand:wikipedia": null, "cuisine": null, "takeaway": null, "bicycle": null, "leisure": null, "highway:source": null, "building:levels": null, "note": null, "footway": null, "mapillary": null, "survey:date": null, "tactile_paving": null, "turn:lanes": null, "box_id": 1, "provider": "osmnx" }, "geometry": { "type": "LineString", "coordinates": [ [ -49.2678888, -25.4584881 ], [ -49.2678465, -25.4586077 ], [ -49.2678532, -25.458747 ], [ -49.2677768, -25.458931 ], [ -49.2677204, -25.4589988 ], [ -49.2676641, -25.4590206 ], [ -49.2675528, -25.4590037 ], [ -49.2675193, -25.4589843 ] ] } },
{ "type": "Feature", "properties": { "highway": "residential", "amenity": null, "healthcare": null, "name": "Travessa Livorno", "brand": null, "brand:wikidata": null, "shop": null, "maxspeed": null, "addr:city": null, "addr:housenumber": null, "addr:street": null, "office": null, "website": null, "bus": null, "public_transport": null, "shelter": null, "check_date:shelter": null, "recycling:aluminium": null, "recycling:beverage_cartons": null, "recycling:books": null, "recycling:cans": null, "recycling:cardboard": null, "recycling:cartons": null, "recycling:glass": null, "recycling:glass_bottles": null, "recycling:magazines": null, "recycling:newspaper": null, "recycling:paper": null, "recycling:paper_packaging": null, "recycling:plastic": null, "recycling:plastic_bottles": null, "recycling:plastic_packaging": null, "recycling:scrap_metal": null, "recycling_type": null, "contact:email": null, "contact:phone": null, "contact:website": null, "contact:whatsapp": null, "natural": null, "opening_hours": null, "operator": null, "phone": null, "crossing": null, "crossing:signals": null, "crossing:markings": null, "parking_space": null, "addr:postcode": null, "addr:suburb": null, "description": null, "payment:pix": null, "lit": null, "oneway": null, "surface": null, "lanes": null, "sidewalk": null, "source": null, "alt_name": null, "foot": null, "smoothness": null, "building": null, "service": null, "bridge": null, "layer": null, "brand:wikipedia": null, "cuisine": null, "takeaway": null, "bicycle": null, "leisure": null, "highway:source": null, "building:levels": null, "note": null, "footway": null, "mapillary": null, "survey:date": null, "tactile_paving": null, "turn:lanes": null, "box_id": 1, "provider": "osmnx" }, "geometry": { "type": "LineString", "coordinates": [ [ -49.2682468, -25.4586296 ], [ -49.2678888, -25.4584881 ], [ -49.267509, -25.4583379 ], [ -49.2668299, -25.4580694 ] ] } },
{ "type": "Feature", "properties": { "highway": "residential", "amenity": null, "healthcare": null, "name": "Rua Acácio Côrrea", "brand": null, "brand:wikidata": null, "shop": null, "maxspeed": null, "addr:city": null, "addr:housenumber": null, "addr:street": null, "office": null, "website": null, "bus": null, "public_transport": null, "shelter": null, "check_date:shelter": null, "recycling:aluminium": null, "recycling:beverage_cartons": null, "recycling:books": null, "recycling:cans": null, "recycling:cardboard": null, "recycling:cartons": null, "recycling:glass": null, "recycling:glass_bottles": null, "recycling:magazines": null, "recycling:newspaper": null, "recycling:paper": null, "recycling:paper_packaging": null, "recycling:plastic": null, "recycling:plastic_bottles": null, "recycling:plastic_packaging": null, "recycling:scrap_metal": null, "recycling_type": null, "contact:email": null, "contact:phone": null, "contact:website": null, "contact:whatsapp": null, "natural": null, "opening_hours": null, "operator": null, "phone": null, "crossing": null, "crossing:signals": null, "crossing:markings": null, "parking_space": null, "addr:postcode": null, "addr:suburb": null, "description": null, "payment:pix": null, "lit": null, "oneway": "no", "surface": null, "lanes": null, "sidewalk": null, "source": null, "alt_name": "Rua Acácio Correia", "foot": null, "smoothness": null, "building": null, "service": null, "bridge": null, "layer": null, "brand:wikipedia": null, "cuisine": null, "takeaway": null, "bicycle": null, "leisure": null, "highway:source": null, "building:levels": null, "note": null, "footway": null, "mapillary": null, "survey:date": null, "tactile_paving": null, "turn:lanes": null, "box_id": 1, "provider": "osmnx" }, "geometry": { "type": "LineString", "coordinates": [ [ -49.26211182655036, -25.456924739845043 ], [ -49.2625691, -25.4571094 ], [ -49.2635384, -25.4575019 ], [ -49.2643019, -25.4578108 ], [ -49.2655498, -25.4583157 ], [ -49.2665211, -25.4587084 ], [ -49.2679151, -25.4592721 ], [ -49.2687078, -25.4595927 ], [ -49.2697529, -25.4600154 ], [ -49.2698706, -25.4600697 ], [ -49.2700069, -25.460136 ], [ -49.2702721, -25.4602758 ] ] } },
{ "type": "Feature", "properties": { "highway": "residential", "amenity": null, "healthcare": null, "name": "Rua Leonor Caron Alves", "brand": null, "brand:wikidata": null, "shop": null, "maxspeed": null, "addr:city": null, "addr:housenumber": null, "addr:street": null, "office": null, "website": null, "bus": null, "public_transport": null, "shelter": null, "check_date:shelter": null, "recycling:aluminium": null, "recycling:beverage_cartons": null, "recycling:books": null, "recycling:cans": null, "recycling:cardboard": null, "recycling:cartons": null, "recycling:glass": null, "recycling:glass_bottles": null, "recycling:magazines": null, "recycling:newspaper": null, "recycling:paper": null, "recycling:paper_packaging": null, "recycling:plastic": null, "recycling:plastic_bottles": null, "recycling:plastic_packaging": null, "recycling:scrap_metal": null, "recycling_type": null, "contact:email": null, "contact:phone": null, "contact:website": null, "contact:whatsapp": null, "natural": null, "opening_hours": null, "operator": null, "phone": null, "crossing": null, "crossing:signals": null, "crossing:markings": null, "parking_space": null, "addr:postcode": null, "addr:suburb": null, "description": null, "payment:pix": null, "lit": null, "oneway": "no", "surface": null, "lanes": null, "sidewalk": null, "source": null, "alt_name": null, "foot": null, "smoothness": null, "building": null, "service": null, "bridge": null, "layer": null, "brand:wikipedia": null, "cuisine": null, "takeaway": null, "bicycle": null, "leisure": null, "highway:source": null, "building:levels": null, "note": null, "footway": null, "mapillary": null, "survey:date": null, "tactile_paving": null, "turn:lanes": null, "box_id": 1, "provider": "osmnx" }, "geometry": { "type": "LineString", "coordinates": [ [ -49.267509, -25.4583379 ], [ -49.2680222, -25.4573017 ] ] } },
{ "type": "Feature", "properties": { "highway": "residential", "amenity": null, "healthcare": null, "name": "Rua Doutor Ernesto Schwartz", "brand": null, "brand:wikidata": null, "shop": null, "maxspeed": null, "addr:city": null, "addr:housenumber": null, "addr:street": null, "office": null, "website": null, "bus": null, "public_transport": null, "shelter": null, "check_date:shelter": null, "recycling:aluminium": null, "recycling:beverage_cartons": null, "recycling:books": null, "recycling:cans": null, "recycling:cardboard": null, "recycling:cartons": null, "recycling:glass": null, "recycling:glass_bottles": null, "recycling:magazines": null, "recycling:newspaper": null, "recycling:paper": null, "recycling:paper_packaging": null, "recycling:plastic": null, "recycling:plastic_bottles": null, "recycling:plastic_packaging": null, "recycling:scrap_metal": null, "recycling_type": null, "contact:email": null, "contact:phone": null, "contact:website": null, "contact:whatsapp": null, "natural": null, "opening_hours": null, "operator": null, "phone": null, "crossing": null, "crossing:signals": null, "crossing:markings": null, "parking_space": null, "addr:postcode": null, "addr:suburb": null, "description": null, "payment:pix": null, "lit": null, "oneway": null, "surface": null, "lanes": null, "sidewalk": null, "source": null, "alt_name": null, "foot": null, "smoothness": null, "building": null, "service": null, "bridge": null, "layer": null, "brand:wikipedia": null, "cuisine": null, "takeaway": null, "bicycle": null, "leisure": null, "highway:source": null, "building:levels": null, "note": null, "footway": null, "mapillary": null, "survey:date": null, "tactile_paving": null, "turn:lanes": null, "box_id": 1, "provider": "osmnx" }, "geometry": { "type": "LineString", "coordinates": [ [ -49.2658665, -25.4576526 ], [ -49.2664548, -25.4578895 ] ] } },
{ "type": "Feature", "properties": { "highway": "residential", "amenity": null, "healthcare": null, "name": "Rua Lamenha Lins", "brand": null, "brand:wikidata": null, "shop": null, "maxspeed": null, "addr:city": null, "addr:housenumber": null, "addr:street": null, "office": null, "website": null, "bus": null, "public_transport": null, "shelter": null, "check_date:shelter": null, "recycling:aluminium": null, "recycling:beverage_cartons": null, "recycling:books": null, "recycling:cans": null, "recycling:cardboard": null, "recycling:cartons": null, "recycling:glass": null, "recycling:glass_bottles": null, "recycling:magazines": null, "recycling:newspaper": null, "recycling:paper": null, "recycling:paper_packaging": null, "recycling:plastic": null, "recycling:plastic_bottles": null, "recycling:plastic_packaging": null, "recycling:scrap_metal": null, "recycling_type": null, "contact:email": null, "contact:phone": null, "contact:website": null, "contact:whatsapp": null, "natural": null, "opening_hours": null, "operator": null, "phone": null, "crossing": null, "crossing:signals": null, "crossing:markings": null, "parking_space": null, "addr:postcode": null, "addr:suburb": null, "description": null, "payment:pix": null, "lit": null, "oneway": "yes", "surface": null, "lanes": null, "sidewalk": null, "source": null, "alt_name": null, "foot": null, "smoothness": null, "building": null, "service": null, "bridge": null, "layer": null, "brand:wikipedia": null, "cuisine": null, "takeaway": null, "bicycle": null, "leisure": null, "highway:source": null, "building:levels": null, "note": null, "footway": null, "mapillary": null, "survey:date": null, "tactile_paving": null, "turn:lanes": null, "box_id": 1, "provider": "osmnx" }, "geometry": { "type": "LineString", "coordinates": [ [ -49.2674487, -25.4567885 ], [ -49.2670644, -25.4575839 ], [ -49.2668299, -25.4580694 ], [ -49.2665211, -25.4587084 ] ] } },
{ "type": "Feature", "properties": { "highway": "tertiary", "amenity": null, "healthcare": null, "name": "Rua 24 de Maio", "brand": null, "brand:wikidata": null, "shop": null, "maxspeed": "50", "addr:city": null, "addr:housenumber": null, "addr:street": null, "office": null, "website": null, "bus": null, "public_transport": null, "shelter": null, "check_date:shelter": null, "recycling:aluminium": null, "recycling:beverage_cartons": null, "recycling:books": null, "recycling:cans": null, "recycling:cardboard": null, "recycling:cartons": null, "recycling:glass": null, "recycling:glass_bottles": null, "recycling:magazines": null, "recycling:newspaper": null, "recycling:paper": null, "recycling:paper_packaging": null, "recycling:plastic": null, "recycling:plastic_bottles": null, "recycling:plastic_packaging": null, "recycling:scrap_metal": null, "recycling_type": null, "contact:email": null, "contact:phone": null, "contact:website": null, "contact:whatsapp": null, "natural": null, "opening_hours": null, "operator": null, "phone": null, "crossing": null, "crossing:signals": null, "crossing:markings": null, "parking_space": null, "addr:postcode": null, "addr:suburb": null, "description": null, "payment:pix": null, "lit": "yes", "oneway": "yes", "surface": null, "lanes": "2", "sidewalk": null, "source": null, "alt_name": "Rua Vinte e Quatro de Maio", "foot": null, "smoothness": null, "building": null, "service": null, "bridge": null, "layer": null, "brand:wikipedia": null, "cuisine": null, "takeaway": null, "bicycle": null, "leisure": null, "highway:source": null, "building:levels": null, "note": null, "footway": null, "mapillary": null, "survey:date": null, "tactile_paving": null, "turn:lanes": null, "box_id": 1, "provider": "osmnx" }, "geometry": { "type": "LineString", "coordinates": [ [ -49.2651357, -25.4561099 ], [ -49.2648463, -25.4567003 ], [ -49.2643019, -25.4578108 ], [ -49.2635718, -25.4593 ] ] } },
{ "type": "Feature", "properties": { "highway": "secondary", "amenity": null, "healthcare": null, "name": "Rua Piauí", "brand": null, "brand:wikidata": null, "shop": null, "maxspeed": null, "addr:city": null, "addr:housenumber": null, "addr:street": null, "office": null, "website": null, "bus": null, "public_transport": null, "shelter": null, "check_date:shelter": null, "recycling:aluminium": null, "recycling:beverage_cartons": null, "recycling:books": null, "recycling:cans": null, "recycling:cardboard": null, "recycling:cartons": null, "recycling:glass": null, "recycling:glass_bottles": null, "recycling:magazines": null, "recycling:newspaper": null, "recycling:paper": null, "recycling:paper_packaging": null, "recycling:plastic": null, "recycling:plastic_bottles": null, "recycling:plastic_packaging": null, "recycling:scrap_metal": null, "recycling_type": null, "contact:email": null, "contact:phone": null, "contact:website": null, "contact:whatsapp": null, "natural": null, "opening_hours": null, "operator": null, "phone": null, "crossing": null, "crossing:signals": null, "crossing:markings": null, "parking_space": null, "addr:postcode": null, "addr:suburb": null, "description": null, "payment:pix": null, "lit": "yes", "oneway": "yes", "surface": "asphalt", "lanes": null, "sidewalk": null, "source": null, "alt_name": null, "foot": null, "smoothness": null, "building": null, "service": null, "bridge": null, "layer": null, "brand:wikipedia": null, "cuisine": null, "takeaway": null, "bicycle": null, "leisure": null, "highway:source": null, "building:levels": null, "note": null, "footway": null, "mapillary": null, "survey:date": null, "tactile_paving": null, "turn:lanes": null, "box_id": 1, "provider": "osmnx" }, "geometry": { "type": "LineString", "coordinates": [ [ -49.2674487, -25.4567885 ], [ -49.2680222, -25.4573017 ], [ -49.2686401, -25.4578679 ] ] } },
{ "type": "Feature", "properties": { "highway": "residential", "amenity": null, "healthcare": null, "name": "Rua Piauí", "brand": null, "brand:wikidata": null, "shop": null, "maxspeed": null, "addr:city": null, "addr:housenumber": null, "addr:street": null, "office": null, "website": null, "bus": null, "public_transport": null, "shelter": null, "check_date:shelter": null, "recycling:aluminium": null, "recycling:beverage_cartons": null, "recycling:books": null, "recycling:cans": null, "recycling:cardboard": null, "recycling:cartons": null, "recycling:glass": null, "recycling:glass_bottles": null, "recycling:magazines": null, "recycling:newspaper": null, "recycling:paper": null, "recycling:paper_packaging": null, "recycling:plastic": null, "recycling:plastic_bottles": null, "recycling:plastic_packaging": null, "recycling:scrap_metal": null, "recycling_type": null, "contact:email": null, "contact:phone": null, "contact:website": null, "contact:whatsapp": null, "natural": null, "opening_hours": null, "operator": null, "phone": null, "crossing": null, "crossing:signals": null, "crossing:markings": null, "parking_space": null, "addr:postcode": null, "addr:suburb": null, "description": null, "payment:pix": null, "lit": null, "oneway": "yes", "surface": null, "lanes": null, "sidewalk": null, "source": null, "alt_name": null, "foot": null, "smoothness": null, "building": null, "service": null, "bridge": null, "layer": null, "brand:wikipedia": null, "cuisine": null, "takeaway": null, "bicycle": null, "leisure": null, "highway:source": null, "building:levels": null, "note": null, "footway": null, "mapillary": null, "survey:date": null, "tactile_paving": null, "turn:lanes": null, "box_id": 1, "provider": "osmnx" }, "geometry": { "type": "LineString", "coordinates": [ [ -49.2686401, -25.4578679 ], [ -49.269274, -25.4584305 ] ] } },
{ "type": "Feature", "properties": { "highway": "primary", "amenity": null, "healthcare": null, "name": "Avenida Presidente Kennedy", "brand": null, "brand:wikidata": null, "shop": null, "maxspeed": "50", "addr:city": null, "addr:housenumber": null, "addr:street": null, "office": null, "website": null, "bus": null, "public_transport": null, "shelter": null, "check_date:shelter": null, "recycling:aluminium": null, "recycling:beverage_cartons": null, "recycling:books": null, "recycling:cans": null, "recycling:cardboard": null, "recycling:cartons": null, "recycling:glass": null, "recycling:glass_bottles": null, "recycling:magazines": null, "recycling:newspaper": null, "recycling:paper": null, "recycling:paper_packaging": null, "recycling:plastic": null, "recycling:plastic_bottles": null, "recycling:plastic_packaging": null, "recycling:scrap_metal": null, "recycling_type": null, "contact:email": null, "contact:phone": null, "contact:website": null, "contact:whatsapp": null, "natural": null, "opening_hours": null, "operator": null, "phone": null, "crossing": null, "crossing:signals": null, "crossing:markings": null, "parking_space": null, "addr:postcode": null, "addr:suburb": null, "description": null, "payment:pix": null, "lit": "yes", "oneway": "yes", "surface": "asphalt", "lanes": null, "sidewalk": null, "source": null, "alt_name": null, "foot": null, "smoothness": null, "building": null, "service": null, "bridge": null, "layer": null, "brand:wikipedia": null, "cuisine": null, "takeaway": null, "bicycle": null, "leisure": null, "highway:source": null, "building:levels": null, "note": null, "footway": null, "mapillary": null, "survey:date": null, "tactile_paving": null, "turn:lanes": null, "box_id": 1, "provider": "osmnx" }, "geometry": { "type": "LineString", "coordinates": [ [ -49.2679417, -25.4557681 ], [ -49.2680156, -25.4558352 ], [ -49.2682683, -25.4560633 ], [ -49.2692444, -25.4569448 ], [ -49.2693084, -25.4570025 ], [ -49.2694046, -25.4570894 ], [ -49.2694986, -25.4571743 ], [ -49.2697601, -25.4574104 ], [ -49.2701584, -25.4577701 ], [ -49.2705118, -25.4580892 ], [ -49.270819, -25.4583666 ], [ -49.2710278, -25.4585552 ], [ -49.271963, -25.4593996 ] ] } },
{ "type": "Feature", "properties": { "highway": "footway", "amenity": null, "healthcare": null, "name": null, "brand": null, "brand:wikidata": null, "shop": null, "maxspeed": null, "addr:city": null, "addr:housenumber": null, "addr:street": null, "office": null, "website": null, "bus": null, "public_transport": null, "shelter": null, "check_date:shelter": null, "recycling:aluminium": null, "recycling:beverage_cartons": null, "recycling:books": null, "recycling:cans": null, "recycling:cardboard": null, "recycling:cartons": null, "recycling:glass": null, "recycling:glass_bottles": null, "recycling:magazines": null, "recycling:newspaper": null, "recycling:paper": null, "recycling:paper_packaging": null, "recycling:plastic": null, "recycling:plastic_bottles": null, "recycling:plastic_packaging": null, "recycling:scrap_metal": null, "recycling_type": null, "contact:email": null, "contact:phone": null, "contact:website": null, "contact:whatsapp": null, "natural": null, "opening_hours": null, "operator": null, "phone": null, "crossing": null, "crossing:signals": null, "crossing:markings": null, "parking_space": null, "addr:postcode": null, "addr:suburb": null, "description": null, "payment:pix": null, "lit": null, "oneway": null, "surface": null, "lanes": null, "sidewalk": null, "source": null, "alt_name": null, "foot": null, "smoothness": null, "building": null, "service": null, "bridge": null, "layer": null, "brand:wikipedia": null, "cuisine": null, "takeaway": null, "bicycle": null, "leisure": null, "highway:source": null, "building:levels": null, "note": null, "footway": "sidewalk", "mapillary": null, "survey:date": null, "tactile_paving": null, "turn:lanes": null, "box_id": 1, "provider": "osmnx" }, "geometry": { "type": "LineString", "coordinates": [ [ -49.2698877, -25.4574377 ], [ -49.2700864, -25.457617 ] ] } },
{ "type": "Feature", "properties": { "highway": "secondary", "amenity": null, "healthcare": null, "name": "Rua Brigadeiro Franco", "brand": null, "brand:wikidata": null, "shop": null, "maxspeed": null, "addr:city": null, "addr:housenumber": null, "addr:street": null, "office": null, "website": null, "bus": null, "public_transport": null, "shelter": null, "check_date:shelter": null, "recycling:aluminium": null, "recycling:beverage_cartons": null, "recycling:books": null, "recycling:cans": null, "recycling:cardboard": null, "recycling:cartons": null, "recycling:glass": null, "recycling:glass_bottles": null, "recycling:magazines": null, "recycling:newspaper": null, "recycling:paper": null, "recycling:paper_packaging": null, "recycling:plastic": null, "recycling:plastic_bottles": null, "recycling:plastic_packaging": null, "recycling:scrap_metal": null, "recycling_type": null, "contact:email": null, "contact:phone": null, "contact:website": null, "contact:whatsapp": null, "natural": null, "opening_hours": null, "operator": null, "phone": null, "crossing": null, "crossing:signals": null, "crossing:markings": null, "parking_space": null, "addr:postcode": null, "addr:suburb": null, "description": null, "payment:pix": null, "lit": "yes", "oneway": "yes", "surface": "asphalt", "lanes": "3", "sidewalk": null, "source": null, "alt_name": null, "foot": null, "smoothness": null, "building": null, "service": null, "bridge": null, "layer": null, "brand:wikipedia": null, "cuisine": null, "takeaway": null, "bicycle": null, "leisure": null, "highway:source": null, "building:levels": null, "note": null, "footway": null, "mapillary": null, "survey:date": null, "tactile_paving": null, "turn:lanes": null, "box_id": 1, "provider": "osmnx" }, "geometry": { "type": "LineString", "coordinates": [ [ -49.2686401, -25.4578679 ], [ -49.2691765, -25.4571794 ], [ -49.2692396, -25.457099 ] ] } },
{ "type": "Feature", "properties": { "highway": "footway", "amenity": null, "healthcare": null, "name": "Rua Padre Isaias de Andrade", "brand": null, "brand:wikidata": null, "shop": null, "maxspeed": null, "addr:city": null, "addr:housenumber": null, "addr:street": null, "office": null, "website": null, "bus": null, "public_transport": null, "shelter": null, "check_date:shelter": null, "recycling:aluminium": null, "recycling:beverage_cartons": null, "recycling:books": null, "recycling:cans": null, "recycling:cardboard": null, "recycling:cartons": null, "recycling:glass": null, "recycling:glass_bottles": null, "recycling:magazines": null, "recycling:newspaper": null, "recycling:paper": null, "recycling:paper_packaging": null, "recycling:plastic": null, "recycling:plastic_bottles": null, "recycling:plastic_packaging": null, "recycling:scrap_metal": null, "recycling_type": null, "contact:email": null, "contact:phone": null, "contact:website": null, "contact:whatsapp": null, "natural": null, "opening_hours": null, "operator": null, "phone": null, "crossing": null, "crossing:signals": null, "crossing:markings": null, "parking_space": null, "addr:postcode": null, "addr:suburb": null, "description": null, "payment:pix": null, "lit": null, "oneway": "no", "surface": null, "lanes": null, "sidewalk": null, "source": null, "alt_name": "Rua Padre Isais Andrade", "foot": null, "smoothness": null, "building": null, "service": null, "bridge": null, "layer": null, "brand:wikipedia": null, "cuisine": null, "takeaway": null, "bicycle": null, "leisure": null, "highway:source": null, "building:levels": null, "note": null, "footway": "crossing", "mapillary": null, "survey:date": null, "tactile_paving": null, "turn:lanes": null, "box_id": 1, "provider": "osmnx" }, "geometry": { "type": "LineString", "coordinates": [ [ -49.269714, -25.457527 ], [ -49.2697601, -25.4574104 ] ] } },
{ "type": "Feature", "properties": { "highway": "footway", "amenity": null, "healthcare": null, "name": null, "brand": null, "brand:wikidata": null, "shop": null, "maxspeed": null, "addr:city": null, "addr:housenumber": null, "addr:street": null, "office": null, "website": null, "bus": null, "public_transport": null, "shelter": null, "check_date:shelter": null, "recycling:aluminium": null, "recycling:beverage_cartons": null, "recycling:books": null, "recycling:cans": null, "recycling:cardboard": null, "recycling:cartons": null, "recycling:glass": null, "recycling:glass_bottles": null, "recycling:magazines": null, "recycling:newspaper": null, "recycling:paper": null, "recycling:paper_packaging": null, "recycling:plastic": null, "recycling:plastic_bottles": null, "recycling:plastic_packaging": null, "recycling:scrap_metal": null, "recycling_type": null, "contact:email": null, "contact:phone": null, "contact:website": null, "contact:whatsapp": null, "natural": null, "opening_hours": null, "operator": null, "phone": null, "crossing": null, "crossing:signals": null, "crossing:markings": null, "parking_space": null, "addr:postcode": null, "addr:suburb": null, "description": null, "payment:pix": null, "lit": null, "oneway": null, "surface": null, "lanes": null, "sidewalk": null, "source": null, "alt_name": null, "foot": null, "smoothness": null, "building": null, "service": null, "bridge": null, "layer": null, "brand:wikipedia": null, "cuisine": null, "takeaway": null, "bicycle": null, "leisure": null, "highway:source": null, "building:levels": null, "note": null, "footway": "sidewalk", "mapillary": null, "survey:date": null, "tactile_paving": null, "turn:lanes": null, "box_id": 1, "provider": "osmnx" }, "geometry": { "type": "LineString", "coordinates": [ [ -49.269689, -25.4572583 ], [ -49.2697914, -25.4573508 ], [ -49.2698877, -25.4574377 ] ] } },
{ "type": "Feature", "properties": { "highway": "service", "amenity": null, "healthcare": null, "name": null, "brand": null, "brand:wikidata": null, "shop": null, "maxspeed": null, "addr:city": null, "addr:housenumber": null, "addr:street": null, "office": null, "website": null, "bus": null, "public_transport": null, "shelter": null, "check_date:shelter": null, "recycling:aluminium": null, "recycling:beverage_cartons": null, "recycling:books": null, "recycling:cans": null, "recycling:cardboard": null, "recycling:cartons": null, "recycling:glass": null, "recycling:glass_bottles": null, "recycling:magazines": null, "recycling:newspaper": null, "recycling:paper": null, "recycling:paper_packaging": null, "recycling:plastic": null, "recycling:plastic_bottles": null, "recycling:plastic_packaging": null, "recycling:scrap_metal": null, "recycling_type": null, "contact:email": null, "contact:phone": null, "contact:website": null, "contact:whatsapp": null, "natural": null, "opening_hours": null, "operator": null, "phone": null, "crossing": null, "crossing:signals": null, "crossing:markings": null, "parking_space": null, "addr:postcode": null, "addr:suburb": null, "description": null, "payment:pix": null, "lit": null, "oneway": null, "surface": null, "lanes": null, "sidewalk": null, "source": null, "alt_name": null, "foot": null, "smoothness": null, "building": null, "service": "parking_aisle", "bridge": null, "layer": null, "brand:wikipedia": null, "cuisine": null, "takeaway": null, "bicycle": null, "leisure": null, "highway:source": null, "building:levels": null, "note": null, "footway": null, "mapillary": null, "survey:date": null, "tactile_paving": null, "turn:lanes": null, "box_id": 1, "provider": "osmnx" }, "geometry": { "type": "LineString", "coordinates": [ [ -49.2699738, -25.4573062 ], [ -49.2700291, -25.4573388 ] ] } },
{ "type": "Feature", "properties": { "highway": "service", "amenity": null, "healthcare": null, "name": null, "brand": null, "brand:wikidata": null, "shop": null, "maxspeed": null, "addr:city": null, "addr:housenumber": null, "addr:street": null, "office": null, "website": null, "bus": null, "public_transport": null, "shelter": null, "check_date:shelter": null, "recycling:aluminium": null, "recycling:beverage_cartons": null, "recycling:books": null, "recycling:cans": null, "recycling:cardboard": null, "recycling:cartons": null, "recycling:glass": null, "recycling:glass_bottles": null, "recycling:magazines": null, "recycling:newspaper": null, "recycling:paper": null, "recycling:paper_packaging": null, "recycling:plastic": null, "recycling:plastic_bottles": null, "recycling:plastic_packaging": null, "recycling:scrap_metal": null, "recycling_type": null, "contact:email": null, "contact:phone": null, "contact:website": null, "contact:whatsapp": null, "natural": null, "opening_hours": null, "operator": null, "phone": null, "crossing": null, "crossing:signals": null, "crossing:markings": null, "parking_space": null, "addr:postcode": null, "addr:suburb": null, "description": null, "payment:pix": null, "lit": null, "oneway": "yes", "surface": "paved", "lanes": null, "sidewalk": null, "source": null, "alt_name": null, "foot": null, "smoothness": null, "building": null, "service": "driveway", "bridge": null, "layer": null, "brand:wikipedia": null, "cuisine": null, "takeaway": null, "bicycle": null, "leisure": null, "highway:source": null, "building:levels": null, "note": null, "footway": null, "mapillary": null, "survey:date": null, "tactile_paving": null, "turn:lanes": null, "box_id": 1, "provider": "osmnx" }, "geometry": { "type": "LineString", "coordinates": [ [ -49.2694986, -25.4571743 ], [ -49.2696374, -25.4572161 ], [ -49.2696444, -25.4572182 ], [ -49.269683, -25.4572295 ], [ -49.2697192, -25.45725 ], [ -49.2698372, -25.4573481 ], [ -49.2698869, -25.4573699 ], [ -49.2699123, -25.4573687 ], [ -49.2699263, -25.457361 ] ] } },
{ "type": "Feature", "properties": { "highway": "footway", "amenity": null, "healthcare": null, "name": null, "brand": null, "brand:wikidata": null, "shop": null, "maxspeed": null, "addr:city": null, "addr:housenumber": null, "addr:street": null, "office": null, "website": null, "bus": null, "public_transport": null, "shelter": null, "check_date:shelter": null, "recycling:aluminium": null, "recycling:beverage_cartons": null, "recycling:books": null, "recycling:cans": null, "recycling:cardboard": null, "recycling:cartons": null, "recycling:glass": null, "recycling:glass_bottles": null, "recycling:magazines": null, "recycling:newspaper": null, "recycling:paper": null, "recycling:paper_packaging": null, "recycling:plastic": null, "recycling:plastic_bottles": null, "recycling:plastic_packaging": null, "recycling:scrap_metal": null, "recycling_type": null, "contact:email": null, "contact:phone": null, "contact:website": null, "contact:whatsapp": null, "natural": null, "opening_hours": null, "operator": null, "phone": null, "crossing": null, "crossing:signals": null, "crossing:markings": null, "parking_space": null, "addr:postcode": null, "addr:suburb": null, "description": null, "payment:pix": null, "lit": null, "oneway": null, "surface": null, "lanes": null, "sidewalk": null, "source": null, "alt_name": null, "foot": null, "smoothness": null, "building": null, "service": null, "bridge": null, "layer": null, "brand:wikipedia": null, "cuisine": null, "takeaway": null, "bicycle": null, "leisure": null, "highway:source": null, "building:levels": null, "note": null, "footway": "sidewalk", "mapillary": null, "survey:date": null, "tactile_paving": null, "turn:lanes": null, "box_id": 1, "provider": "osmnx" }, "geometry": { "type": "LineString", "coordinates": [ [ -49.2694903, -25.457079 ], [ -49.269547, -25.4571302 ], [ -49.2696444, -25.4572182 ], [ -49.269689, -25.4572583 ] ] } },
{ "type": "Feature", "properties": { "highway": "footway", "amenity": null, "healthcare": null, "name": null, "brand": null, "brand:wikidata": null, "shop": null, "maxspeed": null, "addr:city": null, "addr:housenumber": null, "addr:street": null, "office": null, "website": null, "bus": null, "public_transport": null, "shelter": null, "check_date:shelter": null, "recycling:aluminium": null, "recycling:beverage_cartons": null, "recycling:books": null, "recycling:cans": null, "recycling:cardboard": null, "recycling:cartons": null, "recycling:glass": null, "recycling:glass_bottles": null, "recycling:magazines": null, "recycling:newspaper": null, "recycling:paper": null, "recycling:paper_packaging": null, "recycling:plastic": null, "recycling:plastic_bottles": null, "recycling:plastic_packaging": null, "recycling:scrap_metal": null, "recycling_type": null, "contact:email": null, "contact:phone": null, "contact:website": null, "contact:whatsapp": null, "natural": null, "opening_hours": null, "operator": null, "phone": null, "crossing": null, "crossing:signals": null, "crossing:markings": null, "parking_space": null, "addr:postcode": null, "addr:suburb": null, "description": null, "payment:pix": null, "lit": null, "oneway": null, "surface": null, "lanes": null, "sidewalk": null, "source": null, "alt_name": null, "foot": null, "smoothness": null, "building": null, "service": null, "bridge": null, "layer": null, "brand:wikipedia": null, "cuisine": null, "takeaway": null, "bicycle": null, "leisure": null, "highway:source": null, "building:levels": null, "note": null, "footway": "crossing", "mapillary": null, "survey:date": null, "tactile_paving": null, "turn:lanes": null, "box_id": 1, "provider": "osmnx" }, "geometry": { "type": "LineString", "coordinates": [ [ -49.2694046, -25.4570894 ], [ -49.2693236, -25.4571748 ] ] } },
{ "type": "Feature", "properties": { "highway": "footway", "amenity": null, "healthcare": null, "name": null, "brand": null, "brand:wikidata": null, "shop": null, "maxspeed": null, "addr:city": null, "addr:housenumber": null, "addr:street": null, "office": null, "website": null, "bus": null, "public_transport": null, "shelter": null, "check_date:shelter": null, "recycling:aluminium": null, "recycling:beverage_cartons": null, "recycling:books": null, "recycling:cans": null, "recycling:cardboard": null, "recycling:cartons": null, "recycling:glass": null, "recycling:glass_bottles": null, "recycling:magazines": null, "recycling:newspaper": null, "recycling:paper": null, "recycling:paper_packaging": null, "recycling:plastic": null, "recycling:plastic_bottles": null, "recycling:plastic_packaging": null, "recycling:scrap_metal": null, "recycling_type": null, "contact:email": null, "contact:phone": null, "contact:website": null, "contact:whatsapp": null, "natural": null, "opening_hours": null, "operator": null, "phone": null, "crossing": null, "crossing:signals": null, "crossing:markings": null, "parking_space": null, "addr:postcode": null, "addr:suburb": null, "description": null, "payment:pix": null, "lit": null, "oneway": null, "surface": null, "lanes": null, "sidewalk": null, "source": null, "alt_name": null, "foot": null, "smoothness": null, "building": null, "service": null, "bridge": null, "layer": null, "brand:wikipedia": null, "cuisine": null, "takeaway": null, "bicycle": null, "leisure": null, "highway:source": null, "building:levels": null, "note": null, "footway": "sidewalk", "mapillary": null, "survey:date": null, "tactile_paving": null, "turn:lanes": null, "box_id": 1, "provider": "osmnx" }, "geometry": { "type": "LineString", "coordinates": [ [ -49.2702851, -25.4577963 ], [ -49.2704839, -25.4579757 ] ] } },
{ "type": "Feature", "properties": { "highway": "footway", "amenity": null, "healthcare": null, "name": null, "brand": null, "brand:wikidata": null, "shop": null, "maxspeed": null, "addr:city": null, "addr:housenumber": null, "addr:street": null, "office": null, "website": null, "bus": null, "public_transport": null, "shelter": null, "check_date:shelter": null, "recycling:aluminium": null, "recycling:beverage_cartons": null, "recycling:books": null, "recycling:cans": null, "recycling:cardboard": null, "recycling:cartons": null, "recycling:glass": null, "recycling:glass_bottles": null, "recycling:magazines": null, "recycling:newspaper": null, "recycling:paper": null, "recycling:paper_packaging": null, "recycling:plastic": null, "recycling:plastic_bottles": null, "recycling:plastic_packaging": null, "recycling:scrap_metal": null, "recycling_type": null, "contact:email": null, "contact:phone": null, "contact:website": null, "contact:whatsapp": null, "natural": null, "opening_hours": null, "operator": null, "phone": null, "crossing": null, "crossing:signals": null, "crossing:markings": null, "parking_space": null, "addr:postcode": null, "addr:suburb": null, "description": null, "payment:pix": null, "lit": null, "oneway": null, "surface": null, "lanes": null, "sidewalk": null, "source": null, "alt_name": null, "foot": null, "smoothness": null, "building": null, "service": null, "bridge": null, "layer": null, "brand:wikipedia": null, "cuisine": null, "takeaway": null, "bicycle": null, "leisure": null, "highway:source": null, "building:levels": null, "note": null, "footway": "sidewalk", "mapillary": null, "survey:date": null, "tactile_paving": null, "turn:lanes": null, "box_id": 1, "provider": "osmnx" }, "geometry": { "type": "LineString", "coordinates": [ [ -49.2700864, -25.457617 ], [ -49.2701508, -25.4576751 ], [ -49.270207, -25.4577258 ], [ -49.2702851, -25.4577963 ] ] } },
{ "type": "Feature", "properties": { "highway": "service", "amenity": null, "healthcare": null, "name": null, "brand": null, "brand:wikidata": null, "shop": null, "maxspeed": null, "addr:city": null, "addr:housenumber": null, "addr:street": null, "office": null, "website": null, "bus": null, "public_transport": null, "shelter": null, "check_date:shelter": null, "recycling:aluminium": null, "recycling:beverage_cartons": null, "recycling:books": null, "recycling:cans": null, "recycling:cardboard": null, "recycling:cartons": null, "recycling:glass": null, "recycling:glass_bottles": null, "recycling:magazines": null, "recycling:newspaper": null, "recycling:paper": null, "recycling:paper_packaging": null, "recycling:plastic": null, "recycling:plastic_bottles": null, "recycling:plastic_packaging": null, "recycling:scrap_metal": null, "recycling_type": null, "contact:email": null, "contact:phone": null, "contact:website": null, "contact:whatsapp": null, "natural": null, "opening_hours": null, "operator": null, "phone": null, "crossing": null, "crossing:signals": null, "crossing:markings": null, "parking_space": null, "addr:postcode": null, "addr:suburb": null, "description": null, "payment:pix": null, "lit": null, "oneway": "yes", "surface": "paved", "lanes": null, "sidewalk": null, "source": null, "alt_name": null, "foot": null, "smoothness": null, "building": null, "service": "driveway", "bridge": null, "layer": null, "brand:wikipedia": null, "cuisine": null, "takeaway": null, "bicycle": null, "leisure": null, "highway:source": null, "building:levels": null, "note": null, "footway": null, "mapillary": null, "survey:date": null, "tactile_paving": null, "turn:lanes": null, "box_id": 1, "provider": "osmnx" }, "geometry": { "type": "LineString", "coordinates": [ [ -49.2700163, -25.4574432 ], [ -49.2700062, -25.4574765 ], [ -49.2700156, -25.4575104 ], [ -49.2700451, -25.4575516 ], [ -49.270088, -25.4575818 ], [ -49.2701216, -25.457606 ], [ -49.2701484, -25.4576424 ], [ -49.2701508, -25.4576751 ], [ -49.2701584, -25.4577701 ] ] } },
{ "type": "Feature", "properties": { "highway": "service", "amenity": null, "healthcare": null, "name": null, "brand": null, "brand:wikidata": null, "shop": null, "maxspeed": null, "addr:city": null, "addr:housenumber": null, "addr:street": null, "office": null, "website": null, "bus": null, "public_transport": null, "shelter": null, "check_date:shelter": null, "recycling:aluminium": null, "recycling:beverage_cartons": null, "recycling:books": null, "recycling:cans": null, "recycling:cardboard": null, "recycling:cartons": null, "recycling:glass": null, "recycling:glass_bottles": null, "recycling:magazines": null, "recycling:newspaper": null, "recycling:paper": null, "recycling:paper_packaging": null, "recycling:plastic": null, "recycling:plastic_bottles": null, "recycling:plastic_packaging": null, "recycling:scrap_metal": null, "recycling_type": null, "contact:email": null, "contact:phone": null, "contact:website": null, "contact:whatsapp": null, "natural": null, "opening_hours": null, "operator": null, "phone": null, "crossing": null, "crossing:signals": null, "crossing:markings": null, "parking_space": null, "addr:postcode": null, "addr:suburb": null, "description": null, "payment:pix": null, "lit": null, "oneway": "yes", "surface": "paved", "lanes": null, "sidewalk": null, "source": null, "alt_name": null, "foot": null, "smoothness": null, "building": null, "service": "parking_aisle", "bridge": null, "layer": null, "brand:wikipedia": null, "cuisine": null, "takeaway": null, "bicycle": null, "leisure": null, "highway:source": null, "building:levels": null, "note": null, "footway": null, "mapillary": null, "survey:date": null, "tactile_paving": null, "turn:lanes": null, "box_id": 1, "provider": "osmnx" }, "geometry": { "type": "LineString", "coordinates": [ [ -49.2699263, -25.457361 ], [ -49.2699738, -25.4573062 ], [ -49.2699133, -25.4572321 ], [ -49.2698187, -25.4571162 ], [ -49.2702673, -25.4569112 ], [ -49.2703623, -25.4570006 ], [ -49.2704611, -25.4570937 ], [ -49.2700291, -25.4573388 ], [ -49.2700735, -25.4573988 ], [ -49.2700163, -25.4574432 ] ] } },
{ "type": "Feature", "properties": { "highway": "footway", "amenity": null, "healthcare": null, "name": null, "brand": null, "brand:wikidata": null, "shop": null, "maxspeed": null, "addr:city": null, "addr:housenumber": null, "addr:street": null, "office": null, "website": null, "bus": null, "public_transport": null, "shelter": null, "check_date:shelter": null, "recycling:aluminium": null, "recycling:beverage_cartons": null, "recycling:books": null, "recycling:cans": null, "recycling:cardboard": null, "recycling:cartons": null, "recycling:glass": null, "recycling:glass_bottles": null, "recycling:magazines": null, "recycling:newspaper": null, "recycling:paper": null, "recycling:paper_packaging": null, "recycling:plastic": null, "recycling:plastic_bottles": null, "recycling:plastic_packaging": null, "recycling:scrap_metal": null, "recycling_type": null, "contact:email": null, "contact:phone": null, "contact:website": null, "contact:whatsapp": null, "natural": null, "opening_hours": null, "operator": null, "phone": null, "crossing": null, "crossing:signals": null, "crossing:markings": null, "parking_space": null, "addr:postcode": null, "addr:suburb": null, "description": null, "payment:pix": null, "lit": null, "oneway": null, "surface": null, "lanes": null, "sidewalk": null, "source": null, "alt_name": null, "foot": null, "smoothness": null, "building": null, "service": null, "bridge": null, "layer": null, "brand:wikipedia": null, "cuisine": null, "takeaway": null, "bicycle": null, "leisure": null, "highway:source": null, "building:levels": null, "note": null, "footway": "sidewalk", "mapillary": null, "survey:date": null, "tactile_paving": null, "turn:lanes": null, "box_id": 1, "provider": "osmnx" }, "geometry": { "type": "LineString", "coordinates": [ [ -49.2711041, -25.4572892 ], [ -49.2710941, -25.4572729 ], [ -49.2710321, -25.4571729 ], [ -49.2709612, -25.4570584 ] ] } },
{ "type": "Feature", "properties": { "highway": "service", "amenity": null, "healthcare": null, "name": null, "brand": null, "brand:wikidata": null, "shop": null, "maxspeed": null, "addr:city": null, "addr:housenumber": null, "addr:street": null, "office": null, "website": null, "bus": null, "public_transport": null, "shelter": null, "check_date:shelter": null, "recycling:aluminium": null, "recycling:beverage_cartons": null, "recycling:books": null, "recycling:cans": null, "recycling:cardboard": null, "recycling:cartons": null, "recycling:glass": null, "recycling:glass_bottles": null, "recycling:magazines": null, "recycling:newspaper": null, "recycling:paper": null, "recycling:paper_packaging": null, "recycling:plastic": null, "recycling:plastic_bottles": null, "recycling:plastic_packaging": null, "recycling:scrap_metal": null, "recycling_type": null, "contact:email": null, "contact:phone": null, "contact:website": null, "contact:whatsapp": null, "natural": null, "opening_hours": null, "operator": null, "phone": null, "crossing": null, "crossing:signals": null, "crossing:markings": null, "parking_space": null, "addr:postcode": null, "addr:suburb": null, "description": null, "payment:pix": null, "lit": null, "oneway": null, "surface": null, "lanes": null, "sidewalk": null, "source": null, "alt_name": null, "foot": null, "smoothness": null, "building": null, "service": "parking_aisle", "bridge": null, "layer": null, "brand:wikipedia": null, "cuisine": null, "takeaway": null, "bicycle": null, "leisure": null, "highway:source": null, "building:levels": null, "note": null, "footway": null, "mapillary": null, "survey:date": null, "tactile_paving": null, "turn:lanes": null, "box_id": 1, "provider": "osmnx" }, "geometry": { "type": "LineString", "coordinates": [ [ -49.2699133, -25.4572321 ], [ -49.2703623, -25.4570006 ] ] } },
{ "type": "Feature", "properties": { "highway": "footway", "amenity": null, "healthcare": null, "name": null, "brand": null, "brand:wikidata": null, "shop": null, "maxspeed": null, "addr:city": null, "addr:housenumber": null, "addr:street": null, "office": null, "website": null, "bus": null, "public_transport": null, "shelter": null, "check_date:shelter": null, "recycling:aluminium": null, "recycling:beverage_cartons": null, "recycling:books": null, "recycling:cans": null, "recycling:cardboard": null, "recycling:cartons": null, "recycling:glass": null, "recycling:glass_bottles": null, "recycling:magazines": null, "recycling:newspaper": null, "recycling:paper": null, "recycling:paper_packaging": null, "recycling:plastic": null, "recycling:plastic_bottles": null, "recycling:plastic_packaging": null, "recycling:scrap_metal": null, "recycling_type": null, "contact:email": null, "contact:phone": null, "contact:website": null, "contact:whatsapp": null, "natural": null, "opening_hours": null, "operator": null, "phone": null, "crossing": null, "crossing:signals": null, "crossing:markings": null, "parking_space": null, "addr:postcode": null, "addr:suburb": null, "description": null, "payment:pix": null, "lit": null, "oneway": null, "surface": null, "lanes": null, "sidewalk": null, "source": null, "alt_name": null, "foot": null, "smoothness": null, "building": null, "service": null, "bridge": null, "layer": null, "brand:wikipedia": null, "cuisine": null, "takeaway": null, "bicycle": null, "leisure": null, "highway:source": null, "building:levels": null, "note": null, "footway": "sidewalk", "mapillary": null, "survey:date": null, "tactile_paving": null, "turn:lanes": null, "box_id": 1, "provider": "osmnx" }, "geometry": { "type": "LineString", "coordinates": [ [ -49.2709736, -25.4568217 ], [ -49.2709617, -25.4568261 ], [ -49.2709555, -25.4568316 ], [ -49.2709513, -25.4568384 ], [ -49.2709494, -25.4568461 ], [ -49.2709501, -25.456854 ], [ -49.2709515, -25.4568573 ], [ -49.2709532, -25.4568613 ], [ -49.2711013, -25.4571004 ] ] } },
{ "type": "Feature", "properties": { "highway": "footway", "amenity": null, "healthcare": null, "name": null, "brand": null, "brand:wikidata": null, "shop": null, "maxspeed": null, "addr:city": null, "addr:housenumber": null, "addr:street": null, "office": null, "website": null, "bus": null, "public_transport": null, "shelter": null, "check_date:shelter": null, "recycling:aluminium": null, "recycling:beverage_cartons": null, "recycling:books": null, "recycling:cans": null, "recycling:cardboard": null, "recycling:cartons": null, "recycling:glass": null, "recycling:glass_bottles": null, "recycling:magazines": null, "recycling:newspaper": null, "recycling:paper": null, "recycling:paper_packaging": null, "recycling:plastic": null, "recycling:plastic_bottles": null, "recycling:plastic_packaging": null, "recycling:scrap_metal": null, "recycling_type": null, "contact:email": null, "contact:phone": null, "contact:website": null, "contact:whatsapp": null, "natural": null, "opening_hours": null, "operator": null, "phone": null, "crossing": null, "crossing:signals": null, "crossing:markings": null, "parking_space": null, "addr:postcode": null, "addr:suburb": null, "description": null, "payment:pix": null, "lit": null, "oneway": null, "surface": null, "lanes": null, "sidewalk": null, "source": null, "alt_name": null, "foot": null, "smoothness": null, "building": null, "service": null, "bridge": null, "layer": null, "brand:wikipedia": null, "cuisine": null, "takeaway": null, "bicycle": null, "leisure": null, "highway:source": null, "building:levels": null, "note": null, "footway": "sidewalk", "mapillary": null, "survey:date": null, "tactile_paving": null, "turn:lanes": null, "box_id": 1, "provider": "osmnx" }, "geometry": { "type": "LineString", "coordinates": [ [ -49.2709612, -25.4570584 ], [ -49.2708392, -25.4568614 ], [ -49.2708268, -25.4568415 ] ] } },
{ "type": "Feature", "properties": { "highway": "footway", "amenity": null, "healthcare": null, "name": null, "brand": null, "brand:wikidata": null, "shop": null, "maxspeed": null, "addr:city": null, "addr:housenumber": null, "addr:street": null, "office": null, "website": null, "bus": null, "public_transport": null, "shelter": null, "check_date:shelter": null, "recycling:aluminium": null, "recycling:beverage_cartons": null, "recycling:books": null, "recycling:cans": null, "recycling:cardboard": null, "recycling:cartons": null, "recycling:glass": null, "recycling:glass_bottles": null, "recycling:magazines": null, "recycling:newspaper": null, "recycling:paper": null, "recycling:paper_packaging": null, "recycling:plastic": null, "recycling:plastic_bottles": null, "recycling:plastic_packaging": null, "recycling:scrap_metal": null, "recycling_type": null, "contact:email": null, "contact:phone": null, "contact:website": null, "contact:whatsapp": null, "natural": null, "opening_hours": null, "operator": null, "phone": null, "crossing": null, "crossing:signals": null, "crossing:markings": null, "parking_space": null, "addr:postcode": null, "addr:suburb": null, "description": null, "payment:pix": null, "lit": null, "oneway": null, "surface": null, "lanes": null, "sidewalk": null, "source": null, "alt_name": null, "foot": null, "smoothness": null, "building": null, "service": null, "bridge": null, "layer": null, "brand:wikipedia": null, "cuisine": null, "takeaway": null, "bicycle": null, "leisure": null, "highway:source": null, "building:levels": null, "note": null, "footway": "crossing", "mapillary": null, "survey:date": null, "tactile_paving": null, "turn:lanes": null, "box_id": 1, "provider": "osmnx" }, "geometry": { "type": "LineString", "coordinates": [ [ -49.2709515, -25.4568573 ], [ -49.2709345, -25.4568579 ], [ -49.2708949, -25.4568594 ], [ -49.2708559, -25.4568608 ], [ -49.2708392, -25.4568614 ] ] } },
{ "type": "Feature", "properties": { "highway": "footway", "amenity": null, "healthcare": null, "name": null, "brand": null, "brand:wikidata": null, "shop": null, "maxspeed": null, "addr:city": null, "addr:housenumber": null, "addr:street": null, "office": null, "website": null, "bus": null, "public_transport": null, "shelter": null, "check_date:shelter": null, "recycling:aluminium": null, "recycling:beverage_cartons": null, "recycling:books": null, "recycling:cans": null, "recycling:cardboard": null, "recycling:cartons": null, "recycling:glass": null, "recycling:glass_bottles": null, "recycling:magazines": null, "recycling:newspaper": null, "recycling:paper": null, "recycling:paper_packaging": null, "recycling:plastic": null, "recycling:plastic_bottles": null, "recycling:plastic_packaging": null, "recycling:scrap_metal": null, "recycling_type": null, "contact:email": null, "contact:phone": null, "contact:website": null, "contact:whatsapp": null, "natural": null, "opening_hours": null, "operator": null, "phone": null, "crossing": null, "crossing:signals": null, "crossing:markings": null, "parking_space": null, "addr:postcode": null, "addr:suburb": null, "description": null, "payment:pix": null, "lit": null, "oneway": null, "surface": null, "lanes": null, "sidewalk": null, "source": null, "alt_name": null, "foot": null, "smoothness": null, "building": null, "service": null, "bridge": null, "layer": null, "brand:wikipedia": null, "cuisine": null, "takeaway": null, "bicycle": null, "leisure": null, "highway:source": null, "building:levels": null, "note": null, "footway": "sidewalk", "mapillary": null, "survey:date": null, "tactile_paving": null, "turn:lanes": null, "box_id": 1, "provider": "osmnx" }, "geometry": { "type": "LineString", "coordinates": [ [ -49.2702691, -25.4568432 ], [ -49.2699873, -25.4568517 ] ] } },
{ "type": "Feature", "properties": { "highway": "primary", "amenity": null, "healthcare": null, "name": "Rua Brigadeiro Franco", "brand": null, "brand:wikidata": null, "shop": null, "maxspeed": null, "addr:city": null, "addr:housenumber": null, "addr:street": null, "office": null, "website": null, "bus": null, "public_transport": null, "shelter": null, "check_date:shelter": null, "recycling:aluminium": null, "recycling:beverage_cartons": null, "recycling:books": null, "recycling:cans": null, "recycling:cardboard": null, "recycling:cartons": null, "recycling:glass": null, "recycling:glass_bottles": null, "recycling:magazines": null, "recycling:newspaper": null, "recycling:paper": null, "recycling:paper_packaging": null, "recycling:plastic": null, "recycling:plastic_bottles": null, "recycling:plastic_packaging": null, "recycling:scrap_metal": null, "recycling_type": null, "contact:email": null, "contact:phone": null, "contact:website": null, "contact:whatsapp": null, "natural": null, "opening_hours": null, "operator": null, "phone": null, "crossing": null, "crossing:signals": null, "crossing:markings": null, "parking_space": null, "addr:postcode": null, "addr:suburb": null, "description": null, "payment:pix": null, "lit": "yes", "oneway": "yes", "surface": null, "lanes": "3", "sidewalk": null, "source": null, "alt_name": null, "foot": "no", "smoothness": null, "building": null, "service": null, "bridge": null, "layer": null, "brand:wikipedia": null, "cuisine": null, "takeaway": null, "bicycle": null, "leisure": null, "highway:source": null, "building:levels": null, "note": null, "footway": null, "mapillary": null, "survey:date": null, "tactile_paving": null, "turn:lanes": null, "box_id": 1, "provider": "osmnx" }, "geometry": { "type": "LineString", "coordinates": [ [ -49.2692396, -25.457099 ], [ -49.2692727, -25.457052 ] ] } },
{ "type": "Feature", "properties": { "highway": "primary", "amenity": null, "healthcare": null, "name": "Rua Brigadeiro Franco", "brand": null, "brand:wikidata": null, "shop": null, "maxspeed": null, "addr:city": null, "addr:housenumber": null, "addr:street": null, "office": null, "website": null, "bus": null, "public_transport": null, "shelter": null, "check_date:shelter": null, "recycling:aluminium": null, "recycling:beverage_cartons": null, "recycling:books": null, "recycling:cans": null, "recycling:cardboard": null, "recycling:cartons": null, "recycling:glass": null, "recycling:glass_bottles": null, "recycling:magazines": null, "recycling:newspaper": null, "recycling:paper": null, "recycling:paper_packaging": null, "recycling:plastic": null, "recycling:plastic_bottles": null, "recycling:plastic_packaging": null, "recycling:scrap_metal": null, "recycling_type": null, "contact:email": null, "contact:phone": null, "contact:website": null, "contact:whatsapp": null, "natural": null, "opening_hours": null, "operator": null, "phone": null, "crossing": null, "crossing:signals": null, "crossing:markings": null, "parking_space": null, "addr:postcode": null, "addr:suburb": null, "description": null, "payment:pix": null, "lit": "yes", "oneway": "yes", "surface": null, "lanes": "3", "sidewalk": null, "source": null, "alt_name": null, "foot": "no", "smoothness": null, "building": null, "service": null, "bridge": null, "layer": null, "brand:wikipedia": null, "cuisine": null, "takeaway": null, "bicycle": null, "leisure": null, "highway:source": null, "building:levels": null, "note": null, "footway": null, "mapillary": null, "survey:date": null, "tactile_paving": null, "turn:lanes": null, "box_id": 1, "provider": "osmnx" }, "geometry": { "type": "LineString", "coordinates": [ [ -49.2692727, -25.457052 ], [ -49.2693084, -25.4570025 ] ] } },
{ "type": "Feature", "properties": { "highway": "footway", "amenity": null, "healthcare": null, "name": null, "brand": null, "brand:wikidata": null, "shop": null, "maxspeed": null, "addr:city": null, "addr:housenumber": null, "addr:street": null, "office": null, "website": null, "bus": null, "public_transport": null, "shelter": null, "check_date:shelter": null, "recycling:aluminium": null, "recycling:beverage_cartons": null, "recycling:books": null, "recycling:cans": null, "recycling:cardboard": null, "recycling:cartons": null, "recycling:glass": null, "recycling:glass_bottles": null, "recycling:magazines": null, "recycling:newspaper": null, "recycling:paper": null, "recycling:paper_packaging": null, "recycling:plastic": null, "recycling:plastic_bottles": null, "recycling:plastic_packaging": null, "recycling:scrap_metal": null, "recycling_type": null, "contact:email": null, "contact:phone": null, "contact:website": null, "contact:whatsapp": null, "natural": null, "opening_hours": null, "operator": null, "phone": null, "crossing": null, "crossing:signals": null, "crossing:markings": null, "parking_space": null, "addr:postcode": null, "addr:suburb": null, "description": null, "payment:pix": null, "lit": null, "oneway": null, "surface": null, "lanes": null, "sidewalk": null, "source": null, "alt_name": null, "foot": null, "smoothness": null, "building": null, "service": null, "bridge": null, "layer": null, "brand:wikipedia": null, "cuisine": null, "takeaway": null, "bicycle": null, "leisure": null, "highway:source": null, "building:levels": null, "note": null, "footway": "crossing", "mapillary": null, "survey:date": null, "tactile_paving": null, "turn:lanes": null, "box_id": 1, "provider": "osmnx" }, "geometry": { "type": "LineString", "coordinates": [ [ -49.2692444, -25.4569448 ], [ -49.2691632, -25.4570301 ] ] } },
{ "type": "Feature", "properties": { "highway": "footway", "amenity": null, "healthcare": null, "name": null, "brand": null, "brand:wikidata": null, "shop": null, "maxspeed": null, "addr:city": null, "addr:housenumber": null, "addr:street": null, "office": null, "website": null, "bus": null, "public_transport": null, "shelter": null, "check_date:shelter": null, "recycling:aluminium": null, "recycling:beverage_cartons": null, "recycling:books": null, "recycling:cans": null, "recycling:cardboard": null, "recycling:cartons": null, "recycling:glass": null, "recycling:glass_bottles": null, "recycling:magazines": null, "recycling:newspaper": null, "recycling:paper": null, "recycling:paper_packaging": null, "recycling:plastic": null, "recycling:plastic_bottles": null, "recycling:plastic_packaging": null, "recycling:scrap_metal": null, "recycling_type": null, "contact:email": null, "contact:phone": null, "contact:website": null, "contact:whatsapp": null, "natural": null, "opening_hours": null, "operator": null, "phone": null, "crossing": null, "crossing:signals": null, "crossing:markings": null, "parking_space": null, "addr:postcode": null, "addr:suburb": null, "description": null, "payment:pix": null, "lit": null, "oneway": null, "surface": null, "lanes": null, "sidewalk": null, "source": null, "alt_name": null, "foot": null, "smoothness": null, "building": null, "service": null, "bridge": null, "layer": null, "brand:wikipedia": null, "cuisine": null, "takeaway": null, "bicycle": null, "leisure": null, "highway:source": null, "building:levels": null, "note": null, "footway": "sidewalk", "mapillary": null, "survey:date": null, "tactile_paving": null, "turn:lanes": null, "box_id": 1, "provider": "osmnx" }, "geometry": { "type": "LineString", "coordinates": [ [ -49.2694415, -25.4568896 ], [ -49.2694337, -25.4568985 ], [ -49.2693968, -25.4569692 ], [ -49.2693942, -25.4569772 ], [ -49.2693944, -25.4569855 ], [ -49.2693973, -25.4569933 ], [ -49.2694028, -25.457 ], [ -49.2694492, -25.4570419 ], [ -49.2694903, -25.457079 ] ] } },
{ "type": "Feature", "properties": { "highway": "footway", "amenity": null, "healthcare": null, "name": null, "brand": null, "brand:wikidata": null, "shop": null, "maxspeed": null, "addr:city": null, "addr:housenumber": null, "addr:street": null, "office": null, "website": null, "bus": null, "public_transport": null, "shelter": null, "check_date:shelter": null, "recycling:aluminium": null, "recycling:beverage_cartons": null, "recycling:books": null, "recycling:cans": null, "recycling:cardboard": null, "recycling:cartons": null, "recycling:glass": null, "recycling:glass_bottles": null, "recycling:magazines": null, "recycling:newspaper": null, "recycling:paper": null, "recycling:paper_packaging": null, "recycling:plastic": null, "recycling:plastic_bottles": null, "recycling:plastic_packaging": null, "recycling:scrap_metal": null, "recycling_type": null, "contact:email": null, "contact:phone": null, "contact:website": null, "contact:whatsapp": null, "natural": null, "opening_hours": null, "operator": null, "phone": null, "crossing": null, "crossing:signals": null, "crossing:markings": null, "parking_space": null, "addr:postcode": null, "addr:suburb": null, "description": null, "payment:pix": null, "lit": null, "oneway": null, "surface": null, "lanes": null, "sidewalk": null, "source": null, "alt_name": null, "foot": null, "smoothness": null, "building": null, "service": null, "bridge": null, "layer": null, "brand:wikipedia": null, "cuisine": null, "takeaway": null, "bicycle": null, "leisure": null, "highway:source": null, "building:levels": null, "note": null, "footway": "sidewalk", "mapillary": null, "survey:date": null, "tactile_paving": null, "turn:lanes": null, "box_id": 1, "provider": "osmnx" }, "geometry": { "type": "LineString", "coordinates": [ [ -49.2697056, -25.4568602 ], [ -49.2695904, -25.4568636 ], [ -49.2695886, -25.4568637 ], [ -49.2695379, -25.4568681 ], [ -49.2695359, -25.4568683 ], [ -49.2694776, -25.4568768 ], [ -49.269476, -25.4568772 ], [ -49.269473, -25.4568779 ], [ -49.2694512, -25.4568844 ], [ -49.2694415, -25.4568896 ] ] } },
{ "type": "Feature", "properties": { "highway": "footway", "amenity": null, "healthcare": null, "name": null, "brand": null, "brand:wikidata": null, "shop": null, "maxspeed": null, "addr:city": null, "addr:housenumber": null, "addr:street": null, "office": null, "website": null, "bus": null, "public_transport": null, "shelter": null, "check_date:shelter": null, "recycling:aluminium": null, "recycling:beverage_cartons": null, "recycling:books": null, "recycling:cans": null, "recycling:cardboard": null, "recycling:cartons": null, "recycling:glass": null, "recycling:glass_bottles": null, "recycling:magazines": null, "recycling:newspaper": null, "recycling:paper": null, "recycling:paper_packaging": null, "recycling:plastic": null, "recycling:plastic_bottles": null, "recycling:plastic_packaging": null, "recycling:scrap_metal": null, "recycling_type": null, "contact:email": null, "contact:phone": null, "contact:website": null, "contact:whatsapp": null, "natural": null, "opening_hours": null, "operator": null, "phone": null, "crossing": null, "crossing:signals": null, "crossing:markings": null, "parking_space": null, "addr:postcode": null, "addr:suburb": null, "description": null, "payment:pix": null, "lit": null, "oneway": null, "surface": null, "lanes": null, "sidewalk": null, "source": null, "alt_name": null, "foot": null, "smoothness": null, "building": null, "service": null, "bridge": null, "layer": null, "brand:wikipedia": null, "cuisine": null, "takeaway": null, "bicycle": null, "leisure": null, "highway:source": null, "building:levels": null, "note": null, "footway": "sidewalk", "mapillary": null, "survey:date": null, "tactile_paving": null, "turn:lanes": null, "box_id": 1, "provider": "osmnx" }, "geometry": { "type": "LineString", "coordinates": [ [ -49.2699873, -25.4568517 ], [ -49.2697056, -25.4568602 ] ] } },
{ "type": "Feature", "properties": { "highway": "footway", "amenity": null, "healthcare": null, "name": null, "brand": null, "brand:wikidata": null, "shop": null, "maxspeed": null, "addr:city": null, "addr:housenumber": null, "addr:street": null, "office": null, "website": null, "bus": null, "public_transport": null, "shelter": null, "check_date:shelter": null, "recycling:aluminium": null, "recycling:beverage_cartons": null, "recycling:books": null, "recycling:cans": null, "recycling:cardboard": null, "recycling:cartons": null, "recycling:glass": null, "recycling:glass_bottles": null, "recycling:magazines": null, "recycling:newspaper": null, "recycling:paper": null, "recycling:paper_packaging": null, "recycling:plastic": null, "recycling:plastic_bottles": null, "recycling:plastic_packaging": null, "recycling:scrap_metal": null, "recycling_type": null, "contact:email": null, "contact:phone": null, "contact:website": null, "contact:whatsapp": null, "natural": null, "opening_hours": null, "operator": null, "phone": null, "crossing": null, "crossing:signals": null, "crossing:markings": null, "parking_space": null, "addr:postcode": null, "addr:suburb": null, "description": null, "payment:pix": null, "lit": null, "oneway": null, "surface": null, "lanes": null, "sidewalk": null, "source": null, "alt_name": null, "foot": null, "smoothness": null, "building": null, "service": null, "bridge": null, "layer": null, "brand:wikipedia": null, "cuisine": null, "takeaway": null, "bicycle": null, "leisure": null, "highway:source": null, "building:levels": null, "note": null, "footway": "crossing", "mapillary": null, "survey:date": null, "tactile_paving": null, "turn:lanes": null, "box_id": 1, "provider": "osmnx" }, "geometry": { "type": "LineString", "coordinates": [ [ -49.2695223, -25.4567751 ], [ -49.2695151, -25.456791 ], [ -49.2694983, -25.4568281 ], [ -49.2694827, -25.4568625 ], [ -49.269476, -25.4568772 ] ] } },
{ "type": "Feature", "properties": { "highway": "footway", "amenity": null, "healthcare": null, "name": null, "brand": null, "brand:wikidata": null, "shop": null, "maxspeed": null, "addr:city": null, "addr:housenumber": null, "addr:street": null, "office": null, "website": null, "bus": null, "public_transport": null, "shelter": null, "check_date:shelter": null, "recycling:aluminium": null, "recycling:beverage_cartons": null, "recycling:books": null, "recycling:cans": null, "recycling:cardboard": null, "recycling:cartons": null, "recycling:glass": null, "recycling:glass_bottles": null, "recycling:magazines": null, "recycling:newspaper": null, "recycling:paper": null, "recycling:paper_packaging": null, "recycling:plastic": null, "recycling:plastic_bottles": null, "recycling:plastic_packaging": null, "recycling:scrap_metal": null, "recycling_type": null, "contact:email": null, "contact:phone": null, "contact:website": null, "contact:whatsapp": null, "natural": null, "opening_hours": null, "operator": null, "phone": null, "crossing": null, "crossing:signals": null, "crossing:markings": null, "parking_space": null, "addr:postcode": null, "addr:suburb": null, "description": null, "payment:pix": null, "lit": null, "oneway": null, "surface": null, "lanes": null, "sidewalk": null, "source": null, "alt_name": null, "foot": null, "smoothness": null, "building": null, "service": null, "bridge": null, "layer": null, "brand:wikipedia": null, "cuisine": null, "takeaway": null, "bicycle": "yes", "leisure": null, "highway:source": null, "building:levels": null, "note": null, "footway": null, "mapillary": null, "survey:date": null, "tactile_paving": null, "turn:lanes": null, "box_id": 1, "provider": "osmnx" }, "geometry": { "type": "LineString", "coordinates": [ [ -49.2687526, -25.4568087 ], [ -49.2689156, -25.4568067 ] ] } },
{ "type": "Feature", "properties": { "highway": "residential", "amenity": null, "healthcare": null, "name": "Rua Ceará", "brand": null, "brand:wikidata": null, "shop": null, "maxspeed": null, "addr:city": null, "addr:housenumber": null, "addr:street": null, "office": null, "website": null, "bus": null, "public_transport": null, "shelter": null, "check_date:shelter": null, "recycling:aluminium": null, "recycling:beverage_cartons": null, "recycling:books": null, "recycling:cans": null, "recycling:cardboard": null, "recycling:cartons": null, "recycling:glass": null, "recycling:glass_bottles": null, "recycling:magazines": null, "recycling:newspaper": null, "recycling:paper": null, "recycling:paper_packaging": null, "recycling:plastic": null, "recycling:plastic_bottles": null, "recycling:plastic_packaging": null, "recycling:scrap_metal": null, "recycling_type": null, "contact:email": null, "contact:phone": null, "contact:website": null, "contact:whatsapp": null, "natural": null, "opening_hours": null, "operator": null, "phone": null, "crossing": null, "crossing:signals": null, "crossing:markings": null, "parking_space": null, "addr:postcode": null, "addr:suburb": null, "description": null, "payment:pix": null, "lit": null, "oneway": "no", "surface": null, "lanes": null, "sidewalk": null, "source": null, "alt_name": null, "foot": null, "smoothness": null, "building": null, "service": null, "bridge": null, "layer": null, "brand:wikipedia": null, "cuisine": null, "takeaway": null, "bicycle": null, "leisure": null, "highway:source": null, "building:levels": null, "note": null, "footway": null, "mapillary": null, "survey:date": null, "tactile_paving": null, "turn:lanes": null, "box_id": 1, "provider": "osmnx" }, "geometry": { "type": "LineString", "coordinates": [ [ -49.2674487, -25.4567885 ], [ -49.2687526, -25.4568087 ] ] } },
{ "type": "Feature", "properties": { "highway": "footway", "amenity": null, "healthcare": null, "name": null, "brand": null, "brand:wikidata": null, "shop": null, "maxspeed": null, "addr:city": null, "addr:housenumber": null, "addr:street": null, "office": null, "website": null, "bus": null, "public_transport": null, "shelter": null, "check_date:shelter": null, "recycling:aluminium": null, "recycling:beverage_cartons": null, "recycling:books": null, "recycling:cans": null, "recycling:cardboard": null, "recycling:cartons": null, "recycling:glass": null, "recycling:glass_bottles": null, "recycling:magazines": null, "recycling:newspaper": null, "recycling:paper": null, "recycling:paper_packaging": null, "recycling:plastic": null, "recycling:plastic_bottles": null, "recycling:plastic_packaging": null, "recycling:scrap_metal": null, "recycling_type": null, "contact:email": null, "contact:phone": null, "contact:website": null, "contact:whatsapp": null, "natural": null, "opening_hours": null, "operator": null, "phone": null, "crossing": null, "crossing:signals": null, "crossing:markings": null, "parking_space": null, "addr:postcode": null, "addr:suburb": null, "description": null, "payment:pix": null, "lit": null, "oneway": null, "surface": null, "lanes": null, "sidewalk": null, "source": null, "alt_name": null, "foot": null, "smoothness": null, "building": null, "service": null, "bridge": null, "layer": null, "brand:wikipedia": null, "cuisine": null, "takeaway": null, "bicycle": null, "leisure": null, "highway:source": null, "building:levels": null, "note": null, "footway": "sidewalk", "mapillary": null, "survey:date": null, "tactile_paving": null, "turn:lanes": null, "box_id": 1, "provider": "osmnx" }, "geometry": { "type": "LineString", "coordinates": [ [ -49.2695814, -25.4567737 ], [ -49.2697231, -25.4567693 ] ] } },
{ "type": "Feature", "properties": { "highway": "residential", "amenity": null, "healthcare": null, "name": "Rua Nunes Machado", "brand": null, "brand:wikidata": null, "shop": null, "maxspeed": null, "addr:city": null, "addr:housenumber": null, "addr:street": null, "office": null, "website": null, "bus": null, "public_transport": null, "shelter": null, "check_date:shelter": null, "recycling:aluminium": null, "recycling:beverage_cartons": null, "recycling:books": null, "recycling:cans": null, "recycling:cardboard": null, "recycling:cartons": null, "recycling:glass": null, "recycling:glass_bottles": null, "recycling:magazines": null, "recycling:newspaper": null, "recycling:paper": null, "recycling:paper_packaging": null, "recycling:plastic": null, "recycling:plastic_bottles": null, "recycling:plastic_packaging": null, "recycling:scrap_metal": null, "recycling_type": null, "contact:email": null, "contact:phone": null, "contact:website": null, "contact:whatsapp": null, "natural": null, "opening_hours": null, "operator": null, "phone": null, "crossing": null, "crossing:signals": null, "crossing:markings": null, "parking_space": null, "addr:postcode": null, "addr:suburb": null, "description": null, "payment:pix": null, "lit": null, "oneway": "no", "surface": "asphalt", "lanes": null, "sidewalk": null, "source": null, "alt_name": null, "foot": null, "smoothness": null, "building": null, "service": null, "bridge": null, "layer": null, "brand:wikipedia": null, "cuisine": null, "takeaway": null, "bicycle": null, "leisure": null, "highway:source": null, "building:levels": null, "note": null, "footway": null, "mapillary": null, "survey:date": null, "tactile_paving": null, "turn:lanes": null, "box_id": 1, "provider": "osmnx" }, "geometry": { "type": "LineString", "coordinates": [ [ -49.2626722, -25.4636487 ], [ -49.2622236, -25.4645752 ], [ -49.262200366989298, -25.46462318670881 ] ] } },
{ "type": "Feature", "properties": { "highway": "residential", "amenity": null, "healthcare": null, "name": "Rua Francisco Parolin", "brand": null, "brand:wikidata": null, "shop": null, "maxspeed": null, "addr:city": null, "addr:housenumber": null, "addr:street": null, "office": null, "website": null, "bus": null, "public_transport": null, "shelter": null, "check_date:shelter": null, "recycling:aluminium": null, "recycling:beverage_cartons": null, "recycling:books": null, "recycling:cans": null, "recycling:cardboard": null, "recycling:cartons": null, "recycling:glass": null, "recycling:glass_bottles": null, "recycling:magazines": null, "recycling:newspaper": null, "recycling:paper": null, "recycling:paper_packaging": null, "recycling:plastic": null, "recycling:plastic_bottles": null, "recycling:plastic_packaging": null, "recycling:scrap_metal": null, "recycling_type": null, "contact:email": null, "contact:phone": null, "contact:website": null, "contact:whatsapp": null, "natural": null, "opening_hours": null, "operator": null, "phone": null, "crossing": null, "crossing:signals": null, "crossing:markings": null, "parking_space": null, "addr:postcode": null, "addr:suburb": null, "description": null, "payment:pix": null, "lit": null, "oneway": "no", "surface": null, "lanes": null, "sidewalk": null, "source": null, "alt_name": null, "foot": null, "smoothness": null, "building": null, "service": null, "bridge": null, "layer": null, "brand:wikipedia": null, "cuisine": null, "takeaway": null, "bicycle": null, "leisure": null, "highway:source": null, "building:levels": null, "note": null, "footway": null, "mapillary": null, "survey:date": null, "tactile_paving": null, "turn:lanes": null, "box_id": 1, "provider": "osmnx" }, "geometry": { "type": "LineString", "coordinates": [ [ -49.262003196718766, -25.46448550032768 ], [ -49.2622236, -25.4645752 ], [ -49.262345821813504, -25.464624904470533 ] ] } },
{ "type": "Feature", "properties": { "highway": "footway", "amenity": null, "healthcare": null, "name": null, "brand": null, "brand:wikidata": null, "shop": null, "maxspeed": null, "addr:city": null, "addr:housenumber": null, "addr:street": null, "office": null, "website": null, "bus": null, "public_transport": null, "shelter": null, "check_date:shelter": null, "recycling:aluminium": null, "recycling:beverage_cartons": null, "recycling:books": null, "recycling:cans": null, "recycling:cardboard": null, "recycling:cartons": null, "recycling:glass": null, "recycling:glass_bottles": null, "recycling:magazines": null, "recycling:newspaper": null, "recycling:paper": null, "recycling:paper_packaging": null, "recycling:plastic": null, "recycling:plastic_bottles": null, "recycling:plastic_packaging": null, "recycling:scrap_metal": null, "recycling_type": null, "contact:email": null, "contact:phone": null, "contact:website": null, "contact:whatsapp": null, "natural": null, "opening_hours": null, "operator": null, "phone": null, "crossing": null, "crossing:signals": null, "crossing:markings": null, "parking_space": null, "addr:postcode": null, "addr:suburb": null, "description": null, "payment:pix": null, "lit": null, "oneway": null, "surface": "ground", "lanes": null, "sidewalk": null, "source": null, "alt_name": null, "foot": null, "smoothness": "bad", "building": null, "service": null, "bridge": null, "layer": null, "brand:wikipedia": null, "cuisine": null, "takeaway": null, "bicycle": null, "leisure": null, "highway:source": null, "building:levels": null, "note": null, "footway": "sidewalk", "mapillary": "1120490071805346", "survey:date": "2019-09-12", "tactile_paving": "no", "turn:lanes": null, "box_id": 1, "provider": "osmnx" }, "geometry": { "type": "LineString", "coordinates": [ [ -49.2624845, -25.4623065 ], [ -49.2626179, -25.4623598 ] ] } },
{ "type": "Feature", "properties": { "highway": "footway", "amenity": null, "healthcare": null, "name": null, "brand": null, "brand:wikidata": null, "shop": null, "maxspeed": null, "addr:city": null, "addr:housenumber": null, "addr:street": null, "office": null, "website": null, "bus": null, "public_transport": null, "shelter": null, "check_date:shelter": null, "recycling:aluminium": null, "recycling:beverage_cartons": null, "recycling:books": null, "recycling:cans": null, "recycling:cardboard": null, "recycling:cartons": null, "recycling:glass": null, "recycling:glass_bottles": null, "recycling:magazines": null, "recycling:newspaper": null, "recycling:paper": null, "recycling:paper_packaging": null, "recycling:plastic": null, "recycling:plastic_bottles": null, "recycling:plastic_packaging": null, "recycling:scrap_metal": null, "recycling_type": null, "contact:email": null, "contact:phone": null, "contact:website": null, "contact:whatsapp": null, "natural": null, "opening_hours": null, "operator": null, "phone": null, "crossing": null, "crossing:signals": null, "crossing:markings": null, "parking_space": null, "addr:postcode": null, "addr:suburb": null, "description": null, "payment:pix": null, "lit": null, "oneway": null, "surface": "concrete:plates", "lanes": null, "sidewalk": null, "source": null, "alt_name": null, "foot": null, "smoothness": "good", "building": null, "service": null, "bridge": null, "layer": null, "brand:wikipedia": null, "cuisine": null, "takeaway": null, "bicycle": null, "leisure": null, "highway:source": null, "building:levels": null, "note": null, "footway": "sidewalk", "mapillary": "909573029826002", "survey:date": "2019-09-12", "tactile_paving": "no", "turn:lanes": null, "box_id": 1, "provider": "osmnx" }, "geometry": { "type": "LineString", "coordinates": [ [ -49.262233, -25.4621979 ], [ -49.262236, -25.462202 ], [ -49.2622415, -25.4622071 ], [ -49.2622477, -25.4622114 ], [ -49.2622546, -25.4622148 ], [ -49.2624845, -25.4623065 ] ] } },
{ "type": "Feature", "properties": { "highway": "footway", "amenity": null, "healthcare": null, "name": null, "brand": null, "brand:wikidata": null, "shop": null, "maxspeed": null, "addr:city": null, "addr:housenumber": null, "addr:street": null, "office": null, "website": null, "bus": null, "public_transport": null, "shelter": null, "check_date:shelter": null, "recycling:aluminium": null, "recycling:beverage_cartons": null, "recycling:books": null, "recycling:cans": null, "recycling:cardboard": null, "recycling:cartons": null, "recycling:glass": null, "recycling:glass_bottles": null, "recycling:magazines": null, "recycling:newspaper": null, "recycling:paper": null, "recycling:paper_packaging": null, "recycling:plastic": null, "recycling:plastic_bottles": null, "recycling:plastic_packaging": null, "recycling:scrap_metal": null, "recycling_type": null, "contact:email": null, "contact:phone": null, "contact:website": null, "contact:whatsapp": null, "natural": null, "opening_hours": null, "operator": null, "phone": null, "crossing": null, "crossing:signals": null, "crossing:markings": null, "parking_space": null, "addr:postcode": null, "addr:suburb": null, "description": null, "payment:pix": null, "lit": null, "oneway": null, "surface": "concrete:plates", "lanes": null, "sidewalk": null, "source": null, "alt_name": null, "foot": null, "smoothness": "intermediate", "building": null, "service": null, "bridge": null, "layer": null, "brand:wikipedia": null, "cuisine": null, "takeaway": null, "bicycle": null, "leisure": null, "highway:source": null, "building:levels": null, "note": null, "footway": "sidewalk", "mapillary": "136603005179802", "survey:date": "2019-09-12", "tactile_paving": "no", "turn:lanes": null, "box_id": 1, "provider": "osmnx" }, "geometry": { "type": "LineString", "coordinates": [ [ -49.2622552, -25.4621026 ], [ -49.2622291, -25.4621553 ], [ -49.2622266, -25.4621617 ], [ -49.2622252, -25.4621687 ], [ -49.262225, -25.4621758 ], [ -49.262226, -25.4621829 ], [ -49.2622282, -25.4621897 ], [ -49.2622316, -25.4621961 ], [ -49.262233, -25.4621979 ] ] } },
{ "type": "Feature", "properties": { "highway": "footway", "amenity": null, "healthcare": null, "name": null, "brand": null, "brand:wikidata": null, "shop": null, "maxspeed": null, "addr:city": null, "addr:housenumber": null, "addr:street": null, "office": null, "website": null, "bus": null, "public_transport": null, "shelter": null, "check_date:shelter": null, "recycling:aluminium": null, "recycling:beverage_cartons": null, "recycling:books": null, "recycling:cans": null, "recycling:cardboard": null, "recycling:cartons": null, "recycling:glass": null, "recycling:glass_bottles": null, "recycling:magazines": null, "recycling:newspaper": null, "recycling:paper": null, "recycling:paper_packaging": null, "recycling:plastic": null, "recycling:plastic_bottles": null, "recycling:plastic_packaging": null, "recycling:scrap_metal": null, "recycling_type": null, "contact:email": null, "contact:phone": null, "contact:website": null, "contact:whatsapp": null, "natural": null, "opening_hours": null, "operator": null, "phone": null, "crossing": "unmarked", "crossing:signals": null, "crossing:markings": null, "parking_space": null, "addr:postcode": null, "addr:suburb": null, "description": null, "payment:pix": null, "lit": null, "oneway": null, "surface": "asphalt", "lanes": null, "sidewalk": null, "source": null, "alt_name": null, "foot": null, "smoothness": "good", "building": null, "service": null, "bridge": null, "layer": null, "brand:wikipedia": null, "cuisine": null, "takeaway": null, "bicycle": null, "leisure": null, "highway:source": null, "building:levels": null, "note": null, "footway": "crossing", "mapillary": "3704554859769847", "survey:date": "2019-09-12", "tactile_paving": null, "turn:lanes": null, "box_id": 1, "provider": "osmnx" }, "geometry": { "type": "LineString", "coordinates": [ [ -49.2622291, -25.4621553 ], [ -49.2622127, -25.4621488 ], [ -49.2621813, -25.4621362 ], [ -49.2621362, -25.4621182 ], [ -49.2621252, -25.4621138 ] ] } },
{ "type": "Feature", "properties": { "highway": "footway", "amenity": null, "healthcare": null, "name": null, "brand": null, "brand:wikidata": null, "shop": null, "maxspeed": null, "addr:city": null, "addr:housenumber": null, "addr:street": null, "office": null, "website": null, "bus": null, "public_transport": null, "shelter": null, "check_date:shelter": null, "recycling:aluminium": null, "recycling:beverage_cartons": null, "recycling:books": null, "recycling:cans": null, "recycling:cardboard": null, "recycling:cartons": null, "recycling:glass": null, "recycling:glass_bottles": null, "recycling:magazines": null, "recycling:newspaper": null, "recycling:paper": null, "recycling:paper_packaging": null, "recycling:plastic": null, "recycling:plastic_bottles": null, "recycling:plastic_packaging": null, "recycling:scrap_metal": null, "recycling_type": null, "contact:email": null, "contact:phone": null, "contact:website": null, "contact:whatsapp": null, "natural": null, "opening_hours": null, "operator": null, "phone": null, "crossing": null, "crossing:signals": null, "crossing:markings": null, "parking_space": null, "addr:postcode": null, "addr:suburb": null, "description": null, "payment:pix": null, "lit": null, "oneway": null, "surface": "paving_stones", "lanes": null, "sidewalk": null, "source": null, "alt_name": null, "foot": null, "smoothness": "intermediate", "building": null, "service": null, "bridge": null, "layer": null, "brand:wikipedia": null, "cuisine": null, "takeaway": null, "bicycle": null, "leisure": null, "highway:source": null, "building:levels": null, "note": null, "footway": "sidewalk", "mapillary": "1391539987876599", "survey:date": "2019-09-12", "tactile_paving": "no", "turn:lanes": null, "box_id": 1, "provider": "osmnx" }, "geometry": { "type": "LineString", "coordinates": [ [ -49.2620637, -25.4621306 ], [ -49.2620711, -25.4621329 ], [ -49.2620787, -25.4621341 ], [ -49.2620864, -25.4621342 ], [ -49.2620941, -25.4621333 ], [ -49.2621015, -25.4621312 ], [ -49.2621085, -25.4621282 ], [ -49.2621148, -25.4621242 ], [ -49.2621252, -25.4621138 ] ] } },
{ "type": "Feature", "properties": { "highway": "footway", "amenity": null, "healthcare": null, "name": null, "brand": null, "brand:wikidata": null, "shop": null, "maxspeed": null, "addr:city": null, "addr:housenumber": null, "addr:street": null, "office": null, "website": null, "bus": null, "public_transport": null, "shelter": null, "check_date:shelter": null, "recycling:aluminium": null, "recycling:beverage_cartons": null, "recycling:books": null, "recycling:cans": null, "recycling:cardboard": null, "recycling:cartons": null, "recycling:glass": null, "recycling:glass_bottles": null, "recycling:magazines": null, "recycling:newspaper": null, "recycling:paper": null, "recycling:paper_packaging": null, "recycling:plastic": null, "recycling:plastic_bottles": null, "recycling:plastic_packaging": null, "recycling:scrap_metal": null, "recycling_type": null, "contact:email": null, "contact:phone": null, "contact:website": null, "contact:whatsapp": null, "natural": null, "opening_hours": null, "operator": null, "phone": null, "crossing": null, "crossing:signals": null, "crossing:markings": null, "parking_space": null, "addr:postcode": null, "addr:suburb": null, "description": null, "payment:pix": null, "lit": null, "oneway": null, "surface": "paving_stones", "lanes": null, "sidewalk": null, "source": null, "alt_name": null, "foot": null, "smoothness": "good", "building": null, "service": null, "bridge": null, "layer": null, "brand:wikipedia": null, "cuisine": null, "takeaway": null, "bicycle": null, "leisure": null, "highway:source": null, "building:levels": null, "note": null, "footway": "sidewalk", "mapillary": "1391539987876599", "survey:date": "2019-09-12", "tactile_paving": "no", "turn:lanes": null, "box_id": 1, "provider": "osmnx" }, "geometry": { "type": "LineString", "coordinates": [ [ -49.262037180751804, -25.462120172771975 ], [ -49.2620637, -25.4621306 ] ] } },
{ "type": "Feature", "properties": { "highway": "footway", "amenity": null, "healthcare": null, "name": null, "brand": null, "brand:wikidata": null, "shop": null, "maxspeed": null, "addr:city": null, "addr:housenumber": null, "addr:street": null, "office": null, "website": null, "bus": null, "public_transport": null, "shelter": null, "check_date:shelter": null, "recycling:aluminium": null, "recycling:beverage_cartons": null, "recycling:books": null, "recycling:cans": null, "recycling:cardboard": null, "recycling:cartons": null, "recycling:glass": null, "recycling:glass_bottles": null, "recycling:magazines": null, "recycling:newspaper": null, "recycling:paper": null, "recycling:paper_packaging": null, "recycling:plastic": null, "recycling:plastic_bottles": null, "recycling:plastic_packaging": null, "recycling:scrap_metal": null, "recycling_type": null, "contact:email": null, "contact:phone": null, "contact:website": null, "contact:whatsapp": null, "natural": null, "opening_hours": null, "operator": null, "phone": null, "crossing": null, "crossing:signals": null, "crossing:markings": null, "parking_space": null, "addr:postcode": null, "addr:suburb": null, "description": null, "payment:pix": null, "lit": null, "oneway": null, "surface": "paving_stones", "lanes": null, "sidewalk": null, "source": null, "alt_name": null, "foot": null, "smoothness": "good", "building": null, "service": null, "bridge": null, "layer": null, "brand:wikipedia": null, "cuisine": null, "takeaway": null, "bicycle": null, "leisure": null, "highway:source": null, "building:levels": null, "note": null, "footway": "sidewalk", "mapillary": "582732399372473", "survey:date": "2019-09-12", "tactile_paving": "no", "turn:lanes": null, "box_id": 1, "provider": "osmnx" }, "geometry": { "type": "LineString", "coordinates": [ [ -49.2621252, -25.4621138 ], [ -49.2621661, -25.4620323 ] ] } },
{ "type": "Feature", "properties": { "highway": "residential", "amenity": null, "healthcare": null, "name": "Rua Lamenha Lins", "brand": null, "brand:wikidata": null, "shop": null, "maxspeed": null, "addr:city": null, "addr:housenumber": null, "addr:street": null, "office": null, "website": null, "bus": null, "public_transport": null, "shelter": null, "check_date:shelter": null, "recycling:aluminium": null, "recycling:beverage_cartons": null, "recycling:books": null, "recycling:cans": null, "recycling:cardboard": null, "recycling:cartons": null, "recycling:glass": null, "recycling:glass_bottles": null, "recycling:magazines": null, "recycling:newspaper": null, "recycling:paper": null, "recycling:paper_packaging": null, "recycling:plastic": null, "recycling:plastic_bottles": null, "recycling:plastic_packaging": null, "recycling:scrap_metal": null, "recycling_type": null, "contact:email": null, "contact:phone": null, "contact:website": null, "contact:whatsapp": null, "natural": null, "opening_hours": null, "operator": null, "phone": null, "crossing": null, "crossing:signals": null, "crossing:markings": null, "parking_space": null, "addr:postcode": null, "addr:suburb": null, "description": null, "payment:pix": null, "lit": null, "oneway": "no", "surface": null, "lanes": null, "sidewalk": null, "source": null, "alt_name": null, "foot": null, "smoothness": null, "building": null, "service": null, "bridge": null, "layer": null, "brand:wikipedia": null, "cuisine": null, "takeaway": null, "bicycle": null, "leisure": null, "highway:source": null, "building:levels": null, "note": null, "footway": null, "mapillary": null, "survey:date": null, "tactile_paving": null, "turn:lanes": null, "box_id": 1, "provider": "osmnx" }, "geometry": { "type": "LineString", "coordinates": [ [ -49.2638955, -25.4641426 ], [ -49.263654968921728, -25.464640364960108 ] ] } },
{ "type": "Feature", "properties": { "highway": "residential", "amenity": null, "healthcare": null, "name": "Rua Antônio Parolin Júnior", "brand": null, "brand:wikidata": null, "shop": null, "maxspeed": null, "addr:city": null, "addr:housenumber": null, "addr:street": null, "office": null, "website": null, "bus": null, "public_transport": null, "shelter": null, "check_date:shelter": null, "recycling:aluminium": null, "recycling:beverage_cartons": null, "recycling:books": null, "recycling:cans": null, "recycling:cardboard": null, "recycling:cartons": null, "recycling:glass": null, "recycling:glass_bottles": null, "recycling:magazines": null, "recycling:newspaper": null, "recycling:paper": null, "recycling:paper_packaging": null, "recycling:plastic": null, "recycling:plastic_bottles": null, "recycling:plastic_packaging": null, "recycling:scrap_metal": null, "recycling_type": null, "contact:email": null, "contact:phone": null, "contact:website": null, "contact:whatsapp": null, "natural": null, "opening_hours": null, "operator": null, "phone": null, "crossing": null, "crossing:signals": null, "crossing:markings": null, "parking_space": null, "addr:postcode": null, "addr:suburb": null, "description": null, "payment:pix": null, "lit": null, "oneway": "no", "surface": null, "lanes": null, "sidewalk": null, "source": null, "alt_name": null, "foot": null, "smoothness": null, "building": null, "service": null, "bridge": null, "layer": null, "brand:wikipedia": null, "cuisine": null, "takeaway": null, "bicycle": null, "leisure": null, "highway:source": null, "building:levels": null, "note": null, "footway": null, "mapillary": null, "survey:date": null, "tactile_paving": null, "turn:lanes": null, "box_id": 1, "provider": "osmnx" }, "geometry": { "type": "LineString", "coordinates": [ [ -49.2638955, -25.4641426 ], [ -49.2629492, -25.4637605 ], [ -49.2626722, -25.4636487 ], [ -49.262019008818704, -25.463384960092625 ] ] } },
{ "type": "Feature", "properties": { "highway": "footway", "amenity": null, "healthcare": null, "name": null, "brand": null, "brand:wikidata": null, "shop": null, "maxspeed": null, "addr:city": null, "addr:housenumber": null, "addr:street": null, "office": null, "website": null, "bus": null, "public_transport": null, "shelter": null, "check_date:shelter": null, "recycling:aluminium": null, "recycling:beverage_cartons": null, "recycling:books": null, "recycling:cans": null, "recycling:cardboard": null, "recycling:cartons": null, "recycling:glass": null, "recycling:glass_bottles": null, "recycling:magazines": null, "recycling:newspaper": null, "recycling:paper": null, "recycling:paper_packaging": null, "recycling:plastic": null, "recycling:plastic_bottles": null, "recycling:plastic_packaging": null, "recycling:scrap_metal": null, "recycling_type": null, "contact:email": null, "contact:phone": null, "contact:website": null, "contact:whatsapp": null, "natural": null, "opening_hours": null, "operator": null, "phone": null, "crossing": null, "crossing:signals": null, "crossing:markings": null, "parking_space": null, "addr:postcode": null, "addr:suburb": null, "description": null, "payment:pix": null, "lit": null, "oneway": null, "surface": "concrete:plates", "lanes": null, "sidewalk": null, "source": null, "alt_name": null, "foot": null, "smoothness": "intermediate", "building": null, "service": null, "bridge": null, "layer": null, "brand:wikipedia": null, "cuisine": null, "takeaway": null, "bicycle": null, "leisure": null, "highway:source": null, "building:levels": null, "note": null, "footway": "sidewalk", "mapillary": "1153324291796101", "survey:date": "2019-09-12", "tactile_paving": "no", "turn:lanes": null, "box_id": 1, "provider": "osmnx" }, "geometry": { "type": "LineString", "coordinates": [ [ -49.2631246, -25.462562 ], [ -49.263343, -25.4626492 ], [ -49.2633504, -25.4626515 ], [ -49.263358, -25.4626528 ], [ -49.2633659, -25.4626529 ], [ -49.263371, -25.4626523 ] ] } },
{ "type": "Feature", "properties": { "highway": "footway", "amenity": null, "healthcare": null, "name": null, "brand": null, "brand:wikidata": null, "shop": null, "maxspeed": null, "addr:city": null, "addr:housenumber": null, "addr:street": null, "office": null, "website": null, "bus": null, "public_transport": null, "shelter": null, "check_date:shelter": null, "recycling:aluminium": null, "recycling:beverage_cartons": null, "recycling:books": null, "recycling:cans": null, "recycling:cardboard": null, "recycling:cartons": null, "recycling:glass": null, "recycling:glass_bottles": null, "recycling:magazines": null, "recycling:newspaper": null, "recycling:paper": null, "recycling:paper_packaging": null, "recycling:plastic": null, "recycling:plastic_bottles": null, "recycling:plastic_packaging": null, "recycling:scrap_metal": null, "recycling_type": null, "contact:email": null, "contact:phone": null, "contact:website": null, "contact:whatsapp": null, "natural": null, "opening_hours": null, "operator": null, "phone": null, "crossing": null, "crossing:signals": null, "crossing:markings": null, "parking_space": null, "addr:postcode": null, "addr:suburb": null, "description": null, "payment:pix": null, "lit": null, "oneway": null, "surface": "concrete:plates", "lanes": null, "sidewalk": null, "source": null, "alt_name": null, "foot": null, "smoothness": "good", "building": null, "service": null, "bridge": null, "layer": null, "brand:wikipedia": null, "cuisine": null, "takeaway": null, "bicycle": null, "leisure": null, "highway:source": null, "building:levels": null, "note": null, "footway": "sidewalk", "mapillary": "177927617454515", "survey:date": "2019-09-12", "tactile_paving": "no", "turn:lanes": null, "box_id": 1, "provider": "osmnx" }, "geometry": { "type": "LineString", "coordinates": [ [ -49.2627171, -25.4623994 ], [ -49.2631246, -25.462562 ] ] } },
{ "type": "Feature", "properties": { "highway": "footway", "amenity": null, "healthcare": null, "name": null, "brand": null, "brand:wikidata": null, "shop": null, "maxspeed": null, "addr:city": null, "addr:housenumber": null, "addr:street": null, "office": null, "website": null, "bus": null, "public_transport": null, "shelter": null, "check_date:shelter": null, "recycling:aluminium": null, "recycling:beverage_cartons": null, "recycling:books": null, "recycling:cans": null, "recycling:cardboard": null, "recycling:cartons": null, "recycling:glass": null, "recycling:glass_bottles": null, "recycling:magazines": null, "recycling:newspaper": null, "recycling:paper": null, "recycling:paper_packaging": null, "recycling:plastic": null, "recycling:plastic_bottles": null, "recycling:plastic_packaging": null, "recycling:scrap_metal": null, "recycling_type": null, "contact:email": null, "contact:phone": null, "contact:website": null, "contact:whatsapp": null, "natural": null, "opening_hours": null, "operator": null, "phone": null, "crossing": null, "crossing:signals": null, "crossing:markings": null, "parking_space": null, "addr:postcode": null, "addr:suburb": null, "description": null, "payment:pix": null, "lit": null, "oneway": null, "surface": "concrete", "lanes": null, "sidewalk": null, "source": null, "alt_name": null, "foot": null, "smoothness": "good", "building": null, "service": null, "bridge": null, "layer": null, "brand:wikipedia": null, "cuisine": null, "takeaway": null, "bicycle": null, "leisure": null, "highway:source": null, "building:levels": null, "note": null, "footway": "sidewalk", "mapillary": "807297016829994", "survey:date": "2019-09-12", "tactile_paving": "no", "turn:lanes": null, "box_id": 1, "provider": "osmnx" }, "geometry": { "type": "LineString", "coordinates": [ [ -49.263371, -25.4626523 ], [ -49.2633736, -25.462652 ], [ -49.2633811, -25.4626499 ], [ -49.2633881, -25.4626468 ], [ -49.2633945, -25.4626428 ], [ -49.2634001, -25.4626378 ], [ -49.2634049, -25.4626322 ], [ -49.2634085, -25.4626259 ], [ -49.2635744, -25.4622817 ] ] } },
{ "type": "Feature", "properties": { "highway": "footway", "amenity": null, "healthcare": null, "name": null, "brand": null, "brand:wikidata": null, "shop": null, "maxspeed": null, "addr:city": null, "addr:housenumber": null, "addr:street": null, "office": null, "website": null, "bus": null, "public_transport": null, "shelter": null, "check_date:shelter": null, "recycling:aluminium": null, "recycling:beverage_cartons": null, "recycling:books": null, "recycling:cans": null, "recycling:cardboard": null, "recycling:cartons": null, "recycling:glass": null, "recycling:glass_bottles": null, "recycling:magazines": null, "recycling:newspaper": null, "recycling:paper": null, "recycling:paper_packaging": null, "recycling:plastic": null, "recycling:plastic_bottles": null, "recycling:plastic_packaging": null, "recycling:scrap_metal": null, "recycling_type": null, "contact:email": null, "contact:phone": null, "contact:website": null, "contact:whatsapp": null, "natural": null, "opening_hours": null, "operator": null, "phone": null, "crossing": null, "crossing:signals": null, "crossing:markings": null, "parking_space": null, "addr:postcode": null, "addr:suburb": null, "description": null, "payment:pix": null, "lit": null, "oneway": null, "surface": "concrete", "lanes": null, "sidewalk": null, "source": null, "alt_name": null, "foot": null, "smoothness": "intermediate", "building": null, "service": null, "bridge": null, "layer": null, "brand:wikipedia": null, "cuisine": null, "takeaway": null, "bicycle": null, "leisure": null, "highway:source": null, "building:levels": null, "note": null, "footway": "sidewalk", "mapillary": "850779985788443", "survey:date": "2019-09-12", "tactile_paving": "no", "turn:lanes": null, "box_id": 1, "provider": "osmnx" }, "geometry": { "type": "LineString", "coordinates": [ [ -49.2626179, -25.4623598 ], [ -49.2627171, -25.4623994 ] ] } },
{ "type": "Feature", "properties": { "highway": "footway", "amenity": null, "healthcare": null, "name": null, "brand": null, "brand:wikidata": null, "shop": null, "maxspeed": null, "addr:city": null, "addr:housenumber": null, "addr:street": null, "office": null, "website": null, "bus": null, "public_transport": null, "shelter": null, "check_date:shelter": null, "recycling:aluminium": null, "recycling:beverage_cartons": null, "recycling:books": null, "recycling:cans": null, "recycling:cardboard": null, "recycling:cartons": null, "recycling:glass": null, "recycling:glass_bottles": null, "recycling:magazines": null, "recycling:newspaper": null, "recycling:paper": null, "recycling:paper_packaging": null, "recycling:plastic": null, "recycling:plastic_bottles": null, "recycling:plastic_packaging": null, "recycling:scrap_metal": null, "recycling_type": null, "contact:email": null, "contact:phone": null, "contact:website": null, "contact:whatsapp": null, "natural": null, "opening_hours": null, "operator": null, "phone": null, "crossing": null, "crossing:signals": null, "crossing:markings": null, "parking_space": null, "addr:postcode": null, "addr:suburb": null, "description": null, "payment:pix": null, "lit": null, "oneway": null, "surface": "concrete:plates", "lanes": null, "sidewalk": null, "source": null, "alt_name": null, "foot": null, "smoothness": "intermediate", "building": null, "service": null, "bridge": null, "layer": null, "brand:wikipedia": null, "cuisine": null, "takeaway": null, "bicycle": null, "leisure": null, "highway:source": null, "building:levels": null, "note": null, "footway": "sidewalk", "mapillary": "4220272031345949", "survey:date": "2019-09-12", "tactile_paving": "no", "turn:lanes": null, "box_id": 1, "provider": "osmnx" }, "geometry": { "type": "LineString", "coordinates": [ [ -49.2635744, -25.4622817 ], [ -49.2636613, -25.4621013 ] ] } },
{ "type": "Feature", "properties": { "highway": "footway", "amenity": null, "healthcare": null, "name": null, "brand": null, "brand:wikidata": null, "shop": null, "maxspeed": null, "addr:city": null, "addr:housenumber": null, "addr:street": null, "office": null, "website": null, "bus": null, "public_transport": null, "shelter": null, "check_date:shelter": null, "recycling:aluminium": null, "recycling:beverage_cartons": null, "recycling:books": null, "recycling:cans": null, "recycling:cardboard": null, "recycling:cartons": null, "recycling:glass": null, "recycling:glass_bottles": null, "recycling:magazines": null, "recycling:newspaper": null, "recycling:paper": null, "recycling:paper_packaging": null, "recycling:plastic": null, "recycling:plastic_bottles": null, "recycling:plastic_packaging": null, "recycling:scrap_metal": null, "recycling_type": null, "contact:email": null, "contact:phone": null, "contact:website": null, "contact:whatsapp": null, "natural": null, "opening_hours": null, "operator": null, "phone": null, "crossing": null, "crossing:signals": null, "crossing:markings": null, "parking_space": null, "addr:postcode": null, "addr:suburb": null, "description": null, "payment:pix": null, "lit": null, "oneway": null, "surface": "concrete", "lanes": null, "sidewalk": null, "source": null, "alt_name": null, "foot": null, "smoothness": "bad", "building": null, "service": null, "bridge": null, "layer": null, "brand:wikipedia": null, "cuisine": null, "takeaway": null, "bicycle": null, "leisure": null, "highway:source": null, "building:levels": null, "note": null, "footway": "sidewalk", "mapillary": "878470689369575", "survey:date": "2019-09-12", "tactile_paving": "no", "turn:lanes": null, "box_id": 1, "provider": "osmnx" }, "geometry": { "type": "LineString", "coordinates": [ [ -49.2636613, -25.4621013 ], [ -49.2637155, -25.4619886 ] ] } },
{ "type": "Feature", "properties": { "highway": "footway", "amenity": null, "healthcare": null, "name": null, "brand": null, "brand:wikidata": null, "shop": null, "maxspeed": null, "addr:city": null, "addr:housenumber": null, "addr:street": null, "office": null, "website": null, "bus": null, "public_transport": null, "shelter": null, "check_date:shelter": null, "recycling:aluminium": null, "recycling:beverage_cartons": null, "recycling:books": null, "recycling:cans": null, "recycling:cardboard": null, "recycling:cartons": null, "recycling:glass": null, "recycling:glass_bottles": null, "recycling:magazines": null, "recycling:newspaper": null, "recycling:paper": null, "recycling:paper_packaging": null, "recycling:plastic": null, "recycling:plastic_bottles": null, "recycling:plastic_packaging": null, "recycling:scrap_metal": null, "recycling_type": null, "contact:email": null, "contact:phone": null, "contact:website": null, "contact:whatsapp": null, "natural": null, "opening_hours": null, "operator": null, "phone": null, "crossing": null, "crossing:signals": null, "crossing:markings": null, "parking_space": null, "addr:postcode": null, "addr:suburb": null, "description": null, "payment:pix": null, "lit": null, "oneway": null, "surface": "paving_stones", "lanes": null, "sidewalk": null, "source": null, "alt_name": null, "foot": null, "smoothness": "bad", "building": null, "service": null, "bridge": null, "layer": null, "brand:wikipedia": null, "cuisine": null, "takeaway": null, "bicycle": null, "leisure": null, "highway:source": null, "building:levels": null, "note": null, "footway": "sidewalk", "mapillary": "754280275252624", "survey:date": "2019-09-12", "tactile_paving": "no", "turn:lanes": null, "box_id": 1, "provider": "osmnx" }, "geometry": { "type": "LineString", "coordinates": [ [ -49.2637155, -25.4619886 ], [ -49.2637836, -25.4618472 ], [ -49.2637862, -25.4618406 ], [ -49.2637875, -25.4618336 ], [ -49.2637877, -25.4618266 ], [ -49.2637867, -25.4618196 ], [ -49.2637844, -25.4618129 ], [ -49.2637811, -25.4618065 ], [ -49.2637797, -25.4618046 ] ] } },
{ "type": "Feature", "properties": { "highway": "footway", "amenity": null, "healthcare": null, "name": null, "brand": null, "brand:wikidata": null, "shop": null, "maxspeed": null, "addr:city": null, "addr:housenumber": null, "addr:street": null, "office": null, "website": null, "bus": null, "public_transport": null, "shelter": null, "check_date:shelter": null, "recycling:aluminium": null, "recycling:beverage_cartons": null, "recycling:books": null, "recycling:cans": null, "recycling:cardboard": null, "recycling:cartons": null, "recycling:glass": null, "recycling:glass_bottles": null, "recycling:magazines": null, "recycling:newspaper": null, "recycling:paper": null, "recycling:paper_packaging": null, "recycling:plastic": null, "recycling:plastic_bottles": null, "recycling:plastic_packaging": null, "recycling:scrap_metal": null, "recycling_type": null, "contact:email": null, "contact:phone": null, "contact:website": null, "contact:whatsapp": null, "natural": null, "opening_hours": null, "operator": null, "phone": null, "crossing": null, "crossing:signals": null, "crossing:markings": null, "parking_space": null, "addr:postcode": null, "addr:suburb": null, "description": null, "payment:pix": null, "lit": null, "oneway": null, "surface": "concrete", "lanes": null, "sidewalk": null, "source": null, "alt_name": null, "foot": null, "smoothness": "bad", "building": null, "service": null, "bridge": null, "layer": null, "brand:wikipedia": null, "cuisine": null, "takeaway": null, "bicycle": null, "leisure": null, "highway:source": null, "building:levels": null, "note": null, "footway": "sidewalk", "mapillary": "359184445675594", "survey:date": "2019-09-12", "tactile_paving": "no", "turn:lanes": null, "box_id": 1, "provider": "osmnx" }, "geometry": { "type": "LineString", "coordinates": [ [ -49.2637797, -25.4618046 ], [ -49.2637767, -25.4618007 ], [ -49.2637713, -25.4617956 ], [ -49.2637651, -25.4617913 ], [ -49.2637582, -25.4617879 ], [ -49.2636442, -25.4617418 ] ] } },
{ "type": "Feature", "properties": { "highway": "residential", "amenity": null, "healthcare": null, "name": "Rua Eugênio Parolin", "brand": null, "brand:wikidata": null, "shop": null, "maxspeed": null, "addr:city": null, "addr:housenumber": null, "addr:street": null, "office": null, "website": null, "bus": null, "public_transport": null, "shelter": null, "check_date:shelter": null, "recycling:aluminium": null, "recycling:beverage_cartons": null, "recycling:books": null, "recycling:cans": null, "recycling:cardboard": null, "recycling:cartons": null, "recycling:glass": null, "recycling:glass_bottles": null, "recycling:magazines": null, "recycling:newspaper": null, "recycling:paper": null, "recycling:paper_packaging": null, "recycling:plastic": null, "recycling:plastic_bottles": null, "recycling:plastic_packaging": null, "recycling:scrap_metal": null, "recycling_type": null, "contact:email": null, "contact:phone": null, "contact:website": null, "contact:whatsapp": null, "natural": null, "opening_hours": null, "operator": null, "phone": null, "crossing": null, "crossing:signals": null, "crossing:markings": null, "parking_space": null, "addr:postcode": null, "addr:suburb": null, "description": null, "payment:pix": null, "lit": null, "oneway": "no", "surface": null, "lanes": null, "sidewalk": null, "source": null, "alt_name": null, "foot": null, "smoothness": null, "building": null, "service": null, "bridge": null, "layer": null, "brand:wikipedia": null, "cuisine": null, "takeaway": null, "bicycle": null, "leisure": null, "highway:source": null, "building:levels": null, "note": null, "footway": null, "mapillary": null, "survey:date": null, "tactile_paving": null, "turn:lanes": null, "box_id": 1, "provider": "osmnx" }, "geometry": { "type": "LineString", "coordinates": [ [ -49.262036398126881, -25.462174644361138 ], [ -49.2621417, -25.4622169 ], [ -49.263438, -25.4627371 ], [ -49.2643901, -25.4631189 ], [ -49.2656648, -25.4636304 ], [ -49.2658681, -25.4637119 ] ] } },
{ "type": "Feature", "properties": { "highway": "footway", "amenity": null, "healthcare": null, "name": null, "brand": null, "brand:wikidata": null, "shop": null, "maxspeed": null, "addr:city": null, "addr:housenumber": null, "addr:street": null, "office": null, "website": null, "bus": null, "public_transport": null, "shelter": null, "check_date:shelter": null, "recycling:aluminium": null, "recycling:beverage_cartons": null, "recycling:books": null, "recycling:cans": null, "recycling:cardboard": null, "recycling:cartons": null, "recycling:glass": null, "recycling:glass_bottles": null, "recycling:magazines": null, "recycling:newspaper": null, "recycling:paper": null, "recycling:paper_packaging": null, "recycling:plastic": null, "recycling:plastic_bottles": null, "recycling:plastic_packaging": null, "recycling:scrap_metal": null, "recycling_type": null, "contact:email": null, "contact:phone": null, "contact:website": null, "contact:whatsapp": null, "natural": null, "opening_hours": null, "operator": null, "phone": null, "crossing": null, "crossing:signals": null, "crossing:markings": null, "parking_space": null, "addr:postcode": null, "addr:suburb": null, "description": null, "payment:pix": null, "lit": null, "oneway": null, "surface": "concrete:plates", "lanes": null, "sidewalk": null, "source": null, "alt_name": null, "foot": null, "smoothness": "intermediate", "building": null, "service": null, "bridge": null, "layer": null, "brand:wikipedia": null, "cuisine": null, "takeaway": null, "bicycle": null, "leisure": null, "highway:source": null, "building:levels": null, "note": null, "footway": "sidewalk", "mapillary": "962145071256703", "survey:date": "2019-09-12", "tactile_paving": "no", "turn:lanes": null, "box_id": 1, "provider": "osmnx" }, "geometry": { "type": "LineString", "coordinates": [ [ -49.2621661, -25.4620323 ], [ -49.2622143, -25.4619347 ] ] } },
{ "type": "Feature", "properties": { "highway": "footway", "amenity": null, "healthcare": null, "name": null, "brand": null, "brand:wikidata": null, "shop": null, "maxspeed": null, "addr:city": null, "addr:housenumber": null, "addr:street": null, "office": null, "website": null, "bus": null, "public_transport": null, "shelter": null, "check_date:shelter": null, "recycling:aluminium": null, "recycling:beverage_cartons": null, "recycling:books": null, "recycling:cans": null, "recycling:cardboard": null, "recycling:cartons": null, "recycling:glass": null, "recycling:glass_bottles": null, "recycling:magazines": null, "recycling:newspaper": null, "recycling:paper": null, "recycling:paper_packaging": null, "recycling:plastic": null, "recycling:plastic_bottles": null, "recycling:plastic_packaging": null, "recycling:scrap_metal": null, "recycling_type": null, "contact:email": null, "contact:phone": null, "contact:website": null, "contact:whatsapp": null, "natural": null, "opening_hours": null, "operator": null, "phone": null, "crossing": null, "crossing:signals": null, "crossing:markings": null, "parking_space": null, "addr:postcode": null, "addr:suburb": null, "description": null, "payment:pix": null, "lit": null, "oneway": null, "surface": "concrete", "lanes": null, "sidewalk": null, "source": null, "alt_name": null, "foot": null, "smoothness": "bad", "building": null, "service": null, "bridge": null, "layer": null, "brand:wikipedia": null, "cuisine": null, "takeaway": null, "bicycle": null, "leisure": null, "highway:source": null, "building:levels": null, "note": null, "footway": "sidewalk", "mapillary": "167909388506172", "survey:date": "2019-09-12", "tactile_paving": "no", "turn:lanes": null, "box_id": 1, "provider": "osmnx" }, "geometry": { "type": "LineString", "coordinates": [ [ -49.2624102, -25.4617889 ], [ -49.2622552, -25.4621026 ] ] } },
{ "type": "Feature", "properties": { "highway": "footway", "amenity": null, "healthcare": null, "name": null, "brand": null, "brand:wikidata": null, "shop": null, "maxspeed": null, "addr:city": null, "addr:housenumber": null, "addr:street": null, "office": null, "website": null, "bus": null, "public_transport": null, "shelter": null, "check_date:shelter": null, "recycling:aluminium": null, "recycling:beverage_cartons": null, "recycling:books": null, "recycling:cans": null, "recycling:cardboard": null, "recycling:cartons": null, "recycling:glass": null, "recycling:glass_bottles": null, "recycling:magazines": null, "recycling:newspaper": null, "recycling:paper": null, "recycling:paper_packaging": null, "recycling:plastic": null, "recycling:plastic_bottles": null, "recycling:plastic_packaging": null, "recycling:scrap_metal": null, "recycling_type": null, "contact:email": null, "contact:phone": null, "contact:website": null, "contact:whatsapp": null, "natural": null, "opening_hours": null, "operator": null, "phone": null, "crossing": null, "crossing:signals": null, "crossing:markings": null, "parking_space": null, "addr:postcode": null, "addr:suburb": null, "description": null, "payment:pix": null, "lit": null, "oneway": null, "surface": "grass", "lanes": null, "sidewalk": null, "source": null, "alt_name": null, "foot": null, "smoothness": "very_bad", "building": null, "service": null, "bridge": null, "layer": null, "brand:wikipedia": null, "cuisine": null, "takeaway": null, "bicycle": null, "leisure": null, "highway:source": null, "building:levels": null, "note": null, "footway": "sidewalk", "mapillary": "167909388506172", "survey:date": "2019-09-12", "tactile_paving": "no", "turn:lanes": null, "box_id": 1, "provider": "osmnx" }, "geometry": { "type": "LineString", "coordinates": [ [ -49.2622143, -25.4619347 ], [ -49.2622585, -25.4618453 ] ] } },
{ "type": "Feature", "properties": { "highway": "footway", "amenity": null, "healthcare": null, "name": null, "brand": null, "brand:wikidata": null, "shop": null, "maxspeed": null, "addr:city": null, "addr:housenumber": null, "addr:street": null, "office": null, "website": null, "bus": null, "public_transport": null, "shelter": null, "check_date:shelter": null, "recycling:aluminium": null, "recycling:beverage_cartons": null, "recycling:books": null, "recycling:cans": null, "recycling:cardboard": null, "recycling:cartons": null, "recycling:glass": null, "recycling:glass_bottles": null, "recycling:magazines": null, "recycling:newspaper": null, "recycling:paper": null, "recycling:paper_packaging": null, "recycling:plastic": null, "recycling:plastic_bottles": null, "recycling:plastic_packaging": null, "recycling:scrap_metal": null, "recycling_type": null, "contact:email": null, "contact:phone": null, "contact:website": null, "contact:whatsapp": null, "natural": null, "opening_hours": null, "operator": null, "phone": null, "crossing": null, "crossing:signals": null, "crossing:markings": null, "parking_space": null, "addr:postcode": null, "addr:suburb": null, "description": null, "payment:pix": null, "lit": null, "oneway": null, "surface": "concrete", "lanes": null, "sidewalk": null, "source": null, "alt_name": null, "foot": null, "smoothness": "intermediate", "building": null, "service": null, "bridge": null, "layer": null, "brand:wikipedia": null, "cuisine": null, "takeaway": null, "bicycle": null, "leisure": null, "highway:source": null, "building:levels": null, "note": null, "footway": "sidewalk", "mapillary": "169791345072624", "survey:date": "2019-09-12", "tactile_paving": "no", "turn:lanes": null, "box_id": 1, "provider": "osmnx" }, "geometry": { "type": "LineString", "coordinates": [ [ -49.2622585, -25.4618453 ], [ -49.2623049, -25.4617516 ] ] } },
{ "type": "Feature", "properties": { "highway": "footway", "amenity": null, "healthcare": null, "name": null, "brand": null, "brand:wikidata": null, "shop": null, "maxspeed": null, "addr:city": null, "addr:housenumber": null, "addr:street": null, "office": null, "website": null, "bus": null, "public_transport": null, "shelter": null, "check_date:shelter": null, "recycling:aluminium": null, "recycling:beverage_cartons": null, "recycling:books": null, "recycling:cans": null, "recycling:cardboard": null, "recycling:cartons": null, "recycling:glass": null, "recycling:glass_bottles": null, "recycling:magazines": null, "recycling:newspaper": null, "recycling:paper": null, "recycling:paper_packaging": null, "recycling:plastic": null, "recycling:plastic_bottles": null, "recycling:plastic_packaging": null, "recycling:scrap_metal": null, "recycling_type": null, "contact:email": null, "contact:phone": null, "contact:website": null, "contact:whatsapp": null, "natural": null, "opening_hours": null, "operator": null, "phone": null, "crossing": null, "crossing:signals": null, "crossing:markings": null, "parking_space": null, "addr:postcode": null, "addr:suburb": null, "description": null, "payment:pix": null, "lit": null, "oneway": null, "surface": "concrete", "lanes": null, "sidewalk": null, "source": null, "alt_name": null, "foot": null, "smoothness": "good", "building": null, "service": null, "bridge": null, "layer": null, "brand:wikipedia": null, "cuisine": null, "takeaway": null, "bicycle": null, "leisure": null, "highway:source": null, "building:levels": null, "note": null, "footway": "sidewalk", "mapillary": "1827870917390538", "survey:date": "2019-09-12", "tactile_paving": "no", "turn:lanes": null, "box_id": 1, "provider": "osmnx" }, "geometry": { "type": "LineString", "coordinates": [ [ -49.2624411, -25.461727 ], [ -49.2624102, -25.4617889 ] ] } },
{ "type": "Feature", "properties": { "highway": "footway", "amenity": null, "healthcare": null, "name": null, "brand": null, "brand:wikidata": null, "shop": null, "maxspeed": null, "addr:city": null, "addr:housenumber": null, "addr:street": null, "office": null, "website": null, "bus": null, "public_transport": null, "shelter": null, "check_date:shelter": null, "recycling:aluminium": null, "recycling:beverage_cartons": null, "recycling:books": null, "recycling:cans": null, "recycling:cardboard": null, "recycling:cartons": null, "recycling:glass": null, "recycling:glass_bottles": null, "recycling:magazines": null, "recycling:newspaper": null, "recycling:paper": null, "recycling:paper_packaging": null, "recycling:plastic": null, "recycling:plastic_bottles": null, "recycling:plastic_packaging": null, "recycling:scrap_metal": null, "recycling_type": null, "contact:email": null, "contact:phone": null, "contact:website": null, "contact:whatsapp": null, "natural": null, "opening_hours": null, "operator": null, "phone": null, "crossing": null, "crossing:signals": null, "crossing:markings": null, "parking_space": null, "addr:postcode": null, "addr:suburb": null, "description": null, "payment:pix": null, "lit": null, "oneway": null, "surface": "concrete", "lanes": null, "sidewalk": null, "source": null, "alt_name": null, "foot": null, "smoothness": "good", "building": null, "service": null, "bridge": null, "layer": null, "brand:wikipedia": null, "cuisine": null, "takeaway": null, "bicycle": null, "leisure": null, "highway:source": null, "building:levels": null, "note": null, "footway": "sidewalk", "mapillary": "1397259843979700", "survey:date": "2019-09-12", "tactile_paving": "no", "turn:lanes": null, "box_id": 1, "provider": "osmnx" }, "geometry": { "type": "LineString", "coordinates": [ [ -49.2623049, -25.4617516 ], [ -49.2623529, -25.4616545 ] ] } },
{ "type": "Feature", "properties": { "highway": "footway", "amenity": null, "healthcare": null, "name": null, "brand": null, "brand:wikidata": null, "shop": null, "maxspeed": null, "addr:city": null, "addr:housenumber": null, "addr:street": null, "office": null, "website": null, "bus": null, "public_transport": null, "shelter": null, "check_date:shelter": null, "recycling:aluminium": null, "recycling:beverage_cartons": null, "recycling:books": null, "recycling:cans": null, "recycling:cardboard": null, "recycling:cartons": null, "recycling:glass": null, "recycling:glass_bottles": null, "recycling:magazines": null, "recycling:newspaper": null, "recycling:paper": null, "recycling:paper_packaging": null, "recycling:plastic": null, "recycling:plastic_bottles": null, "recycling:plastic_packaging": null, "recycling:scrap_metal": null, "recycling_type": null, "contact:email": null, "contact:phone": null, "contact:website": null, "contact:whatsapp": null, "natural": null, "opening_hours": null, "operator": null, "phone": null, "crossing": null, "crossing:signals": null, "crossing:markings": null, "parking_space": null, "addr:postcode": null, "addr:suburb": null, "description": null, "payment:pix": null, "lit": null, "oneway": null, "surface": "concrete:plates", "lanes": null, "sidewalk": null, "source": null, "alt_name": null, "foot": null, "smoothness": "bad", "building": null, "service": null, "bridge": null, "layer": null, "brand:wikipedia": null, "cuisine": null, "takeaway": null, "bicycle": null, "leisure": null, "highway:source": null, "building:levels": null, "note": null, "footway": "sidewalk", "mapillary": "1426642801018844", "survey:date": "2019-09-12", "tactile_paving": "no", "turn:lanes": null, "box_id": 1, "provider": "osmnx" }, "geometry": { "type": "LineString", "coordinates": [ [ -49.2624988, -25.46161 ], [ -49.2624411, -25.461727 ] ] } },
{ "type": "Feature", "properties": { "highway": "footway", "amenity": null, "healthcare": null, "name": null, "brand": null, "brand:wikidata": null, "shop": null, "maxspeed": null, "addr:city": null, "addr:housenumber": null, "addr:street": null, "office": null, "website": null, "bus": null, "public_transport": null, "shelter": null, "check_date:shelter": null, "recycling:aluminium": null, "recycling:beverage_cartons": null, "recycling:books": null, "recycling:cans": null, "recycling:cardboard": null, "recycling:cartons": null, "recycling:glass": null, "recycling:glass_bottles": null, "recycling:magazines": null, "recycling:newspaper": null, "recycling:paper": null, "recycling:paper_packaging": null, "recycling:plastic": null, "recycling:plastic_bottles": null, "recycling:plastic_packaging": null, "recycling:scrap_metal": null, "recycling_type": null, "contact:email": null, "contact:phone": null, "contact:website": null, "contact:whatsapp": null, "natural": null, "opening_hours": null, "operator": null, "phone": null, "crossing": null, "crossing:signals": null, "crossing:markings": null, "parking_space": null, "addr:postcode": null, "addr:suburb": null, "description": null, "payment:pix": null, "lit": null, "oneway": null, "surface": "concrete", "lanes": null, "sidewalk": null, "source": null, "alt_name": null, "foot": null, "smoothness": "good", "building": null, "service": null, "bridge": null, "layer": null, "brand:wikipedia": null, "cuisine": null, "takeaway": null, "bicycle": null, "leisure": null, "highway:source": null, "building:levels": null, "note": null, "footway": "sidewalk", "mapillary": "337108507835034", "survey:date": "2019-09-12", "tactile_paving": "no", "turn:lanes": null, "box_id": 1, "provider": "osmnx" }, "geometry": { "type": "LineString", "coordinates": [ [ -49.2623529, -25.4616545 ], [ -49.2623991, -25.461561 ] ] } },
{ "type": "Feature", "properties": { "highway": "footway", "amenity": null, "healthcare": null, "name": null, "brand": null, "brand:wikidata": null, "shop": null, "maxspeed": null, "addr:city": null, "addr:housenumber": null, "addr:street": null, "office": null, "website": null, "bus": null, "public_transport": null, "shelter": null, "check_date:shelter": null, "recycling:aluminium": null, "recycling:beverage_cartons": null, "recycling:books": null, "recycling:cans": null, "recycling:cardboard": null, "recycling:cartons": null, "recycling:glass": null, "recycling:glass_bottles": null, "recycling:magazines": null, "recycling:newspaper": null, "recycling:paper": null, "recycling:paper_packaging": null, "recycling:plastic": null, "recycling:plastic_bottles": null, "recycling:plastic_packaging": null, "recycling:scrap_metal": null, "recycling_type": null, "contact:email": null, "contact:phone": null, "contact:website": null, "contact:whatsapp": null, "natural": null, "opening_hours": null, "operator": null, "phone": null, "crossing": null, "crossing:signals": null, "crossing:markings": null, "parking_space": null, "addr:postcode": null, "addr:suburb": null, "description": null, "payment:pix": null, "lit": null, "oneway": null, "surface": "paving_stones", "lanes": null, "sidewalk": null, "source": null, "alt_name": null, "foot": null, "smoothness": "good", "building": null, "service": null, "bridge": null, "layer": null, "brand:wikipedia": null, "cuisine": null, "takeaway": null, "bicycle": null, "leisure": null, "highway:source": null, "building:levels": null, "note": null, "footway": "sidewalk", "mapillary": "1426642801018844", "survey:date": "2019-09-12", "tactile_paving": "no", "turn:lanes": null, "box_id": 1, "provider": "osmnx" }, "geometry": { "type": "LineString", "coordinates": [ [ -49.2625226, -25.4615618 ], [ -49.2624988, -25.46161 ] ] } },
{ "type": "Feature", "properties": { "highway": "footway", "amenity": null, "healthcare": null, "name": null, "brand": null, "brand:wikidata": null, "shop": null, "maxspeed": null, "addr:city": null, "addr:housenumber": null, "addr:street": null, "office": null, "website": null, "bus": null, "public_transport": null, "shelter": null, "check_date:shelter": null, "recycling:aluminium": null, "recycling:beverage_cartons": null, "recycling:books": null, "recycling:cans": null, "recycling:cardboard": null, "recycling:cartons": null, "recycling:glass": null, "recycling:glass_bottles": null, "recycling:magazines": null, "recycling:newspaper": null, "recycling:paper": null, "recycling:paper_packaging": null, "recycling:plastic": null, "recycling:plastic_bottles": null, "recycling:plastic_packaging": null, "recycling:scrap_metal": null, "recycling_type": null, "contact:email": null, "contact:phone": null, "contact:website": null, "contact:whatsapp": null, "natural": null, "opening_hours": null, "operator": null, "phone": null, "crossing": "unmarked", "crossing:signals": null, "crossing:markings": null, "parking_space": null, "addr:postcode": null, "addr:suburb": null, "description": null, "payment:pix": null, "lit": null, "oneway": null, "surface": "asphalt", "lanes": null, "sidewalk": null, "source": null, "alt_name": null, "foot": null, "smoothness": "good", "building": null, "service": null, "bridge": null, "layer": null, "brand:wikipedia": null, "cuisine": null, "takeaway": null, "bicycle": null, "leisure": null, "highway:source": null, "building:levels": null, "note": null, "footway": "crossing", "mapillary": "1178115929294038", "survey:date": "2019-09-12", "tactile_paving": null, "turn:lanes": null, "box_id": 1, "provider": "osmnx" }, "geometry": { "type": "LineString", "coordinates": [ [ -49.2638056, -25.4616884 ], [ -49.2637985, -25.4617034 ], [ -49.2637852, -25.4617315 ], [ -49.2637653, -25.461773 ], [ -49.2637582, -25.4617879 ] ] } },
{ "type": "Feature", "properties": { "highway": "residential", "amenity": null, "healthcare": null, "name": "Rua Chanceler Lauro Müller", "brand": null, "brand:wikidata": null, "shop": null, "maxspeed": null, "addr:city": null, "addr:housenumber": null, "addr:street": null, "office": null, "website": null, "bus": null, "public_transport": null, "shelter": null, "check_date:shelter": null, "recycling:aluminium": null, "recycling:beverage_cartons": null, "recycling:books": null, "recycling:cans": null, "recycling:cardboard": null, "recycling:cartons": null, "recycling:glass": null, "recycling:glass_bottles": null, "recycling:magazines": null, "recycling:newspaper": null, "recycling:paper": null, "recycling:paper_packaging": null, "recycling:plastic": null, "recycling:plastic_bottles": null, "recycling:plastic_packaging": null, "recycling:scrap_metal": null, "recycling_type": null, "contact:email": null, "contact:phone": null, "contact:website": null, "contact:whatsapp": null, "natural": null, "opening_hours": null, "operator": null, "phone": null, "crossing": null, "crossing:signals": null, "crossing:markings": null, "parking_space": null, "addr:postcode": null, "addr:suburb": null, "description": null, "payment:pix": null, "lit": null, "oneway": "no", "surface": null, "lanes": null, "sidewalk": null, "source": null, "alt_name": null, "foot": null, "smoothness": null, "building": null, "service": null, "bridge": null, "layer": null, "brand:wikipedia": null, "cuisine": null, "takeaway": null, "bicycle": null, "leisure": null, "highway:source": null, "building:levels": null, "note": null, "footway": null, "mapillary": null, "survey:date": null, "tactile_paving": null, "turn:lanes": null, "box_id": 1, "provider": "osmnx" }, "geometry": { "type": "LineString", "coordinates": [ [ -49.262052792389483, -25.461033584939848 ], [ -49.2625122, -25.4612187 ], [ -49.2626115, -25.4612586 ], [ -49.2627259, -25.4613047 ], [ -49.2637852, -25.4617315 ], [ -49.2638968, -25.4617767 ], [ -49.2648527, -25.4621615 ], [ -49.2652699, -25.4623296 ], [ -49.2656306, -25.4624749 ], [ -49.2661528, -25.4626852 ], [ -49.266649, -25.4629003 ], [ -49.2670193, -25.4630584 ], [ -49.2680556, -25.463549 ], [ -49.2682081, -25.4636104 ], [ -49.2683513, -25.463664 ], [ -49.2687676, -25.4638082 ], [ -49.2692273, -25.4639632 ] ] } },
{ "type": "Feature", "properties": { "highway": "footway", "amenity": null, "healthcare": null, "name": null, "brand": null, "brand:wikidata": null, "shop": null, "maxspeed": null, "addr:city": null, "addr:housenumber": null, "addr:street": null, "office": null, "website": null, "bus": null, "public_transport": null, "shelter": null, "check_date:shelter": null, "recycling:aluminium": null, "recycling:beverage_cartons": null, "recycling:books": null, "recycling:cans": null, "recycling:cardboard": null, "recycling:cartons": null, "recycling:glass": null, "recycling:glass_bottles": null, "recycling:magazines": null, "recycling:newspaper": null, "recycling:paper": null, "recycling:paper_packaging": null, "recycling:plastic": null, "recycling:plastic_bottles": null, "recycling:plastic_packaging": null, "recycling:scrap_metal": null, "recycling_type": null, "contact:email": null, "contact:phone": null, "contact:website": null, "contact:whatsapp": null, "natural": null, "opening_hours": null, "operator": null, "phone": null, "crossing": null, "crossing:signals": null, "crossing:markings": null, "parking_space": null, "addr:postcode": null, "addr:suburb": null, "description": null, "payment:pix": null, "lit": null, "oneway": null, "surface": "concrete", "lanes": null, "sidewalk": null, "source": null, "alt_name": null, "foot": null, "smoothness": "bad", "building": null, "service": null, "bridge": null, "layer": null, "brand:wikipedia": null, "cuisine": null, "takeaway": null, "bicycle": null, "leisure": null, "highway:source": null, "building:levels": null, "note": null, "footway": "sidewalk", "mapillary": "4077324868977780", "survey:date": "2019-09-12", "tactile_paving": "no", "turn:lanes": null, "box_id": 1, "provider": "osmnx" }, "geometry": { "type": "LineString", "coordinates": [ [ -49.2636442, -25.4617418 ], [ -49.2634325, -25.4616561 ] ] } },
{ "type": "Feature", "properties": { "highway": "footway", "amenity": null, "healthcare": null, "name": null, "brand": null, "brand:wikidata": null, "shop": null, "maxspeed": null, "addr:city": null, "addr:housenumber": null, "addr:street": null, "office": null, "website": null, "bus": null, "public_transport": null, "shelter": null, "check_date:shelter": null, "recycling:aluminium": null, "recycling:beverage_cartons": null, "recycling:books": null, "recycling:cans": null, "recycling:cardboard": null, "recycling:cartons": null, "recycling:glass": null, "recycling:glass_bottles": null, "recycling:magazines": null, "recycling:newspaper": null, "recycling:paper": null, "recycling:paper_packaging": null, "recycling:plastic": null, "recycling:plastic_bottles": null, "recycling:plastic_packaging": null, "recycling:scrap_metal": null, "recycling_type": null, "contact:email": null, "contact:phone": null, "contact:website": null, "contact:whatsapp": null, "natural": null, "opening_hours": null, "operator": null, "phone": null, "crossing": null, "crossing:signals": null, "crossing:markings": null, "parking_space": null, "addr:postcode": null, "addr:suburb": null, "description": null, "payment:pix": null, "lit": null, "oneway": null, "surface": "concrete:plates", "lanes": null, "sidewalk": null, "source": null, "alt_name": null, "foot": null, "smoothness": "bad", "building": null, "service": null, "bridge": null, "layer": null, "brand:wikipedia": null, "cuisine": null, "takeaway": null, "bicycle": null, "leisure": null, "highway:source": null, "building:levels": null, "note": null, "footway": "sidewalk", "mapillary": "960555201425249", "survey:date": "2019-09-12", "tactile_paving": "no", "turn:lanes": null, "box_id": 1, "provider": "osmnx" }, "geometry": { "type": "LineString", "coordinates": [ [ -49.2635975, -25.4616043 ], [ -49.2638056, -25.4616884 ], [ -49.2638125, -25.4616907 ], [ -49.2638201, -25.4616919 ], [ -49.2638281, -25.4616921 ], [ -49.2638369, -25.4616911 ] ] } },
{ "type": "Feature", "properties": { "highway": "footway", "amenity": null, "healthcare": null, "name": null, "brand": null, "brand:wikidata": null, "shop": null, "maxspeed": null, "addr:city": null, "addr:housenumber": null, "addr:street": null, "office": null, "website": null, "bus": null, "public_transport": null, "shelter": null, "check_date:shelter": null, "recycling:aluminium": null, "recycling:beverage_cartons": null, "recycling:books": null, "recycling:cans": null, "recycling:cardboard": null, "recycling:cartons": null, "recycling:glass": null, "recycling:glass_bottles": null, "recycling:magazines": null, "recycling:newspaper": null, "recycling:paper": null, "recycling:paper_packaging": null, "recycling:plastic": null, "recycling:plastic_bottles": null, "recycling:plastic_packaging": null, "recycling:scrap_metal": null, "recycling_type": null, "contact:email": null, "contact:phone": null, "contact:website": null, "contact:whatsapp": null, "natural": null, "opening_hours": null, "operator": null, "phone": null, "crossing": null, "crossing:signals": null, "crossing:markings": null, "parking_space": null, "addr:postcode": null, "addr:suburb": null, "description": null, "payment:pix": null, "lit": null, "oneway": null, "surface": "concrete:plates", "lanes": null, "sidewalk": null, "source": null, "alt_name": null, "foot": null, "smoothness": "intermediate", "building": null, "service": null, "bridge": null, "layer": null, "brand:wikipedia": null, "cuisine": null, "takeaway": null, "bicycle": null, "leisure": null, "highway:source": null, "building:levels": null, "note": null, "footway": "sidewalk", "mapillary": "163180805739768", "survey:date": "2019-09-12", "tactile_paving": "no", "turn:lanes": null, "box_id": 1, "provider": "osmnx" }, "geometry": { "type": "LineString", "coordinates": [ [ -49.2634325, -25.4616561 ], [ -49.2633355, -25.4616169 ] ] } },
{ "type": "Feature", "properties": { "highway": "footway", "amenity": null, "healthcare": null, "name": null, "brand": null, "brand:wikidata": null, "shop": null, "maxspeed": null, "addr:city": null, "addr:housenumber": null, "addr:street": null, "office": null, "website": null, "bus": null, "public_transport": null, "shelter": null, "check_date:shelter": null, "recycling:aluminium": null, "recycling:beverage_cartons": null, "recycling:books": null, "recycling:cans": null, "recycling:cardboard": null, "recycling:cartons": null, "recycling:glass": null, "recycling:glass_bottles": null, "recycling:magazines": null, "recycling:newspaper": null, "recycling:paper": null, "recycling:paper_packaging": null, "recycling:plastic": null, "recycling:plastic_bottles": null, "recycling:plastic_packaging": null, "recycling:scrap_metal": null, "recycling_type": null, "contact:email": null, "contact:phone": null, "contact:website": null, "contact:whatsapp": null, "natural": null, "opening_hours": null, "operator": null, "phone": null, "crossing": null, "crossing:signals": null, "crossing:markings": null, "parking_space": null, "addr:postcode": null, "addr:suburb": null, "description": null, "payment:pix": null, "lit": null, "oneway": null, "surface": "concrete:plates", "lanes": null, "sidewalk": null, "source": null, "alt_name": null, "foot": null, "smoothness": "intermediate", "building": null, "service": null, "bridge": null, "layer": null, "brand:wikipedia": null, "cuisine": null, "takeaway": null, "bicycle": null, "leisure": null, "highway:source": null, "building:levels": null, "note": null, "footway": "sidewalk", "mapillary": "590900285635796", "survey:date": "2019-09-12", "tactile_paving": "no", "turn:lanes": null, "box_id": 1, "provider": "osmnx" }, "geometry": { "type": "LineString", "coordinates": [ [ -49.2633355, -25.4616169 ], [ -49.2632204, -25.4615703 ] ] } },
{ "type": "Feature", "properties": { "highway": "footway", "amenity": null, "healthcare": null, "name": null, "brand": null, "brand:wikidata": null, "shop": null, "maxspeed": null, "addr:city": null, "addr:housenumber": null, "addr:street": null, "office": null, "website": null, "bus": null, "public_transport": null, "shelter": null, "check_date:shelter": null, "recycling:aluminium": null, "recycling:beverage_cartons": null, "recycling:books": null, "recycling:cans": null, "recycling:cardboard": null, "recycling:cartons": null, "recycling:glass": null, "recycling:glass_bottles": null, "recycling:magazines": null, "recycling:newspaper": null, "recycling:paper": null, "recycling:paper_packaging": null, "recycling:plastic": null, "recycling:plastic_bottles": null, "recycling:plastic_packaging": null, "recycling:scrap_metal": null, "recycling_type": null, "contact:email": null, "contact:phone": null, "contact:website": null, "contact:whatsapp": null, "natural": null, "opening_hours": null, "operator": null, "phone": null, "crossing": null, "crossing:signals": null, "crossing:markings": null, "parking_space": null, "addr:postcode": null, "addr:suburb": null, "description": null, "payment:pix": null, "lit": null, "oneway": null, "surface": "concrete", "lanes": null, "sidewalk": null, "source": null, "alt_name": null, "foot": null, "smoothness": "bad", "building": null, "service": null, "bridge": null, "layer": null, "brand:wikipedia": null, "cuisine": null, "takeaway": null, "bicycle": null, "leisure": null, "highway:source": null, "building:levels": null, "note": null, "footway": "sidewalk", "mapillary": "317845693114822", "survey:date": "2019-09-12", "tactile_paving": "no", "turn:lanes": null, "box_id": 1, "provider": "osmnx" }, "geometry": { "type": "LineString", "coordinates": [ [ -49.2634945, -25.4615626 ], [ -49.2635975, -25.4616043 ] ] } },
{ "type": "Feature", "properties": { "highway": "footway", "amenity": null, "healthcare": null, "name": null, "brand": null, "brand:wikidata": null, "shop": null, "maxspeed": null, "addr:city": null, "addr:housenumber": null, "addr:street": null, "office": null, "website": null, "bus": null, "public_transport": null, "shelter": null, "check_date:shelter": null, "recycling:aluminium": null, "recycling:beverage_cartons": null, "recycling:books": null, "recycling:cans": null, "recycling:cardboard": null, "recycling:cartons": null, "recycling:glass": null, "recycling:glass_bottles": null, "recycling:magazines": null, "recycling:newspaper": null, "recycling:paper": null, "recycling:paper_packaging": null, "recycling:plastic": null, "recycling:plastic_bottles": null, "recycling:plastic_packaging": null, "recycling:scrap_metal": null, "recycling_type": null, "contact:email": null, "contact:phone": null, "contact:website": null, "contact:whatsapp": null, "natural": null, "opening_hours": null, "operator": null, "phone": null, "crossing": null, "crossing:signals": null, "crossing:markings": null, "parking_space": null, "addr:postcode": null, "addr:suburb": null, "description": null, "payment:pix": null, "lit": null, "oneway": null, "surface": "concrete:plates", "lanes": null, "sidewalk": null, "source": null, "alt_name": null, "foot": null, "smoothness": "good", "building": null, "service": null, "bridge": null, "layer": null, "brand:wikipedia": null, "cuisine": null, "takeaway": null, "bicycle": null, "leisure": null, "highway:source": null, "building:levels": null, "note": null, "footway": "sidewalk", "mapillary": "320750679464684", "survey:date": "2019-09-12", "tactile_paving": "no", "turn:lanes": null, "box_id": 1, "provider": "osmnx" }, "geometry": { "type": "LineString", "coordinates": [ [ -49.2638369, -25.4616911 ], [ -49.2638434, -25.4616891 ], [ -49.2638505, -25.461686 ], [ -49.2638569, -25.4616819 ], [ -49.2638626, -25.461677 ], [ -49.2638673, -25.4616713 ], [ -49.263871, -25.461665 ], [ -49.2639731, -25.4614508 ] ] } },
{ "type": "Feature", "properties": { "highway": "footway", "amenity": null, "healthcare": null, "name": null, "brand": null, "brand:wikidata": null, "shop": null, "maxspeed": null, "addr:city": null, "addr:housenumber": null, "addr:street": null, "office": null, "website": null, "bus": null, "public_transport": null, "shelter": null, "check_date:shelter": null, "recycling:aluminium": null, "recycling:beverage_cartons": null, "recycling:books": null, "recycling:cans": null, "recycling:cardboard": null, "recycling:cartons": null, "recycling:glass": null, "recycling:glass_bottles": null, "recycling:magazines": null, "recycling:newspaper": null, "recycling:paper": null, "recycling:paper_packaging": null, "recycling:plastic": null, "recycling:plastic_bottles": null, "recycling:plastic_packaging": null, "recycling:scrap_metal": null, "recycling_type": null, "contact:email": null, "contact:phone": null, "contact:website": null, "contact:whatsapp": null, "natural": null, "opening_hours": null, "operator": null, "phone": null, "crossing": null, "crossing:signals": null, "crossing:markings": null, "parking_space": null, "addr:postcode": null, "addr:suburb": null, "description": null, "payment:pix": null, "lit": null, "oneway": null, "surface": "sett", "lanes": null, "sidewalk": null, "source": null, "alt_name": null, "foot": null, "smoothness": "bad", "building": null, "service": null, "bridge": null, "layer": null, "brand:wikipedia": null, "cuisine": null, "takeaway": null, "bicycle": null, "leisure": null, "highway:source": null, "building:levels": null, "note": null, "footway": "sidewalk", "mapillary": "147141287327612", "survey:date": "2019-09-12", "tactile_paving": "no", "turn:lanes": null, "box_id": 1, "provider": "osmnx" }, "geometry": { "type": "LineString", "coordinates": [ [ -49.2632204, -25.4615703 ], [ -49.2630799, -25.4615135 ] ] } },
{ "type": "Feature", "properties": { "highway": "footway", "amenity": null, "healthcare": null, "name": null, "brand": null, "brand:wikidata": null, "shop": null, "maxspeed": null, "addr:city": null, "addr:housenumber": null, "addr:street": null, "office": null, "website": null, "bus": null, "public_transport": null, "shelter": null, "check_date:shelter": null, "recycling:aluminium": null, "recycling:beverage_cartons": null, "recycling:books": null, "recycling:cans": null, "recycling:cardboard": null, "recycling:cartons": null, "recycling:glass": null, "recycling:glass_bottles": null, "recycling:magazines": null, "recycling:newspaper": null, "recycling:paper": null, "recycling:paper_packaging": null, "recycling:plastic": null, "recycling:plastic_bottles": null, "recycling:plastic_packaging": null, "recycling:scrap_metal": null, "recycling_type": null, "contact:email": null, "contact:phone": null, "contact:website": null, "contact:whatsapp": null, "natural": null, "opening_hours": null, "operator": null, "phone": null, "crossing": null, "crossing:signals": null, "crossing:markings": null, "parking_space": null, "addr:postcode": null, "addr:suburb": null, "description": null, "payment:pix": null, "lit": null, "oneway": null, "surface": "concrete:plates", "lanes": null, "sidewalk": null, "source": null, "alt_name": null, "foot": null, "smoothness": "intermediate", "building": null, "service": null, "bridge": null, "layer": null, "brand:wikipedia": null, "cuisine": null, "takeaway": null, "bicycle": null, "leisure": null, "highway:source": null, "building:levels": null, "note": null, "footway": "sidewalk", "mapillary": "485589422678112", "survey:date": "2019-09-12", "tactile_paving": "no", "turn:lanes": null, "box_id": 1, "provider": "osmnx" }, "geometry": { "type": "LineString", "coordinates": [ [ -49.2633886, -25.4615198 ], [ -49.2634945, -25.4615626 ] ] } },
{ "type": "Feature", "properties": { "highway": "footway", "amenity": null, "healthcare": null, "name": null, "brand": null, "brand:wikidata": null, "shop": null, "maxspeed": null, "addr:city": null, "addr:housenumber": null, "addr:street": null, "office": null, "website": null, "bus": null, "public_transport": null, "shelter": null, "check_date:shelter": null, "recycling:aluminium": null, "recycling:beverage_cartons": null, "recycling:books": null, "recycling:cans": null, "recycling:cardboard": null, "recycling:cartons": null, "recycling:glass": null, "recycling:glass_bottles": null, "recycling:magazines": null, "recycling:newspaper": null, "recycling:paper": null, "recycling:paper_packaging": null, "recycling:plastic": null, "recycling:plastic_bottles": null, "recycling:plastic_packaging": null, "recycling:scrap_metal": null, "recycling_type": null, "contact:email": null, "contact:phone": null, "contact:website": null, "contact:whatsapp": null, "natural": null, "opening_hours": null, "operator": null, "phone": null, "crossing": null, "crossing:signals": null, "crossing:markings": null, "parking_space": null, "addr:postcode": null, "addr:suburb": null, "description": null, "payment:pix": null, "lit": null, "oneway": null, "surface": "concrete", "lanes": null, "sidewalk": null, "source": null, "alt_name": null, "foot": null, "smoothness": "very_bad", "building": null, "service": null, "bridge": null, "layer": null, "brand:wikipedia": null, "cuisine": null, "takeaway": null, "bicycle": null, "leisure": null, "highway:source": null, "building:levels": null, "note": null, "footway": "sidewalk", "mapillary": "770240723676711", "survey:date": "2019-09-12", "tactile_paving": "no", "turn:lanes": null, "box_id": 1, "provider": "osmnx" }, "geometry": { "type": "LineString", "coordinates": [ [ -49.2632816, -25.4614765 ], [ -49.2633886, -25.4615198 ] ] } },
{ "type": "Feature", "properties": { "highway": "footway", "amenity": null, "healthcare": null, "name": null, "brand": null, "brand:wikidata": null, "shop": null, "maxspeed": null, "addr:city": null, "addr:housenumber": null, "addr:street": null, "office": null, "website": null, "bus": null, "public_transport": null, "shelter": null, "check_date:shelter": null, "recycling:aluminium": null, "recycling:beverage_cartons": null, "recycling:books": null, "recycling:cans": null, "recycling:cardboard": null, "recycling:cartons": null, "recycling:glass": null, "recycling:glass_bottles": null, "recycling:magazines": null, "recycling:newspaper": null, "recycling:paper": null, "recycling:paper_packaging": null, "recycling:plastic": null, "recycling:plastic_bottles": null, "recycling:plastic_packaging": null, "recycling:scrap_metal": null, "recycling_type": null, "contact:email": null, "contact:phone": null, "contact:website": null, "contact:whatsapp": null, "natural": null, "opening_hours": null, "operator": null, "phone": null, "crossing": null, "crossing:signals": null, "crossing:markings": null, "parking_space": null, "addr:postcode": null, "addr:suburb": null, "description": null, "payment:pix": null, "lit": null, "oneway": null, "surface": "concrete", "lanes": null, "sidewalk": null, "source": null, "alt_name": null, "foot": null, "smoothness": "good", "building": null, "service": null, "bridge": null, "layer": null, "brand:wikipedia": null, "cuisine": null, "takeaway": null, "bicycle": null, "leisure": null, "highway:source": null, "building:levels": null, "note": null, "footway": "sidewalk", "mapillary": "2629918357305210", "survey:date": "2019-09-12", "tactile_paving": "no", "turn:lanes": null, "box_id": 1, "provider": "osmnx" }, "geometry": { "type": "LineString", "coordinates": [ [ -49.2630799, -25.4615135 ], [ -49.2628429, -25.4614176 ] ] } },
{ "type": "Feature", "properties": { "highway": "footway", "amenity": null, "healthcare": null, "name": null, "brand": null, "brand:wikidata": null, "shop": null, "maxspeed": null, "addr:city": null, "addr:housenumber": null, "addr:street": null, "office": null, "website": null, "bus": null, "public_transport": null, "shelter": null, "check_date:shelter": null, "recycling:aluminium": null, "recycling:beverage_cartons": null, "recycling:books": null, "recycling:cans": null, "recycling:cardboard": null, "recycling:cartons": null, "recycling:glass": null, "recycling:glass_bottles": null, "recycling:magazines": null, "recycling:newspaper": null, "recycling:paper": null, "recycling:paper_packaging": null, "recycling:plastic": null, "recycling:plastic_bottles": null, "recycling:plastic_packaging": null, "recycling:scrap_metal": null, "recycling_type": null, "contact:email": null, "contact:phone": null, "contact:website": null, "contact:whatsapp": null, "natural": null, "opening_hours": null, "operator": null, "phone": null, "crossing": null, "crossing:signals": null, "crossing:markings": null, "parking_space": null, "addr:postcode": null, "addr:suburb": null, "description": null, "payment:pix": null, "lit": null, "oneway": null, "surface": "concrete:plates", "lanes": null, "sidewalk": null, "source": null, "alt_name": null, "foot": null, "smoothness": "bad", "building": null, "service": null, "bridge": null, "layer": null, "brand:wikipedia": null, "cuisine": null, "takeaway": null, "bicycle": null, "leisure": null, "highway:source": null, "building:levels": null, "note": null, "footway": "sidewalk", "mapillary": "2890344571179374", "survey:date": "2019-09-12", "tactile_paving": "no", "turn:lanes": null, "box_id": 1, "provider": "osmnx" }, "geometry": { "type": "LineString", "coordinates": [ [ -49.2631797, -25.4614352 ], [ -49.2632816, -25.4614765 ] ] } },
{ "type": "Feature", "properties": { "highway": "footway", "amenity": null, "healthcare": null, "name": null, "brand": null, "brand:wikidata": null, "shop": null, "maxspeed": null, "addr:city": null, "addr:housenumber": null, "addr:street": null, "office": null, "website": null, "bus": null, "public_transport": null, "shelter": null, "check_date:shelter": null, "recycling:aluminium": null, "recycling:beverage_cartons": null, "recycling:books": null, "recycling:cans": null, "recycling:cardboard": null, "recycling:cartons": null, "recycling:glass": null, "recycling:glass_bottles": null, "recycling:magazines": null, "recycling:newspaper": null, "recycling:paper": null, "recycling:paper_packaging": null, "recycling:plastic": null, "recycling:plastic_bottles": null, "recycling:plastic_packaging": null, "recycling:scrap_metal": null, "recycling_type": null, "contact:email": null, "contact:phone": null, "contact:website": null, "contact:whatsapp": null, "natural": null, "opening_hours": null, "operator": null, "phone": null, "crossing": null, "crossing:signals": null, "crossing:markings": null, "parking_space": null, "addr:postcode": null, "addr:suburb": null, "description": null, "payment:pix": null, "lit": null, "oneway": null, "surface": "concrete:plates", "lanes": null, "sidewalk": null, "source": null, "alt_name": null, "foot": null, "smoothness": "intermediate", "building": null, "service": null, "bridge": null, "layer": null, "brand:wikipedia": null, "cuisine": null, "takeaway": null, "bicycle": null, "leisure": null, "highway:source": null, "building:levels": null, "note": null, "footway": "sidewalk", "mapillary": "934032620752358", "survey:date": "2019-09-12", "tactile_paving": "no", "turn:lanes": null, "box_id": 1, "provider": "osmnx" }, "geometry": { "type": "LineString", "coordinates": [ [ -49.2626523, -25.4613487 ], [ -49.2626501, -25.461349 ], [ -49.2626426, -25.461351 ], [ -49.2626355, -25.461354 ], [ -49.2626291, -25.461358 ], [ -49.2626235, -25.4613628 ], [ -49.2626187, -25.4613684 ], [ -49.262615, -25.4613746 ], [ -49.2626072, -25.4613902 ], [ -49.2625552, -25.4614956 ] ] } },
{ "type": "Feature", "properties": { "highway": "footway", "amenity": null, "healthcare": null, "name": null, "brand": null, "brand:wikidata": null, "shop": null, "maxspeed": null, "addr:city": null, "addr:housenumber": null, "addr:street": null, "office": null, "website": null, "bus": null, "public_transport": null, "shelter": null, "check_date:shelter": null, "recycling:aluminium": null, "recycling:beverage_cartons": null, "recycling:books": null, "recycling:cans": null, "recycling:cardboard": null, "recycling:cartons": null, "recycling:glass": null, "recycling:glass_bottles": null, "recycling:magazines": null, "recycling:newspaper": null, "recycling:paper": null, "recycling:paper_packaging": null, "recycling:plastic": null, "recycling:plastic_bottles": null, "recycling:plastic_packaging": null, "recycling:scrap_metal": null, "recycling_type": null, "contact:email": null, "contact:phone": null, "contact:website": null, "contact:whatsapp": null, "natural": null, "opening_hours": null, "operator": null, "phone": null, "crossing": null, "crossing:signals": null, "crossing:markings": null, "parking_space": null, "addr:postcode": null, "addr:suburb": null, "description": null, "payment:pix": null, "lit": null, "oneway": null, "surface": "concrete:plates", "lanes": null, "sidewalk": null, "source": null, "alt_name": null, "foot": null, "smoothness": "intermediate", "building": null, "service": null, "bridge": null, "layer": null, "brand:wikipedia": null, "cuisine": null, "takeaway": null, "bicycle": null, "leisure": null, "highway:source": null, "building:levels": null, "note": null, "footway": "sidewalk", "mapillary": "2926289574280159", "survey:date": "2019-09-12", "tactile_paving": "no", "turn:lanes": null, "box_id": 1, "provider": "osmnx" }, "geometry": { "type": "LineString", "coordinates": [ [ -49.2630833, -25.4613963 ], [ -49.2631797, -25.4614352 ] ] } },
{ "type": "Feature", "properties": { "highway": "footway", "amenity": null, "healthcare": null, "name": null, "brand": null, "brand:wikidata": null, "shop": null, "maxspeed": null, "addr:city": null, "addr:housenumber": null, "addr:street": null, "office": null, "website": null, "bus": null, "public_transport": null, "shelter": null, "check_date:shelter": null, "recycling:aluminium": null, "recycling:beverage_cartons": null, "recycling:books": null, "recycling:cans": null, "recycling:cardboard": null, "recycling:cartons": null, "recycling:glass": null, "recycling:glass_bottles": null, "recycling:magazines": null, "recycling:newspaper": null, "recycling:paper": null, "recycling:paper_packaging": null, "recycling:plastic": null, "recycling:plastic_bottles": null, "recycling:plastic_packaging": null, "recycling:scrap_metal": null, "recycling_type": null, "contact:email": null, "contact:phone": null, "contact:website": null, "contact:whatsapp": null, "natural": null, "opening_hours": null, "operator": null, "phone": null, "crossing": null, "crossing:signals": null, "crossing:markings": null, "parking_space": null, "addr:postcode": null, "addr:suburb": null, "description": null, "payment:pix": null, "lit": null, "oneway": null, "surface": "concrete", "lanes": null, "sidewalk": null, "source": null, "alt_name": null, "foot": null, "smoothness": "good", "building": null, "service": null, "bridge": null, "layer": null, "brand:wikipedia": null, "cuisine": null, "takeaway": null, "bicycle": null, "leisure": null, "highway:source": null, "building:levels": null, "note": null, "footway": "sidewalk", "mapillary": "338238404318210", "survey:date": "2019-09-12", "tactile_paving": "no", "turn:lanes": null, "box_id": 1, "provider": "osmnx" }, "geometry": { "type": "LineString", "coordinates": [ [ -49.2628429, -25.4614176 ], [ -49.2626983, -25.4613591 ] ] } },
{ "type": "Feature", "properties": { "highway": "footway", "amenity": null, "healthcare": null, "name": null, "brand": null, "brand:wikidata": null, "shop": null, "maxspeed": null, "addr:city": null, "addr:housenumber": null, "addr:street": null, "office": null, "website": null, "bus": null, "public_transport": null, "shelter": null, "check_date:shelter": null, "recycling:aluminium": null, "recycling:beverage_cartons": null, "recycling:books": null, "recycling:cans": null, "recycling:cardboard": null, "recycling:cartons": null, "recycling:glass": null, "recycling:glass_bottles": null, "recycling:magazines": null, "recycling:newspaper": null, "recycling:paper": null, "recycling:paper_packaging": null, "recycling:plastic": null, "recycling:plastic_bottles": null, "recycling:plastic_packaging": null, "recycling:scrap_metal": null, "recycling_type": null, "contact:email": null, "contact:phone": null, "contact:website": null, "contact:whatsapp": null, "natural": null, "opening_hours": null, "operator": null, "phone": null, "crossing": null, "crossing:signals": null, "crossing:markings": null, "parking_space": null, "addr:postcode": null, "addr:suburb": null, "description": null, "payment:pix": null, "lit": null, "oneway": null, "surface": "concrete:plates", "lanes": null, "sidewalk": null, "source": null, "alt_name": null, "foot": null, "smoothness": "intermediate", "building": null, "service": null, "bridge": null, "layer": null, "brand:wikipedia": null, "cuisine": null, "takeaway": null, "bicycle": null, "leisure": null, "highway:source": null, "building:levels": null, "note": null, "footway": "sidewalk", "mapillary": "206499114620524", "survey:date": "2019-09-12", "tactile_paving": "no", "turn:lanes": null, "box_id": 1, "provider": "osmnx" }, "geometry": { "type": "LineString", "coordinates": [ [ -49.2629857, -25.4613567 ], [ -49.2630833, -25.4613963 ] ] } },
{ "type": "Feature", "properties": { "highway": "footway", "amenity": null, "healthcare": null, "name": null, "brand": null, "brand:wikidata": null, "shop": null, "maxspeed": null, "addr:city": null, "addr:housenumber": null, "addr:street": null, "office": null, "website": null, "bus": null, "public_transport": null, "shelter": null, "check_date:shelter": null, "recycling:aluminium": null, "recycling:beverage_cartons": null, "recycling:books": null, "recycling:cans": null, "recycling:cardboard": null, "recycling:cartons": null, "recycling:glass": null, "recycling:glass_bottles": null, "recycling:magazines": null, "recycling:newspaper": null, "recycling:paper": null, "recycling:paper_packaging": null, "recycling:plastic": null, "recycling:plastic_bottles": null, "recycling:plastic_packaging": null, "recycling:scrap_metal": null, "recycling_type": null, "contact:email": null, "contact:phone": null, "contact:website": null, "contact:whatsapp": null, "natural": null, "opening_hours": null, "operator": null, "phone": null, "crossing": null, "crossing:signals": null, "crossing:markings": null, "parking_space": null, "addr:postcode": null, "addr:suburb": null, "description": null, "payment:pix": null, "lit": null, "oneway": null, "surface": "concrete:plates", "lanes": null, "sidewalk": null, "source": null, "alt_name": null, "foot": null, "smoothness": "very_bad", "building": null, "service": null, "bridge": null, "layer": null, "brand:wikipedia": null, "cuisine": null, "takeaway": null, "bicycle": null, "leisure": null, "highway:source": null, "building:levels": null, "note": null, "footway": "sidewalk", "mapillary": "338238404318210", "survey:date": "2019-09-12", "tactile_paving": "no", "turn:lanes": null, "box_id": 1, "provider": "osmnx" }, "geometry": { "type": "LineString", "coordinates": [ [ -49.2626983, -25.4613591 ], [ -49.2626806, -25.4613519 ], [ -49.2626732, -25.4613495 ], [ -49.2626656, -25.4613482 ], [ -49.2626578, -25.461348 ], [ -49.2626523, -25.4613487 ] ] } },
{ "type": "Feature", "properties": { "highway": "footway", "amenity": null, "healthcare": null, "name": null, "brand": null, "brand:wikidata": null, "shop": null, "maxspeed": null, "addr:city": null, "addr:housenumber": null, "addr:street": null, "office": null, "website": null, "bus": null, "public_transport": null, "shelter": null, "check_date:shelter": null, "recycling:aluminium": null, "recycling:beverage_cartons": null, "recycling:books": null, "recycling:cans": null, "recycling:cardboard": null, "recycling:cartons": null, "recycling:glass": null, "recycling:glass_bottles": null, "recycling:magazines": null, "recycling:newspaper": null, "recycling:paper": null, "recycling:paper_packaging": null, "recycling:plastic": null, "recycling:plastic_bottles": null, "recycling:plastic_packaging": null, "recycling:scrap_metal": null, "recycling_type": null, "contact:email": null, "contact:phone": null, "contact:website": null, "contact:whatsapp": null, "natural": null, "opening_hours": null, "operator": null, "phone": null, "crossing": "unmarked", "crossing:signals": null, "crossing:markings": null, "parking_space": null, "addr:postcode": null, "addr:suburb": null, "description": null, "payment:pix": null, "lit": null, "oneway": null, "surface": "asphalt", "lanes": null, "sidewalk": null, "source": null, "alt_name": null, "foot": null, "smoothness": "good", "building": null, "service": null, "bridge": null, "layer": null, "brand:wikipedia": null, "cuisine": null, "takeaway": null, "bicycle": null, "leisure": null, "highway:source": null, "building:levels": null, "note": null, "footway": "crossing", "mapillary": "897870060769419", "survey:date": "2019-09-12", "tactile_paving": null, "turn:lanes": null, "box_id": 1, "provider": "osmnx" }, "geometry": { "type": "LineString", "coordinates": [ [ -49.2627482, -25.4612607 ], [ -49.2627407, -25.4612754 ], [ -49.2627259, -25.4613047 ], [ -49.2627058, -25.4613443 ], [ -49.2626983, -25.4613591 ] ] } },
{ "type": "Feature", "properties": { "highway": "footway", "amenity": null, "healthcare": null, "name": null, "brand": null, "brand:wikidata": null, "shop": null, "maxspeed": null, "addr:city": null, "addr:housenumber": null, "addr:street": null, "office": null, "website": null, "bus": null, "public_transport": null, "shelter": null, "check_date:shelter": null, "recycling:aluminium": null, "recycling:beverage_cartons": null, "recycling:books": null, "recycling:cans": null, "recycling:cardboard": null, "recycling:cartons": null, "recycling:glass": null, "recycling:glass_bottles": null, "recycling:magazines": null, "recycling:newspaper": null, "recycling:paper": null, "recycling:paper_packaging": null, "recycling:plastic": null, "recycling:plastic_bottles": null, "recycling:plastic_packaging": null, "recycling:scrap_metal": null, "recycling_type": null, "contact:email": null, "contact:phone": null, "contact:website": null, "contact:whatsapp": null, "natural": null, "opening_hours": null, "operator": null, "phone": null, "crossing": null, "crossing:signals": null, "crossing:markings": null, "parking_space": null, "addr:postcode": null, "addr:suburb": null, "description": null, "payment:pix": null, "lit": null, "oneway": null, "surface": "concrete", "lanes": null, "sidewalk": null, "source": null, "alt_name": null, "foot": null, "smoothness": "good", "building": null, "service": null, "bridge": null, "layer": null, "brand:wikipedia": null, "cuisine": null, "takeaway": null, "bicycle": null, "leisure": null, "highway:source": null, "building:levels": null, "note": null, "footway": "sidewalk", "mapillary": "922734815126824", "survey:date": "2019-09-12", "tactile_paving": "no", "turn:lanes": null, "box_id": 1, "provider": "osmnx" }, "geometry": { "type": "LineString", "coordinates": [ [ -49.2627078, -25.4612349 ], [ -49.2627121, -25.4612406 ], [ -49.2627174, -25.4612458 ], [ -49.2627237, -25.4612501 ], [ -49.2627306, -25.4612535 ], [ -49.2627482, -25.4612607 ], [ -49.2627694, -25.4612692 ], [ -49.2629857, -25.4613567 ] ] } },
{ "type": "Feature", "properties": { "highway": "residential", "amenity": null, "healthcare": null, "name": "Rua 24 de Maio", "brand": null, "brand:wikidata": null, "shop": null, "maxspeed": "50", "addr:city": null, "addr:housenumber": null, "addr:street": null, "office": null, "website": null, "bus": null, "public_transport": null, "shelter": null, "check_date:shelter": null, "recycling:aluminium": null, "recycling:beverage_cartons": null, "recycling:books": null, "recycling:cans": null, "recycling:cardboard": null, "recycling:cartons": null, "recycling:glass": null, "recycling:glass_bottles": null, "recycling:magazines": null, "recycling:newspaper": null, "recycling:paper": null, "recycling:paper_packaging": null, "recycling:plastic": null, "recycling:plastic_bottles": null, "recycling:plastic_packaging": null, "recycling:scrap_metal": null, "recycling_type": null, "contact:email": null, "contact:phone": null, "contact:website": null, "contact:whatsapp": null, "natural": null, "opening_hours": null, "operator": null, "phone": null, "crossing": null, "crossing:signals": null, "crossing:markings": null, "parking_space": null, "addr:postcode": null, "addr:suburb": null, "description": null, "payment:pix": null, "lit": null, "oneway": "yes", "surface": null, "lanes": "2", "sidewalk": null, "source": null, "alt_name": "Rua Vinte e Quatro de Maio", "foot": null, "smoothness": null, "building": null, "service": null, "bridge": null, "layer": null, "brand:wikipedia": null, "cuisine": null, "takeaway": null, "bicycle": null, "leisure": null, "highway:source": null, "building:levels": null, "note": null, "footway": null, "mapillary": null, "survey:date": null, "tactile_paving": null, "turn:lanes": null, "box_id": 1, "provider": "osmnx" }, "geometry": { "type": "LineString", "coordinates": [ [ -49.2635718, -25.4593 ], [ -49.2631023, -25.4602576 ], [ -49.2630439, -25.4603766 ], [ -49.2626603, -25.4611591 ], [ -49.2626115, -25.4612586 ], [ -49.2625583, -25.4613671 ], [ -49.2621813, -25.4621362 ], [ -49.2621417, -25.4622169 ], [ -49.262032593535295, -25.462439448285618 ] ] } },
{ "type": "Feature", "properties": { "highway": "footway", "amenity": null, "healthcare": null, "name": null, "brand": null, "brand:wikidata": null, "shop": null, "maxspeed": null, "addr:city": null, "addr:housenumber": null, "addr:street": null, "office": null, "website": null, "bus": null, "public_transport": null, "shelter": null, "check_date:shelter": null, "recycling:aluminium": null, "recycling:beverage_cartons": null, "recycling:books": null, "recycling:cans": null, "recycling:cardboard": null, "recycling:cartons": null, "recycling:glass": null, "recycling:glass_bottles": null, "recycling:magazines": null, "recycling:newspaper": null, "recycling:paper": null, "recycling:paper_packaging": null, "recycling:plastic": null, "recycling:plastic_bottles": null, "recycling:plastic_packaging": null, "recycling:scrap_metal": null, "recycling_type": null, "contact:email": null, "contact:phone": null, "contact:website": null, "contact:whatsapp": null, "natural": null, "opening_hours": null, "operator": null, "phone": null, "crossing": "unmarked", "crossing:signals": null, "crossing:markings": null, "parking_space": null, "addr:postcode": null, "addr:suburb": null, "description": null, "payment:pix": null, "lit": null, "oneway": null, "surface": "asphalt", "lanes": null, "sidewalk": null, "source": null, "alt_name": null, "foot": null, "smoothness": "good", "building": null, "service": null, "bridge": null, "layer": null, "brand:wikipedia": null, "cuisine": null, "takeaway": null, "bicycle": null, "leisure": null, "highway:source": null, "building:levels": null, "note": null, "footway": "crossing", "mapillary": "224035205819380", "survey:date": "2019-09-12", "tactile_paving": null, "turn:lanes": null, "box_id": 1, "provider": "osmnx" }, "geometry": { "type": "LineString", "coordinates": [ [ -49.2627093, -25.4611829 ], [ -49.2626874, -25.4611724 ], [ -49.2626603, -25.4611591 ], [ -49.2626266, -25.4611434 ], [ -49.2626071, -25.4611341 ] ] } },
{ "type": "Feature", "properties": { "highway": "footway", "amenity": null, "healthcare": null, "name": null, "brand": null, "brand:wikidata": null, "shop": null, "maxspeed": null, "addr:city": null, "addr:housenumber": null, "addr:street": null, "office": null, "website": null, "bus": null, "public_transport": null, "shelter": null, "check_date:shelter": null, "recycling:aluminium": null, "recycling:beverage_cartons": null, "recycling:books": null, "recycling:cans": null, "recycling:cardboard": null, "recycling:cartons": null, "recycling:glass": null, "recycling:glass_bottles": null, "recycling:magazines": null, "recycling:newspaper": null, "recycling:paper": null, "recycling:paper_packaging": null, "recycling:plastic": null, "recycling:plastic_bottles": null, "recycling:plastic_packaging": null, "recycling:scrap_metal": null, "recycling_type": null, "contact:email": null, "contact:phone": null, "contact:website": null, "contact:whatsapp": null, "natural": null, "opening_hours": null, "operator": null, "phone": null, "crossing": null, "crossing:signals": null, "crossing:markings": null, "parking_space": null, "addr:postcode": null, "addr:suburb": null, "description": null, "payment:pix": null, "lit": null, "oneway": null, "surface": "concrete:plates", "lanes": null, "sidewalk": null, "source": null, "alt_name": null, "foot": null, "smoothness": "bad", "building": null, "service": null, "bridge": null, "layer": null, "brand:wikipedia": null, "cuisine": null, "takeaway": null, "bicycle": null, "leisure": null, "highway:source": null, "building:levels": null, "note": null, "footway": "sidewalk", "mapillary": "4042251585861713", "survey:date": "2019-09-12", "tactile_paving": "no", "turn:lanes": null, "box_id": 1, "provider": "osmnx" }, "geometry": { "type": "LineString", "coordinates": [ [ -49.2628066, -25.4609941 ], [ -49.2627093, -25.4611829 ], [ -49.2627029, -25.4612001 ], [ -49.2627014, -25.4612071 ], [ -49.2627011, -25.4612143 ], [ -49.2627021, -25.4612214 ], [ -49.2627043, -25.4612282 ], [ -49.2627078, -25.4612349 ] ] } },
{ "type": "Feature", "properties": { "highway": "footway", "amenity": null, "healthcare": null, "name": null, "brand": null, "brand:wikidata": null, "shop": null, "maxspeed": null, "addr:city": null, "addr:housenumber": null, "addr:street": null, "office": null, "website": null, "bus": null, "public_transport": null, "shelter": null, "check_date:shelter": null, "recycling:aluminium": null, "recycling:beverage_cartons": null, "recycling:books": null, "recycling:cans": null, "recycling:cardboard": null, "recycling:cartons": null, "recycling:glass": null, "recycling:glass_bottles": null, "recycling:magazines": null, "recycling:newspaper": null, "recycling:paper": null, "recycling:paper_packaging": null, "recycling:plastic": null, "recycling:plastic_bottles": null, "recycling:plastic_packaging": null, "recycling:scrap_metal": null, "recycling_type": null, "contact:email": null, "contact:phone": null, "contact:website": null, "contact:whatsapp": null, "natural": null, "opening_hours": null, "operator": null, "phone": null, "crossing": null, "crossing:signals": null, "crossing:markings": null, "parking_space": null, "addr:postcode": null, "addr:suburb": null, "description": null, "payment:pix": null, "lit": null, "oneway": null, "surface": "concrete:plates", "lanes": null, "sidewalk": null, "source": null, "alt_name": null, "foot": null, "smoothness": "bad", "building": null, "service": null, "bridge": null, "layer": null, "brand:wikipedia": null, "cuisine": null, "takeaway": null, "bicycle": null, "leisure": null, "highway:source": null, "building:levels": null, "note": null, "footway": "sidewalk", "mapillary": "224035205819380", "survey:date": "2019-09-12", "tactile_paving": "no", "turn:lanes": null, "box_id": 1, "provider": "osmnx" }, "geometry": { "type": "LineString", "coordinates": [ [ -49.2625977, -25.4611477 ], [ -49.2626023, -25.4611424 ], [ -49.262606, -25.4611363 ], [ -49.2626071, -25.4611341 ], [ -49.2626097, -25.4611291 ], [ -49.2627048, -25.4609413 ] ] } },
{ "type": "Feature", "properties": { "highway": "footway", "amenity": null, "healthcare": null, "name": null, "brand": null, "brand:wikidata": null, "shop": null, "maxspeed": null, "addr:city": null, "addr:housenumber": null, "addr:street": null, "office": null, "website": null, "bus": null, "public_transport": null, "shelter": null, "check_date:shelter": null, "recycling:aluminium": null, "recycling:beverage_cartons": null, "recycling:books": null, "recycling:cans": null, "recycling:cardboard": null, "recycling:cartons": null, "recycling:glass": null, "recycling:glass_bottles": null, "recycling:magazines": null, "recycling:newspaper": null, "recycling:paper": null, "recycling:paper_packaging": null, "recycling:plastic": null, "recycling:plastic_bottles": null, "recycling:plastic_packaging": null, "recycling:scrap_metal": null, "recycling_type": null, "contact:email": null, "contact:phone": null, "contact:website": null, "contact:whatsapp": null, "natural": null, "opening_hours": null, "operator": null, "phone": null, "crossing": null, "crossing:signals": null, "crossing:markings": null, "parking_space": null, "addr:postcode": null, "addr:suburb": null, "description": null, "payment:pix": null, "lit": null, "oneway": null, "surface": "concrete:plates", "lanes": null, "sidewalk": null, "source": null, "alt_name": null, "foot": null, "smoothness": "intermediate", "building": null, "service": null, "bridge": null, "layer": null, "brand:wikipedia": null, "cuisine": null, "takeaway": null, "bicycle": null, "leisure": null, "highway:source": null, "building:levels": null, "note": null, "footway": "sidewalk", "mapillary": "314309573436200", "survey:date": "2019-09-12", "tactile_paving": "no", "turn:lanes": null, "box_id": 1, "provider": "osmnx" }, "geometry": { "type": "LineString", "coordinates": [ [ -49.2628816, -25.460846 ], [ -49.2628066, -25.4609941 ] ] } },
{ "type": "Feature", "properties": { "highway": "footway", "amenity": null, "healthcare": null, "name": null, "brand": null, "brand:wikidata": null, "shop": null, "maxspeed": null, "addr:city": null, "addr:housenumber": null, "addr:street": null, "office": null, "website": null, "bus": null, "public_transport": null, "shelter": null, "check_date:shelter": null, "recycling:aluminium": null, "recycling:beverage_cartons": null, "recycling:books": null, "recycling:cans": null, "recycling:cardboard": null, "recycling:cartons": null, "recycling:glass": null, "recycling:glass_bottles": null, "recycling:magazines": null, "recycling:newspaper": null, "recycling:paper": null, "recycling:paper_packaging": null, "recycling:plastic": null, "recycling:plastic_bottles": null, "recycling:plastic_packaging": null, "recycling:scrap_metal": null, "recycling_type": null, "contact:email": null, "contact:phone": null, "contact:website": null, "contact:whatsapp": null, "natural": null, "opening_hours": null, "operator": null, "phone": null, "crossing": null, "crossing:signals": null, "crossing:markings": null, "parking_space": null, "addr:postcode": null, "addr:suburb": null, "description": null, "payment:pix": null, "lit": null, "oneway": null, "surface": "concrete:plates", "lanes": null, "sidewalk": null, "source": null, "alt_name": null, "foot": null, "smoothness": "intermediate", "building": null, "service": null, "bridge": null, "layer": null, "brand:wikipedia": null, "cuisine": null, "takeaway": null, "bicycle": null, "leisure": null, "highway:source": null, "building:levels": null, "note": null, "footway": "sidewalk", "mapillary": "195108245679008", "survey:date": "2019-09-12", "tactile_paving": "no", "turn:lanes": null, "box_id": 1, "provider": "osmnx" }, "geometry": { "type": "LineString", "coordinates": [ [ -49.2627048, -25.4609413 ], [ -49.2627517, -25.4608486 ] ] } },
{ "type": "Feature", "properties": { "highway": "footway", "amenity": null, "healthcare": null, "name": null, "brand": null, "brand:wikidata": null, "shop": null, "maxspeed": null, "addr:city": null, "addr:housenumber": null, "addr:street": null, "office": null, "website": null, "bus": null, "public_transport": null, "shelter": null, "check_date:shelter": null, "recycling:aluminium": null, "recycling:beverage_cartons": null, "recycling:books": null, "recycling:cans": null, "recycling:cardboard": null, "recycling:cartons": null, "recycling:glass": null, "recycling:glass_bottles": null, "recycling:magazines": null, "recycling:newspaper": null, "recycling:paper": null, "recycling:paper_packaging": null, "recycling:plastic": null, "recycling:plastic_bottles": null, "recycling:plastic_packaging": null, "recycling:scrap_metal": null, "recycling_type": null, "contact:email": null, "contact:phone": null, "contact:website": null, "contact:whatsapp": null, "natural": null, "opening_hours": null, "operator": null, "phone": null, "crossing": null, "crossing:signals": null, "crossing:markings": null, "parking_space": null, "addr:postcode": null, "addr:suburb": null, "description": null, "payment:pix": null, "lit": null, "oneway": null, "surface": "concrete:plates", "lanes": null, "sidewalk": null, "source": null, "alt_name": null, "foot": null, "smoothness": "intermediate", "building": null, "service": null, "bridge": null, "layer": null, "brand:wikipedia": null, "cuisine": null, "takeaway": null, "bicycle": null, "leisure": null, "highway:source": null, "building:levels": null, "note": null, "footway": "sidewalk", "mapillary": "619082795672268", "survey:date": "2019-09-12", "tactile_paving": "no", "turn:lanes": null, "box_id": 1, "provider": "osmnx" }, "geometry": { "type": "LineString", "coordinates": [ [ -49.2627517, -25.4608486 ], [ -49.2627974, -25.4607584 ] ] } },
{ "type": "Feature", "properties": { "highway": "footway", "amenity": null, "healthcare": null, "name": null, "brand": null, "brand:wikidata": null, "shop": null, "maxspeed": null, "addr:city": null, "addr:housenumber": null, "addr:street": null, "office": null, "website": null, "bus": null, "public_transport": null, "shelter": null, "check_date:shelter": null, "recycling:aluminium": null, "recycling:beverage_cartons": null, "recycling:books": null, "recycling:cans": null, "recycling:cardboard": null, "recycling:cartons": null, "recycling:glass": null, "recycling:glass_bottles": null, "recycling:magazines": null, "recycling:newspaper": null, "recycling:paper": null, "recycling:paper_packaging": null, "recycling:plastic": null, "recycling:plastic_bottles": null, "recycling:plastic_packaging": null, "recycling:scrap_metal": null, "recycling_type": null, "contact:email": null, "contact:phone": null, "contact:website": null, "contact:whatsapp": null, "natural": null, "opening_hours": null, "operator": null, "phone": null, "crossing": null, "crossing:signals": null, "crossing:markings": null, "parking_space": null, "addr:postcode": null, "addr:suburb": null, "description": null, "payment:pix": null, "lit": null, "oneway": null, "surface": "concrete:plates", "lanes": null, "sidewalk": null, "source": null, "alt_name": null, "foot": null, "smoothness": "intermediate", "building": null, "service": null, "bridge": null, "layer": null, "brand:wikipedia": null, "cuisine": null, "takeaway": null, "bicycle": null, "leisure": null, "highway:source": null, "building:levels": null, "note": null, "footway": "sidewalk", "mapillary": "328786048609661", "survey:date": "2019-09-12", "tactile_paving": "no", "turn:lanes": null, "box_id": 1, "provider": "osmnx" }, "geometry": { "type": "LineString", "coordinates": [ [ -49.262935, -25.4607406 ], [ -49.2628816, -25.460846 ] ] } },
{ "type": "Feature", "properties": { "highway": "footway", "amenity": null, "healthcare": null, "name": null, "brand": null, "brand:wikidata": null, "shop": null, "maxspeed": null, "addr:city": null, "addr:housenumber": null, "addr:street": null, "office": null, "website": null, "bus": null, "public_transport": null, "shelter": null, "check_date:shelter": null, "recycling:aluminium": null, "recycling:beverage_cartons": null, "recycling:books": null, "recycling:cans": null, "recycling:cardboard": null, "recycling:cartons": null, "recycling:glass": null, "recycling:glass_bottles": null, "recycling:magazines": null, "recycling:newspaper": null, "recycling:paper": null, "recycling:paper_packaging": null, "recycling:plastic": null, "recycling:plastic_bottles": null, "recycling:plastic_packaging": null, "recycling:scrap_metal": null, "recycling_type": null, "contact:email": null, "contact:phone": null, "contact:website": null, "contact:whatsapp": null, "natural": null, "opening_hours": null, "operator": null, "phone": null, "crossing": null, "crossing:signals": null, "crossing:markings": null, "parking_space": null, "addr:postcode": null, "addr:suburb": null, "description": null, "payment:pix": null, "lit": null, "oneway": null, "surface": "concrete:plates", "lanes": null, "sidewalk": null, "source": null, "alt_name": null, "foot": null, "smoothness": "intermediate", "building": null, "service": null, "bridge": null, "layer": null, "brand:wikipedia": null, "cuisine": null, "takeaway": null, "bicycle": null, "leisure": null, "highway:source": null, "building:levels": null, "note": null, "footway": "sidewalk", "mapillary": "4009122582469524", "survey:date": "2019-09-12", "tactile_paving": "no", "turn:lanes": null, "box_id": 1, "provider": "osmnx" }, "geometry": { "type": "LineString", "coordinates": [ [ -49.2627974, -25.4607584 ], [ -49.2628432, -25.4606681 ] ] } },
{ "type": "Feature", "properties": { "highway": "footway", "amenity": null, "healthcare": null, "name": null, "brand": null, "brand:wikidata": null, "shop": null, "maxspeed": null, "addr:city": null, "addr:housenumber": null, "addr:street": null, "office": null, "website": null, "bus": null, "public_transport": null, "shelter": null, "check_date:shelter": null, "recycling:aluminium": null, "recycling:beverage_cartons": null, "recycling:books": null, "recycling:cans": null, "recycling:cardboard": null, "recycling:cartons": null, "recycling:glass": null, "recycling:glass_bottles": null, "recycling:magazines": null, "recycling:newspaper": null, "recycling:paper": null, "recycling:paper_packaging": null, "recycling:plastic": null, "recycling:plastic_bottles": null, "recycling:plastic_packaging": null, "recycling:scrap_metal": null, "recycling_type": null, "contact:email": null, "contact:phone": null, "contact:website": null, "contact:whatsapp": null, "natural": null, "opening_hours": null, "operator": null, "phone": null, "crossing": null, "crossing:signals": null, "crossing:markings": null, "parking_space": null, "addr:postcode": null, "addr:suburb": null, "description": null, "payment:pix": null, "lit": null, "oneway": null, "surface": "concrete", "lanes": null, "sidewalk": null, "source": null, "alt_name": null, "foot": null, "smoothness": "bad", "building": null, "service": null, "bridge": null, "layer": null, "brand:wikipedia": null, "cuisine": null, "takeaway": null, "bicycle": null, "leisure": null, "highway:source": null, "building:levels": null, "note": null, "footway": "sidewalk", "mapillary": "1366171090434860", "survey:date": "2019-09-12", "tactile_paving": "no", "turn:lanes": null, "box_id": 1, "provider": "osmnx" }, "geometry": { "type": "LineString", "coordinates": [ [ -49.2630082, -25.4605961 ], [ -49.262935, -25.4607406 ] ] } },
{ "type": "Feature", "properties": { "highway": "footway", "amenity": null, "healthcare": null, "name": null, "brand": null, "brand:wikidata": null, "shop": null, "maxspeed": null, "addr:city": null, "addr:housenumber": null, "addr:street": null, "office": null, "website": null, "bus": null, "public_transport": null, "shelter": null, "check_date:shelter": null, "recycling:aluminium": null, "recycling:beverage_cartons": null, "recycling:books": null, "recycling:cans": null, "recycling:cardboard": null, "recycling:cartons": null, "recycling:glass": null, "recycling:glass_bottles": null, "recycling:magazines": null, "recycling:newspaper": null, "recycling:paper": null, "recycling:paper_packaging": null, "recycling:plastic": null, "recycling:plastic_bottles": null, "recycling:plastic_packaging": null, "recycling:scrap_metal": null, "recycling_type": null, "contact:email": null, "contact:phone": null, "contact:website": null, "contact:whatsapp": null, "natural": null, "opening_hours": null, "operator": null, "phone": null, "crossing": null, "crossing:signals": null, "crossing:markings": null, "parking_space": null, "addr:postcode": null, "addr:suburb": null, "description": null, "payment:pix": null, "lit": null, "oneway": null, "surface": "concrete:plates", "lanes": null, "sidewalk": null, "source": null, "alt_name": null, "foot": null, "smoothness": "bad", "building": null, "service": null, "bridge": null, "layer": null, "brand:wikipedia": null, "cuisine": null, "takeaway": null, "bicycle": null, "leisure": null, "highway:source": null, "building:levels": null, "note": null, "footway": "sidewalk", "mapillary": "1426642801018844", "survey:date": "2019-09-12", "tactile_paving": "no", "turn:lanes": null, "box_id": 1, "provider": "osmnx" }, "geometry": { "type": "LineString", "coordinates": [ [ -49.2625552, -25.4614956 ], [ -49.2625226, -25.4615618 ] ] } },
{ "type": "Feature", "properties": { "highway": "footway", "amenity": null, "healthcare": null, "name": null, "brand": null, "brand:wikidata": null, "shop": null, "maxspeed": null, "addr:city": null, "addr:housenumber": null, "addr:street": null, "office": null, "website": null, "bus": null, "public_transport": null, "shelter": null, "check_date:shelter": null, "recycling:aluminium": null, "recycling:beverage_cartons": null, "recycling:books": null, "recycling:cans": null, "recycling:cardboard": null, "recycling:cartons": null, "recycling:glass": null, "recycling:glass_bottles": null, "recycling:magazines": null, "recycling:newspaper": null, "recycling:paper": null, "recycling:paper_packaging": null, "recycling:plastic": null, "recycling:plastic_bottles": null, "recycling:plastic_packaging": null, "recycling:scrap_metal": null, "recycling_type": null, "contact:email": null, "contact:phone": null, "contact:website": null, "contact:whatsapp": null, "natural": null, "opening_hours": null, "operator": null, "phone": null, "crossing": null, "crossing:signals": null, "crossing:markings": null, "parking_space": null, "addr:postcode": null, "addr:suburb": null, "description": null, "payment:pix": null, "lit": null, "oneway": null, "surface": "concrete", "lanes": null, "sidewalk": null, "source": null, "alt_name": null, "foot": null, "smoothness": "good", "building": null, "service": null, "bridge": null, "layer": null, "brand:wikipedia": null, "cuisine": null, "takeaway": null, "bicycle": null, "leisure": null, "highway:source": null, "building:levels": null, "note": null, "footway": "sidewalk", "mapillary": "258015672771147", "survey:date": "2019-09-12", "tactile_paving": "no", "turn:lanes": null, "box_id": 1, "provider": "osmnx" }, "geometry": { "type": "LineString", "coordinates": [ [ -49.2623991, -25.461561 ], [ -49.2624473, -25.4614634 ] ] } },
{ "type": "Feature", "properties": { "highway": "footway", "amenity": null, "healthcare": null, "name": null, "brand": null, "brand:wikidata": null, "shop": null, "maxspeed": null, "addr:city": null, "addr:housenumber": null, "addr:street": null, "office": null, "website": null, "bus": null, "public_transport": null, "shelter": null, "check_date:shelter": null, "recycling:aluminium": null, "recycling:beverage_cartons": null, "recycling:books": null, "recycling:cans": null, "recycling:cardboard": null, "recycling:cartons": null, "recycling:glass": null, "recycling:glass_bottles": null, "recycling:magazines": null, "recycling:newspaper": null, "recycling:paper": null, "recycling:paper_packaging": null, "recycling:plastic": null, "recycling:plastic_bottles": null, "recycling:plastic_packaging": null, "recycling:scrap_metal": null, "recycling_type": null, "contact:email": null, "contact:phone": null, "contact:website": null, "contact:whatsapp": null, "natural": null, "opening_hours": null, "operator": null, "phone": null, "crossing": null, "crossing:signals": null, "crossing:markings": null, "parking_space": null, "addr:postcode": null, "addr:suburb": null, "description": null, "payment:pix": null, "lit": null, "oneway": null, "surface": "concrete:plates", "lanes": null, "sidewalk": null, "source": null, "alt_name": null, "foot": null, "smoothness": "intermediate", "building": null, "service": null, "bridge": null, "layer": null, "brand:wikipedia": null, "cuisine": null, "takeaway": null, "bicycle": null, "leisure": null, "highway:source": null, "building:levels": null, "note": null, "footway": "sidewalk", "mapillary": "934032620752358", "survey:date": "2019-09-12", "tactile_paving": "no", "turn:lanes": null, "box_id": 1, "provider": "osmnx" }, "geometry": { "type": "LineString", "coordinates": [ [ -49.2624473, -25.4614634 ], [ -49.2625067, -25.4613432 ], [ -49.2625144, -25.4613277 ], [ -49.262517, -25.4613209 ], [ -49.2625185, -25.4613139 ], [ -49.2625185, -25.4613127 ] ] } },
{ "type": "Feature", "properties": { "highway": "footway", "amenity": null, "healthcare": null, "name": null, "brand": null, "brand:wikidata": null, "shop": null, "maxspeed": null, "addr:city": null, "addr:housenumber": null, "addr:street": null, "office": null, "website": null, "bus": null, "public_transport": null, "shelter": null, "check_date:shelter": null, "recycling:aluminium": null, "recycling:beverage_cartons": null, "recycling:books": null, "recycling:cans": null, "recycling:cardboard": null, "recycling:cartons": null, "recycling:glass": null, "recycling:glass_bottles": null, "recycling:magazines": null, "recycling:newspaper": null, "recycling:paper": null, "recycling:paper_packaging": null, "recycling:plastic": null, "recycling:plastic_bottles": null, "recycling:plastic_packaging": null, "recycling:scrap_metal": null, "recycling_type": null, "contact:email": null, "contact:phone": null, "contact:website": null, "contact:whatsapp": null, "natural": null, "opening_hours": null, "operator": null, "phone": null, "crossing": "unmarked", "crossing:signals": null, "crossing:markings": null, "parking_space": null, "addr:postcode": null, "addr:suburb": null, "description": null, "payment:pix": null, "lit": null, "oneway": null, "surface": "asphalt", "lanes": null, "sidewalk": null, "source": null, "alt_name": null, "foot": null, "smoothness": "excellent", "building": null, "service": null, "bridge": null, "layer": null, "brand:wikipedia": null, "cuisine": null, "takeaway": null, "bicycle": null, "leisure": null, "highway:source": null, "building:levels": null, "note": null, "footway": "crossing", "mapillary": "934032620752358", "survey:date": "2019-09-12", "tactile_paving": null, "turn:lanes": null, "box_id": 1, "provider": "osmnx" }, "geometry": { "type": "LineString", "coordinates": [ [ -49.2625067, -25.4613432 ], [ -49.2625174, -25.4613482 ], [ -49.2625583, -25.4613671 ], [ -49.2625914, -25.4613828 ], [ -49.2626072, -25.4613902 ] ] } },
{ "type": "Feature", "properties": { "highway": "footway", "amenity": null, "healthcare": null, "name": null, "brand": null, "brand:wikidata": null, "shop": null, "maxspeed": null, "addr:city": null, "addr:housenumber": null, "addr:street": null, "office": null, "website": null, "bus": null, "public_transport": null, "shelter": null, "check_date:shelter": null, "recycling:aluminium": null, "recycling:beverage_cartons": null, "recycling:books": null, "recycling:cans": null, "recycling:cardboard": null, "recycling:cartons": null, "recycling:glass": null, "recycling:glass_bottles": null, "recycling:magazines": null, "recycling:newspaper": null, "recycling:paper": null, "recycling:paper_packaging": null, "recycling:plastic": null, "recycling:plastic_bottles": null, "recycling:plastic_packaging": null, "recycling:scrap_metal": null, "recycling_type": null, "contact:email": null, "contact:phone": null, "contact:website": null, "contact:whatsapp": null, "natural": null, "opening_hours": null, "operator": null, "phone": null, "crossing": null, "crossing:signals": null, "crossing:markings": null, "parking_space": null, "addr:postcode": null, "addr:suburb": null, "description": null, "payment:pix": null, "lit": null, "oneway": null, "surface": "grass", "lanes": null, "sidewalk": null, "source": null, "alt_name": null, "foot": null, "smoothness": "bad", "building": null, "service": null, "bridge": null, "layer": null, "brand:wikipedia": null, "cuisine": null, "takeaway": null, "bicycle": null, "leisure": null, "highway:source": null, "building:levels": null, "note": null, "footway": "sidewalk", "mapillary": "4308779352487791", "survey:date": "2019-09-12", "tactile_paving": "no", "turn:lanes": null, "box_id": 1, "provider": "osmnx" }, "geometry": { "type": "LineString", "coordinates": [ [ -49.2625185, -25.4613127 ], [ -49.2625187, -25.4613067 ], [ -49.2625176, -25.4612996 ], [ -49.2625153, -25.4612927 ], [ -49.2625118, -25.4612862 ], [ -49.2625073, -25.4612804 ], [ -49.2625017, -25.4612752 ], [ -49.2624954, -25.461271 ], [ -49.2624894, -25.4612681 ], [ -49.2624884, -25.4612676 ], [ -49.2622512, -25.4611767 ] ] } },
{ "type": "Feature", "properties": { "highway": "footway", "amenity": null, "healthcare": null, "name": null, "brand": null, "brand:wikidata": null, "shop": null, "maxspeed": null, "addr:city": null, "addr:housenumber": null, "addr:street": null, "office": null, "website": null, "bus": null, "public_transport": null, "shelter": null, "check_date:shelter": null, "recycling:aluminium": null, "recycling:beverage_cartons": null, "recycling:books": null, "recycling:cans": null, "recycling:cardboard": null, "recycling:cartons": null, "recycling:glass": null, "recycling:glass_bottles": null, "recycling:magazines": null, "recycling:newspaper": null, "recycling:paper": null, "recycling:paper_packaging": null, "recycling:plastic": null, "recycling:plastic_bottles": null, "recycling:plastic_packaging": null, "recycling:scrap_metal": null, "recycling_type": null, "contact:email": null, "contact:phone": null, "contact:website": null, "contact:whatsapp": null, "natural": null, "opening_hours": null, "operator": null, "phone": null, "crossing": "unmarked", "crossing:signals": null, "crossing:markings": null, "parking_space": null, "addr:postcode": null, "addr:suburb": null, "description": null, "payment:pix": null, "lit": null, "oneway": null, "surface": "asphalt", "lanes": null, "sidewalk": null, "source": null, "alt_name": null, "foot": null, "smoothness": "good", "building": null, "service": null, "bridge": null, "layer": null, "brand:wikipedia": null, "cuisine": null, "takeaway": null, "bicycle": null, "leisure": null, "highway:source": null, "building:levels": null, "note": null, "footway": "crossing", "mapillary": "466826084613189", "survey:date": "2019-09-12", "tactile_paving": null, "turn:lanes": null, "box_id": 1, "provider": "osmnx" }, "geometry": { "type": "LineString", "coordinates": [ [ -49.2624894, -25.4612681 ], [ -49.2624982, -25.4612489 ], [ -49.2625122, -25.4612187 ], [ -49.262525, -25.4611902 ], [ -49.2625396, -25.4611583 ] ] } },
{ "type": "Feature", "properties": { "highway": "footway", "amenity": null, "healthcare": null, "name": null, "brand": null, "brand:wikidata": null, "shop": null, "maxspeed": null, "addr:city": null, "addr:housenumber": null, "addr:street": null, "office": null, "website": null, "bus": null, "public_transport": null, "shelter": null, "check_date:shelter": null, "recycling:aluminium": null, "recycling:beverage_cartons": null, "recycling:books": null, "recycling:cans": null, "recycling:cardboard": null, "recycling:cartons": null, "recycling:glass": null, "recycling:glass_bottles": null, "recycling:magazines": null, "recycling:newspaper": null, "recycling:paper": null, "recycling:paper_packaging": null, "recycling:plastic": null, "recycling:plastic_bottles": null, "recycling:plastic_packaging": null, "recycling:scrap_metal": null, "recycling_type": null, "contact:email": null, "contact:phone": null, "contact:website": null, "contact:whatsapp": null, "natural": null, "opening_hours": null, "operator": null, "phone": null, "crossing": null, "crossing:signals": null, "crossing:markings": null, "parking_space": null, "addr:postcode": null, "addr:suburb": null, "description": null, "payment:pix": null, "lit": null, "oneway": null, "surface": "concrete:plates", "lanes": null, "sidewalk": null, "source": null, "alt_name": null, "foot": null, "smoothness": "bad", "building": null, "service": null, "bridge": null, "layer": null, "brand:wikipedia": null, "cuisine": null, "takeaway": null, "bicycle": null, "leisure": null, "highway:source": null, "building:levels": null, "note": null, "footway": "sidewalk", "mapillary": "491350548585202", "survey:date": "2019-09-12", "tactile_paving": "no", "turn:lanes": null, "box_id": 1, "provider": "osmnx" }, "geometry": { "type": "LineString", "coordinates": [ [ -49.2622512, -25.4611767 ], [ -49.262051835489025, -25.461100186305622 ] ] } },
{ "type": "Feature", "properties": { "highway": "footway", "amenity": null, "healthcare": null, "name": null, "brand": null, "brand:wikidata": null, "shop": null, "maxspeed": null, "addr:city": null, "addr:housenumber": null, "addr:street": null, "office": null, "website": null, "bus": null, "public_transport": null, "shelter": null, "check_date:shelter": null, "recycling:aluminium": null, "recycling:beverage_cartons": null, "recycling:books": null, "recycling:cans": null, "recycling:cardboard": null, "recycling:cartons": null, "recycling:glass": null, "recycling:glass_bottles": null, "recycling:magazines": null, "recycling:newspaper": null, "recycling:paper": null, "recycling:paper_packaging": null, "recycling:plastic": null, "recycling:plastic_bottles": null, "recycling:plastic_packaging": null, "recycling:scrap_metal": null, "recycling_type": null, "contact:email": null, "contact:phone": null, "contact:website": null, "contact:whatsapp": null, "natural": null, "opening_hours": null, "operator": null, "phone": null, "crossing": null, "crossing:signals": null, "crossing:markings": null, "parking_space": null, "addr:postcode": null, "addr:suburb": null, "description": null, "payment:pix": null, "lit": null, "oneway": null, "surface": "concrete:plates", "lanes": null, "sidewalk": null, "source": null, "alt_name": null, "foot": null, "smoothness": "very_bad", "building": null, "service": null, "bridge": null, "layer": null, "brand:wikipedia": null, "cuisine": null, "takeaway": null, "bicycle": null, "leisure": null, "highway:source": null, "building:levels": null, "note": null, "footway": "sidewalk", "mapillary": "5672818909424989", "survey:date": "2019-09-12", "tactile_paving": "no", "turn:lanes": null, "box_id": 1, "provider": "osmnx" }, "geometry": { "type": "LineString", "coordinates": [ [ -49.2622268, -25.4610383 ], [ -49.2625396, -25.4611583 ], [ -49.2625415, -25.461159 ], [ -49.2625487, -25.4611612 ], [ -49.2625563, -25.4611624 ], [ -49.2625639, -25.4611625 ], [ -49.2625715, -25.4611615 ], [ -49.2625788, -25.4611595 ], [ -49.2625857, -25.4611565 ], [ -49.262592, -25.4611526 ], [ -49.2625977, -25.4611477 ] ] } },
{ "type": "Feature", "properties": { "highway": "footway", "amenity": null, "healthcare": null, "name": null, "brand": null, "brand:wikidata": null, "shop": null, "maxspeed": null, "addr:city": null, "addr:housenumber": null, "addr:street": null, "office": null, "website": null, "bus": null, "public_transport": null, "shelter": null, "check_date:shelter": null, "recycling:aluminium": null, "recycling:beverage_cartons": null, "recycling:books": null, "recycling:cans": null, "recycling:cardboard": null, "recycling:cartons": null, "recycling:glass": null, "recycling:glass_bottles": null, "recycling:magazines": null, "recycling:newspaper": null, "recycling:paper": null, "recycling:paper_packaging": null, "recycling:plastic": null, "recycling:plastic_bottles": null, "recycling:plastic_packaging": null, "recycling:scrap_metal": null, "recycling_type": null, "contact:email": null, "contact:phone": null, "contact:website": null, "contact:whatsapp": null, "natural": null, "opening_hours": null, "operator": null, "phone": null, "crossing": null, "crossing:signals": null, "crossing:markings": null, "parking_space": null, "addr:postcode": null, "addr:suburb": null, "description": null, "payment:pix": null, "lit": null, "oneway": null, "surface": "sett", "lanes": null, "sidewalk": null, "source": null, "alt_name": null, "foot": null, "smoothness": "bad", "building": null, "service": null, "bridge": null, "layer": null, "brand:wikipedia": null, "cuisine": null, "takeaway": null, "bicycle": null, "leisure": null, "highway:source": null, "building:levels": null, "note": null, "footway": "sidewalk", "mapillary": "2820557454865609", "survey:date": "2019-09-12", "tactile_paving": "no", "turn:lanes": null, "box_id": 1, "provider": "osmnx" }, "geometry": { "type": "LineString", "coordinates": [ [ -49.262053678237251, -25.460971928922056 ], [ -49.2622268, -25.4610383 ] ] } },
{ "type": "Feature", "properties": { "highway": "residential", "amenity": null, "healthcare": null, "name": "Rua Alferes Poli", "brand": null, "brand:wikidata": null, "shop": null, "maxspeed": "50", "addr:city": null, "addr:housenumber": null, "addr:street": null, "office": null, "website": null, "bus": null, "public_transport": null, "shelter": null, "check_date:shelter": null, "recycling:aluminium": null, "recycling:beverage_cartons": null, "recycling:books": null, "recycling:cans": null, "recycling:cardboard": null, "recycling:cartons": null, "recycling:glass": null, "recycling:glass_bottles": null, "recycling:magazines": null, "recycling:newspaper": null, "recycling:paper": null, "recycling:paper_packaging": null, "recycling:plastic": null, "recycling:plastic_bottles": null, "recycling:plastic_packaging": null, "recycling:scrap_metal": null, "recycling_type": null, "contact:email": null, "contact:phone": null, "contact:website": null, "contact:whatsapp": null, "natural": null, "opening_hours": null, "operator": null, "phone": null, "crossing": null, "crossing:signals": null, "crossing:markings": null, "parking_space": null, "addr:postcode": null, "addr:suburb": null, "description": null, "payment:pix": null, "lit": "yes", "oneway": "yes", "surface": null, "lanes": null, "sidewalk": null, "source": null, "alt_name": null, "foot": null, "smoothness": null, "building": null, "service": null, "bridge": null, "layer": null, "brand:wikipedia": null, "cuisine": null, "takeaway": null, "bicycle": null, "leisure": null, "highway:source": null, "building:levels": null, "note": null, "footway": null, "mapillary": null, "survey:date": null, "tactile_paving": null, "turn:lanes": null, "box_id": 1, "provider": "osmnx" }, "geometry": { "type": "LineString", "coordinates": [ [ -49.262059043861363, -25.460598475349002 ], [ -49.2623013, -25.4600914 ], [ -49.2623626, -25.4599632 ], [ -49.2628244, -25.4589965 ] ] } },
{ "type": "Feature", "properties": { "highway": "footway", "amenity": null, "healthcare": null, "name": null, "brand": null, "brand:wikidata": null, "shop": null, "maxspeed": null, "addr:city": null, "addr:housenumber": null, "addr:street": null, "office": null, "website": null, "bus": null, "public_transport": null, "shelter": null, "check_date:shelter": null, "recycling:aluminium": null, "recycling:beverage_cartons": null, "recycling:books": null, "recycling:cans": null, "recycling:cardboard": null, "recycling:cartons": null, "recycling:glass": null, "recycling:glass_bottles": null, "recycling:magazines": null, "recycling:newspaper": null, "recycling:paper": null, "recycling:paper_packaging": null, "recycling:plastic": null, "recycling:plastic_bottles": null, "recycling:plastic_packaging": null, "recycling:scrap_metal": null, "recycling_type": null, "contact:email": null, "contact:phone": null, "contact:website": null, "contact:whatsapp": null, "natural": null, "opening_hours": null, "operator": null, "phone": null, "crossing": null, "crossing:signals": null, "crossing:markings": null, "parking_space": null, "addr:postcode": null, "addr:suburb": null, "description": null, "payment:pix": null, "lit": null, "oneway": null, "surface": "sett", "lanes": null, "sidewalk": null, "source": null, "alt_name": null, "foot": null, "smoothness": "bad", "building": null, "service": null, "bridge": null, "layer": null, "brand:wikipedia": null, "cuisine": null, "takeaway": null, "bicycle": null, "leisure": null, "highway:source": null, "building:levels": null, "note": null, "footway": "sidewalk", "mapillary": "4247596521957758", "survey:date": "2019-09-12", "tactile_paving": "no", "turn:lanes": null, "box_id": 1, "provider": "osmnx" }, "geometry": { "type": "LineString", "coordinates": [ [ -49.2620908, -25.460706 ], [ -49.262056483555945, -25.460776675533587 ] ] } },
{ "type": "Feature", "properties": { "highway": "footway", "amenity": null, "healthcare": null, "name": null, "brand": null, "brand:wikidata": null, "shop": null, "maxspeed": null, "addr:city": null, "addr:housenumber": null, "addr:street": null, "office": null, "website": null, "bus": null, "public_transport": null, "shelter": null, "check_date:shelter": null, "recycling:aluminium": null, "recycling:beverage_cartons": null, "recycling:books": null, "recycling:cans": null, "recycling:cardboard": null, "recycling:cartons": null, "recycling:glass": null, "recycling:glass_bottles": null, "recycling:magazines": null, "recycling:newspaper": null, "recycling:paper": null, "recycling:paper_packaging": null, "recycling:plastic": null, "recycling:plastic_bottles": null, "recycling:plastic_packaging": null, "recycling:scrap_metal": null, "recycling_type": null, "contact:email": null, "contact:phone": null, "contact:website": null, "contact:whatsapp": null, "natural": null, "opening_hours": null, "operator": null, "phone": null, "crossing": null, "crossing:signals": null, "crossing:markings": null, "parking_space": null, "addr:postcode": null, "addr:suburb": null, "description": null, "payment:pix": null, "lit": null, "oneway": null, "surface": "sett", "lanes": null, "sidewalk": null, "source": null, "alt_name": null, "foot": null, "smoothness": "bad", "building": null, "service": null, "bridge": null, "layer": null, "brand:wikipedia": null, "cuisine": null, "takeaway": null, "bicycle": null, "leisure": null, "highway:source": null, "building:levels": null, "note": null, "footway": "sidewalk", "mapillary": "512549883257517", "survey:date": "2019-09-12", "tactile_paving": "no", "turn:lanes": null, "box_id": 1, "provider": "osmnx" }, "geometry": { "type": "LineString", "coordinates": [ [ -49.2621356, -25.4606137 ], [ -49.2620908, -25.460706 ] ] } },
{ "type": "Feature", "properties": { "highway": "footway", "amenity": null, "healthcare": null, "name": null, "brand": null, "brand:wikidata": null, "shop": null, "maxspeed": null, "addr:city": null, "addr:housenumber": null, "addr:street": null, "office": null, "website": null, "bus": null, "public_transport": null, "shelter": null, "check_date:shelter": null, "recycling:aluminium": null, "recycling:beverage_cartons": null, "recycling:books": null, "recycling:cans": null, "recycling:cardboard": null, "recycling:cartons": null, "recycling:glass": null, "recycling:glass_bottles": null, "recycling:magazines": null, "recycling:newspaper": null, "recycling:paper": null, "recycling:paper_packaging": null, "recycling:plastic": null, "recycling:plastic_bottles": null, "recycling:plastic_packaging": null, "recycling:scrap_metal": null, "recycling_type": null, "contact:email": null, "contact:phone": null, "contact:website": null, "contact:whatsapp": null, "natural": null, "opening_hours": null, "operator": null, "phone": null, "crossing": null, "crossing:signals": null, "crossing:markings": null, "parking_space": null, "addr:postcode": null, "addr:suburb": null, "description": null, "payment:pix": null, "lit": null, "oneway": null, "surface": "sett", "lanes": null, "sidewalk": null, "source": null, "alt_name": null, "foot": null, "smoothness": "horrible", "building": null, "service": null, "bridge": null, "layer": null, "brand:wikipedia": null, "cuisine": null, "takeaway": null, "bicycle": null, "leisure": null, "highway:source": null, "building:levels": null, "note": null, "footway": "sidewalk", "mapillary": "537420260755105", "survey:date": "2019-09-12", "tactile_paving": "no", "turn:lanes": null, "box_id": 1, "provider": "osmnx" }, "geometry": { "type": "LineString", "coordinates": [ [ -49.2621803, -25.4605214 ], [ -49.2621356, -25.4606137 ] ] } },
{ "type": "Feature", "properties": { "highway": "footway", "amenity": null, "healthcare": null, "name": null, "brand": null, "brand:wikidata": null, "shop": null, "maxspeed": null, "addr:city": null, "addr:housenumber": null, "addr:street": null, "office": null, "website": null, "bus": null, "public_transport": null, "shelter": null, "check_date:shelter": null, "recycling:aluminium": null, "recycling:beverage_cartons": null, "recycling:books": null, "recycling:cans": null, "recycling:cardboard": null, "recycling:cartons": null, "recycling:glass": null, "recycling:glass_bottles": null, "recycling:magazines": null, "recycling:newspaper": null, "recycling:paper": null, "recycling:paper_packaging": null, "recycling:plastic": null, "recycling:plastic_bottles": null, "recycling:plastic_packaging": null, "recycling:scrap_metal": null, "recycling_type": null, "contact:email": null, "contact:phone": null, "contact:website": null, "contact:whatsapp": null, "natural": null, "opening_hours": null, "operator": null, "phone": null, "crossing": null, "crossing:signals": null, "crossing:markings": null, "parking_space": null, "addr:postcode": null, "addr:suburb": null, "description": null, "payment:pix": null, "lit": null, "oneway": null, "surface": "ground", "lanes": null, "sidewalk": null, "source": null, "alt_name": null, "foot": null, "smoothness": "very_horrible", "building": null, "service": null, "bridge": null, "layer": null, "brand:wikipedia": null, "cuisine": null, "takeaway": null, "bicycle": null, "leisure": null, "highway:source": null, "building:levels": null, "note": null, "footway": "sidewalk", "mapillary": "537420260755105", "survey:date": "2019-09-12", "tactile_paving": "no", "turn:lanes": null, "box_id": 1, "provider": "osmnx" }, "geometry": { "type": "LineString", "coordinates": [ [ -49.2622258, -25.4604277 ], [ -49.2621803, -25.4605214 ] ] } },
{ "type": "Feature", "properties": { "highway": "footway", "amenity": null, "healthcare": null, "name": null, "brand": null, "brand:wikidata": null, "shop": null, "maxspeed": null, "addr:city": null, "addr:housenumber": null, "addr:street": null, "office": null, "website": null, "bus": null, "public_transport": null, "shelter": null, "check_date:shelter": null, "recycling:aluminium": null, "recycling:beverage_cartons": null, "recycling:books": null, "recycling:cans": null, "recycling:cardboard": null, "recycling:cartons": null, "recycling:glass": null, "recycling:glass_bottles": null, "recycling:magazines": null, "recycling:newspaper": null, "recycling:paper": null, "recycling:paper_packaging": null, "recycling:plastic": null, "recycling:plastic_bottles": null, "recycling:plastic_packaging": null, "recycling:scrap_metal": null, "recycling_type": null, "contact:email": null, "contact:phone": null, "contact:website": null, "contact:whatsapp": null, "natural": null, "opening_hours": null, "operator": null, "phone": null, "crossing": null, "crossing:signals": null, "crossing:markings": null, "parking_space": null, "addr:postcode": null, "addr:suburb": null, "description": null, "payment:pix": null, "lit": null, "oneway": null, "surface": "sett", "lanes": null, "sidewalk": null, "source": null, "alt_name": null, "foot": null, "smoothness": "bad", "building": null, "service": null, "bridge": null, "layer": null, "brand:wikipedia": null, "cuisine": null, "takeaway": null, "bicycle": null, "leisure": null, "highway:source": null, "building:levels": null, "note": null, "footway": "sidewalk", "mapillary": "331434258464253", "survey:date": "2019-09-12", "tactile_paving": "no", "turn:lanes": null, "box_id": 1, "provider": "osmnx" }, "geometry": { "type": "LineString", "coordinates": [ [ -49.262061219578619, -25.460447042940483 ], [ -49.2620805, -25.4604073 ] ] } },
{ "type": "Feature", "properties": { "highway": "footway", "amenity": null, "healthcare": null, "name": null, "brand": null, "brand:wikidata": null, "shop": null, "maxspeed": null, "addr:city": null, "addr:housenumber": null, "addr:street": null, "office": null, "website": null, "bus": null, "public_transport": null, "shelter": null, "check_date:shelter": null, "recycling:aluminium": null, "recycling:beverage_cartons": null, "recycling:books": null, "recycling:cans": null, "recycling:cardboard": null, "recycling:cartons": null, "recycling:glass": null, "recycling:glass_bottles": null, "recycling:magazines": null, "recycling:newspaper": null, "recycling:paper": null, "recycling:paper_packaging": null, "recycling:plastic": null, "recycling:plastic_bottles": null, "recycling:plastic_packaging": null, "recycling:scrap_metal": null, "recycling_type": null, "contact:email": null, "contact:phone": null, "contact:website": null, "contact:whatsapp": null, "natural": null, "opening_hours": null, "operator": null, "phone": null, "crossing": null, "crossing:signals": null, "crossing:markings": null, "parking_space": null, "addr:postcode": null, "addr:suburb": null, "description": null, "payment:pix": null, "lit": null, "oneway": null, "surface": "sett", "lanes": null, "sidewalk": null, "source": null, "alt_name": null, "foot": null, "smoothness": "intermediate", "building": null, "service": null, "bridge": null, "layer": null, "brand:wikipedia": null, "cuisine": null, "takeaway": null, "bicycle": null, "leisure": null, "highway:source": null, "building:levels": null, "note": null, "footway": "sidewalk", "mapillary": "331434258464253", "survey:date": "2019-09-12", "tactile_paving": "no", "turn:lanes": null, "box_id": 1, "provider": "osmnx" }, "geometry": { "type": "LineString", "coordinates": [ [ -49.2620805, -25.4604073 ], [ -49.262125, -25.4603156 ] ] } },
{ "type": "Feature", "properties": { "highway": "footway", "amenity": null, "healthcare": null, "name": null, "brand": null, "brand:wikidata": null, "shop": null, "maxspeed": null, "addr:city": null, "addr:housenumber": null, "addr:street": null, "office": null, "website": null, "bus": null, "public_transport": null, "shelter": null, "check_date:shelter": null, "recycling:aluminium": null, "recycling:beverage_cartons": null, "recycling:books": null, "recycling:cans": null, "recycling:cardboard": null, "recycling:cartons": null, "recycling:glass": null, "recycling:glass_bottles": null, "recycling:magazines": null, "recycling:newspaper": null, "recycling:paper": null, "recycling:paper_packaging": null, "recycling:plastic": null, "recycling:plastic_bottles": null, "recycling:plastic_packaging": null, "recycling:scrap_metal": null, "recycling_type": null, "contact:email": null, "contact:phone": null, "contact:website": null, "contact:whatsapp": null, "natural": null, "opening_hours": null, "operator": null, "phone": null, "crossing": null, "crossing:signals": null, "crossing:markings": null, "parking_space": null, "addr:postcode": null, "addr:suburb": null, "description": null, "payment:pix": null, "lit": null, "oneway": null, "surface": "concrete:plates", "lanes": null, "sidewalk": null, "source": null, "alt_name": null, "foot": null, "smoothness": "intermediate", "building": null, "service": null, "bridge": null, "layer": null, "brand:wikipedia": null, "cuisine": null, "takeaway": null, "bicycle": null, "leisure": null, "highway:source": null, "building:levels": null, "note": null, "footway": "sidewalk", "mapillary": "831132927814307", "survey:date": "2019-09-12", "tactile_paving": "no", "turn:lanes": null, "box_id": 1, "provider": "osmnx" }, "geometry": { "type": "LineString", "coordinates": [ [ -49.263917, -25.4606799 ], [ -49.2638148, -25.460638 ] ] } },
{ "type": "Feature", "properties": { "highway": "footway", "amenity": null, "healthcare": null, "name": null, "brand": null, "brand:wikidata": null, "shop": null, "maxspeed": null, "addr:city": null, "addr:housenumber": null, "addr:street": null, "office": null, "website": null, "bus": null, "public_transport": null, "shelter": null, "check_date:shelter": null, "recycling:aluminium": null, "recycling:beverage_cartons": null, "recycling:books": null, "recycling:cans": null, "recycling:cardboard": null, "recycling:cartons": null, "recycling:glass": null, "recycling:glass_bottles": null, "recycling:magazines": null, "recycling:newspaper": null, "recycling:paper": null, "recycling:paper_packaging": null, "recycling:plastic": null, "recycling:plastic_bottles": null, "recycling:plastic_packaging": null, "recycling:scrap_metal": null, "recycling_type": null, "contact:email": null, "contact:phone": null, "contact:website": null, "contact:whatsapp": null, "natural": null, "opening_hours": null, "operator": null, "phone": null, "crossing": null, "crossing:signals": null, "crossing:markings": null, "parking_space": null, "addr:postcode": null, "addr:suburb": null, "description": null, "payment:pix": null, "lit": null, "oneway": null, "surface": "concrete", "lanes": null, "sidewalk": null, "source": null, "alt_name": null, "foot": null, "smoothness": "good", "building": null, "service": null, "bridge": null, "layer": null, "brand:wikipedia": null, "cuisine": null, "takeaway": null, "bicycle": null, "leisure": null, "highway:source": null, "building:levels": null, "note": null, "footway": "sidewalk", "mapillary": "1288883834862580", "survey:date": "2019-09-12", "tactile_paving": "no", "turn:lanes": null, "box_id": 1, "provider": "osmnx" }, "geometry": { "type": "LineString", "coordinates": [ [ -49.2628432, -25.4606681 ], [ -49.2628899, -25.4605759 ] ] } },
{ "type": "Feature", "properties": { "highway": "footway", "amenity": null, "healthcare": null, "name": null, "brand": null, "brand:wikidata": null, "shop": null, "maxspeed": null, "addr:city": null, "addr:housenumber": null, "addr:street": null, "office": null, "website": null, "bus": null, "public_transport": null, "shelter": null, "check_date:shelter": null, "recycling:aluminium": null, "recycling:beverage_cartons": null, "recycling:books": null, "recycling:cans": null, "recycling:cardboard": null, "recycling:cartons": null, "recycling:glass": null, "recycling:glass_bottles": null, "recycling:magazines": null, "recycling:newspaper": null, "recycling:paper": null, "recycling:paper_packaging": null, "recycling:plastic": null, "recycling:plastic_bottles": null, "recycling:plastic_packaging": null, "recycling:scrap_metal": null, "recycling_type": null, "contact:email": null, "contact:phone": null, "contact:website": null, "contact:whatsapp": null, "natural": null, "opening_hours": null, "operator": null, "phone": null, "crossing": null, "crossing:signals": null, "crossing:markings": null, "parking_space": null, "addr:postcode": null, "addr:suburb": null, "description": null, "payment:pix": null, "lit": null, "oneway": null, "surface": "concrete:plates", "lanes": null, "sidewalk": null, "source": null, "alt_name": null, "foot": null, "smoothness": "bad", "building": null, "service": null, "bridge": null, "layer": null, "brand:wikipedia": null, "cuisine": null, "takeaway": null, "bicycle": null, "leisure": null, "highway:source": null, "building:levels": null, "note": null, "footway": "sidewalk", "mapillary": "841874903352332", "survey:date": "2019-09-12", "tactile_paving": "no", "turn:lanes": null, "box_id": 1, "provider": "osmnx" }, "geometry": { "type": "LineString", "coordinates": [ [ -49.2638148, -25.460638 ], [ -49.2637104, -25.4605952 ] ] } },
{ "type": "Feature", "properties": { "highway": "footway", "amenity": null, "healthcare": null, "name": null, "brand": null, "brand:wikidata": null, "shop": null, "maxspeed": null, "addr:city": null, "addr:housenumber": null, "addr:street": null, "office": null, "website": null, "bus": null, "public_transport": null, "shelter": null, "check_date:shelter": null, "recycling:aluminium": null, "recycling:beverage_cartons": null, "recycling:books": null, "recycling:cans": null, "recycling:cardboard": null, "recycling:cartons": null, "recycling:glass": null, "recycling:glass_bottles": null, "recycling:magazines": null, "recycling:newspaper": null, "recycling:paper": null, "recycling:paper_packaging": null, "recycling:plastic": null, "recycling:plastic_bottles": null, "recycling:plastic_packaging": null, "recycling:scrap_metal": null, "recycling_type": null, "contact:email": null, "contact:phone": null, "contact:website": null, "contact:whatsapp": null, "natural": null, "opening_hours": null, "operator": null, "phone": null, "crossing": null, "crossing:signals": null, "crossing:markings": null, "parking_space": null, "addr:postcode": null, "addr:suburb": null, "description": null, "payment:pix": null, "lit": null, "oneway": null, "surface": "concrete:plates", "lanes": null, "sidewalk": null, "source": null, "alt_name": null, "foot": null, "smoothness": "bad", "building": null, "service": null, "bridge": null, "layer": null, "brand:wikipedia": null, "cuisine": null, "takeaway": null, "bicycle": null, "leisure": null, "highway:source": null, "building:levels": null, "note": null, "footway": "sidewalk", "mapillary": "222255422682021", "survey:date": "2019-09-12", "tactile_paving": "no", "turn:lanes": null, "box_id": 1, "provider": "osmnx" }, "geometry": { "type": "LineString", "coordinates": [ [ -49.2637104, -25.4605952 ], [ -49.2636114, -25.4605547 ] ] } },
{ "type": "Feature", "properties": { "highway": "footway", "amenity": null, "healthcare": null, "name": null, "brand": null, "brand:wikidata": null, "shop": null, "maxspeed": null, "addr:city": null, "addr:housenumber": null, "addr:street": null, "office": null, "website": null, "bus": null, "public_transport": null, "shelter": null, "check_date:shelter": null, "recycling:aluminium": null, "recycling:beverage_cartons": null, "recycling:books": null, "recycling:cans": null, "recycling:cardboard": null, "recycling:cartons": null, "recycling:glass": null, "recycling:glass_bottles": null, "recycling:magazines": null, "recycling:newspaper": null, "recycling:paper": null, "recycling:paper_packaging": null, "recycling:plastic": null, "recycling:plastic_bottles": null, "recycling:plastic_packaging": null, "recycling:scrap_metal": null, "recycling_type": null, "contact:email": null, "contact:phone": null, "contact:website": null, "contact:whatsapp": null, "natural": null, "opening_hours": null, "operator": null, "phone": null, "crossing": null, "crossing:signals": null, "crossing:markings": null, "parking_space": null, "addr:postcode": null, "addr:suburb": null, "description": null, "payment:pix": null, "lit": null, "oneway": null, "surface": "concrete:plates", "lanes": null, "sidewalk": null, "source": null, "alt_name": null, "foot": null, "smoothness": "intermediate", "building": null, "service": null, "bridge": null, "layer": null, "brand:wikipedia": null, "cuisine": null, "takeaway": null, "bicycle": null, "leisure": null, "highway:source": null, "building:levels": null, "note": null, "footway": "sidewalk", "mapillary": "929794131197446", "survey:date": "2019-09-12", "tactile_paving": "no", "turn:lanes": null, "box_id": 1, "provider": "osmnx" }, "geometry": { "type": "LineString", "coordinates": [ [ -49.2636114, -25.4605547 ], [ -49.2635154, -25.4605153 ] ] } },
{ "type": "Feature", "properties": { "highway": "footway", "amenity": null, "healthcare": null, "name": null, "brand": null, "brand:wikidata": null, "shop": null, "maxspeed": null, "addr:city": null, "addr:housenumber": null, "addr:street": null, "office": null, "website": null, "bus": null, "public_transport": null, "shelter": null, "check_date:shelter": null, "recycling:aluminium": null, "recycling:beverage_cartons": null, "recycling:books": null, "recycling:cans": null, "recycling:cardboard": null, "recycling:cartons": null, "recycling:glass": null, "recycling:glass_bottles": null, "recycling:magazines": null, "recycling:newspaper": null, "recycling:paper": null, "recycling:paper_packaging": null, "recycling:plastic": null, "recycling:plastic_bottles": null, "recycling:plastic_packaging": null, "recycling:scrap_metal": null, "recycling_type": null, "contact:email": null, "contact:phone": null, "contact:website": null, "contact:whatsapp": null, "natural": null, "opening_hours": null, "operator": null, "phone": null, "crossing": null, "crossing:signals": null, "crossing:markings": null, "parking_space": null, "addr:postcode": null, "addr:suburb": null, "description": null, "payment:pix": null, "lit": null, "oneway": null, "surface": "concrete:plates", "lanes": null, "sidewalk": null, "source": null, "alt_name": null, "foot": null, "smoothness": "bad", "building": null, "service": null, "bridge": null, "layer": null, "brand:wikipedia": null, "cuisine": null, "takeaway": null, "bicycle": null, "leisure": null, "highway:source": null, "building:levels": null, "note": null, "footway": "sidewalk", "mapillary": "3787368441390679", "survey:date": "2019-09-12", "tactile_paving": "no", "turn:lanes": null, "box_id": 1, "provider": "osmnx" }, "geometry": { "type": "LineString", "coordinates": [ [ -49.2628899, -25.4605759 ], [ -49.2629368, -25.4604833 ] ] } },
{ "type": "Feature", "properties": { "highway": "footway", "amenity": null, "healthcare": null, "name": null, "brand": null, "brand:wikidata": null, "shop": null, "maxspeed": null, "addr:city": null, "addr:housenumber": null, "addr:street": null, "office": null, "website": null, "bus": null, "public_transport": null, "shelter": null, "check_date:shelter": null, "recycling:aluminium": null, "recycling:beverage_cartons": null, "recycling:books": null, "recycling:cans": null, "recycling:cardboard": null, "recycling:cartons": null, "recycling:glass": null, "recycling:glass_bottles": null, "recycling:magazines": null, "recycling:newspaper": null, "recycling:paper": null, "recycling:paper_packaging": null, "recycling:plastic": null, "recycling:plastic_bottles": null, "recycling:plastic_packaging": null, "recycling:scrap_metal": null, "recycling_type": null, "contact:email": null, "contact:phone": null, "contact:website": null, "contact:whatsapp": null, "natural": null, "opening_hours": null, "operator": null, "phone": null, "crossing": null, "crossing:signals": null, "crossing:markings": null, "parking_space": null, "addr:postcode": null, "addr:suburb": null, "description": null, "payment:pix": null, "lit": null, "oneway": null, "surface": "concrete:plates", "lanes": null, "sidewalk": null, "source": null, "alt_name": null, "foot": null, "smoothness": "good", "building": null, "service": null, "bridge": null, "layer": null, "brand:wikipedia": null, "cuisine": null, "takeaway": null, "bicycle": null, "leisure": null, "highway:source": null, "building:levels": null, "note": null, "footway": "sidewalk", "mapillary": "3038277623066822", "survey:date": "2019-09-12", "tactile_paving": "no", "turn:lanes": null, "box_id": 1, "provider": "osmnx" }, "geometry": { "type": "LineString", "coordinates": [ [ -49.2635154, -25.4605153 ], [ -49.2634166, -25.4604748 ] ] } },
{ "type": "Feature", "properties": { "highway": "footway", "amenity": null, "healthcare": null, "name": null, "brand": null, "brand:wikidata": null, "shop": null, "maxspeed": null, "addr:city": null, "addr:housenumber": null, "addr:street": null, "office": null, "website": null, "bus": null, "public_transport": null, "shelter": null, "check_date:shelter": null, "recycling:aluminium": null, "recycling:beverage_cartons": null, "recycling:books": null, "recycling:cans": null, "recycling:cardboard": null, "recycling:cartons": null, "recycling:glass": null, "recycling:glass_bottles": null, "recycling:magazines": null, "recycling:newspaper": null, "recycling:paper": null, "recycling:paper_packaging": null, "recycling:plastic": null, "recycling:plastic_bottles": null, "recycling:plastic_packaging": null, "recycling:scrap_metal": null, "recycling_type": null, "contact:email": null, "contact:phone": null, "contact:website": null, "contact:whatsapp": null, "natural": null, "opening_hours": null, "operator": null, "phone": null, "crossing": null, "crossing:signals": null, "crossing:markings": null, "parking_space": null, "addr:postcode": null, "addr:suburb": null, "description": null, "payment:pix": null, "lit": null, "oneway": null, "surface": "concrete:plates", "lanes": null, "sidewalk": null, "source": null, "alt_name": null, "foot": null, "smoothness": "intermediate", "building": null, "service": null, "bridge": null, "layer": null, "brand:wikipedia": null, "cuisine": null, "takeaway": null, "bicycle": null, "leisure": null, "highway:source": null, "building:levels": null, "note": null, "footway": "sidewalk", "mapillary": "694288737931581", "survey:date": "2019-09-12", "tactile_paving": "no", "turn:lanes": null, "box_id": 1, "provider": "osmnx" }, "geometry": { "type": "LineString", "coordinates": [ [ -49.2631442, -25.4603724 ], [ -49.2631438, -25.4603724 ], [ -49.2631364, -25.4603744 ], [ -49.2631293, -25.4603774 ], [ -49.2631229, -25.4603813 ], [ -49.2631172, -25.4603861 ], [ -49.2631124, -25.4603917 ], [ -49.2631086, -25.4603978 ], [ -49.2631043, -25.4604046 ], [ -49.2630082, -25.4605961 ] ] } },
{ "type": "Feature", "properties": { "highway": "footway", "amenity": null, "healthcare": null, "name": null, "brand": null, "brand:wikidata": null, "shop": null, "maxspeed": null, "addr:city": null, "addr:housenumber": null, "addr:street": null, "office": null, "website": null, "bus": null, "public_transport": null, "shelter": null, "check_date:shelter": null, "recycling:aluminium": null, "recycling:beverage_cartons": null, "recycling:books": null, "recycling:cans": null, "recycling:cardboard": null, "recycling:cartons": null, "recycling:glass": null, "recycling:glass_bottles": null, "recycling:magazines": null, "recycling:newspaper": null, "recycling:paper": null, "recycling:paper_packaging": null, "recycling:plastic": null, "recycling:plastic_bottles": null, "recycling:plastic_packaging": null, "recycling:scrap_metal": null, "recycling_type": null, "contact:email": null, "contact:phone": null, "contact:website": null, "contact:whatsapp": null, "natural": null, "opening_hours": null, "operator": null, "phone": null, "crossing": null, "crossing:signals": null, "crossing:markings": null, "parking_space": null, "addr:postcode": null, "addr:suburb": null, "description": null, "payment:pix": null, "lit": null, "oneway": null, "surface": "concrete", "lanes": null, "sidewalk": null, "source": null, "alt_name": null, "foot": null, "smoothness": "good", "building": null, "service": null, "bridge": null, "layer": null, "brand:wikipedia": null, "cuisine": null, "takeaway": null, "bicycle": null, "leisure": null, "highway:source": null, "building:levels": null, "note": null, "footway": "sidewalk", "mapillary": "456102268821328", "survey:date": "2019-09-12", "tactile_paving": "no", "turn:lanes": null, "box_id": 1, "provider": "osmnx" }, "geometry": { "type": "LineString", "coordinates": [ [ -49.2634166, -25.4604748 ], [ -49.2632195, -25.4603941 ] ] } },
{ "type": "Feature", "properties": { "highway": "footway", "amenity": null, "healthcare": null, "name": null, "brand": null, "brand:wikidata": null, "shop": null, "maxspeed": null, "addr:city": null, "addr:housenumber": null, "addr:street": null, "office": null, "website": null, "bus": null, "public_transport": null, "shelter": null, "check_date:shelter": null, "recycling:aluminium": null, "recycling:beverage_cartons": null, "recycling:books": null, "recycling:cans": null, "recycling:cardboard": null, "recycling:cartons": null, "recycling:glass": null, "recycling:glass_bottles": null, "recycling:magazines": null, "recycling:newspaper": null, "recycling:paper": null, "recycling:paper_packaging": null, "recycling:plastic": null, "recycling:plastic_bottles": null, "recycling:plastic_packaging": null, "recycling:scrap_metal": null, "recycling_type": null, "contact:email": null, "contact:phone": null, "contact:website": null, "contact:whatsapp": null, "natural": null, "opening_hours": null, "operator": null, "phone": null, "crossing": null, "crossing:signals": null, "crossing:markings": null, "parking_space": null, "addr:postcode": null, "addr:suburb": null, "description": null, "payment:pix": null, "lit": null, "oneway": null, "surface": "paving_stones", "lanes": null, "sidewalk": null, "source": null, "alt_name": null, "foot": null, "smoothness": "good", "building": null, "service": null, "bridge": null, "layer": null, "brand:wikipedia": null, "cuisine": null, "takeaway": null, "bicycle": null, "leisure": null, "highway:source": null, "building:levels": null, "note": null, "footway": "sidewalk", "mapillary": "541843703490537", "survey:date": "2019-09-12", "tactile_paving": "no", "turn:lanes": null, "box_id": 1, "provider": "osmnx" }, "geometry": { "type": "LineString", "coordinates": [ [ -49.2629368, -25.4604833 ], [ -49.2630014, -25.4603557 ], [ -49.2630089, -25.4603408 ], [ -49.2630117, -25.460334 ], [ -49.2630132, -25.4603269 ], [ -49.2630132, -25.4603253 ] ] } },
{ "type": "Feature", "properties": { "highway": "footway", "amenity": null, "healthcare": null, "name": null, "brand": null, "brand:wikidata": null, "shop": null, "maxspeed": null, "addr:city": null, "addr:housenumber": null, "addr:street": null, "office": null, "website": null, "bus": null, "public_transport": null, "shelter": null, "check_date:shelter": null, "recycling:aluminium": null, "recycling:beverage_cartons": null, "recycling:books": null, "recycling:cans": null, "recycling:cardboard": null, "recycling:cartons": null, "recycling:glass": null, "recycling:glass_bottles": null, "recycling:magazines": null, "recycling:newspaper": null, "recycling:paper": null, "recycling:paper_packaging": null, "recycling:plastic": null, "recycling:plastic_bottles": null, "recycling:plastic_packaging": null, "recycling:scrap_metal": null, "recycling_type": null, "contact:email": null, "contact:phone": null, "contact:website": null, "contact:whatsapp": null, "natural": null, "opening_hours": null, "operator": null, "phone": null, "crossing": null, "crossing:signals": null, "crossing:markings": null, "parking_space": null, "addr:postcode": null, "addr:suburb": null, "description": null, "payment:pix": null, "lit": null, "oneway": null, "surface": "sett", "lanes": null, "sidewalk": null, "source": null, "alt_name": null, "foot": null, "smoothness": "very_bad", "building": null, "service": null, "bridge": null, "layer": null, "brand:wikipedia": null, "cuisine": null, "takeaway": null, "bicycle": null, "leisure": null, "highway:source": null, "building:levels": null, "note": null, "footway": "sidewalk", "mapillary": "169993928421162", "survey:date": "2019-09-12", "tactile_paving": "no", "turn:lanes": null, "box_id": 1, "provider": "osmnx" }, "geometry": { "type": "LineString", "coordinates": [ [ -49.2622905, -25.4602942 ], [ -49.2622258, -25.4604277 ] ] } },
{ "type": "Feature", "properties": { "highway": "footway", "amenity": null, "healthcare": null, "name": null, "brand": null, "brand:wikidata": null, "shop": null, "maxspeed": null, "addr:city": null, "addr:housenumber": null, "addr:street": null, "office": null, "website": null, "bus": null, "public_transport": null, "shelter": null, "check_date:shelter": null, "recycling:aluminium": null, "recycling:beverage_cartons": null, "recycling:books": null, "recycling:cans": null, "recycling:cardboard": null, "recycling:cartons": null, "recycling:glass": null, "recycling:glass_bottles": null, "recycling:magazines": null, "recycling:newspaper": null, "recycling:paper": null, "recycling:paper_packaging": null, "recycling:plastic": null, "recycling:plastic_bottles": null, "recycling:plastic_packaging": null, "recycling:scrap_metal": null, "recycling_type": null, "contact:email": null, "contact:phone": null, "contact:website": null, "contact:whatsapp": null, "natural": null, "opening_hours": null, "operator": null, "phone": null, "crossing": null, "crossing:signals": null, "crossing:markings": null, "parking_space": null, "addr:postcode": null, "addr:suburb": null, "description": null, "payment:pix": null, "lit": null, "oneway": null, "surface": "sett", "lanes": null, "sidewalk": null, "source": null, "alt_name": null, "foot": null, "smoothness": "bad", "building": null, "service": null, "bridge": null, "layer": null, "brand:wikipedia": null, "cuisine": null, "takeaway": null, "bicycle": null, "leisure": null, "highway:source": null, "building:levels": null, "note": null, "footway": "sidewalk", "mapillary": "1439302013086141", "survey:date": "2019-09-12", "tactile_paving": "no", "turn:lanes": null, "box_id": 1, "provider": "osmnx" }, "geometry": { "type": "LineString", "coordinates": [ [ -49.262125, -25.4603156 ], [ -49.2621775, -25.4602073 ] ] } },
{ "type": "Feature", "properties": { "highway": "footway", "amenity": null, "healthcare": null, "name": null, "brand": null, "brand:wikidata": null, "shop": null, "maxspeed": null, "addr:city": null, "addr:housenumber": null, "addr:street": null, "office": null, "website": null, "bus": null, "public_transport": null, "shelter": null, "check_date:shelter": null, "recycling:aluminium": null, "recycling:beverage_cartons": null, "recycling:books": null, "recycling:cans": null, "recycling:cardboard": null, "recycling:cartons": null, "recycling:glass": null, "recycling:glass_bottles": null, "recycling:magazines": null, "recycling:newspaper": null, "recycling:paper": null, "recycling:paper_packaging": null, "recycling:plastic": null, "recycling:plastic_bottles": null, "recycling:plastic_packaging": null, "recycling:scrap_metal": null, "recycling_type": null, "contact:email": null, "contact:phone": null, "contact:website": null, "contact:whatsapp": null, "natural": null, "opening_hours": null, "operator": null, "phone": null, "crossing": null, "crossing:signals": null, "crossing:markings": null, "parking_space": null, "addr:postcode": null, "addr:suburb": null, "description": null, "payment:pix": null, "lit": null, "oneway": null, "surface": "concrete", "lanes": null, "sidewalk": null, "source": null, "alt_name": null, "foot": null, "smoothness": "bad", "building": null, "service": null, "bridge": null, "layer": null, "brand:wikipedia": null, "cuisine": null, "takeaway": null, "bicycle": null, "leisure": null, "highway:source": null, "building:levels": null, "note": null, "footway": "sidewalk", "mapillary": "346071930270811", "survey:date": "2019-09-12", "tactile_paving": "no", "turn:lanes": null, "box_id": 1, "provider": "osmnx" }, "geometry": { "type": "LineString", "coordinates": [ [ -49.262387, -25.4600966 ], [ -49.2623838, -25.4601019 ], [ -49.2623734, -25.4601175 ], [ -49.2622905, -25.4602942 ] ] } },
{ "type": "Feature", "properties": { "highway": "footway", "amenity": null, "healthcare": null, "name": null, "brand": null, "brand:wikidata": null, "shop": null, "maxspeed": null, "addr:city": null, "addr:housenumber": null, "addr:street": null, "office": null, "website": null, "bus": null, "public_transport": null, "shelter": null, "check_date:shelter": null, "recycling:aluminium": null, "recycling:beverage_cartons": null, "recycling:books": null, "recycling:cans": null, "recycling:cardboard": null, "recycling:cartons": null, "recycling:glass": null, "recycling:glass_bottles": null, "recycling:magazines": null, "recycling:newspaper": null, "recycling:paper": null, "recycling:paper_packaging": null, "recycling:plastic": null, "recycling:plastic_bottles": null, "recycling:plastic_packaging": null, "recycling:scrap_metal": null, "recycling_type": null, "contact:email": null, "contact:phone": null, "contact:website": null, "contact:whatsapp": null, "natural": null, "opening_hours": null, "operator": null, "phone": null, "crossing": null, "crossing:signals": null, "crossing:markings": null, "parking_space": null, "addr:postcode": null, "addr:suburb": null, "description": null, "payment:pix": null, "lit": null, "oneway": null, "surface": "concrete:plates", "lanes": null, "sidewalk": null, "source": null, "alt_name": null, "foot": null, "smoothness": "very_bad", "building": null, "service": null, "bridge": null, "layer": null, "brand:wikipedia": null, "cuisine": null, "takeaway": null, "bicycle": null, "leisure": null, "highway:source": null, "building:levels": null, "note": null, "footway": "sidewalk", "mapillary": "498767644601057", "survey:date": "2019-09-12", "tactile_paving": "no", "turn:lanes": null, "box_id": 1, "provider": "osmnx" }, "geometry": { "type": "LineString", "coordinates": [ [ -49.2627122, -25.4601781 ], [ -49.2624484, -25.4600784 ], [ -49.2624411, -25.4600762 ], [ -49.2624335, -25.4600751 ], [ -49.2624258, -25.4600751 ], [ -49.2624182, -25.4600761 ], [ -49.2624108, -25.4600782 ], [ -49.2624039, -25.4600813 ], [ -49.2623976, -25.4600853 ], [ -49.2623921, -25.4600901 ], [ -49.2623875, -25.4600957 ], [ -49.262387, -25.4600966 ] ] } },
{ "type": "Feature", "properties": { "highway": "footway", "amenity": null, "healthcare": null, "name": null, "brand": null, "brand:wikidata": null, "shop": null, "maxspeed": null, "addr:city": null, "addr:housenumber": null, "addr:street": null, "office": null, "website": null, "bus": null, "public_transport": null, "shelter": null, "check_date:shelter": null, "recycling:aluminium": null, "recycling:beverage_cartons": null, "recycling:books": null, "recycling:cans": null, "recycling:cardboard": null, "recycling:cartons": null, "recycling:glass": null, "recycling:glass_bottles": null, "recycling:magazines": null, "recycling:newspaper": null, "recycling:paper": null, "recycling:paper_packaging": null, "recycling:plastic": null, "recycling:plastic_bottles": null, "recycling:plastic_packaging": null, "recycling:scrap_metal": null, "recycling_type": null, "contact:email": null, "contact:phone": null, "contact:website": null, "contact:whatsapp": null, "natural": null, "opening_hours": null, "operator": null, "phone": null, "crossing": null, "crossing:signals": null, "crossing:markings": null, "parking_space": null, "addr:postcode": null, "addr:suburb": null, "description": null, "payment:pix": null, "lit": null, "oneway": null, "surface": "sett", "lanes": null, "sidewalk": null, "source": null, "alt_name": null, "foot": null, "smoothness": "bad", "building": null, "service": null, "bridge": null, "layer": null, "brand:wikipedia": null, "cuisine": null, "takeaway": null, "bicycle": null, "leisure": null, "highway:source": null, "building:levels": null, "note": null, "footway": "sidewalk", "mapillary": "346071930270811", "survey:date": "2019-09-12", "tactile_paving": "no", "turn:lanes": null, "box_id": 1, "provider": "osmnx" }, "geometry": { "type": "LineString", "coordinates": [ [ -49.2621775, -25.4602073 ], [ -49.2622441, -25.4600699 ], [ -49.2622458, -25.4600665 ], [ -49.2622483, -25.4600599 ], [ -49.2622497, -25.4600531 ], [ -49.2622499, -25.4600461 ], [ -49.2622494, -25.4600426 ] ] } },
{ "type": "Feature", "properties": { "highway": "footway", "amenity": null, "healthcare": null, "name": null, "brand": null, "brand:wikidata": null, "shop": null, "maxspeed": null, "addr:city": null, "addr:housenumber": null, "addr:street": null, "office": null, "website": null, "bus": null, "public_transport": null, "shelter": null, "check_date:shelter": null, "recycling:aluminium": null, "recycling:beverage_cartons": null, "recycling:books": null, "recycling:cans": null, "recycling:cardboard": null, "recycling:cartons": null, "recycling:glass": null, "recycling:glass_bottles": null, "recycling:magazines": null, "recycling:newspaper": null, "recycling:paper": null, "recycling:paper_packaging": null, "recycling:plastic": null, "recycling:plastic_bottles": null, "recycling:plastic_packaging": null, "recycling:scrap_metal": null, "recycling_type": null, "contact:email": null, "contact:phone": null, "contact:website": null, "contact:whatsapp": null, "natural": null, "opening_hours": null, "operator": null, "phone": null, "crossing": "unmarked", "crossing:signals": null, "crossing:markings": null, "parking_space": null, "addr:postcode": null, "addr:suburb": null, "description": null, "payment:pix": null, "lit": null, "oneway": null, "surface": "asphalt", "lanes": null, "sidewalk": null, "source": null, "alt_name": null, "foot": null, "smoothness": "excellent", "building": null, "service": null, "bridge": null, "layer": null, "brand:wikipedia": null, "cuisine": null, "takeaway": null, "bicycle": null, "leisure": null, "highway:source": null, "building:levels": null, "note": null, "footway": "crossing", "mapillary": "930446967751756", "survey:date": "2019-09-12", "tactile_paving": null, "turn:lanes": null, "box_id": 1, "provider": "osmnx" }, "geometry": { "type": "LineString", "coordinates": [ [ -49.2623734, -25.4601175 ], [ -49.2623534, -25.4601112 ], [ -49.2623013, -25.4600914 ], [ -49.2622634, -25.4600772 ], [ -49.2622441, -25.4600699 ] ] } },
{ "type": "Feature", "properties": { "highway": "primary", "amenity": null, "healthcare": null, "name": "Rua Desembargador Westphalen", "brand": null, "brand:wikidata": null, "shop": null, "maxspeed": "50", "addr:city": null, "addr:housenumber": null, "addr:street": null, "office": null, "website": null, "bus": null, "public_transport": null, "shelter": null, "check_date:shelter": null, "recycling:aluminium": null, "recycling:beverage_cartons": null, "recycling:books": null, "recycling:cans": null, "recycling:cardboard": null, "recycling:cartons": null, "recycling:glass": null, "recycling:glass_bottles": null, "recycling:magazines": null, "recycling:newspaper": null, "recycling:paper": null, "recycling:paper_packaging": null, "recycling:plastic": null, "recycling:plastic_bottles": null, "recycling:plastic_packaging": null, "recycling:scrap_metal": null, "recycling_type": null, "contact:email": null, "contact:phone": null, "contact:website": null, "contact:whatsapp": null, "natural": null, "opening_hours": null, "operator": null, "phone": null, "crossing": null, "crossing:signals": null, "crossing:markings": null, "parking_space": null, "addr:postcode": null, "addr:suburb": null, "description": null, "payment:pix": null, "lit": "yes", "oneway": "yes", "surface": "asphalt", "lanes": "3", "sidewalk": null, "source": null, "alt_name": null, "foot": null, "smoothness": null, "building": null, "service": null, "bridge": null, "layer": null, "brand:wikipedia": null, "cuisine": null, "takeaway": null, "bicycle": null, "leisure": null, "highway:source": "IPPUC", "building:levels": null, "note": null, "footway": null, "mapillary": null, "survey:date": null, "tactile_paving": null, "turn:lanes": null, "box_id": 1, "provider": "osmnx" }, "geometry": { "type": "LineString", "coordinates": [ [ -49.262230306827448, -25.455595650960912 ], [ -49.2622056, -25.4556482 ], [ -49.262127789112114, -25.455813727296093 ] ] } },
{ "type": "Feature", "properties": { "highway": "footway", "amenity": null, "healthcare": null, "name": null, "brand": null, "brand:wikidata": null, "shop": null, "maxspeed": null, "addr:city": null, "addr:housenumber": null, "addr:street": null, "office": null, "website": null, "bus": null, "public_transport": null, "shelter": null, "check_date:shelter": null, "recycling:aluminium": null, "recycling:beverage_cartons": null, "recycling:books": null, "recycling:cans": null, "recycling:cardboard": null, "recycling:cartons": null, "recycling:glass": null, "recycling:glass_bottles": null, "recycling:magazines": null, "recycling:newspaper": null, "recycling:paper": null, "recycling:paper_packaging": null, "recycling:plastic": null, "recycling:plastic_bottles": null, "recycling:plastic_packaging": null, "recycling:scrap_metal": null, "recycling_type": null, "contact:email": null, "contact:phone": null, "contact:website": null, "contact:whatsapp": null, "natural": null, "opening_hours": null, "operator": null, "phone": null, "crossing": null, "crossing:signals": null, "crossing:markings": null, "parking_space": null, "addr:postcode": null, "addr:suburb": null, "description": null, "payment:pix": null, "lit": null, "oneway": null, "surface": "concrete:plates", "lanes": null, "sidewalk": null, "source": null, "alt_name": null, "foot": null, "smoothness": "intermediate", "building": null, "service": null, "bridge": null, "layer": null, "brand:wikipedia": null, "cuisine": null, "takeaway": null, "bicycle": null, "leisure": null, "highway:source": null, "building:levels": null, "note": null, "footway": "sidewalk", "mapillary": "456410002323492", "survey:date": "2019-09-12", "tactile_paving": "no", "turn:lanes": null, "box_id": 1, "provider": "osmnx" }, "geometry": { "type": "LineString", "coordinates": [ [ -49.2622494, -25.4600426 ], [ -49.262249, -25.4600392 ], [ -49.2622468, -25.4600325 ], [ -49.2622436, -25.4600261 ], [ -49.2622393, -25.4600203 ], [ -49.2622341, -25.4600152 ], [ -49.262228, -25.4600109 ], [ -49.2622213, -25.4600074 ], [ -49.2621013, -25.4599565 ] ] } },
{ "type": "Feature", "properties": { "highway": "footway", "amenity": null, "healthcare": null, "name": null, "brand": null, "brand:wikidata": null, "shop": null, "maxspeed": null, "addr:city": null, "addr:housenumber": null, "addr:street": null, "office": null, "website": null, "bus": null, "public_transport": null, "shelter": null, "check_date:shelter": null, "recycling:aluminium": null, "recycling:beverage_cartons": null, "recycling:books": null, "recycling:cans": null, "recycling:cardboard": null, "recycling:cartons": null, "recycling:glass": null, "recycling:glass_bottles": null, "recycling:magazines": null, "recycling:newspaper": null, "recycling:paper": null, "recycling:paper_packaging": null, "recycling:plastic": null, "recycling:plastic_bottles": null, "recycling:plastic_packaging": null, "recycling:scrap_metal": null, "recycling_type": null, "contact:email": null, "contact:phone": null, "contact:website": null, "contact:whatsapp": null, "natural": null, "opening_hours": null, "operator": null, "phone": null, "crossing": null, "crossing:signals": null, "crossing:markings": null, "parking_space": null, "addr:postcode": null, "addr:suburb": null, "description": null, "payment:pix": null, "lit": null, "oneway": null, "surface": "concrete:plates", "lanes": null, "sidewalk": null, "source": null, "alt_name": null, "foot": null, "smoothness": "bad", "building": null, "service": null, "bridge": null, "layer": null, "brand:wikipedia": null, "cuisine": null, "takeaway": null, "bicycle": null, "leisure": null, "highway:source": null, "building:levels": null, "note": null, "footway": "sidewalk", "mapillary": "754878191874053", "survey:date": "2019-09-12", "tactile_paving": "no", "turn:lanes": null, "box_id": 1, "provider": "osmnx" }, "geometry": { "type": "LineString", "coordinates": [ [ -49.2621013, -25.4599565 ], [ -49.262068467490664, -25.459942579975291 ] ] } },
{ "type": "Feature", "properties": { "highway": "residential", "amenity": null, "healthcare": null, "name": "Rua Professor Rubens Elke Braga", "brand": null, "brand:wikidata": null, "shop": null, "maxspeed": null, "addr:city": null, "addr:housenumber": null, "addr:street": null, "office": null, "website": null, "bus": null, "public_transport": null, "shelter": null, "check_date:shelter": null, "recycling:aluminium": null, "recycling:beverage_cartons": null, "recycling:books": null, "recycling:cans": null, "recycling:cardboard": null, "recycling:cartons": null, "recycling:glass": null, "recycling:glass_bottles": null, "recycling:magazines": null, "recycling:newspaper": null, "recycling:paper": null, "recycling:paper_packaging": null, "recycling:plastic": null, "recycling:plastic_bottles": null, "recycling:plastic_packaging": null, "recycling:scrap_metal": null, "recycling_type": null, "contact:email": null, "contact:phone": null, "contact:website": null, "contact:whatsapp": null, "natural": null, "opening_hours": null, "operator": null, "phone": null, "crossing": null, "crossing:signals": null, "crossing:markings": null, "parking_space": null, "addr:postcode": null, "addr:suburb": null, "description": null, "payment:pix": null, "lit": null, "oneway": "no", "surface": null, "lanes": null, "sidewalk": null, "source": null, "alt_name": null, "foot": null, "smoothness": null, "building": null, "service": null, "bridge": null, "layer": null, "brand:wikipedia": null, "cuisine": null, "takeaway": null, "bicycle": null, "leisure": null, "highway:source": null, "building:levels": null, "note": null, "footway": null, "mapillary": null, "survey:date": null, "tactile_paving": null, "turn:lanes": null, "box_id": 1, "provider": "osmnx" }, "geometry": { "type": "LineString", "coordinates": [ [ -49.262069846136747, -25.45984662463146 ], [ -49.2623626, -25.4599632 ], [ -49.2631023, -25.4602576 ], [ -49.2643794, -25.4607661 ] ] } },
{ "type": "Feature", "properties": { "highway": "footway", "amenity": null, "healthcare": null, "name": null, "brand": null, "brand:wikidata": null, "shop": null, "maxspeed": null, "addr:city": null, "addr:housenumber": null, "addr:street": null, "office": null, "website": null, "bus": null, "public_transport": null, "shelter": null, "check_date:shelter": null, "recycling:aluminium": null, "recycling:beverage_cartons": null, "recycling:books": null, "recycling:cans": null, "recycling:cardboard": null, "recycling:cartons": null, "recycling:glass": null, "recycling:glass_bottles": null, "recycling:magazines": null, "recycling:newspaper": null, "recycling:paper": null, "recycling:paper_packaging": null, "recycling:plastic": null, "recycling:plastic_bottles": null, "recycling:plastic_packaging": null, "recycling:scrap_metal": null, "recycling_type": null, "contact:email": null, "contact:phone": null, "contact:website": null, "contact:whatsapp": null, "natural": null, "opening_hours": null, "operator": null, "phone": null, "crossing": null, "crossing:signals": null, "crossing:markings": null, "parking_space": null, "addr:postcode": null, "addr:suburb": null, "description": null, "payment:pix": null, "lit": null, "oneway": null, "surface": "grass", "lanes": null, "sidewalk": null, "source": null, "alt_name": null, "foot": null, "smoothness": "intermediate", "building": null, "service": null, "bridge": null, "layer": null, "brand:wikipedia": null, "cuisine": null, "takeaway": null, "bicycle": null, "leisure": null, "highway:source": null, "building:levels": null, "note": null, "footway": "sidewalk", "mapillary": "207494084525494", "survey:date": "2019-09-12", "tactile_paving": "no", "turn:lanes": null, "box_id": 1, "provider": "osmnx" }, "geometry": { "type": "LineString", "coordinates": [ [ -49.2632195, -25.4603941 ], [ -49.2631743, -25.4603755 ], [ -49.2631669, -25.4603731 ], [ -49.2631593, -25.4603718 ], [ -49.2631516, -25.4603716 ], [ -49.2631442, -25.4603724 ] ] } },
{ "type": "Feature", "properties": { "highway": "footway", "amenity": null, "healthcare": null, "name": null, "brand": null, "brand:wikidata": null, "shop": null, "maxspeed": null, "addr:city": null, "addr:housenumber": null, "addr:street": null, "office": null, "website": null, "bus": null, "public_transport": null, "shelter": null, "check_date:shelter": null, "recycling:aluminium": null, "recycling:beverage_cartons": null, "recycling:books": null, "recycling:cans": null, "recycling:cardboard": null, "recycling:cartons": null, "recycling:glass": null, "recycling:glass_bottles": null, "recycling:magazines": null, "recycling:newspaper": null, "recycling:paper": null, "recycling:paper_packaging": null, "recycling:plastic": null, "recycling:plastic_bottles": null, "recycling:plastic_packaging": null, "recycling:scrap_metal": null, "recycling_type": null, "contact:email": null, "contact:phone": null, "contact:website": null, "contact:whatsapp": null, "natural": null, "opening_hours": null, "operator": null, "phone": null, "crossing": "unmarked", "crossing:signals": null, "crossing:markings": null, "parking_space": null, "addr:postcode": null, "addr:suburb": null, "description": null, "payment:pix": null, "lit": null, "oneway": null, "surface": "asphalt", "lanes": null, "sidewalk": null, "source": null, "alt_name": null, "foot": null, "smoothness": "good", "building": null, "service": null, "bridge": null, "layer": null, "brand:wikipedia": null, "cuisine": null, "takeaway": null, "bicycle": null, "leisure": null, "highway:source": null, "building:levels": null, "note": null, "footway": "crossing", "mapillary": "694288737931581", "survey:date": "2019-09-12", "tactile_paving": null, "turn:lanes": null, "box_id": 1, "provider": "osmnx" }, "geometry": { "type": "LineString", "coordinates": [ [ -49.2630014, -25.4603557 ], [ -49.263014, -25.4603617 ], [ -49.2630439, -25.4603766 ], [ -49.2630723, -25.4603894 ], [ -49.2631043, -25.4604046 ] ] } },
{ "type": "Feature", "properties": { "highway": "footway", "amenity": null, "healthcare": null, "name": null, "brand": null, "brand:wikidata": null, "shop": null, "maxspeed": null, "addr:city": null, "addr:housenumber": null, "addr:street": null, "office": null, "website": null, "bus": null, "public_transport": null, "shelter": null, "check_date:shelter": null, "recycling:aluminium": null, "recycling:beverage_cartons": null, "recycling:books": null, "recycling:cans": null, "recycling:cardboard": null, "recycling:cartons": null, "recycling:glass": null, "recycling:glass_bottles": null, "recycling:magazines": null, "recycling:newspaper": null, "recycling:paper": null, "recycling:paper_packaging": null, "recycling:plastic": null, "recycling:plastic_bottles": null, "recycling:plastic_packaging": null, "recycling:scrap_metal": null, "recycling_type": null, "contact:email": null, "contact:phone": null, "contact:website": null, "contact:whatsapp": null, "natural": null, "opening_hours": null, "operator": null, "phone": null, "crossing": null, "crossing:signals": null, "crossing:markings": null, "parking_space": null, "addr:postcode": null, "addr:suburb": null, "description": null, "payment:pix": null, "lit": null, "oneway": null, "surface": "paving_stones", "lanes": null, "sidewalk": null, "source": null, "alt_name": null, "foot": null, "smoothness": "intermediate", "building": null, "service": null, "bridge": null, "layer": null, "brand:wikipedia": null, "cuisine": null, "takeaway": null, "bicycle": null, "leisure": null, "highway:source": null, "building:levels": null, "note": null, "footway": "sidewalk", "mapillary": "205004384632781", "survey:date": "2019-09-12", "tactile_paving": "no", "turn:lanes": null, "box_id": 1, "provider": "osmnx" }, "geometry": { "type": "LineString", "coordinates": [ [ -49.2630132, -25.4603253 ], [ -49.2630134, -25.4603197 ], [ -49.2630124, -25.4603125 ], [ -49.2630101, -25.4603055 ], [ -49.2630066, -25.460299 ], [ -49.263002, -25.4602931 ], [ -49.2629964, -25.4602879 ], [ -49.26299, -25.4602836 ], [ -49.2629829, -25.4602803 ], [ -49.2627122, -25.4601781 ] ] } },
{ "type": "Feature", "properties": { "highway": "tertiary", "amenity": null, "healthcare": null, "name": "Rua João Viana Seiler", "brand": null, "brand:wikidata": null, "shop": null, "maxspeed": null, "addr:city": null, "addr:housenumber": null, "addr:street": null, "office": null, "website": null, "bus": null, "public_transport": null, "shelter": null, "check_date:shelter": null, "recycling:aluminium": null, "recycling:beverage_cartons": null, "recycling:books": null, "recycling:cans": null, "recycling:cardboard": null, "recycling:cartons": null, "recycling:glass": null, "recycling:glass_bottles": null, "recycling:magazines": null, "recycling:newspaper": null, "recycling:paper": null, "recycling:paper_packaging": null, "recycling:plastic": null, "recycling:plastic_bottles": null, "recycling:plastic_packaging": null, "recycling:scrap_metal": null, "recycling_type": null, "contact:email": null, "contact:phone": null, "contact:website": null, "contact:whatsapp": null, "natural": null, "opening_hours": null, "operator": null, "phone": null, "crossing": null, "crossing:signals": null, "crossing:markings": null, "parking_space": null, "addr:postcode": null, "addr:suburb": null, "description": null, "payment:pix": null, "lit": "yes", "oneway": null, "surface": "asphalt", "lanes": null, "sidewalk": null, "source": null, "alt_name": null, "foot": null, "smoothness": null, "building": null, "service": null, "bridge": null, "layer": null, "brand:wikipedia": null, "cuisine": null, "takeaway": null, "bicycle": null, "leisure": null, "highway:source": null, "building:levels": null, "note": null, "footway": null, "mapillary": null, "survey:date": null, "tactile_paving": null, "turn:lanes": null, "box_id": 1, "provider": "osmnx" }, "geometry": { "type": "LineString", "coordinates": [ [ -49.2622056, -25.4556482 ], [ -49.2630957, -25.4560029 ], [ -49.2640693, -25.4563907 ], [ -49.2648463, -25.4567003 ] ] } },
{ "type": "Feature", "properties": { "highway": "secondary", "amenity": null, "healthcare": null, "name": "Rua João Parolin", "brand": null, "brand:wikidata": null, "shop": null, "maxspeed": "50", "addr:city": null, "addr:housenumber": null, "addr:street": null, "office": null, "website": null, "bus": null, "public_transport": null, "shelter": null, "check_date:shelter": null, "recycling:aluminium": null, "recycling:beverage_cartons": null, "recycling:books": null, "recycling:cans": null, "recycling:cardboard": null, "recycling:cartons": null, "recycling:glass": null, "recycling:glass_bottles": null, "recycling:magazines": null, "recycling:newspaper": null, "recycling:paper": null, "recycling:paper_packaging": null, "recycling:plastic": null, "recycling:plastic_bottles": null, "recycling:plastic_packaging": null, "recycling:scrap_metal": null, "recycling_type": null, "contact:email": null, "contact:phone": null, "contact:website": null, "contact:whatsapp": null, "natural": null, "opening_hours": null, "operator": null, "phone": null, "crossing": null, "crossing:signals": null, "crossing:markings": null, "parking_space": null, "addr:postcode": null, "addr:suburb": null, "description": null, "payment:pix": null, "lit": "yes", "oneway": "no", "surface": "asphalt", "lanes": null, "sidewalk": null, "source": null, "alt_name": null, "foot": null, "smoothness": null, "building": null, "service": null, "bridge": null, "layer": null, "brand:wikipedia": null, "cuisine": null, "takeaway": null, "bicycle": null, "leisure": null, "highway:source": null, "building:levels": null, "note": null, "footway": null, "mapillary": null, "survey:date": null, "tactile_paving": null, "turn:lanes": null, "box_id": 1, "provider": "osmnx" }, "geometry": { "type": "LineString", "coordinates": [ [ -49.262086365069074, -25.458696888054114 ], [ -49.2628244, -25.4589965 ] ] } },
{ "type": "Feature", "properties": { "highway": "residential", "amenity": null, "healthcare": null, "name": "Rua Doutor Pâmphilo d'Assumpção", "brand": null, "brand:wikidata": null, "shop": null, "maxspeed": null, "addr:city": null, "addr:housenumber": null, "addr:street": null, "office": null, "website": null, "bus": null, "public_transport": null, "shelter": null, "check_date:shelter": null, "recycling:aluminium": null, "recycling:beverage_cartons": null, "recycling:books": null, "recycling:cans": null, "recycling:cardboard": null, "recycling:cartons": null, "recycling:glass": null, "recycling:glass_bottles": null, "recycling:magazines": null, "recycling:newspaper": null, "recycling:paper": null, "recycling:paper_packaging": null, "recycling:plastic": null, "recycling:plastic_bottles": null, "recycling:plastic_packaging": null, "recycling:scrap_metal": null, "recycling_type": null, "contact:email": null, "contact:phone": null, "contact:website": null, "contact:whatsapp": null, "natural": null, "opening_hours": null, "operator": null, "phone": null, "crossing": null, "crossing:signals": null, "crossing:markings": null, "parking_space": null, "addr:postcode": null, "addr:suburb": null, "description": null, "payment:pix": null, "lit": null, "oneway": "no", "surface": null, "lanes": null, "sidewalk": null, "source": null, "alt_name": null, "foot": null, "smoothness": null, "building": null, "service": null, "bridge": null, "layer": null, "brand:wikipedia": null, "cuisine": null, "takeaway": null, "bicycle": null, "leisure": null, "highway:source": null, "building:levels": null, "note": null, "footway": null, "mapillary": null, "survey:date": null, "tactile_paving": null, "turn:lanes": null, "box_id": 1, "provider": "osmnx" }, "geometry": { "type": "LineString", "coordinates": [ [ -49.263283570916904, -25.455608085476566 ], [ -49.2630957, -25.4560029 ], [ -49.2625691, -25.4571094 ], [ -49.26209485526558, -25.45810596066995 ] ] } },
{ "type": "Feature", "properties": { "highway": "secondary", "amenity": null, "healthcare": null, "name": "Rua João Viana Seiler", "brand": null, "brand:wikidata": null, "shop": null, "maxspeed": null, "addr:city": null, "addr:housenumber": null, "addr:street": null, "office": null, "website": null, "bus": null, "public_transport": null, "shelter": null, "check_date:shelter": null, "recycling:aluminium": null, "recycling:beverage_cartons": null, "recycling:books": null, "recycling:cans": null, "recycling:cardboard": null, "recycling:cartons": null, "recycling:glass": null, "recycling:glass_bottles": null, "recycling:magazines": null, "recycling:newspaper": null, "recycling:paper": null, "recycling:paper_packaging": null, "recycling:plastic": null, "recycling:plastic_bottles": null, "recycling:plastic_packaging": null, "recycling:scrap_metal": null, "recycling_type": null, "contact:email": null, "contact:phone": null, "contact:website": null, "contact:whatsapp": null, "natural": null, "opening_hours": null, "operator": null, "phone": null, "crossing": null, "crossing:signals": null, "crossing:markings": null, "parking_space": null, "addr:postcode": null, "addr:suburb": null, "description": null, "payment:pix": null, "lit": "yes", "oneway": "yes", "surface": "asphalt", "lanes": null, "sidewalk": null, "source": null, "alt_name": null, "foot": null, "smoothness": null, "building": null, "service": null, "bridge": null, "layer": null, "brand:wikipedia": null, "cuisine": null, "takeaway": null, "bicycle": null, "leisure": null, "highway:source": null, "building:levels": null, "note": null, "footway": null, "mapillary": null, "survey:date": null, "tactile_paving": null, "turn:lanes": null, "box_id": 1, "provider": "osmnx" }, "geometry": { "type": "LineString", "coordinates": [ [ -49.262130596541155, -25.455618327024805 ], [ -49.2622056, -25.4556482 ] ] } },
{ "type": "Feature", "properties": { "highway": "residential", "amenity": null, "healthcare": null, "name": "Rua João Viana Seiler", "brand": null, "brand:wikidata": null, "shop": null, "maxspeed": null, "addr:city": null, "addr:housenumber": null, "addr:street": null, "office": null, "website": null, "bus": null, "public_transport": null, "shelter": null, "check_date:shelter": null, "recycling:aluminium": null, "recycling:beverage_cartons": null, "recycling:books": null, "recycling:cans": null, "recycling:cardboard": null, "recycling:cartons": null, "recycling:glass": null, "recycling:glass_bottles": null, "recycling:magazines": null, "recycling:newspaper": null, "recycling:paper": null, "recycling:paper_packaging": null, "recycling:plastic": null, "recycling:plastic_bottles": null, "recycling:plastic_packaging": null, "recycling:scrap_metal": null, "recycling_type": null, "contact:email": null, "contact:phone": null, "contact:website": null, "contact:whatsapp": null, "natural": null, "opening_hours": null, "operator": null, "phone": null, "crossing": null, "crossing:signals": null, "crossing:markings": null, "parking_space": null, "addr:postcode": null, "addr:suburb": null, "description": null, "payment:pix": null, "lit": null, "oneway": null, "surface": "asphalt", "lanes": null, "sidewalk": null, "source": null, "alt_name": null, "foot": null, "smoothness": null, "building": null, "service": null, "bridge": null, "layer": null, "brand:wikipedia": null, "cuisine": null, "takeaway": null, "bicycle": null, "leisure": null, "highway:source": null, "building:levels": null, "note": null, "footway": null, "mapillary": null, "survey:date": null, "tactile_paving": null, "turn:lanes": null, "box_id": 1, "provider": "osmnx" }, "geometry": { "type": "LineString", "coordinates": [ [ -49.2648463, -25.4567003 ], [ -49.2660856, -25.457194 ], [ -49.2670644, -25.4575839 ] ] } },
{ "type": "Feature", "properties": { "highway": "footway", "amenity": null, "healthcare": null, "name": "Rua Ceará", "brand": null, "brand:wikidata": null, "shop": null, "maxspeed": null, "addr:city": null, "addr:housenumber": null, "addr:street": null, "office": null, "website": null, "bus": null, "public_transport": null, "shelter": null, "check_date:shelter": null, "recycling:aluminium": null, "recycling:beverage_cartons": null, "recycling:books": null, "recycling:cans": null, "recycling:cardboard": null, "recycling:cartons": null, "recycling:glass": null, "recycling:glass_bottles": null, "recycling:magazines": null, "recycling:newspaper": null, "recycling:paper": null, "recycling:paper_packaging": null, "recycling:plastic": null, "recycling:plastic_bottles": null, "recycling:plastic_packaging": null, "recycling:scrap_metal": null, "recycling_type": null, "contact:email": null, "contact:phone": null, "contact:website": null, "contact:whatsapp": null, "natural": null, "opening_hours": null, "operator": null, "phone": null, "crossing": null, "crossing:signals": null, "crossing:markings": null, "parking_space": null, "addr:postcode": null, "addr:suburb": null, "description": null, "payment:pix": null, "lit": null, "oneway": "no", "surface": null, "lanes": null, "sidewalk": null, "source": null, "alt_name": null, "foot": null, "smoothness": null, "building": null, "service": null, "bridge": null, "layer": null, "brand:wikipedia": null, "cuisine": null, "takeaway": null, "bicycle": null, "leisure": null, "highway:source": null, "building:levels": null, "note": null, "footway": null, "mapillary": null, "survey:date": null, "tactile_paving": null, "turn:lanes": null, "box_id": 1, "provider": "osmnx" }, "geometry": { "type": "LineString", "coordinates": [ [ -49.2672804, -25.4568455 ], [ -49.2674487, -25.4567885 ] ] } },
{ "type": "Feature", "properties": { "highway": "residential", "amenity": null, "healthcare": null, "name": "Rua Ceará", "brand": null, "brand:wikidata": null, "shop": null, "maxspeed": null, "addr:city": null, "addr:housenumber": null, "addr:street": null, "office": null, "website": null, "bus": null, "public_transport": null, "shelter": null, "check_date:shelter": null, "recycling:aluminium": null, "recycling:beverage_cartons": null, "recycling:books": null, "recycling:cans": null, "recycling:cardboard": null, "recycling:cartons": null, "recycling:glass": null, "recycling:glass_bottles": null, "recycling:magazines": null, "recycling:newspaper": null, "recycling:paper": null, "recycling:paper_packaging": null, "recycling:plastic": null, "recycling:plastic_bottles": null, "recycling:plastic_packaging": null, "recycling:scrap_metal": null, "recycling_type": null, "contact:email": null, "contact:phone": null, "contact:website": null, "contact:whatsapp": null, "natural": null, "opening_hours": null, "operator": null, "phone": null, "crossing": null, "crossing:signals": null, "crossing:markings": null, "parking_space": null, "addr:postcode": null, "addr:suburb": null, "description": null, "payment:pix": null, "lit": null, "oneway": "no", "surface": null, "lanes": null, "sidewalk": null, "source": null, "alt_name": null, "foot": null, "smoothness": null, "building": null, "service": null, "bridge": null, "layer": null, "brand:wikipedia": null, "cuisine": null, "takeaway": null, "bicycle": null, "leisure": null, "highway:source": null, "building:levels": null, "note": null, "footway": null, "mapillary": null, "survey:date": null, "tactile_paving": null, "turn:lanes": null, "box_id": 1, "provider": "osmnx" }, "geometry": { "type": "LineString", "coordinates": [ [ -49.2651357, -25.4561099 ], [ -49.2663303, -25.4566815 ], [ -49.2665893, -25.4567849 ], [ -49.2666587, -25.4568052 ], [ -49.2667469, -25.4568167 ], [ -49.2668556, -25.4568241 ], [ -49.2672804, -25.4568455 ] ] } },
{ "type": "Feature", "properties": { "highway": "secondary", "amenity": null, "healthcare": null, "name": "Rua Lamenha Lins", "brand": null, "brand:wikidata": null, "shop": null, "maxspeed": null, "addr:city": null, "addr:housenumber": null, "addr:street": null, "office": null, "website": null, "bus": null, "public_transport": null, "shelter": null, "check_date:shelter": null, "recycling:aluminium": null, "recycling:beverage_cartons": null, "recycling:books": null, "recycling:cans": null, "recycling:cardboard": null, "recycling:cartons": null, "recycling:glass": null, "recycling:glass_bottles": null, "recycling:magazines": null, "recycling:newspaper": null, "recycling:paper": null, "recycling:paper_packaging": null, "recycling:plastic": null, "recycling:plastic_bottles": null, "recycling:plastic_packaging": null, "recycling:scrap_metal": null, "recycling_type": null, "contact:email": null, "contact:phone": null, "contact:website": null, "contact:whatsapp": null, "natural": null, "opening_hours": null, "operator": null, "phone": null, "crossing": null, "crossing:signals": null, "crossing:markings": null, "parking_space": null, "addr:postcode": null, "addr:suburb": null, "description": null, "payment:pix": null, "lit": "yes", "oneway": "yes", "surface": "asphalt", "lanes": null, "sidewalk": null, "source": null, "alt_name": null, "foot": null, "smoothness": null, "building": null, "service": null, "bridge": null, "layer": null, "brand:wikipedia": null, "cuisine": null, "takeaway": null, "bicycle": null, "leisure": null, "highway:source": null, "building:levels": null, "note": null, "footway": null, "mapillary": null, "survey:date": null, "tactile_paving": null, "turn:lanes": null, "box_id": 1, "provider": "osmnx" }, "geometry": { "type": "LineString", "coordinates": [ [ -49.2678879, -25.4558795 ], [ -49.2678429, -25.4559726 ], [ -49.2677772, -25.4561087 ], [ -49.2674487, -25.4567885 ] ] } },
{ "type": "Feature", "properties": { "highway": "tertiary", "amenity": null, "healthcare": null, "name": "Rua Alferes Poli", "brand": null, "brand:wikidata": null, "shop": null, "maxspeed": "50", "addr:city": null, "addr:housenumber": null, "addr:street": null, "office": null, "website": null, "bus": null, "public_transport": null, "shelter": null, "check_date:shelter": null, "recycling:aluminium": null, "recycling:beverage_cartons": null, "recycling:books": null, "recycling:cans": null, "recycling:cardboard": null, "recycling:cartons": null, "recycling:glass": null, "recycling:glass_bottles": null, "recycling:magazines": null, "recycling:newspaper": null, "recycling:paper": null, "recycling:paper_packaging": null, "recycling:plastic": null, "recycling:plastic_bottles": null, "recycling:plastic_packaging": null, "recycling:scrap_metal": null, "recycling_type": null, "contact:email": null, "contact:phone": null, "contact:website": null, "contact:whatsapp": null, "natural": null, "opening_hours": null, "operator": null, "phone": null, "crossing": null, "crossing:signals": null, "crossing:markings": null, "parking_space": null, "addr:postcode": null, "addr:suburb": null, "description": null, "payment:pix": null, "lit": "yes", "oneway": "yes", "surface": "asphalt", "lanes": null, "sidewalk": null, "source": null, "alt_name": null, "foot": null, "smoothness": null, "building": null, "service": null, "bridge": null, "layer": null, "brand:wikipedia": null, "cuisine": null, "takeaway": null, "bicycle": null, "leisure": null, "highway:source": null, "building:levels": null, "note": null, "footway": null, "mapillary": null, "survey:date": null, "tactile_paving": null, "turn:lanes": null, "box_id": 1, "provider": "osmnx" }, "geometry": { "type": "LineString", "coordinates": [ [ -49.2628244, -25.4589965 ], [ -49.2635384, -25.4575019 ], [ -49.2640693, -25.4563907 ], [ -49.264436672112026, -25.455621698638737 ] ] } },
{ "type": "Feature", "properties": { "highway": "footway", "amenity": null, "healthcare": null, "name": null, "brand": null, "brand:wikidata": null, "shop": null, "maxspeed": null, "addr:city": null, "addr:housenumber": null, "addr:street": null, "office": null, "website": null, "bus": null, "public_transport": null, "shelter": null, "check_date:shelter": null, "recycling:aluminium": null, "recycling:beverage_cartons": null, "recycling:books": null, "recycling:cans": null, "recycling:cardboard": null, "recycling:cartons": null, "recycling:glass": null, "recycling:glass_bottles": null, "recycling:magazines": null, "recycling:newspaper": null, "recycling:paper": null, "recycling:paper_packaging": null, "recycling:plastic": null, "recycling:plastic_bottles": null, "recycling:plastic_packaging": null, "recycling:scrap_metal": null, "recycling_type": null, "contact:email": null, "contact:phone": null, "contact:website": null, "contact:whatsapp": null, "natural": null, "opening_hours": null, "operator": null, "phone": null, "crossing": null, "crossing:signals": null, "crossing:markings": null, "parking_space": null, "addr:postcode": null, "addr:suburb": null, "description": null, "payment:pix": null, "lit": null, "oneway": null, "surface": null, "lanes": null, "sidewalk": null, "source": null, "alt_name": null, "foot": null, "smoothness": null, "building": null, "service": null, "bridge": null, "layer": null, "brand:wikipedia": null, "cuisine": null, "takeaway": null, "bicycle": null, "leisure": null, "highway:source": null, "building:levels": null, "note": null, "footway": "crossing", "mapillary": null, "survey:date": null, "tactile_paving": null, "turn:lanes": null, "box_id": 1, "provider": "osmnx" }, "geometry": { "type": "LineString", "coordinates": [ [ -49.2680156, -25.4558352 ], [ -49.267953, -25.4559383 ] ] } },
{ "type": "Feature", "properties": { "highway": "service", "amenity": null, "healthcare": null, "name": null, "brand": null, "brand:wikidata": null, "shop": null, "maxspeed": null, "addr:city": null, "addr:housenumber": null, "addr:street": null, "office": null, "website": null, "bus": null, "public_transport": null, "shelter": null, "check_date:shelter": null, "recycling:aluminium": null, "recycling:beverage_cartons": null, "recycling:books": null, "recycling:cans": null, "recycling:cardboard": null, "recycling:cartons": null, "recycling:glass": null, "recycling:glass_bottles": null, "recycling:magazines": null, "recycling:newspaper": null, "recycling:paper": null, "recycling:paper_packaging": null, "recycling:plastic": null, "recycling:plastic_bottles": null, "recycling:plastic_packaging": null, "recycling:scrap_metal": null, "recycling_type": null, "contact:email": null, "contact:phone": null, "contact:website": null, "contact:whatsapp": null, "natural": null, "opening_hours": null, "operator": null, "phone": null, "crossing": null, "crossing:signals": null, "crossing:markings": null, "parking_space": null, "addr:postcode": null, "addr:suburb": null, "description": null, "payment:pix": null, "lit": null, "oneway": null, "surface": "concrete", "lanes": null, "sidewalk": null, "source": null, "alt_name": null, "foot": null, "smoothness": null, "building": null, "service": null, "bridge": null, "layer": null, "brand:wikipedia": null, "cuisine": null, "takeaway": null, "bicycle": null, "leisure": null, "highway:source": null, "building:levels": null, "note": null, "footway": null, "mapillary": null, "survey:date": null, "tactile_paving": null, "turn:lanes": null, "box_id": 1, "provider": "osmnx" }, "geometry": { "type": "LineString", "coordinates": [ [ -49.267485591926771, -25.455657693259209 ], [ -49.2674455, -25.4557403 ], [ -49.2673932, -25.4558663 ], [ -49.2673852, -25.4559074 ], [ -49.26741, -25.4559468 ], [ -49.2676091, -25.4560527 ], [ -49.2677772, -25.4561087 ] ] } },
{ "type": "Feature", "properties": { "highway": "secondary", "amenity": null, "healthcare": null, "name": "Rua Lamenha Lins", "brand": null, "brand:wikidata": null, "shop": null, "maxspeed": null, "addr:city": null, "addr:housenumber": null, "addr:street": null, "office": null, "website": null, "bus": null, "public_transport": null, "shelter": null, "check_date:shelter": null, "recycling:aluminium": null, "recycling:beverage_cartons": null, "recycling:books": null, "recycling:cans": null, "recycling:cardboard": null, "recycling:cartons": null, "recycling:glass": null, "recycling:glass_bottles": null, "recycling:magazines": null, "recycling:newspaper": null, "recycling:paper": null, "recycling:paper_packaging": null, "recycling:plastic": null, "recycling:plastic_bottles": null, "recycling:plastic_packaging": null, "recycling:scrap_metal": null, "recycling_type": null, "contact:email": null, "contact:phone": null, "contact:website": null, "contact:whatsapp": null, "natural": null, "opening_hours": null, "operator": null, "phone": null, "crossing": null, "crossing:signals": null, "crossing:markings": null, "parking_space": null, "addr:postcode": null, "addr:suburb": null, "description": null, "payment:pix": null, "lit": "yes", "oneway": "yes", "surface": null, "lanes": null, "sidewalk": null, "source": null, "alt_name": null, "foot": "no", "smoothness": null, "building": null, "service": null, "bridge": null, "layer": null, "brand:wikipedia": null, "cuisine": null, "takeaway": null, "bicycle": null, "leisure": null, "highway:source": null, "building:levels": null, "note": null, "footway": null, "mapillary": null, "survey:date": null, "tactile_paving": null, "turn:lanes": null, "box_id": 1, "provider": "osmnx" }, "geometry": { "type": "LineString", "coordinates": [ [ -49.2679417, -25.4557681 ], [ -49.2678879, -25.4558795 ] ] } },
{ "type": "Feature", "properties": { "highway": "footway", "amenity": null, "healthcare": null, "name": null, "brand": null, "brand:wikidata": null, "shop": null, "maxspeed": null, "addr:city": null, "addr:housenumber": null, "addr:street": null, "office": null, "website": null, "bus": null, "public_transport": null, "shelter": null, "check_date:shelter": null, "recycling:aluminium": null, "recycling:beverage_cartons": null, "recycling:books": null, "recycling:cans": null, "recycling:cardboard": null, "recycling:cartons": null, "recycling:glass": null, "recycling:glass_bottles": null, "recycling:magazines": null, "recycling:newspaper": null, "recycling:paper": null, "recycling:paper_packaging": null, "recycling:plastic": null, "recycling:plastic_bottles": null, "recycling:plastic_packaging": null, "recycling:scrap_metal": null, "recycling_type": null, "contact:email": null, "contact:phone": null, "contact:website": null, "contact:whatsapp": null, "natural": null, "opening_hours": null, "operator": null, "phone": null, "crossing": null, "crossing:signals": null, "crossing:markings": null, "parking_space": null, "addr:postcode": null, "addr:suburb": null, "description": null, "payment:pix": null, "lit": null, "oneway": null, "surface": null, "lanes": null, "sidewalk": null, "source": null, "alt_name": null, "foot": null, "smoothness": null, "building": null, "service": null, "bridge": null, "layer": null, "brand:wikipedia": null, "cuisine": null, "takeaway": null, "bicycle": null, "leisure": null, "highway:source": null, "building:levels": null, "note": null, "footway": "crossing", "mapillary": null, "survey:date": null, "tactile_paving": null, "turn:lanes": null, "box_id": 1, "provider": "osmnx" }, "geometry": { "type": "LineString", "coordinates": [ [ -49.2678933, -25.4557247 ], [ -49.2678342, -25.4558312 ] ] } },
{ "type": "Feature", "properties": { "highway": "tertiary", "amenity": null, "healthcare": null, "name": "Rua 24 de Maio", "brand": null, "brand:wikidata": null, "shop": null, "maxspeed": "50", "addr:city": null, "addr:housenumber": null, "addr:street": null, "office": null, "website": null, "bus": null, "public_transport": null, "shelter": null, "check_date:shelter": null, "recycling:aluminium": null, "recycling:beverage_cartons": null, "recycling:books": null, "recycling:cans": null, "recycling:cardboard": null, "recycling:cartons": null, "recycling:glass": null, "recycling:glass_bottles": null, "recycling:magazines": null, "recycling:newspaper": null, "recycling:paper": null, "recycling:paper_packaging": null, "recycling:plastic": null, "recycling:plastic_bottles": null, "recycling:plastic_packaging": null, "recycling:scrap_metal": null, "recycling_type": null, "contact:email": null, "contact:phone": null, "contact:website": null, "contact:whatsapp": null, "natural": null, "opening_hours": null, "operator": null, "phone": null, "crossing": null, "crossing:signals": null, "crossing:markings": null, "parking_space": null, "addr:postcode": null, "addr:suburb": null, "description": null, "payment:pix": null, "lit": "yes", "oneway": "yes", "surface": null, "lanes": "2", "sidewalk": null, "source": null, "alt_name": "Rua Vinte e Quatro de Maio", "foot": null, "smoothness": null, "building": null, "service": null, "bridge": null, "layer": null, "brand:wikipedia": null, "cuisine": null, "takeaway": null, "bicycle": null, "leisure": null, "highway:source": null, "building:levels": null, "note": null, "footway": null, "mapillary": null, "survey:date": null, "tactile_paving": null, "turn:lanes": null, "box_id": 1, "provider": "osmnx" }, "geometry": { "type": "LineString", "coordinates": [ [ -49.265369592557512, -25.455632712413912 ], [ -49.2651357, -25.4561099 ] ] } },
{ "type": "Feature", "properties": { "highway": "residential", "amenity": null, "healthcare": null, "name": "Rua Ceará", "brand": null, "brand:wikidata": null, "shop": null, "maxspeed": null, "addr:city": null, "addr:housenumber": null, "addr:street": null, "office": null, "website": null, "bus": null, "public_transport": null, "shelter": null, "check_date:shelter": null, "recycling:aluminium": null, "recycling:beverage_cartons": null, "recycling:books": null, "recycling:cans": null, "recycling:cardboard": null, "recycling:cartons": null, "recycling:glass": null, "recycling:glass_bottles": null, "recycling:magazines": null, "recycling:newspaper": null, "recycling:paper": null, "recycling:paper_packaging": null, "recycling:plastic": null, "recycling:plastic_bottles": null, "recycling:plastic_packaging": null, "recycling:scrap_metal": null, "recycling_type": null, "contact:email": null, "contact:phone": null, "contact:website": null, "contact:whatsapp": null, "natural": null, "opening_hours": null, "operator": null, "phone": null, "crossing": null, "crossing:signals": null, "crossing:markings": null, "parking_space": null, "addr:postcode": null, "addr:suburb": null, "description": null, "payment:pix": null, "lit": null, "oneway": "no", "surface": null, "lanes": null, "sidewalk": null, "source": null, "alt_name": null, "foot": null, "smoothness": null, "building": null, "service": null, "bridge": null, "layer": null, "brand:wikipedia": null, "cuisine": null, "takeaway": null, "bicycle": null, "leisure": null, "highway:source": null, "building:levels": null, "note": null, "footway": null, "mapillary": null, "survey:date": null, "tactile_paving": null, "turn:lanes": null, "box_id": 1, "provider": "osmnx" }, "geometry": { "type": "LineString", "coordinates": [ [ -49.264587853684461, -25.455623483442423 ], [ -49.2651357, -25.4561099 ] ] } },
{ "type": "Feature", "properties": { "highway": "primary", "amenity": null, "healthcare": null, "name": "Avenida Presidente Kennedy", "brand": null, "brand:wikidata": null, "shop": null, "maxspeed": "50", "addr:city": null, "addr:housenumber": null, "addr:street": null, "office": null, "website": null, "bus": null, "public_transport": null, "shelter": null, "check_date:shelter": null, "recycling:aluminium": null, "recycling:beverage_cartons": null, "recycling:books": null, "recycling:cans": null, "recycling:cardboard": null, "recycling:cartons": null, "recycling:glass": null, "recycling:glass_bottles": null, "recycling:magazines": null, "recycling:newspaper": null, "recycling:paper": null, "recycling:paper_packaging": null, "recycling:plastic": null, "recycling:plastic_bottles": null, "recycling:plastic_packaging": null, "recycling:scrap_metal": null, "recycling_type": null, "contact:email": null, "contact:phone": null, "contact:website": null, "contact:whatsapp": null, "natural": null, "opening_hours": null, "operator": null, "phone": null, "crossing": null, "crossing:signals": null, "crossing:markings": null, "parking_space": null, "addr:postcode": null, "addr:suburb": null, "description": null, "payment:pix": null, "lit": "yes", "oneway": "yes", "surface": "asphalt", "lanes": "4", "sidewalk": null, "source": null, "alt_name": null, "foot": null, "smoothness": "good", "building": null, "service": null, "bridge": null, "layer": null, "brand:wikipedia": null, "cuisine": null, "takeaway": null, "bicycle": null, "leisure": null, "highway:source": null, "building:levels": null, "note": null, "footway": null, "mapillary": null, "survey:date": null, "tactile_paving": null, "turn:lanes": null, "box_id": 1, "provider": "osmnx" }, "geometry": { "type": "LineString", "coordinates": [ [ -49.2678879, -25.4558795 ], [ -49.2678342, -25.4558312 ], [ -49.267643983944602, -25.455659563187222 ] ] } },
{ "type": "Feature", "properties": { "highway": "primary", "amenity": null, "healthcare": null, "name": "Avenida Presidente Kennedy", "brand": null, "brand:wikidata": null, "shop": null, "maxspeed": "50", "addr:city": null, "addr:housenumber": null, "addr:street": null, "office": null, "website": null, "bus": null, "public_transport": null, "shelter": null, "check_date:shelter": null, "recycling:aluminium": null, "recycling:beverage_cartons": null, "recycling:books": null, "recycling:cans": null, "recycling:cardboard": null, "recycling:cartons": null, "recycling:glass": null, "recycling:glass_bottles": null, "recycling:magazines": null, "recycling:newspaper": null, "recycling:paper": null, "recycling:paper_packaging": null, "recycling:plastic": null, "recycling:plastic_bottles": null, "recycling:plastic_packaging": null, "recycling:scrap_metal": null, "recycling_type": null, "contact:email": null, "contact:phone": null, "contact:website": null, "contact:whatsapp": null, "natural": null, "opening_hours": null, "operator": null, "phone": null, "crossing": null, "crossing:signals": null, "crossing:markings": null, "parking_space": null, "addr:postcode": null, "addr:suburb": null, "description": null, "payment:pix": null, "lit": "yes", "oneway": "yes", "surface": "asphalt", "lanes": null, "sidewalk": null, "source": null, "alt_name": null, "foot": null, "smoothness": null, "building": null, "service": null, "bridge": null, "layer": null, "brand:wikipedia": null, "cuisine": null, "takeaway": null, "bicycle": null, "leisure": null, "highway:source": null, "building:levels": null, "note": null, "footway": null, "mapillary": null, "survey:date": null, "tactile_paving": null, "turn:lanes": null, "box_id": 1, "provider": "osmnx" }, "geometry": { "type": "LineString", "coordinates": [ [ -49.267823514680209, -25.45566168267251 ], [ -49.2678933, -25.4557247 ], [ -49.2679417, -25.4557681 ] ] } },
{ "type": "Feature", "properties": { "highway": "residential", "amenity": null, "healthcare": null, "name": "Rua Piauí", "brand": null, "brand:wikidata": null, "shop": null, "maxspeed": null, "addr:city": null, "addr:housenumber": null, "addr:street": null, "office": null, "website": null, "bus": null, "public_transport": null, "shelter": null, "check_date:shelter": null, "recycling:aluminium": null, "recycling:beverage_cartons": null, "recycling:books": null, "recycling:cans": null, "recycling:cardboard": null, "recycling:cartons": null, "recycling:glass": null, "recycling:glass_bottles": null, "recycling:magazines": null, "recycling:newspaper": null, "recycling:paper": null, "recycling:paper_packaging": null, "recycling:plastic": null, "recycling:plastic_bottles": null, "recycling:plastic_packaging": null, "recycling:scrap_metal": null, "recycling_type": null, "contact:email": null, "contact:phone": null, "contact:website": null, "contact:whatsapp": null, "natural": null, "opening_hours": null, "operator": null, "phone": null, "crossing": null, "crossing:signals": null, "crossing:markings": null, "parking_space": null, "addr:postcode": null, "addr:suburb": null, "description": null, "payment:pix": null, "lit": null, "oneway": null, "surface": null, "lanes": null, "sidewalk": null, "source": null, "alt_name": null, "foot": null, "smoothness": null, "building": null, "service": null, "bridge": null, "layer": null, "brand:wikipedia": null, "cuisine": null, "takeaway": null, "bicycle": null, "leisure": null, "highway:source": null, "building:levels": null, "note": null, "footway": null, "mapillary": null, "survey:date": null, "tactile_paving": null, "turn:lanes": null, "box_id": 1, "provider": "osmnx" }, "geometry": { "type": "LineString", "coordinates": [ [ -49.266181653765763, -25.455642299361674 ], [ -49.2666331, -25.4560507 ], [ -49.2674487, -25.4567885 ] ] } },
{ "type": "Feature", "properties": { "highway": "footway", "amenity": null, "healthcare": null, "name": null, "brand": null, "brand:wikidata": null, "shop": null, "maxspeed": null, "addr:city": null, "addr:housenumber": null, "addr:street": null, "office": null, "website": null, "bus": null, "public_transport": null, "shelter": null, "check_date:shelter": null, "recycling:aluminium": null, "recycling:beverage_cartons": null, "recycling:books": null, "recycling:cans": null, "recycling:cardboard": null, "recycling:cartons": null, "recycling:glass": null, "recycling:glass_bottles": null, "recycling:magazines": null, "recycling:newspaper": null, "recycling:paper": null, "recycling:paper_packaging": null, "recycling:plastic": null, "recycling:plastic_bottles": null, "recycling:plastic_packaging": null, "recycling:scrap_metal": null, "recycling_type": null, "contact:email": null, "contact:phone": null, "contact:website": null, "contact:whatsapp": null, "natural": null, "opening_hours": null, "operator": null, "phone": null, "crossing": null, "crossing:signals": null, "crossing:markings": null, "parking_space": null, "addr:postcode": null, "addr:suburb": null, "description": null, "payment:pix": null, "lit": null, "oneway": null, "surface": null, "lanes": null, "sidewalk": null, "source": null, "alt_name": null, "foot": null, "smoothness": null, "building": null, "service": null, "bridge": null, "layer": null, "brand:wikipedia": null, "cuisine": null, "takeaway": null, "bicycle": null, "leisure": null, "highway:source": null, "building:levels": null, "note": null, "footway": "sidewalk", "mapillary": null, "survey:date": null, "tactile_paving": null, "turn:lanes": null, "box_id": 1, "provider": "osmnx" }, "geometry": { "type": "LineString", "coordinates": [ [ -49.2705508, -25.4568347 ], [ -49.2702691, -25.4568432 ] ] } },
{ "type": "Feature", "properties": { "highway": "footway", "amenity": null, "healthcare": null, "name": null, "brand": null, "brand:wikidata": null, "shop": null, "maxspeed": null, "addr:city": null, "addr:housenumber": null, "addr:street": null, "office": null, "website": null, "bus": null, "public_transport": null, "shelter": null, "check_date:shelter": null, "recycling:aluminium": null, "recycling:beverage_cartons": null, "recycling:books": null, "recycling:cans": null, "recycling:cardboard": null, "recycling:cartons": null, "recycling:glass": null, "recycling:glass_bottles": null, "recycling:magazines": null, "recycling:newspaper": null, "recycling:paper": null, "recycling:paper_packaging": null, "recycling:plastic": null, "recycling:plastic_bottles": null, "recycling:plastic_packaging": null, "recycling:scrap_metal": null, "recycling_type": null, "contact:email": null, "contact:phone": null, "contact:website": null, "contact:whatsapp": null, "natural": null, "opening_hours": null, "operator": null, "phone": null, "crossing": null, "crossing:signals": null, "crossing:markings": null, "parking_space": null, "addr:postcode": null, "addr:suburb": null, "description": null, "payment:pix": null, "lit": null, "oneway": null, "surface": null, "lanes": null, "sidewalk": null, "source": null, "alt_name": null, "foot": null, "smoothness": null, "building": null, "service": null, "bridge": null, "layer": null, "brand:wikipedia": null, "cuisine": null, "takeaway": null, "bicycle": null, "leisure": null, "highway:source": null, "building:levels": null, "note": null, "footway": "sidewalk", "mapillary": null, "survey:date": null, "tactile_paving": null, "turn:lanes": null, "box_id": 1, "provider": "osmnx" }, "geometry": { "type": "LineString", "coordinates": [ [ -49.2708268, -25.4568415 ], [ -49.2708196, -25.4568335 ], [ -49.2708102, -25.4568287 ], [ -49.2707996, -25.4568273 ], [ -49.2707371, -25.4568291 ], [ -49.2705508, -25.4568347 ] ] } },
{ "type": "Feature", "properties": { "highway": "footway", "amenity": null, "healthcare": null, "name": null, "brand": null, "brand:wikidata": null, "shop": null, "maxspeed": null, "addr:city": null, "addr:housenumber": null, "addr:street": null, "office": null, "website": null, "bus": null, "public_transport": null, "shelter": null, "check_date:shelter": null, "recycling:aluminium": null, "recycling:beverage_cartons": null, "recycling:books": null, "recycling:cans": null, "recycling:cardboard": null, "recycling:cartons": null, "recycling:glass": null, "recycling:glass_bottles": null, "recycling:magazines": null, "recycling:newspaper": null, "recycling:paper": null, "recycling:paper_packaging": null, "recycling:plastic": null, "recycling:plastic_bottles": null, "recycling:plastic_packaging": null, "recycling:scrap_metal": null, "recycling_type": null, "contact:email": null, "contact:phone": null, "contact:website": null, "contact:whatsapp": null, "natural": null, "opening_hours": null, "operator": null, "phone": null, "crossing": null, "crossing:signals": null, "crossing:markings": null, "parking_space": null, "addr:postcode": null, "addr:suburb": null, "description": null, "payment:pix": null, "lit": null, "oneway": null, "surface": null, "lanes": null, "sidewalk": null, "source": null, "alt_name": null, "foot": null, "smoothness": null, "building": null, "service": null, "bridge": null, "layer": null, "brand:wikipedia": null, "cuisine": null, "takeaway": null, "bicycle": null, "leisure": null, "highway:source": null, "building:levels": null, "note": null, "footway": "sidewalk", "mapillary": null, "survey:date": null, "tactile_paving": null, "turn:lanes": null, "box_id": 1, "provider": "osmnx" }, "geometry": { "type": "LineString", "coordinates": [ [ -49.2710897, -25.4568169 ], [ -49.2709828, -25.4568208 ], [ -49.2709736, -25.4568217 ] ] } },
{ "type": "Feature", "properties": { "highway": "residential", "amenity": null, "healthcare": null, "name": "Rua Nestor Victor", "brand": null, "brand:wikidata": null, "shop": null, "maxspeed": null, "addr:city": null, "addr:housenumber": null, "addr:street": null, "office": null, "website": null, "bus": null, "public_transport": null, "shelter": null, "check_date:shelter": null, "recycling:aluminium": null, "recycling:beverage_cartons": null, "recycling:books": null, "recycling:cans": null, "recycling:cardboard": null, "recycling:cartons": null, "recycling:glass": null, "recycling:glass_bottles": null, "recycling:magazines": null, "recycling:newspaper": null, "recycling:paper": null, "recycling:paper_packaging": null, "recycling:plastic": null, "recycling:plastic_bottles": null, "recycling:plastic_packaging": null, "recycling:scrap_metal": null, "recycling_type": null, "contact:email": null, "contact:phone": null, "contact:website": null, "contact:whatsapp": null, "natural": null, "opening_hours": null, "operator": null, "phone": null, "crossing": null, "crossing:signals": null, "crossing:markings": null, "parking_space": null, "addr:postcode": null, "addr:suburb": null, "description": null, "payment:pix": null, "lit": null, "oneway": "yes", "surface": "asphalt", "lanes": null, "sidewalk": null, "source": null, "alt_name": null, "foot": null, "smoothness": null, "building": null, "service": null, "bridge": null, "layer": null, "brand:wikipedia": null, "cuisine": null, "takeaway": null, "bicycle": null, "leisure": null, "highway:source": null, "building:levels": null, "note": null, "footway": null, "mapillary": null, "survey:date": null, "tactile_paving": null, "turn:lanes": null, "box_id": 1, "provider": "osmnx" }, "geometry": { "type": "LineString", "coordinates": [ [ -49.2693763, -25.4568544 ], [ -49.2694634, -25.4568332 ], [ -49.2694983, -25.4568281 ], [ -49.2695306, -25.4568234 ], [ -49.2695863, -25.4568186 ], [ -49.2707468, -25.4567837 ], [ -49.2708462, -25.4567807 ] ] } },
{ "type": "Feature", "properties": { "highway": "footway", "amenity": null, "healthcare": null, "name": null, "brand": null, "brand:wikidata": null, "shop": null, "maxspeed": null, "addr:city": null, "addr:housenumber": null, "addr:street": null, "office": null, "website": null, "bus": null, "public_transport": null, "shelter": null, "check_date:shelter": null, "recycling:aluminium": null, "recycling:beverage_cartons": null, "recycling:books": null, "recycling:cans": null, "recycling:cardboard": null, "recycling:cartons": null, "recycling:glass": null, "recycling:glass_bottles": null, "recycling:magazines": null, "recycling:newspaper": null, "recycling:paper": null, "recycling:paper_packaging": null, "recycling:plastic": null, "recycling:plastic_bottles": null, "recycling:plastic_packaging": null, "recycling:scrap_metal": null, "recycling_type": null, "contact:email": null, "contact:phone": null, "contact:website": null, "contact:whatsapp": null, "natural": null, "opening_hours": null, "operator": null, "phone": null, "crossing": null, "crossing:signals": null, "crossing:markings": null, "parking_space": null, "addr:postcode": null, "addr:suburb": null, "description": null, "payment:pix": null, "lit": null, "oneway": null, "surface": null, "lanes": null, "sidewalk": null, "source": null, "alt_name": null, "foot": null, "smoothness": null, "building": null, "service": null, "bridge": null, "layer": null, "brand:wikipedia": null, "cuisine": null, "takeaway": null, "bicycle": null, "leisure": null, "highway:source": null, "building:levels": null, "note": null, "footway": "crossing", "mapillary": null, "survey:date": null, "tactile_paving": null, "turn:lanes": null, "box_id": 1, "provider": "osmnx" }, "geometry": { "type": "LineString", "coordinates": [ [ -49.2707565, -25.4567382 ], [ -49.2707536, -25.4567519 ], [ -49.2707468, -25.4567837 ], [ -49.27074, -25.4568155 ], [ -49.2707371, -25.4568291 ] ] } },
{ "type": "Feature", "properties": { "highway": "footway", "amenity": null, "healthcare": null, "name": null, "brand": null, "brand:wikidata": null, "shop": null, "maxspeed": null, "addr:city": null, "addr:housenumber": null, "addr:street": null, "office": null, "website": null, "bus": null, "public_transport": null, "shelter": null, "check_date:shelter": null, "recycling:aluminium": null, "recycling:beverage_cartons": null, "recycling:books": null, "recycling:cans": null, "recycling:cardboard": null, "recycling:cartons": null, "recycling:glass": null, "recycling:glass_bottles": null, "recycling:magazines": null, "recycling:newspaper": null, "recycling:paper": null, "recycling:paper_packaging": null, "recycling:plastic": null, "recycling:plastic_bottles": null, "recycling:plastic_packaging": null, "recycling:scrap_metal": null, "recycling_type": null, "contact:email": null, "contact:phone": null, "contact:website": null, "contact:whatsapp": null, "natural": null, "opening_hours": null, "operator": null, "phone": null, "crossing": null, "crossing:signals": null, "crossing:markings": null, "parking_space": null, "addr:postcode": null, "addr:suburb": null, "description": null, "payment:pix": null, "lit": null, "oneway": null, "surface": null, "lanes": null, "sidewalk": null, "source": null, "alt_name": null, "foot": null, "smoothness": null, "building": null, "service": null, "bridge": null, "layer": null, "brand:wikipedia": null, "cuisine": null, "takeaway": null, "bicycle": null, "leisure": null, "highway:source": null, "building:levels": null, "note": null, "footway": "crossing", "mapillary": null, "survey:date": null, "tactile_paving": null, "turn:lanes": null, "box_id": 1, "provider": "osmnx" }, "geometry": { "type": "LineString", "coordinates": [ [ -49.2709828, -25.4568208 ], [ -49.2709746, -25.4568076 ], [ -49.2709555, -25.4567767 ], [ -49.2709327, -25.4567399 ], [ -49.270923, -25.4567242 ] ] } },
{ "type": "Feature", "properties": { "highway": "footway", "amenity": null, "healthcare": null, "name": null, "brand": null, "brand:wikidata": null, "shop": null, "maxspeed": null, "addr:city": null, "addr:housenumber": null, "addr:street": null, "office": null, "website": null, "bus": null, "public_transport": null, "shelter": null, "check_date:shelter": null, "recycling:aluminium": null, "recycling:beverage_cartons": null, "recycling:books": null, "recycling:cans": null, "recycling:cardboard": null, "recycling:cartons": null, "recycling:glass": null, "recycling:glass_bottles": null, "recycling:magazines": null, "recycling:newspaper": null, "recycling:paper": null, "recycling:paper_packaging": null, "recycling:plastic": null, "recycling:plastic_bottles": null, "recycling:plastic_packaging": null, "recycling:scrap_metal": null, "recycling_type": null, "contact:email": null, "contact:phone": null, "contact:website": null, "contact:whatsapp": null, "natural": null, "opening_hours": null, "operator": null, "phone": null, "crossing": null, "crossing:signals": null, "crossing:markings": null, "parking_space": null, "addr:postcode": null, "addr:suburb": null, "description": null, "payment:pix": null, "lit": null, "oneway": null, "surface": null, "lanes": null, "sidewalk": null, "source": null, "alt_name": null, "foot": null, "smoothness": null, "building": null, "service": null, "bridge": null, "layer": null, "brand:wikipedia": null, "cuisine": null, "takeaway": null, "bicycle": null, "leisure": null, "highway:source": null, "building:levels": null, "note": null, "footway": "sidewalk", "mapillary": null, "survey:date": null, "tactile_paving": null, "turn:lanes": null, "box_id": 1, "provider": "osmnx" }, "geometry": { "type": "LineString", "coordinates": [ [ -49.2700733, -25.4567588 ], [ -49.2702017, -25.4567549 ] ] } },
{ "type": "Feature", "properties": { "highway": "footway", "amenity": null, "healthcare": null, "name": null, "brand": null, "brand:wikidata": null, "shop": null, "maxspeed": null, "addr:city": null, "addr:housenumber": null, "addr:street": null, "office": null, "website": null, "bus": null, "public_transport": null, "shelter": null, "check_date:shelter": null, "recycling:aluminium": null, "recycling:beverage_cartons": null, "recycling:books": null, "recycling:cans": null, "recycling:cardboard": null, "recycling:cartons": null, "recycling:glass": null, "recycling:glass_bottles": null, "recycling:magazines": null, "recycling:newspaper": null, "recycling:paper": null, "recycling:paper_packaging": null, "recycling:plastic": null, "recycling:plastic_bottles": null, "recycling:plastic_packaging": null, "recycling:scrap_metal": null, "recycling_type": null, "contact:email": null, "contact:phone": null, "contact:website": null, "contact:whatsapp": null, "natural": null, "opening_hours": null, "operator": null, "phone": null, "crossing": null, "crossing:signals": null, "crossing:markings": null, "parking_space": null, "addr:postcode": null, "addr:suburb": null, "description": null, "payment:pix": null, "lit": null, "oneway": null, "surface": null, "lanes": null, "sidewalk": null, "source": null, "alt_name": null, "foot": null, "smoothness": null, "building": null, "service": null, "bridge": null, "layer": null, "brand:wikipedia": null, "cuisine": null, "takeaway": null, "bicycle": null, "leisure": null, "highway:source": null, "building:levels": null, "note": null, "footway": "sidewalk", "mapillary": null, "survey:date": null, "tactile_paving": null, "turn:lanes": null, "box_id": 1, "provider": "osmnx" }, "geometry": { "type": "LineString", "coordinates": [ [ -49.2702017, -25.4567549 ], [ -49.2703247, -25.4567512 ] ] } },
{ "type": "Feature", "properties": { "highway": "footway", "amenity": null, "healthcare": null, "name": null, "brand": null, "brand:wikidata": null, "shop": null, "maxspeed": null, "addr:city": null, "addr:housenumber": null, "addr:street": null, "office": null, "website": null, "bus": null, "public_transport": null, "shelter": null, "check_date:shelter": null, "recycling:aluminium": null, "recycling:beverage_cartons": null, "recycling:books": null, "recycling:cans": null, "recycling:cardboard": null, "recycling:cartons": null, "recycling:glass": null, "recycling:glass_bottles": null, "recycling:magazines": null, "recycling:newspaper": null, "recycling:paper": null, "recycling:paper_packaging": null, "recycling:plastic": null, "recycling:plastic_bottles": null, "recycling:plastic_packaging": null, "recycling:scrap_metal": null, "recycling_type": null, "contact:email": null, "contact:phone": null, "contact:website": null, "contact:whatsapp": null, "natural": null, "opening_hours": null, "operator": null, "phone": null, "crossing": null, "crossing:signals": null, "crossing:markings": null, "parking_space": null, "addr:postcode": null, "addr:suburb": null, "description": null, "payment:pix": null, "lit": null, "oneway": null, "surface": null, "lanes": null, "sidewalk": null, "source": null, "alt_name": null, "foot": null, "smoothness": null, "building": null, "service": null, "bridge": null, "layer": null, "brand:wikipedia": null, "cuisine": null, "takeaway": null, "bicycle": null, "leisure": null, "highway:source": null, "building:levels": null, "note": null, "footway": "sidewalk", "mapillary": null, "survey:date": null, "tactile_paving": null, "turn:lanes": null, "box_id": 1, "provider": "osmnx" }, "geometry": { "type": "LineString", "coordinates": [ [ -49.2703247, -25.4567512 ], [ -49.2704465, -25.4567476 ] ] } },
{ "type": "Feature", "properties": { "highway": "footway", "amenity": null, "healthcare": null, "name": null, "brand": null, "brand:wikidata": null, "shop": null, "maxspeed": null, "addr:city": null, "addr:housenumber": null, "addr:street": null, "office": null, "website": null, "bus": null, "public_transport": null, "shelter": null, "check_date:shelter": null, "recycling:aluminium": null, "recycling:beverage_cartons": null, "recycling:books": null, "recycling:cans": null, "recycling:cardboard": null, "recycling:cartons": null, "recycling:glass": null, "recycling:glass_bottles": null, "recycling:magazines": null, "recycling:newspaper": null, "recycling:paper": null, "recycling:paper_packaging": null, "recycling:plastic": null, "recycling:plastic_bottles": null, "recycling:plastic_packaging": null, "recycling:scrap_metal": null, "recycling_type": null, "contact:email": null, "contact:phone": null, "contact:website": null, "contact:whatsapp": null, "natural": null, "opening_hours": null, "operator": null, "phone": null, "crossing": null, "crossing:signals": null, "crossing:markings": null, "parking_space": null, "addr:postcode": null, "addr:suburb": null, "description": null, "payment:pix": null, "lit": null, "oneway": null, "surface": null, "lanes": null, "sidewalk": null, "source": null, "alt_name": null, "foot": null, "smoothness": null, "building": null, "service": null, "bridge": null, "layer": null, "brand:wikipedia": null, "cuisine": null, "takeaway": null, "bicycle": null, "leisure": null, "highway:source": null, "building:levels": null, "note": null, "footway": "sidewalk", "mapillary": null, "survey:date": null, "tactile_paving": null, "turn:lanes": null, "box_id": 1, "provider": "osmnx" }, "geometry": { "type": "LineString", "coordinates": [ [ -49.2704465, -25.4567476 ], [ -49.2705734, -25.4567437 ] ] } },
{ "type": "Feature", "properties": { "highway": "footway", "amenity": null, "healthcare": null, "name": null, "brand": null, "brand:wikidata": null, "shop": null, "maxspeed": null, "addr:city": null, "addr:housenumber": null, "addr:street": null, "office": null, "website": null, "bus": null, "public_transport": null, "shelter": null, "check_date:shelter": null, "recycling:aluminium": null, "recycling:beverage_cartons": null, "recycling:books": null, "recycling:cans": null, "recycling:cardboard": null, "recycling:cartons": null, "recycling:glass": null, "recycling:glass_bottles": null, "recycling:magazines": null, "recycling:newspaper": null, "recycling:paper": null, "recycling:paper_packaging": null, "recycling:plastic": null, "recycling:plastic_bottles": null, "recycling:plastic_packaging": null, "recycling:scrap_metal": null, "recycling_type": null, "contact:email": null, "contact:phone": null, "contact:website": null, "contact:whatsapp": null, "natural": null, "opening_hours": null, "operator": null, "phone": null, "crossing": null, "crossing:signals": null, "crossing:markings": null, "parking_space": null, "addr:postcode": null, "addr:suburb": null, "description": null, "payment:pix": null, "lit": null, "oneway": null, "surface": null, "lanes": null, "sidewalk": null, "source": null, "alt_name": null, "foot": null, "smoothness": null, "building": null, "service": null, "bridge": null, "layer": null, "brand:wikipedia": null, "cuisine": null, "takeaway": null, "bicycle": null, "leisure": null, "highway:source": null, "building:levels": null, "note": null, "footway": "sidewalk", "mapillary": null, "survey:date": null, "tactile_paving": null, "turn:lanes": null, "box_id": 1, "provider": "osmnx" }, "geometry": { "type": "LineString", "coordinates": [ [ -49.2697231, -25.4567693 ], [ -49.2699347, -25.456763 ] ] } },
{ "type": "Feature", "properties": { "highway": "footway", "amenity": null, "healthcare": null, "name": null, "brand": null, "brand:wikidata": null, "shop": null, "maxspeed": null, "addr:city": null, "addr:housenumber": null, "addr:street": null, "office": null, "website": null, "bus": null, "public_transport": null, "shelter": null, "check_date:shelter": null, "recycling:aluminium": null, "recycling:beverage_cartons": null, "recycling:books": null, "recycling:cans": null, "recycling:cardboard": null, "recycling:cartons": null, "recycling:glass": null, "recycling:glass_bottles": null, "recycling:magazines": null, "recycling:newspaper": null, "recycling:paper": null, "recycling:paper_packaging": null, "recycling:plastic": null, "recycling:plastic_bottles": null, "recycling:plastic_packaging": null, "recycling:scrap_metal": null, "recycling_type": null, "contact:email": null, "contact:phone": null, "contact:website": null, "contact:whatsapp": null, "natural": null, "opening_hours": null, "operator": null, "phone": null, "crossing": null, "crossing:signals": null, "crossing:markings": null, "parking_space": null, "addr:postcode": null, "addr:suburb": null, "description": null, "payment:pix": null, "lit": null, "oneway": null, "surface": null, "lanes": null, "sidewalk": null, "source": null, "alt_name": null, "foot": null, "smoothness": null, "building": null, "service": null, "bridge": null, "layer": null, "brand:wikipedia": null, "cuisine": null, "takeaway": null, "bicycle": null, "leisure": null, "highway:source": null, "building:levels": null, "note": null, "footway": "sidewalk", "mapillary": null, "survey:date": null, "tactile_paving": null, "turn:lanes": null, "box_id": 1, "provider": "osmnx" }, "geometry": { "type": "LineString", "coordinates": [ [ -49.2699347, -25.456763 ], [ -49.2700733, -25.4567588 ] ] } },
{ "type": "Feature", "properties": { "highway": "footway", "amenity": null, "healthcare": null, "name": null, "brand": null, "brand:wikidata": null, "shop": null, "maxspeed": null, "addr:city": null, "addr:housenumber": null, "addr:street": null, "office": null, "website": null, "bus": null, "public_transport": null, "shelter": null, "check_date:shelter": null, "recycling:aluminium": null, "recycling:beverage_cartons": null, "recycling:books": null, "recycling:cans": null, "recycling:cardboard": null, "recycling:cartons": null, "recycling:glass": null, "recycling:glass_bottles": null, "recycling:magazines": null, "recycling:newspaper": null, "recycling:paper": null, "recycling:paper_packaging": null, "recycling:plastic": null, "recycling:plastic_bottles": null, "recycling:plastic_packaging": null, "recycling:scrap_metal": null, "recycling_type": null, "contact:email": null, "contact:phone": null, "contact:website": null, "contact:whatsapp": null, "natural": null, "opening_hours": null, "operator": null, "phone": null, "crossing": null, "crossing:signals": null, "crossing:markings": null, "parking_space": null, "addr:postcode": null, "addr:suburb": null, "description": null, "payment:pix": null, "lit": null, "oneway": null, "surface": null, "lanes": null, "sidewalk": null, "source": null, "alt_name": null, "foot": null, "smoothness": null, "building": null, "service": null, "bridge": null, "layer": null, "brand:wikipedia": null, "cuisine": null, "takeaway": null, "bicycle": null, "leisure": null, "highway:source": null, "building:levels": null, "note": null, "footway": "sidewalk", "mapillary": null, "survey:date": null, "tactile_paving": null, "turn:lanes": null, "box_id": 1, "provider": "osmnx" }, "geometry": { "type": "LineString", "coordinates": [ [ -49.2696078, -25.4565172 ], [ -49.2695066, -25.4567402 ], [ -49.2695045, -25.4567479 ], [ -49.269505, -25.4567558 ], [ -49.2695079, -25.4567633 ], [ -49.2695131, -25.4567697 ], [ -49.2695201, -25.4567744 ], [ -49.2695223, -25.4567751 ], [ -49.2695283, -25.4567771 ], [ -49.2695384, -25.4567774 ], [ -49.2695814, -25.4567737 ] ] } },
{ "type": "Feature", "properties": { "highway": "primary", "amenity": null, "healthcare": null, "name": "Avenida Presidente Kennedy", "brand": null, "brand:wikidata": null, "shop": null, "maxspeed": "50", "addr:city": null, "addr:housenumber": null, "addr:street": null, "office": null, "website": null, "bus": null, "public_transport": null, "shelter": null, "check_date:shelter": null, "recycling:aluminium": null, "recycling:beverage_cartons": null, "recycling:books": null, "recycling:cans": null, "recycling:cardboard": null, "recycling:cartons": null, "recycling:glass": null, "recycling:glass_bottles": null, "recycling:magazines": null, "recycling:newspaper": null, "recycling:paper": null, "recycling:paper_packaging": null, "recycling:plastic": null, "recycling:plastic_bottles": null, "recycling:plastic_packaging": null, "recycling:scrap_metal": null, "recycling_type": null, "contact:email": null, "contact:phone": null, "contact:website": null, "contact:whatsapp": null, "natural": null, "opening_hours": null, "operator": null, "phone": null, "crossing": null, "crossing:signals": null, "crossing:markings": null, "parking_space": null, "addr:postcode": null, "addr:suburb": null, "description": null, "payment:pix": null, "lit": "yes", "oneway": "yes", "surface": "asphalt", "lanes": "4", "sidewalk": null, "source": null, "alt_name": null, "foot": null, "smoothness": "good", "building": null, "service": null, "bridge": null, "layer": null, "brand:wikipedia": null, "cuisine": null, "takeaway": null, "bicycle": null, "leisure": null, "highway:source": null, "building:levels": null, "note": null, "footway": null, "mapillary": null, "survey:date": null, "tactile_paving": null, "turn:lanes": null, "box_id": 1, "provider": "osmnx" }, "geometry": { "type": "LineString", "coordinates": [ [ -49.2692396, -25.457099 ], [ -49.2691632, -25.4570301 ], [ -49.2689156, -25.4568067 ], [ -49.2681677, -25.4561321 ], [ -49.267953, -25.4559383 ], [ -49.2678879, -25.4558795 ] ] } },
{ "type": "Feature", "properties": { "highway": "footway", "amenity": null, "healthcare": null, "name": null, "brand": null, "brand:wikidata": null, "shop": null, "maxspeed": null, "addr:city": null, "addr:housenumber": null, "addr:street": null, "office": null, "website": null, "bus": null, "public_transport": null, "shelter": null, "check_date:shelter": null, "recycling:aluminium": null, "recycling:beverage_cartons": null, "recycling:books": null, "recycling:cans": null, "recycling:cardboard": null, "recycling:cartons": null, "recycling:glass": null, "recycling:glass_bottles": null, "recycling:magazines": null, "recycling:newspaper": null, "recycling:paper": null, "recycling:paper_packaging": null, "recycling:plastic": null, "recycling:plastic_bottles": null, "recycling:plastic_packaging": null, "recycling:scrap_metal": null, "recycling_type": null, "contact:email": null, "contact:phone": null, "contact:website": null, "contact:whatsapp": null, "natural": null, "opening_hours": null, "operator": null, "phone": null, "crossing": null, "crossing:signals": null, "crossing:markings": null, "parking_space": null, "addr:postcode": null, "addr:suburb": null, "description": null, "payment:pix": null, "lit": null, "oneway": null, "surface": null, "lanes": null, "sidewalk": null, "source": null, "alt_name": null, "foot": null, "smoothness": null, "building": null, "service": null, "bridge": null, "layer": null, "brand:wikipedia": null, "cuisine": null, "takeaway": null, "bicycle": null, "leisure": null, "highway:source": null, "building:levels": null, "note": null, "footway": "sidewalk", "mapillary": null, "survey:date": null, "tactile_paving": null, "turn:lanes": null, "box_id": 1, "provider": "osmnx" }, "geometry": { "type": "LineString", "coordinates": [ [ -49.2697358, -25.456235 ], [ -49.2696078, -25.4565172 ] ] } },
{ "type": "Feature", "properties": { "highway": "footway", "amenity": null, "healthcare": null, "name": null, "brand": null, "brand:wikidata": null, "shop": null, "maxspeed": null, "addr:city": null, "addr:housenumber": null, "addr:street": null, "office": null, "website": null, "bus": null, "public_transport": null, "shelter": null, "check_date:shelter": null, "recycling:aluminium": null, "recycling:beverage_cartons": null, "recycling:books": null, "recycling:cans": null, "recycling:cardboard": null, "recycling:cartons": null, "recycling:glass": null, "recycling:glass_bottles": null, "recycling:magazines": null, "recycling:newspaper": null, "recycling:paper": null, "recycling:paper_packaging": null, "recycling:plastic": null, "recycling:plastic_bottles": null, "recycling:plastic_packaging": null, "recycling:scrap_metal": null, "recycling_type": null, "contact:email": null, "contact:phone": null, "contact:website": null, "contact:whatsapp": null, "natural": null, "opening_hours": null, "operator": null, "phone": null, "crossing": null, "crossing:signals": null, "crossing:markings": null, "parking_space": null, "addr:postcode": null, "addr:suburb": null, "description": null, "payment:pix": null, "lit": null, "oneway": null, "surface": null, "lanes": null, "sidewalk": null, "source": null, "alt_name": null, "foot": null, "smoothness": null, "building": null, "service": null, "bridge": null, "layer": null, "brand:wikipedia": null, "cuisine": null, "takeaway": null, "bicycle": null, "leisure": null, "highway:source": null, "building:levels": null, "note": null, "footway": "sidewalk", "mapillary": null, "survey:date": null, "tactile_paving": null, "turn:lanes": null, "box_id": 1, "provider": "osmnx" }, "geometry": { "type": "LineString", "coordinates": [ [ -49.2697882, -25.4561443 ], [ -49.269782, -25.4561466 ], [ -49.2697749, -25.4561521 ], [ -49.2697701, -25.4561594 ], [ -49.2697358, -25.456235 ] ] } },
{ "type": "Feature", "properties": { "highway": "footway", "amenity": null, "healthcare": null, "name": null, "brand": null, "brand:wikidata": null, "shop": null, "maxspeed": null, "addr:city": null, "addr:housenumber": null, "addr:street": null, "office": null, "website": null, "bus": null, "public_transport": null, "shelter": null, "check_date:shelter": null, "recycling:aluminium": null, "recycling:beverage_cartons": null, "recycling:books": null, "recycling:cans": null, "recycling:cardboard": null, "recycling:cartons": null, "recycling:glass": null, "recycling:glass_bottles": null, "recycling:magazines": null, "recycling:newspaper": null, "recycling:paper": null, "recycling:paper_packaging": null, "recycling:plastic": null, "recycling:plastic_bottles": null, "recycling:plastic_packaging": null, "recycling:scrap_metal": null, "recycling_type": null, "contact:email": null, "contact:phone": null, "contact:website": null, "contact:whatsapp": null, "natural": null, "opening_hours": null, "operator": null, "phone": null, "crossing": null, "crossing:signals": null, "crossing:markings": null, "parking_space": null, "addr:postcode": null, "addr:suburb": null, "description": null, "payment:pix": null, "lit": null, "oneway": null, "surface": null, "lanes": null, "sidewalk": null, "source": null, "alt_name": null, "foot": null, "smoothness": null, "building": null, "service": null, "bridge": null, "layer": null, "brand:wikipedia": null, "cuisine": null, "takeaway": null, "bicycle": null, "leisure": null, "highway:source": null, "building:levels": null, "note": null, "footway": "sidewalk", "mapillary": null, "survey:date": null, "tactile_paving": null, "turn:lanes": null, "box_id": 1, "provider": "osmnx" }, "geometry": { "type": "LineString", "coordinates": [ [ -49.2699896, -25.4560996 ], [ -49.2698331, -25.456134 ], [ -49.2697882, -25.4561443 ] ] } },
{ "type": "Feature", "properties": { "highway": "residential", "amenity": null, "healthcare": null, "name": "Rua João Zaniolo", "brand": null, "brand:wikidata": null, "shop": null, "maxspeed": null, "addr:city": null, "addr:housenumber": null, "addr:street": null, "office": null, "website": null, "bus": null, "public_transport": null, "shelter": null, "check_date:shelter": null, "recycling:aluminium": null, "recycling:beverage_cartons": null, "recycling:books": null, "recycling:cans": null, "recycling:cardboard": null, "recycling:cartons": null, "recycling:glass": null, "recycling:glass_bottles": null, "recycling:magazines": null, "recycling:newspaper": null, "recycling:paper": null, "recycling:paper_packaging": null, "recycling:plastic": null, "recycling:plastic_bottles": null, "recycling:plastic_packaging": null, "recycling:scrap_metal": null, "recycling_type": null, "contact:email": null, "contact:phone": null, "contact:website": null, "contact:whatsapp": null, "natural": null, "opening_hours": null, "operator": null, "phone": null, "crossing": null, "crossing:signals": null, "crossing:markings": null, "parking_space": null, "addr:postcode": null, "addr:suburb": null, "description": null, "payment:pix": null, "lit": null, "oneway": "yes", "surface": "asphalt", "lanes": "1", "sidewalk": null, "source": null, "alt_name": null, "foot": "no", "smoothness": null, "building": null, "service": null, "bridge": null, "layer": null, "brand:wikipedia": null, "cuisine": null, "takeaway": null, "bicycle": null, "leisure": null, "highway:source": null, "building:levels": null, "note": null, "footway": null, "mapillary": null, "survey:date": null, "tactile_paving": null, "turn:lanes": null, "box_id": 1, "provider": "osmnx" }, "geometry": { "type": "LineString", "coordinates": [ [ -49.2681677, -25.4561321 ], [ -49.2682683, -25.4560633 ] ] } },
{ "type": "Feature", "properties": { "highway": "footway", "amenity": null, "healthcare": null, "name": null, "brand": null, "brand:wikidata": null, "shop": null, "maxspeed": null, "addr:city": null, "addr:housenumber": null, "addr:street": null, "office": null, "website": null, "bus": null, "public_transport": null, "shelter": null, "check_date:shelter": null, "recycling:aluminium": null, "recycling:beverage_cartons": null, "recycling:books": null, "recycling:cans": null, "recycling:cardboard": null, "recycling:cartons": null, "recycling:glass": null, "recycling:glass_bottles": null, "recycling:magazines": null, "recycling:newspaper": null, "recycling:paper": null, "recycling:paper_packaging": null, "recycling:plastic": null, "recycling:plastic_bottles": null, "recycling:plastic_packaging": null, "recycling:scrap_metal": null, "recycling_type": null, "contact:email": null, "contact:phone": null, "contact:website": null, "contact:whatsapp": null, "natural": null, "opening_hours": null, "operator": null, "phone": null, "crossing": null, "crossing:signals": null, "crossing:markings": null, "parking_space": null, "addr:postcode": null, "addr:suburb": null, "description": null, "payment:pix": null, "lit": null, "oneway": null, "surface": null, "lanes": null, "sidewalk": null, "source": null, "alt_name": null, "foot": null, "smoothness": null, "building": null, "service": null, "bridge": null, "layer": null, "brand:wikipedia": null, "cuisine": null, "takeaway": null, "bicycle": null, "leisure": null, "highway:source": null, "building:levels": null, "note": null, "footway": "crossing", "mapillary": null, "survey:date": null, "tactile_paving": null, "turn:lanes": null, "box_id": 1, "provider": "osmnx" }, "geometry": { "type": "LineString", "coordinates": [ [ -49.2698806, -25.4560302 ], [ -49.2698736, -25.4560462 ], [ -49.2698569, -25.4560823 ], [ -49.2698402, -25.4561185 ], [ -49.2698331, -25.456134 ] ] } },
{ "type": "Feature", "properties": { "highway": "footway", "amenity": null, "healthcare": null, "name": null, "brand": null, "brand:wikidata": null, "shop": null, "maxspeed": null, "addr:city": null, "addr:housenumber": null, "addr:street": null, "office": null, "website": null, "bus": null, "public_transport": null, "shelter": null, "check_date:shelter": null, "recycling:aluminium": null, "recycling:beverage_cartons": null, "recycling:books": null, "recycling:cans": null, "recycling:cardboard": null, "recycling:cartons": null, "recycling:glass": null, "recycling:glass_bottles": null, "recycling:magazines": null, "recycling:newspaper": null, "recycling:paper": null, "recycling:paper_packaging": null, "recycling:plastic": null, "recycling:plastic_bottles": null, "recycling:plastic_packaging": null, "recycling:scrap_metal": null, "recycling_type": null, "contact:email": null, "contact:phone": null, "contact:website": null, "contact:whatsapp": null, "natural": null, "opening_hours": null, "operator": null, "phone": null, "crossing": null, "crossing:signals": null, "crossing:markings": null, "parking_space": null, "addr:postcode": null, "addr:suburb": null, "description": null, "payment:pix": null, "lit": null, "oneway": null, "surface": null, "lanes": null, "sidewalk": null, "source": null, "alt_name": null, "foot": null, "smoothness": null, "building": null, "service": null, "bridge": null, "layer": null, "brand:wikipedia": null, "cuisine": null, "takeaway": null, "bicycle": null, "leisure": null, "highway:source": null, "building:levels": null, "note": null, "footway": "sidewalk", "mapillary": null, "survey:date": null, "tactile_paving": null, "turn:lanes": null, "box_id": 1, "provider": "osmnx" }, "geometry": { "type": "LineString", "coordinates": [ [ -49.2698507, -25.4559841 ], [ -49.2698462, -25.4559939 ], [ -49.269844, -25.4560021 ], [ -49.2698447, -25.4560106 ], [ -49.2698482, -25.4560185 ], [ -49.2698543, -25.4560249 ], [ -49.2698623, -25.4560294 ], [ -49.2698714, -25.4560313 ], [ -49.2698772, -25.4560309 ] ] } },
{ "type": "Feature", "properties": { "highway": "footway", "amenity": null, "healthcare": null, "name": null, "brand": null, "brand:wikidata": null, "shop": null, "maxspeed": null, "addr:city": null, "addr:housenumber": null, "addr:street": null, "office": null, "website": null, "bus": null, "public_transport": null, "shelter": null, "check_date:shelter": null, "recycling:aluminium": null, "recycling:beverage_cartons": null, "recycling:books": null, "recycling:cans": null, "recycling:cardboard": null, "recycling:cartons": null, "recycling:glass": null, "recycling:glass_bottles": null, "recycling:magazines": null, "recycling:newspaper": null, "recycling:paper": null, "recycling:paper_packaging": null, "recycling:plastic": null, "recycling:plastic_bottles": null, "recycling:plastic_packaging": null, "recycling:scrap_metal": null, "recycling_type": null, "contact:email": null, "contact:phone": null, "contact:website": null, "contact:whatsapp": null, "natural": null, "opening_hours": null, "operator": null, "phone": null, "crossing": null, "crossing:signals": null, "crossing:markings": null, "parking_space": null, "addr:postcode": null, "addr:suburb": null, "description": null, "payment:pix": null, "lit": null, "oneway": null, "surface": null, "lanes": null, "sidewalk": null, "source": null, "alt_name": null, "foot": null, "smoothness": null, "building": null, "service": null, "bridge": null, "layer": null, "brand:wikipedia": null, "cuisine": null, "takeaway": null, "bicycle": null, "leisure": null, "highway:source": null, "building:levels": null, "note": null, "footway": "sidewalk", "mapillary": null, "survey:date": null, "tactile_paving": null, "turn:lanes": null, "box_id": 1, "provider": "osmnx" }, "geometry": { "type": "LineString", "coordinates": [ [ -49.2703207, -25.4560267 ], [ -49.2701301, -25.4560687 ] ] } },
{ "type": "Feature", "properties": { "highway": "footway", "amenity": null, "healthcare": null, "name": null, "brand": null, "brand:wikidata": null, "shop": null, "maxspeed": null, "addr:city": null, "addr:housenumber": null, "addr:street": null, "office": null, "website": null, "bus": null, "public_transport": null, "shelter": null, "check_date:shelter": null, "recycling:aluminium": null, "recycling:beverage_cartons": null, "recycling:books": null, "recycling:cans": null, "recycling:cardboard": null, "recycling:cartons": null, "recycling:glass": null, "recycling:glass_bottles": null, "recycling:magazines": null, "recycling:newspaper": null, "recycling:paper": null, "recycling:paper_packaging": null, "recycling:plastic": null, "recycling:plastic_bottles": null, "recycling:plastic_packaging": null, "recycling:scrap_metal": null, "recycling_type": null, "contact:email": null, "contact:phone": null, "contact:website": null, "contact:whatsapp": null, "natural": null, "opening_hours": null, "operator": null, "phone": null, "crossing": null, "crossing:signals": null, "crossing:markings": null, "parking_space": null, "addr:postcode": null, "addr:suburb": null, "description": null, "payment:pix": null, "lit": null, "oneway": null, "surface": null, "lanes": null, "sidewalk": null, "source": null, "alt_name": null, "foot": null, "smoothness": null, "building": null, "service": null, "bridge": null, "layer": null, "brand:wikipedia": null, "cuisine": null, "takeaway": null, "bicycle": null, "leisure": null, "highway:source": null, "building:levels": null, "note": null, "footway": "sidewalk", "mapillary": null, "survey:date": null, "tactile_paving": null, "turn:lanes": null, "box_id": 1, "provider": "osmnx" }, "geometry": { "type": "LineString", "coordinates": [ [ -49.2709241, -25.456178 ], [ -49.2709788, -25.4559214 ], [ -49.2709788, -25.45592 ], [ -49.270979, -25.4559124 ], [ -49.270976, -25.4559039 ], [ -49.2709701, -25.4558967 ], [ -49.2709619, -25.4558916 ], [ -49.2709567, -25.4558904 ] ] } },
{ "type": "Feature", "properties": { "highway": "footway", "amenity": null, "healthcare": null, "name": null, "brand": null, "brand:wikidata": null, "shop": null, "maxspeed": null, "addr:city": null, "addr:housenumber": null, "addr:street": null, "office": null, "website": null, "bus": null, "public_transport": null, "shelter": null, "check_date:shelter": null, "recycling:aluminium": null, "recycling:beverage_cartons": null, "recycling:books": null, "recycling:cans": null, "recycling:cardboard": null, "recycling:cartons": null, "recycling:glass": null, "recycling:glass_bottles": null, "recycling:magazines": null, "recycling:newspaper": null, "recycling:paper": null, "recycling:paper_packaging": null, "recycling:plastic": null, "recycling:plastic_bottles": null, "recycling:plastic_packaging": null, "recycling:scrap_metal": null, "recycling_type": null, "contact:email": null, "contact:phone": null, "contact:website": null, "contact:whatsapp": null, "natural": null, "opening_hours": null, "operator": null, "phone": null, "crossing": null, "crossing:signals": null, "crossing:markings": null, "parking_space": null, "addr:postcode": null, "addr:suburb": null, "description": null, "payment:pix": null, "lit": null, "oneway": null, "surface": null, "lanes": null, "sidewalk": null, "source": null, "alt_name": null, "foot": null, "smoothness": null, "building": null, "service": null, "bridge": null, "layer": null, "brand:wikipedia": null, "cuisine": null, "takeaway": null, "bicycle": null, "leisure": null, "highway:source": null, "building:levels": null, "note": null, "footway": "sidewalk", "mapillary": null, "survey:date": null, "tactile_paving": null, "turn:lanes": null, "box_id": 1, "provider": "osmnx" }, "geometry": { "type": "LineString", "coordinates": [ [ -49.2710706, -25.4559657 ], [ -49.2710496, -25.4560641 ], [ -49.2710431, -25.4560944 ] ] } },
{ "type": "Feature", "properties": { "highway": "footway", "amenity": null, "healthcare": null, "name": null, "brand": null, "brand:wikidata": null, "shop": null, "maxspeed": null, "addr:city": null, "addr:housenumber": null, "addr:street": null, "office": null, "website": null, "bus": null, "public_transport": null, "shelter": null, "check_date:shelter": null, "recycling:aluminium": null, "recycling:beverage_cartons": null, "recycling:books": null, "recycling:cans": null, "recycling:cardboard": null, "recycling:cartons": null, "recycling:glass": null, "recycling:glass_bottles": null, "recycling:magazines": null, "recycling:newspaper": null, "recycling:paper": null, "recycling:paper_packaging": null, "recycling:plastic": null, "recycling:plastic_bottles": null, "recycling:plastic_packaging": null, "recycling:scrap_metal": null, "recycling_type": null, "contact:email": null, "contact:phone": null, "contact:website": null, "contact:whatsapp": null, "natural": null, "opening_hours": null, "operator": null, "phone": null, "crossing": null, "crossing:signals": null, "crossing:markings": null, "parking_space": null, "addr:postcode": null, "addr:suburb": null, "description": null, "payment:pix": null, "lit": null, "oneway": null, "surface": null, "lanes": null, "sidewalk": null, "source": null, "alt_name": null, "foot": null, "smoothness": null, "building": null, "service": null, "bridge": null, "layer": null, "brand:wikipedia": null, "cuisine": null, "takeaway": null, "bicycle": null, "leisure": null, "highway:source": null, "building:levels": null, "note": null, "footway": "sidewalk", "mapillary": null, "survey:date": null, "tactile_paving": null, "turn:lanes": null, "box_id": 1, "provider": "osmnx" }, "geometry": { "type": "LineString", "coordinates": [ [ -49.2706255, -25.4559597 ], [ -49.2703207, -25.4560267 ] ] } },
{ "type": "Feature", "properties": { "highway": "residential", "amenity": null, "healthcare": null, "name": "Rua Silveira Neto", "brand": null, "brand:wikidata": null, "shop": null, "maxspeed": null, "addr:city": null, "addr:housenumber": null, "addr:street": null, "office": null, "website": null, "bus": null, "public_transport": null, "shelter": null, "check_date:shelter": null, "recycling:aluminium": null, "recycling:beverage_cartons": null, "recycling:books": null, "recycling:cans": null, "recycling:cardboard": null, "recycling:cartons": null, "recycling:glass": null, "recycling:glass_bottles": null, "recycling:magazines": null, "recycling:newspaper": null, "recycling:paper": null, "recycling:paper_packaging": null, "recycling:plastic": null, "recycling:plastic_bottles": null, "recycling:plastic_packaging": null, "recycling:scrap_metal": null, "recycling_type": null, "contact:email": null, "contact:phone": null, "contact:website": null, "contact:whatsapp": null, "natural": null, "opening_hours": null, "operator": null, "phone": null, "crossing": null, "crossing:signals": null, "crossing:markings": null, "parking_space": null, "addr:postcode": null, "addr:suburb": null, "description": null, "payment:pix": null, "lit": null, "oneway": "no", "surface": "asphalt", "lanes": null, "sidewalk": null, "source": null, "alt_name": null, "foot": null, "smoothness": null, "building": null, "service": null, "bridge": null, "layer": null, "brand:wikipedia": null, "cuisine": null, "takeaway": null, "bicycle": null, "leisure": null, "highway:source": null, "building:levels": null, "note": null, "footway": null, "mapillary": null, "survey:date": null, "tactile_paving": null, "turn:lanes": null, "box_id": 1, "provider": "osmnx" }, "geometry": { "type": "LineString", "coordinates": [ [ -49.2710511, -25.4558196 ], [ -49.2709545, -25.4558409 ], [ -49.2698569, -25.4560823 ], [ -49.2697196, -25.4561114 ] ] } },
{ "type": "Feature", "properties": { "highway": "footway", "amenity": null, "healthcare": null, "name": null, "brand": null, "brand:wikidata": null, "shop": null, "maxspeed": null, "addr:city": null, "addr:housenumber": null, "addr:street": null, "office": null, "website": null, "bus": null, "public_transport": null, "shelter": null, "check_date:shelter": null, "recycling:aluminium": null, "recycling:beverage_cartons": null, "recycling:books": null, "recycling:cans": null, "recycling:cardboard": null, "recycling:cartons": null, "recycling:glass": null, "recycling:glass_bottles": null, "recycling:magazines": null, "recycling:newspaper": null, "recycling:paper": null, "recycling:paper_packaging": null, "recycling:plastic": null, "recycling:plastic_bottles": null, "recycling:plastic_packaging": null, "recycling:scrap_metal": null, "recycling_type": null, "contact:email": null, "contact:phone": null, "contact:website": null, "contact:whatsapp": null, "natural": null, "opening_hours": null, "operator": null, "phone": null, "crossing": null, "crossing:signals": null, "crossing:markings": null, "parking_space": null, "addr:postcode": null, "addr:suburb": null, "description": null, "payment:pix": null, "lit": null, "oneway": null, "surface": null, "lanes": null, "sidewalk": null, "source": null, "alt_name": null, "foot": null, "smoothness": null, "building": null, "service": null, "bridge": null, "layer": null, "brand:wikipedia": null, "cuisine": null, "takeaway": null, "bicycle": null, "leisure": null, "highway:source": null, "building:levels": null, "note": null, "footway": "sidewalk", "mapillary": null, "survey:date": null, "tactile_paving": null, "turn:lanes": null, "box_id": 1, "provider": "osmnx" }, "geometry": { "type": "LineString", "coordinates": [ [ -49.2701922, -25.4559621 ], [ -49.2703544, -25.4559264 ] ] } },
{ "type": "Feature", "properties": { "highway": "footway", "amenity": null, "healthcare": null, "name": null, "brand": null, "brand:wikidata": null, "shop": null, "maxspeed": null, "addr:city": null, "addr:housenumber": null, "addr:street": null, "office": null, "website": null, "bus": null, "public_transport": null, "shelter": null, "check_date:shelter": null, "recycling:aluminium": null, "recycling:beverage_cartons": null, "recycling:books": null, "recycling:cans": null, "recycling:cardboard": null, "recycling:cartons": null, "recycling:glass": null, "recycling:glass_bottles": null, "recycling:magazines": null, "recycling:newspaper": null, "recycling:paper": null, "recycling:paper_packaging": null, "recycling:plastic": null, "recycling:plastic_bottles": null, "recycling:plastic_packaging": null, "recycling:scrap_metal": null, "recycling_type": null, "contact:email": null, "contact:phone": null, "contact:website": null, "contact:whatsapp": null, "natural": null, "opening_hours": null, "operator": null, "phone": null, "crossing": null, "crossing:signals": null, "crossing:markings": null, "parking_space": null, "addr:postcode": null, "addr:suburb": null, "description": null, "payment:pix": null, "lit": null, "oneway": null, "surface": null, "lanes": null, "sidewalk": null, "source": null, "alt_name": null, "foot": null, "smoothness": null, "building": null, "service": null, "bridge": null, "layer": null, "brand:wikipedia": null, "cuisine": null, "takeaway": null, "bicycle": null, "leisure": null, "highway:source": null, "building:levels": null, "note": null, "footway": "sidewalk", "mapillary": null, "survey:date": null, "tactile_paving": null, "turn:lanes": null, "box_id": 1, "provider": "osmnx" }, "geometry": { "type": "LineString", "coordinates": [ [ -49.2709567, -25.4558904 ], [ -49.270944, -25.4558898 ], [ -49.2709424, -25.4558899 ], [ -49.2706255, -25.4559597 ] ] } },
{ "type": "Feature", "properties": { "highway": "footway", "amenity": null, "healthcare": null, "name": null, "brand": null, "brand:wikidata": null, "shop": null, "maxspeed": null, "addr:city": null, "addr:housenumber": null, "addr:street": null, "office": null, "website": null, "bus": null, "public_transport": null, "shelter": null, "check_date:shelter": null, "recycling:aluminium": null, "recycling:beverage_cartons": null, "recycling:books": null, "recycling:cans": null, "recycling:cardboard": null, "recycling:cartons": null, "recycling:glass": null, "recycling:glass_bottles": null, "recycling:magazines": null, "recycling:newspaper": null, "recycling:paper": null, "recycling:paper_packaging": null, "recycling:plastic": null, "recycling:plastic_bottles": null, "recycling:plastic_packaging": null, "recycling:scrap_metal": null, "recycling_type": null, "contact:email": null, "contact:phone": null, "contact:website": null, "contact:whatsapp": null, "natural": null, "opening_hours": null, "operator": null, "phone": null, "crossing": null, "crossing:signals": null, "crossing:markings": null, "parking_space": null, "addr:postcode": null, "addr:suburb": null, "description": null, "payment:pix": null, "lit": null, "oneway": null, "surface": null, "lanes": null, "sidewalk": null, "source": null, "alt_name": null, "foot": null, "smoothness": null, "building": null, "service": null, "bridge": null, "layer": null, "brand:wikipedia": null, "cuisine": null, "takeaway": null, "bicycle": null, "leisure": null, "highway:source": null, "building:levels": null, "note": null, "footway": "crossing", "mapillary": null, "survey:date": null, "tactile_paving": null, "turn:lanes": null, "box_id": 1, "provider": "osmnx" }, "geometry": { "type": "LineString", "coordinates": [ [ -49.2709788, -25.45592 ], [ -49.2709948, -25.4559164 ], [ -49.2710322, -25.4559082 ], [ -49.2710694, -25.4559 ], [ -49.2710853, -25.4558965 ] ] } },
{ "type": "Feature", "properties": { "highway": "footway", "amenity": null, "healthcare": null, "name": null, "brand": null, "brand:wikidata": null, "shop": null, "maxspeed": null, "addr:city": null, "addr:housenumber": null, "addr:street": null, "office": null, "website": null, "bus": null, "public_transport": null, "shelter": null, "check_date:shelter": null, "recycling:aluminium": null, "recycling:beverage_cartons": null, "recycling:books": null, "recycling:cans": null, "recycling:cardboard": null, "recycling:cartons": null, "recycling:glass": null, "recycling:glass_bottles": null, "recycling:magazines": null, "recycling:newspaper": null, "recycling:paper": null, "recycling:paper_packaging": null, "recycling:plastic": null, "recycling:plastic_bottles": null, "recycling:plastic_packaging": null, "recycling:scrap_metal": null, "recycling_type": null, "contact:email": null, "contact:phone": null, "contact:website": null, "contact:whatsapp": null, "natural": null, "opening_hours": null, "operator": null, "phone": null, "crossing": null, "crossing:signals": null, "crossing:markings": null, "parking_space": null, "addr:postcode": null, "addr:suburb": null, "description": null, "payment:pix": null, "lit": null, "oneway": null, "surface": null, "lanes": null, "sidewalk": null, "source": null, "alt_name": null, "foot": null, "smoothness": null, "building": null, "service": null, "bridge": null, "layer": null, "brand:wikipedia": null, "cuisine": null, "takeaway": null, "bicycle": null, "leisure": null, "highway:source": null, "building:levels": null, "note": null, "footway": "sidewalk", "mapillary": null, "survey:date": null, "tactile_paving": null, "turn:lanes": null, "box_id": 1, "provider": "osmnx" }, "geometry": { "type": "LineString", "coordinates": [ [ -49.2703544, -25.4559264 ], [ -49.2705231, -25.4558893 ] ] } },
{ "type": "Feature", "properties": { "highway": "footway", "amenity": null, "healthcare": null, "name": null, "brand": null, "brand:wikidata": null, "shop": null, "maxspeed": null, "addr:city": null, "addr:housenumber": null, "addr:street": null, "office": null, "website": null, "bus": null, "public_transport": null, "shelter": null, "check_date:shelter": null, "recycling:aluminium": null, "recycling:beverage_cartons": null, "recycling:books": null, "recycling:cans": null, "recycling:cardboard": null, "recycling:cartons": null, "recycling:glass": null, "recycling:glass_bottles": null, "recycling:magazines": null, "recycling:newspaper": null, "recycling:paper": null, "recycling:paper_packaging": null, "recycling:plastic": null, "recycling:plastic_bottles": null, "recycling:plastic_packaging": null, "recycling:scrap_metal": null, "recycling_type": null, "contact:email": null, "contact:phone": null, "contact:website": null, "contact:whatsapp": null, "natural": null, "opening_hours": null, "operator": null, "phone": null, "crossing": null, "crossing:signals": null, "crossing:markings": null, "parking_space": null, "addr:postcode": null, "addr:suburb": null, "description": null, "payment:pix": null, "lit": null, "oneway": null, "surface": null, "lanes": null, "sidewalk": null, "source": null, "alt_name": null, "foot": null, "smoothness": null, "building": null, "service": null, "bridge": null, "layer": null, "brand:wikipedia": null, "cuisine": null, "takeaway": null, "bicycle": null, "leisure": null, "highway:source": null, "building:levels": null, "note": null, "footway": "sidewalk", "mapillary": null, "survey:date": null, "tactile_paving": null, "turn:lanes": null, "box_id": 1, "provider": "osmnx" }, "geometry": { "type": "LineString", "coordinates": [ [ -49.2705231, -25.4558893 ], [ -49.270698, -25.4558508 ] ] } },
{ "type": "Feature", "properties": { "highway": "footway", "amenity": null, "healthcare": null, "name": null, "brand": null, "brand:wikidata": null, "shop": null, "maxspeed": null, "addr:city": null, "addr:housenumber": null, "addr:street": null, "office": null, "website": null, "bus": null, "public_transport": null, "shelter": null, "check_date:shelter": null, "recycling:aluminium": null, "recycling:beverage_cartons": null, "recycling:books": null, "recycling:cans": null, "recycling:cardboard": null, "recycling:cartons": null, "recycling:glass": null, "recycling:glass_bottles": null, "recycling:magazines": null, "recycling:newspaper": null, "recycling:paper": null, "recycling:paper_packaging": null, "recycling:plastic": null, "recycling:plastic_bottles": null, "recycling:plastic_packaging": null, "recycling:scrap_metal": null, "recycling_type": null, "contact:email": null, "contact:phone": null, "contact:website": null, "contact:whatsapp": null, "natural": null, "opening_hours": null, "operator": null, "phone": null, "crossing": null, "crossing:signals": null, "crossing:markings": null, "parking_space": null, "addr:postcode": null, "addr:suburb": null, "description": null, "payment:pix": null, "lit": null, "oneway": null, "surface": null, "lanes": null, "sidewalk": null, "source": null, "alt_name": null, "foot": null, "smoothness": null, "building": null, "service": null, "bridge": null, "layer": null, "brand:wikipedia": null, "cuisine": null, "takeaway": null, "bicycle": null, "leisure": null, "highway:source": null, "building:levels": null, "note": null, "footway": "sidewalk", "mapillary": null, "survey:date": null, "tactile_paving": null, "turn:lanes": null, "box_id": 1, "provider": "osmnx" }, "geometry": { "type": "LineString", "coordinates": [ [ -49.2698772, -25.4560309 ], [ -49.2698806, -25.4560302 ], [ -49.2701922, -25.4559621 ] ] } },
{ "type": "Feature", "properties": { "highway": "footway", "amenity": null, "healthcare": null, "name": null, "brand": null, "brand:wikidata": null, "shop": null, "maxspeed": null, "addr:city": null, "addr:housenumber": null, "addr:street": null, "office": null, "website": null, "bus": null, "public_transport": null, "shelter": null, "check_date:shelter": null, "recycling:aluminium": null, "recycling:beverage_cartons": null, "recycling:books": null, "recycling:cans": null, "recycling:cardboard": null, "recycling:cartons": null, "recycling:glass": null, "recycling:glass_bottles": null, "recycling:magazines": null, "recycling:newspaper": null, "recycling:paper": null, "recycling:paper_packaging": null, "recycling:plastic": null, "recycling:plastic_bottles": null, "recycling:plastic_packaging": null, "recycling:scrap_metal": null, "recycling_type": null, "contact:email": null, "contact:phone": null, "contact:website": null, "contact:whatsapp": null, "natural": null, "opening_hours": null, "operator": null, "phone": null, "crossing": null, "crossing:signals": null, "crossing:markings": null, "parking_space": null, "addr:postcode": null, "addr:suburb": null, "description": null, "payment:pix": null, "lit": null, "oneway": null, "surface": null, "lanes": null, "sidewalk": null, "source": null, "alt_name": null, "foot": null, "smoothness": null, "building": null, "service": null, "bridge": null, "layer": null, "brand:wikipedia": null, "cuisine": null, "takeaway": null, "bicycle": null, "leisure": null, "highway:source": null, "building:levels": null, "note": null, "footway": "sidewalk", "mapillary": null, "survey:date": null, "tactile_paving": null, "turn:lanes": null, "box_id": 1, "provider": "osmnx" }, "geometry": { "type": "LineString", "coordinates": [ [ -49.2699852, -25.4556924 ], [ -49.2698507, -25.4559841 ] ] } },
{ "type": "Feature", "properties": { "highway": "residential", "amenity": null, "healthcare": null, "name": "Rua João Zaniolo", "brand": null, "brand:wikidata": null, "shop": null, "maxspeed": null, "addr:city": null, "addr:housenumber": null, "addr:street": null, "office": null, "website": null, "bus": null, "public_transport": null, "shelter": null, "check_date:shelter": null, "recycling:aluminium": null, "recycling:beverage_cartons": null, "recycling:books": null, "recycling:cans": null, "recycling:cardboard": null, "recycling:cartons": null, "recycling:glass": null, "recycling:glass_bottles": null, "recycling:magazines": null, "recycling:newspaper": null, "recycling:paper": null, "recycling:paper_packaging": null, "recycling:plastic": null, "recycling:plastic_bottles": null, "recycling:plastic_packaging": null, "recycling:scrap_metal": null, "recycling_type": null, "contact:email": null, "contact:phone": null, "contact:website": null, "contact:whatsapp": null, "natural": null, "opening_hours": null, "operator": null, "phone": null, "crossing": null, "crossing:signals": null, "crossing:markings": null, "parking_space": null, "addr:postcode": null, "addr:suburb": null, "description": null, "payment:pix": null, "lit": null, "oneway": "yes", "surface": "asphalt", "lanes": "1", "sidewalk": null, "source": null, "alt_name": null, "foot": null, "smoothness": null, "building": null, "service": null, "bridge": null, "layer": null, "brand:wikipedia": null, "cuisine": null, "takeaway": null, "bicycle": null, "leisure": null, "highway:source": null, "building:levels": null, "note": null, "footway": null, "mapillary": null, "survey:date": null, "tactile_paving": null, "turn:lanes": null, "box_id": 1, "provider": "osmnx" }, "geometry": { "type": "LineString", "coordinates": [ [ -49.2682683, -25.4560633 ], [ -49.269281176623188, -25.455678891386285 ] ] } },
{ "type": "Feature", "properties": { "highway": "footway", "amenity": null, "healthcare": null, "name": null, "brand": null, "brand:wikidata": null, "shop": null, "maxspeed": null, "addr:city": null, "addr:housenumber": null, "addr:street": null, "office": null, "website": null, "bus": null, "public_transport": null, "shelter": null, "check_date:shelter": null, "recycling:aluminium": null, "recycling:beverage_cartons": null, "recycling:books": null, "recycling:cans": null, "recycling:cardboard": null, "recycling:cartons": null, "recycling:glass": null, "recycling:glass_bottles": null, "recycling:magazines": null, "recycling:newspaper": null, "recycling:paper": null, "recycling:paper_packaging": null, "recycling:plastic": null, "recycling:plastic_bottles": null, "recycling:plastic_packaging": null, "recycling:scrap_metal": null, "recycling_type": null, "contact:email": null, "contact:phone": null, "contact:website": null, "contact:whatsapp": null, "natural": null, "opening_hours": null, "operator": null, "phone": null, "crossing": null, "crossing:signals": null, "crossing:markings": null, "parking_space": null, "addr:postcode": null, "addr:suburb": null, "description": null, "payment:pix": null, "lit": null, "oneway": null, "surface": null, "lanes": null, "sidewalk": null, "source": null, "alt_name": null, "foot": null, "smoothness": null, "building": null, "service": null, "bridge": null, "layer": null, "brand:wikipedia": null, "cuisine": null, "takeaway": null, "bicycle": null, "leisure": null, "highway:source": null, "building:levels": null, "note": null, "footway": "sidewalk", "mapillary": null, "survey:date": null, "tactile_paving": null, "turn:lanes": null, "box_id": 1, "provider": "osmnx" }, "geometry": { "type": "LineString", "coordinates": [ [ -49.269987581742555, -25.455687230990378 ], [ -49.2699852, -25.4556924 ] ] } },
{ "type": "Feature", "properties": { "highway": "footway", "amenity": null, "healthcare": null, "name": null, "brand": null, "brand:wikidata": null, "shop": null, "maxspeed": null, "addr:city": null, "addr:housenumber": null, "addr:street": null, "office": null, "website": null, "bus": null, "public_transport": null, "shelter": null, "check_date:shelter": null, "recycling:aluminium": null, "recycling:beverage_cartons": null, "recycling:books": null, "recycling:cans": null, "recycling:cardboard": null, "recycling:cartons": null, "recycling:glass": null, "recycling:glass_bottles": null, "recycling:magazines": null, "recycling:newspaper": null, "recycling:paper": null, "recycling:paper_packaging": null, "recycling:plastic": null, "recycling:plastic_bottles": null, "recycling:plastic_packaging": null, "recycling:scrap_metal": null, "recycling_type": null, "contact:email": null, "contact:phone": null, "contact:website": null, "contact:whatsapp": null, "natural": null, "opening_hours": null, "operator": null, "phone": null, "crossing": null, "crossing:signals": null, "crossing:markings": null, "parking_space": null, "addr:postcode": null, "addr:suburb": null, "description": null, "payment:pix": null, "lit": null, "oneway": null, "surface": null, "lanes": null, "sidewalk": null, "source": null, "alt_name": null, "foot": null, "smoothness": null, "building": null, "service": null, "bridge": null, "layer": null, "brand:wikipedia": null, "cuisine": null, "takeaway": null, "bicycle": null, "leisure": null, "highway:source": null, "building:levels": null, "note": null, "footway": "sidewalk", "mapillary": null, "survey:date": null, "tactile_paving": null, "turn:lanes": null, "box_id": 1, "provider": "osmnx" }, "geometry": { "type": "LineString", "coordinates": [ [ -49.2714282, -25.456714 ], [ -49.2716177, -25.456707 ] ] } },
{ "type": "Feature", "properties": { "highway": "footway", "amenity": null, "healthcare": null, "name": null, "brand": null, "brand:wikidata": null, "shop": null, "maxspeed": null, "addr:city": null, "addr:housenumber": null, "addr:street": null, "office": null, "website": null, "bus": null, "public_transport": null, "shelter": null, "check_date:shelter": null, "recycling:aluminium": null, "recycling:beverage_cartons": null, "recycling:books": null, "recycling:cans": null, "recycling:cardboard": null, "recycling:cartons": null, "recycling:glass": null, "recycling:glass_bottles": null, "recycling:magazines": null, "recycling:newspaper": null, "recycling:paper": null, "recycling:paper_packaging": null, "recycling:plastic": null, "recycling:plastic_bottles": null, "recycling:plastic_packaging": null, "recycling:scrap_metal": null, "recycling_type": null, "contact:email": null, "contact:phone": null, "contact:website": null, "contact:whatsapp": null, "natural": null, "opening_hours": null, "operator": null, "phone": null, "crossing": null, "crossing:signals": null, "crossing:markings": null, "parking_space": null, "addr:postcode": null, "addr:suburb": null, "description": null, "payment:pix": null, "lit": null, "oneway": null, "surface": null, "lanes": null, "sidewalk": null, "source": null, "alt_name": null, "foot": null, "smoothness": null, "building": null, "service": null, "bridge": null, "layer": null, "brand:wikipedia": null, "cuisine": null, "takeaway": null, "bicycle": null, "leisure": null, "highway:source": null, "building:levels": null, "note": null, "footway": "sidewalk", "mapillary": null, "survey:date": null, "tactile_paving": null, "turn:lanes": null, "box_id": 1, "provider": "osmnx" }, "geometry": { "type": "LineString", "coordinates": [ [ -49.2716177, -25.456707 ], [ -49.2717971, -25.4567003 ] ] } },
{ "type": "Feature", "properties": { "highway": "service", "amenity": null, "healthcare": null, "name": null, "brand": null, "brand:wikidata": null, "shop": null, "maxspeed": null, "addr:city": null, "addr:housenumber": null, "addr:street": null, "office": null, "website": null, "bus": null, "public_transport": null, "shelter": null, "check_date:shelter": null, "recycling:aluminium": null, "recycling:beverage_cartons": null, "recycling:books": null, "recycling:cans": null, "recycling:cardboard": null, "recycling:cartons": null, "recycling:glass": null, "recycling:glass_bottles": null, "recycling:magazines": null, "recycling:newspaper": null, "recycling:paper": null, "recycling:paper_packaging": null, "recycling:plastic": null, "recycling:plastic_bottles": null, "recycling:plastic_packaging": null, "recycling:scrap_metal": null, "recycling_type": null, "contact:email": null, "contact:phone": null, "contact:website": null, "contact:whatsapp": null, "natural": null, "opening_hours": null, "operator": null, "phone": null, "crossing": null, "crossing:signals": null, "crossing:markings": null, "parking_space": null, "addr:postcode": null, "addr:suburb": null, "description": null, "payment:pix": null, "lit": null, "oneway": null, "surface": null, "lanes": null, "sidewalk": null, "source": null, "alt_name": null, "foot": null, "smoothness": null, "building": null, "service": "parking_aisle", "bridge": null, "layer": null, "brand:wikipedia": null, "cuisine": null, "takeaway": null, "bicycle": null, "leisure": null, "highway:source": null, "building:levels": null, "note": null, "footway": null, "mapillary": null, "survey:date": null, "tactile_paving": null, "turn:lanes": null, "box_id": 1, "provider": "osmnx" }, "geometry": { "type": "LineString", "coordinates": [ [ -49.2717713, -25.4561661 ], [ -49.2715795, -25.4561726 ] ] } },
{ "type": "Feature", "properties": { "highway": "footway", "amenity": null, "healthcare": null, "name": null, "brand": null, "brand:wikidata": null, "shop": null, "maxspeed": null, "addr:city": null, "addr:housenumber": null, "addr:street": null, "office": null, "website": null, "bus": null, "public_transport": null, "shelter": null, "check_date:shelter": null, "recycling:aluminium": null, "recycling:beverage_cartons": null, "recycling:books": null, "recycling:cans": null, "recycling:cardboard": null, "recycling:cartons": null, "recycling:glass": null, "recycling:glass_bottles": null, "recycling:magazines": null, "recycling:newspaper": null, "recycling:paper": null, "recycling:paper_packaging": null, "recycling:plastic": null, "recycling:plastic_bottles": null, "recycling:plastic_packaging": null, "recycling:scrap_metal": null, "recycling_type": null, "contact:email": null, "contact:phone": null, "contact:website": null, "contact:whatsapp": null, "natural": null, "opening_hours": null, "operator": null, "phone": null, "crossing": null, "crossing:signals": null, "crossing:markings": null, "parking_space": null, "addr:postcode": null, "addr:suburb": null, "description": null, "payment:pix": null, "lit": null, "oneway": null, "surface": null, "lanes": null, "sidewalk": null, "source": null, "alt_name": null, "foot": null, "smoothness": null, "building": null, "service": null, "bridge": null, "layer": null, "brand:wikipedia": null, "cuisine": null, "takeaway": null, "bicycle": null, "leisure": null, "highway:source": null, "building:levels": null, "note": null, "footway": "sidewalk", "mapillary": null, "survey:date": null, "tactile_paving": null, "turn:lanes": null, "box_id": 1, "provider": "osmnx" }, "geometry": { "type": "LineString", "coordinates": [ [ -49.2710971, -25.455863 ], [ -49.271093, -25.4558665 ], [ -49.2710902, -25.4558737 ], [ -49.2710853, -25.4558965 ], [ -49.2710706, -25.4559657 ] ] } },
{ "type": "Feature", "properties": { "highway": "footway", "amenity": null, "healthcare": null, "name": null, "brand": null, "brand:wikidata": null, "shop": null, "maxspeed": null, "addr:city": null, "addr:housenumber": null, "addr:street": null, "office": null, "website": null, "bus": null, "public_transport": null, "shelter": null, "check_date:shelter": null, "recycling:aluminium": null, "recycling:beverage_cartons": null, "recycling:books": null, "recycling:cans": null, "recycling:cardboard": null, "recycling:cartons": null, "recycling:glass": null, "recycling:glass_bottles": null, "recycling:magazines": null, "recycling:newspaper": null, "recycling:paper": null, "recycling:paper_packaging": null, "recycling:plastic": null, "recycling:plastic_bottles": null, "recycling:plastic_packaging": null, "recycling:scrap_metal": null, "recycling_type": null, "contact:email": null, "contact:phone": null, "contact:website": null, "contact:whatsapp": null, "natural": null, "opening_hours": null, "operator": null, "phone": null, "crossing": null, "crossing:signals": null, "crossing:markings": null, "parking_space": null, "addr:postcode": null, "addr:suburb": null, "description": null, "payment:pix": null, "lit": null, "oneway": null, "surface": null, "lanes": null, "sidewalk": null, "source": null, "alt_name": null, "foot": null, "smoothness": null, "building": null, "service": null, "bridge": null, "layer": null, "brand:wikipedia": null, "cuisine": null, "takeaway": null, "bicycle": null, "leisure": null, "highway:source": null, "building:levels": null, "note": null, "footway": "sidewalk", "mapillary": null, "survey:date": null, "tactile_paving": null, "turn:lanes": null, "box_id": 1, "provider": "osmnx" }, "geometry": { "type": "LineString", "coordinates": [ [ -49.2715889, -25.4557602 ], [ -49.2713316, -25.4558182 ], [ -49.271102, -25.4558614 ], [ -49.2710971, -25.455863 ] ] } },
{ "type": "Feature", "properties": { "highway": "residential", "amenity": null, "healthcare": null, "name": "Rua Silveira Neto", "brand": null, "brand:wikidata": null, "shop": null, "maxspeed": null, "addr:city": null, "addr:housenumber": null, "addr:street": null, "office": null, "website": null, "bus": null, "public_transport": null, "shelter": null, "check_date:shelter": null, "recycling:aluminium": null, "recycling:beverage_cartons": null, "recycling:books": null, "recycling:cans": null, "recycling:cardboard": null, "recycling:cartons": null, "recycling:glass": null, "recycling:glass_bottles": null, "recycling:magazines": null, "recycling:newspaper": null, "recycling:paper": null, "recycling:paper_packaging": null, "recycling:plastic": null, "recycling:plastic_bottles": null, "recycling:plastic_packaging": null, "recycling:scrap_metal": null, "recycling_type": null, "contact:email": null, "contact:phone": null, "contact:website": null, "contact:whatsapp": null, "natural": null, "opening_hours": null, "operator": null, "phone": null, "crossing": null, "crossing:signals": null, "crossing:markings": null, "parking_space": null, "addr:postcode": null, "addr:suburb": null, "description": null, "payment:pix": null, "lit": "yes", "oneway": "yes", "surface": "asphalt", "lanes": null, "sidewalk": null, "source": null, "alt_name": null, "foot": null, "smoothness": null, "building": null, "service": null, "bridge": null, "layer": null, "brand:wikipedia": null, "cuisine": null, "takeaway": null, "bicycle": null, "leisure": null, "highway:source": null, "building:levels": null, "note": null, "footway": null, "mapillary": null, "survey:date": null, "tactile_paving": null, "turn:lanes": null, "box_id": 1, "provider": "osmnx" }, "geometry": { "type": "LineString", "coordinates": [ [ -49.2712844, -25.4557686 ], [ -49.2711477, -25.4557984 ], [ -49.2710511, -25.4558196 ] ] } },
{ "type": "Feature", "properties": { "highway": "footway", "amenity": null, "healthcare": null, "name": null, "brand": null, "brand:wikidata": null, "shop": null, "maxspeed": null, "addr:city": null, "addr:housenumber": null, "addr:street": null, "office": null, "website": null, "bus": null, "public_transport": null, "shelter": null, "check_date:shelter": null, "recycling:aluminium": null, "recycling:beverage_cartons": null, "recycling:books": null, "recycling:cans": null, "recycling:cardboard": null, "recycling:cartons": null, "recycling:glass": null, "recycling:glass_bottles": null, "recycling:magazines": null, "recycling:newspaper": null, "recycling:paper": null, "recycling:paper_packaging": null, "recycling:plastic": null, "recycling:plastic_bottles": null, "recycling:plastic_packaging": null, "recycling:scrap_metal": null, "recycling_type": null, "contact:email": null, "contact:phone": null, "contact:website": null, "contact:whatsapp": null, "natural": null, "opening_hours": null, "operator": null, "phone": null, "crossing": null, "crossing:signals": null, "crossing:markings": null, "parking_space": null, "addr:postcode": null, "addr:suburb": null, "description": null, "payment:pix": null, "lit": null, "oneway": null, "surface": null, "lanes": null, "sidewalk": null, "source": null, "alt_name": null, "foot": null, "smoothness": null, "building": null, "service": null, "bridge": null, "layer": null, "brand:wikipedia": null, "cuisine": null, "takeaway": null, "bicycle": null, "leisure": null, "highway:source": null, "building:levels": null, "note": null, "footway": "sidewalk", "mapillary": null, "survey:date": null, "tactile_paving": null, "turn:lanes": null, "box_id": 1, "provider": "osmnx" }, "geometry": { "type": "LineString", "coordinates": [ [ -49.27171, -25.4557329 ], [ -49.2715889, -25.4557602 ] ] } },
{ "type": "Feature", "properties": { "highway": "residential", "amenity": null, "healthcare": null, "name": "Rua Doutor Raul Carneiro Filho", "brand": null, "brand:wikidata": null, "shop": null, "maxspeed": null, "addr:city": null, "addr:housenumber": null, "addr:street": null, "office": null, "website": null, "bus": null, "public_transport": null, "shelter": null, "check_date:shelter": null, "recycling:aluminium": null, "recycling:beverage_cartons": null, "recycling:books": null, "recycling:cans": null, "recycling:cardboard": null, "recycling:cartons": null, "recycling:glass": null, "recycling:glass_bottles": null, "recycling:magazines": null, "recycling:newspaper": null, "recycling:paper": null, "recycling:paper_packaging": null, "recycling:plastic": null, "recycling:plastic_bottles": null, "recycling:plastic_packaging": null, "recycling:scrap_metal": null, "recycling_type": null, "contact:email": null, "contact:phone": null, "contact:website": null, "contact:whatsapp": null, "natural": null, "opening_hours": null, "operator": null, "phone": null, "crossing": null, "crossing:signals": null, "crossing:markings": null, "parking_space": null, "addr:postcode": null, "addr:suburb": null, "description": null, "payment:pix": null, "lit": null, "oneway": "yes", "surface": "asphalt", "lanes": null, "sidewalk": null, "source": null, "alt_name": null, "foot": null, "smoothness": null, "building": null, "service": null, "bridge": null, "layer": null, "brand:wikipedia": null, "cuisine": null, "takeaway": null, "bicycle": null, "leisure": null, "highway:source": null, "building:levels": null, "note": null, "footway": null, "mapillary": null, "survey:date": null, "tactile_paving": null, "turn:lanes": null, "box_id": 1, "provider": "osmnx" }, "geometry": { "type": "LineString", "coordinates": [ [ -49.2710511, -25.4558196 ], [ -49.2710817, -25.4557337 ], [ -49.271093589400678, -25.455700288180569 ] ] } },
{ "type": "Feature", "properties": { "highway": "secondary", "amenity": null, "healthcare": null, "name": "Rua Doutor Raul Carneiro Filho", "brand": null, "brand:wikidata": null, "shop": null, "maxspeed": null, "addr:city": null, "addr:housenumber": null, "addr:street": null, "office": null, "website": null, "bus": null, "public_transport": null, "shelter": null, "check_date:shelter": null, "recycling:aluminium": null, "recycling:beverage_cartons": null, "recycling:books": null, "recycling:cans": null, "recycling:cardboard": null, "recycling:cartons": null, "recycling:glass": null, "recycling:glass_bottles": null, "recycling:magazines": null, "recycling:newspaper": null, "recycling:paper": null, "recycling:paper_packaging": null, "recycling:plastic": null, "recycling:plastic_bottles": null, "recycling:plastic_packaging": null, "recycling:scrap_metal": null, "recycling_type": null, "contact:email": null, "contact:phone": null, "contact:website": null, "contact:whatsapp": null, "natural": null, "opening_hours": null, "operator": null, "phone": null, "crossing": null, "crossing:signals": null, "crossing:markings": null, "parking_space": null, "addr:postcode": null, "addr:suburb": null, "description": null, "payment:pix": null, "lit": "yes", "oneway": "yes", "surface": "asphalt", "lanes": null, "sidewalk": null, "source": null, "alt_name": null, "foot": null, "smoothness": null, "building": null, "service": null, "bridge": null, "layer": null, "brand:wikipedia": null, "cuisine": null, "takeaway": null, "bicycle": null, "leisure": null, "highway:source": null, "building:levels": null, "note": null, "footway": null, "mapillary": null, "survey:date": null, "tactile_paving": null, "turn:lanes": null, "box_id": 1, "provider": "osmnx" }, "geometry": { "type": "LineString", "coordinates": [ [ -49.2712844, -25.4557686 ], [ -49.2712318, -25.455756 ], [ -49.2711864, -25.4557292 ], [ -49.271161797622327, -25.4557010934261 ] ] } },
{ "type": "Feature", "properties": { "highway": "footway", "amenity": null, "healthcare": null, "name": null, "brand": null, "brand:wikidata": null, "shop": null, "maxspeed": null, "addr:city": null, "addr:housenumber": null, "addr:street": null, "office": null, "website": null, "bus": null, "public_transport": null, "shelter": null, "check_date:shelter": null, "recycling:aluminium": null, "recycling:beverage_cartons": null, "recycling:books": null, "recycling:cans": null, "recycling:cardboard": null, "recycling:cartons": null, "recycling:glass": null, "recycling:glass_bottles": null, "recycling:magazines": null, "recycling:newspaper": null, "recycling:paper": null, "recycling:paper_packaging": null, "recycling:plastic": null, "recycling:plastic_bottles": null, "recycling:plastic_packaging": null, "recycling:scrap_metal": null, "recycling_type": null, "contact:email": null, "contact:phone": null, "contact:website": null, "contact:whatsapp": null, "natural": null, "opening_hours": null, "operator": null, "phone": null, "crossing": null, "crossing:signals": null, "crossing:markings": null, "parking_space": null, "addr:postcode": null, "addr:suburb": null, "description": null, "payment:pix": null, "lit": null, "oneway": null, "surface": null, "lanes": null, "sidewalk": null, "source": null, "alt_name": null, "foot": null, "smoothness": null, "building": null, "service": null, "bridge": null, "layer": null, "brand:wikipedia": null, "cuisine": null, "takeaway": null, "bicycle": null, "leisure": null, "highway:source": null, "building:levels": null, "note": null, "footway": "sidewalk", "mapillary": null, "survey:date": null, "tactile_paving": null, "turn:lanes": null, "box_id": 1, "provider": "osmnx" }, "geometry": { "type": "LineString", "coordinates": [ [ -49.2712723, -25.4557075 ], [ -49.271295026760662, -25.455702666288804 ] ] } },
{ "type": "Feature", "properties": { "highway": "secondary", "amenity": null, "healthcare": null, "name": "Rua Silveira Neto", "brand": null, "brand:wikidata": null, "shop": null, "maxspeed": "30", "addr:city": null, "addr:housenumber": null, "addr:street": null, "office": null, "website": null, "bus": null, "public_transport": null, "shelter": null, "check_date:shelter": null, "recycling:aluminium": null, "recycling:beverage_cartons": null, "recycling:books": null, "recycling:cans": null, "recycling:cardboard": null, "recycling:cartons": null, "recycling:glass": null, "recycling:glass_bottles": null, "recycling:magazines": null, "recycling:newspaper": null, "recycling:paper": null, "recycling:paper_packaging": null, "recycling:plastic": null, "recycling:plastic_bottles": null, "recycling:plastic_packaging": null, "recycling:scrap_metal": null, "recycling_type": null, "contact:email": null, "contact:phone": null, "contact:website": null, "contact:whatsapp": null, "natural": null, "opening_hours": null, "operator": null, "phone": null, "crossing": null, "crossing:signals": null, "crossing:markings": null, "parking_space": null, "addr:postcode": null, "addr:suburb": null, "description": null, "payment:pix": null, "lit": "yes", "oneway": "yes", "surface": "asphalt", "lanes": "2", "sidewalk": null, "source": null, "alt_name": null, "foot": null, "smoothness": null, "building": null, "service": null, "bridge": null, "layer": null, "brand:wikipedia": null, "cuisine": null, "takeaway": null, "bicycle": null, "leisure": null, "highway:source": null, "building:levels": null, "note": null, "footway": null, "mapillary": null, "survey:date": null, "tactile_paving": null, "turn:lanes": "left|through", "box_id": 1, "provider": "osmnx" }, "geometry": { "type": "LineString", "coordinates": [ [ -49.27156214182714, -25.455705819768077 ], [ -49.2712844, -25.4557686 ] ] } },
{ "type": "Feature", "properties": { "highway": "residential", "amenity": null, "healthcare": null, "name": "Rua Jacinto Antunes da Silva", "brand": null, "brand:wikidata": null, "shop": null, "maxspeed": null, "addr:city": null, "addr:housenumber": null, "addr:street": null, "office": null, "website": null, "bus": null, "public_transport": null, "shelter": null, "check_date:shelter": null, "recycling:aluminium": null, "recycling:beverage_cartons": null, "recycling:books": null, "recycling:cans": null, "recycling:cardboard": null, "recycling:cartons": null, "recycling:glass": null, "recycling:glass_bottles": null, "recycling:magazines": null, "recycling:newspaper": null, "recycling:paper": null, "recycling:paper_packaging": null, "recycling:plastic": null, "recycling:plastic_bottles": null, "recycling:plastic_packaging": null, "recycling:scrap_metal": null, "recycling_type": null, "contact:email": null, "contact:phone": null, "contact:website": null, "contact:whatsapp": null, "natural": null, "opening_hours": null, "operator": null, "phone": null, "crossing": null, "crossing:signals": null, "crossing:markings": null, "parking_space": null, "addr:postcode": null, "addr:suburb": null, "description": null, "payment:pix": null, "lit": null, "oneway": "yes", "surface": "asphalt", "lanes": null, "sidewalk": null, "source": null, "alt_name": null, "foot": null, "smoothness": null, "building": null, "service": null, "bridge": null, "layer": null, "brand:wikipedia": null, "cuisine": null, "takeaway": null, "bicycle": null, "leisure": null, "highway:source": null, "building:levels": null, "note": null, "footway": null, "mapillary": null, "survey:date": null, "tactile_paving": null, "turn:lanes": null, "box_id": 1, "provider": "osmnx" }, "geometry": { "type": "LineString", "coordinates": [ [ -49.272030780844638, -25.455711352377854 ], [ -49.272067120734697, -25.456138531493643 ] ] } },
{ "type": "Feature", "properties": { "highway": "footway", "amenity": null, "healthcare": null, "name": null, "brand": null, "brand:wikidata": null, "shop": null, "maxspeed": null, "addr:city": null, "addr:housenumber": null, "addr:street": null, "office": null, "website": null, "bus": null, "public_transport": null, "shelter": null, "check_date:shelter": null, "recycling:aluminium": null, "recycling:beverage_cartons": null, "recycling:books": null, "recycling:cans": null, "recycling:cardboard": null, "recycling:cartons": null, "recycling:glass": null, "recycling:glass_bottles": null, "recycling:magazines": null, "recycling:newspaper": null, "recycling:paper": null, "recycling:paper_packaging": null, "recycling:plastic": null, "recycling:plastic_bottles": null, "recycling:plastic_packaging": null, "recycling:scrap_metal": null, "recycling_type": null, "contact:email": null, "contact:phone": null, "contact:website": null, "contact:whatsapp": null, "natural": null, "opening_hours": null, "operator": null, "phone": null, "crossing": null, "crossing:signals": null, "crossing:markings": null, "parking_space": null, "addr:postcode": null, "addr:suburb": null, "description": null, "payment:pix": null, "lit": null, "oneway": null, "surface": null, "lanes": null, "sidewalk": null, "source": null, "alt_name": null, "foot": null, "smoothness": null, "building": null, "service": null, "bridge": null, "layer": null, "brand:wikipedia": null, "cuisine": null, "takeaway": null, "bicycle": null, "leisure": null, "highway:source": null, "building:levels": null, "note": null, "footway": "sidewalk", "mapillary": null, "survey:date": null, "tactile_paving": null, "turn:lanes": null, "box_id": 1, "provider": "osmnx" }, "geometry": { "type": "LineString", "coordinates": [ [ -49.271258145703307, -25.455702230882252 ], [ -49.2712723, -25.4557075 ] ] } },
{ "type": "Feature", "properties": { "highway": "secondary", "amenity": null, "healthcare": null, "name": "Rua Brigadeiro Franco", "brand": null, "brand:wikidata": null, "shop": null, "maxspeed": "50", "addr:city": null, "addr:housenumber": null, "addr:street": null, "office": null, "website": null, "bus": null, "public_transport": null, "shelter": null, "check_date:shelter": null, "recycling:aluminium": null, "recycling:beverage_cartons": null, "recycling:books": null, "recycling:cans": null, "recycling:cardboard": null, "recycling:cartons": null, "recycling:glass": null, "recycling:glass_bottles": null, "recycling:magazines": null, "recycling:newspaper": null, "recycling:paper": null, "recycling:paper_packaging": null, "recycling:plastic": null, "recycling:plastic_bottles": null, "recycling:plastic_packaging": null, "recycling:scrap_metal": null, "recycling_type": null, "contact:email": null, "contact:phone": null, "contact:website": null, "contact:whatsapp": null, "natural": null, "opening_hours": null, "operator": null, "phone": null, "crossing": null, "crossing:signals": null, "crossing:markings": null, "parking_space": null, "addr:postcode": null, "addr:suburb": null, "description": null, "payment:pix": null, "lit": "yes", "oneway": "yes", "surface": "asphalt", "lanes": "3", "sidewalk": "both", "source": "Bing", "alt_name": null, "foot": null, "smoothness": null, "building": null, "service": null, "bridge": null, "layer": null, "brand:wikipedia": null, "cuisine": null, "takeaway": null, "bicycle": null, "leisure": null, "highway:source": null, "building:levels": null, "note": null, "footway": null, "mapillary": null, "survey:date": null, "tactile_paving": null, "turn:lanes": null, "box_id": 1, "provider": "osmnx" }, "geometry": { "type": "LineString", "coordinates": [ [ -49.2693084, -25.4570025 ], [ -49.2693344, -25.4569452 ], [ -49.2693763, -25.4568544 ], [ -49.2697196, -25.4561114 ], [ -49.26991598549273, -25.455686385746819 ] ] } },
{ "type": "Feature", "properties": { "highway": "footway", "amenity": null, "healthcare": null, "name": null, "brand": null, "brand:wikidata": null, "shop": null, "maxspeed": null, "addr:city": null, "addr:housenumber": null, "addr:street": null, "office": null, "website": null, "bus": null, "public_transport": null, "shelter": null, "check_date:shelter": null, "recycling:aluminium": null, "recycling:beverage_cartons": null, "recycling:books": null, "recycling:cans": null, "recycling:cardboard": null, "recycling:cartons": null, "recycling:glass": null, "recycling:glass_bottles": null, "recycling:magazines": null, "recycling:newspaper": null, "recycling:paper": null, "recycling:paper_packaging": null, "recycling:plastic": null, "recycling:plastic_bottles": null, "recycling:plastic_packaging": null, "recycling:scrap_metal": null, "recycling_type": null, "contact:email": null, "contact:phone": null, "contact:website": null, "contact:whatsapp": null, "natural": null, "opening_hours": null, "operator": null, "phone": null, "crossing": null, "crossing:signals": null, "crossing:markings": null, "parking_space": null, "addr:postcode": null, "addr:suburb": null, "description": null, "payment:pix": null, "lit": null, "oneway": null, "surface": null, "lanes": null, "sidewalk": null, "source": null, "alt_name": null, "foot": null, "smoothness": null, "building": null, "service": null, "bridge": null, "layer": null, "brand:wikipedia": null, "cuisine": null, "takeaway": null, "bicycle": null, "leisure": null, "highway:source": null, "building:levels": null, "note": null, "footway": "crossing", "mapillary": null, "survey:date": null, "tactile_paving": null, "turn:lanes": null, "box_id": 1, "provider": "osmnx" }, "geometry": { "type": "LineString", "coordinates": [ [ -49.270944, -25.4558898 ], [ -49.2709472, -25.4558751 ], [ -49.2709545, -25.4558409 ], [ -49.2709617, -25.4558068 ], [ -49.2709649, -25.4557921 ] ] } },
{ "type": "Feature", "properties": { "highway": "footway", "amenity": null, "healthcare": null, "name": null, "brand": null, "brand:wikidata": null, "shop": null, "maxspeed": null, "addr:city": null, "addr:housenumber": null, "addr:street": null, "office": null, "website": null, "bus": null, "public_transport": null, "shelter": null, "check_date:shelter": null, "recycling:aluminium": null, "recycling:beverage_cartons": null, "recycling:books": null, "recycling:cans": null, "recycling:cardboard": null, "recycling:cartons": null, "recycling:glass": null, "recycling:glass_bottles": null, "recycling:magazines": null, "recycling:newspaper": null, "recycling:paper": null, "recycling:paper_packaging": null, "recycling:plastic": null, "recycling:plastic_bottles": null, "recycling:plastic_packaging": null, "recycling:scrap_metal": null, "recycling_type": null, "contact:email": null, "contact:phone": null, "contact:website": null, "contact:whatsapp": null, "natural": null, "opening_hours": null, "operator": null, "phone": null, "crossing": null, "crossing:signals": null, "crossing:markings": null, "parking_space": null, "addr:postcode": null, "addr:suburb": null, "description": null, "payment:pix": null, "lit": null, "oneway": null, "surface": null, "lanes": null, "sidewalk": null, "source": null, "alt_name": null, "foot": null, "smoothness": null, "building": null, "service": null, "bridge": null, "layer": null, "brand:wikipedia": null, "cuisine": null, "takeaway": null, "bicycle": null, "leisure": null, "highway:source": null, "building:levels": null, "note": null, "footway": "sidewalk", "mapillary": null, "survey:date": null, "tactile_paving": null, "turn:lanes": null, "box_id": 1, "provider": "osmnx" }, "geometry": { "type": "LineString", "coordinates": [ [ -49.270698, -25.4558508 ], [ -49.2709649, -25.4557921 ], [ -49.2709912, -25.4557863 ], [ -49.2710054, -25.4557816 ], [ -49.2710128, -25.4557754 ], [ -49.2710175, -25.4557673 ] ] } },
{ "type": "Feature", "properties": { "highway": "footway", "amenity": null, "healthcare": null, "name": null, "brand": null, "brand:wikidata": null, "shop": null, "maxspeed": null, "addr:city": null, "addr:housenumber": null, "addr:street": null, "office": null, "website": null, "bus": null, "public_transport": null, "shelter": null, "check_date:shelter": null, "recycling:aluminium": null, "recycling:beverage_cartons": null, "recycling:books": null, "recycling:cans": null, "recycling:cardboard": null, "recycling:cartons": null, "recycling:glass": null, "recycling:glass_bottles": null, "recycling:magazines": null, "recycling:newspaper": null, "recycling:paper": null, "recycling:paper_packaging": null, "recycling:plastic": null, "recycling:plastic_bottles": null, "recycling:plastic_packaging": null, "recycling:scrap_metal": null, "recycling_type": null, "contact:email": null, "contact:phone": null, "contact:website": null, "contact:whatsapp": null, "natural": null, "opening_hours": null, "operator": null, "phone": null, "crossing": null, "crossing:signals": null, "crossing:markings": null, "parking_space": null, "addr:postcode": null, "addr:suburb": null, "description": null, "payment:pix": null, "lit": null, "oneway": null, "surface": null, "lanes": null, "sidewalk": null, "source": null, "alt_name": null, "foot": null, "smoothness": null, "building": null, "service": null, "bridge": null, "layer": null, "brand:wikipedia": null, "cuisine": null, "takeaway": null, "bicycle": null, "leisure": null, "highway:source": null, "building:levels": null, "note": null, "footway": "sidewalk", "mapillary": null, "survey:date": null, "tactile_paving": null, "turn:lanes": null, "box_id": 1, "provider": "osmnx" }, "geometry": { "type": "LineString", "coordinates": [ [ -49.2710175, -25.4557673 ], [ -49.271025, -25.4557461 ], [ -49.271041538966344, -25.455699673688965 ] ] } },
{ "type": "Feature", "properties": { "highway": "secondary", "amenity": null, "healthcare": null, "name": "Rua Lamenha Lins", "brand": null, "brand:wikidata": null, "shop": null, "maxspeed": "50", "addr:city": null, "addr:housenumber": null, "addr:street": null, "office": null, "website": null, "bus": null, "public_transport": null, "shelter": null, "check_date:shelter": null, "recycling:aluminium": null, "recycling:beverage_cartons": null, "recycling:books": null, "recycling:cans": null, "recycling:cardboard": null, "recycling:cartons": null, "recycling:glass": null, "recycling:glass_bottles": null, "recycling:magazines": null, "recycling:newspaper": null, "recycling:paper": null, "recycling:paper_packaging": null, "recycling:plastic": null, "recycling:plastic_bottles": null, "recycling:plastic_packaging": null, "recycling:scrap_metal": null, "recycling_type": null, "contact:email": null, "contact:phone": null, "contact:website": null, "contact:whatsapp": null, "natural": null, "opening_hours": null, "operator": null, "phone": null, "crossing": null, "crossing:signals": null, "crossing:markings": null, "parking_space": null, "addr:postcode": null, "addr:suburb": null, "description": null, "payment:pix": null, "lit": "yes", "oneway": "yes", "surface": "asphalt", "lanes": null, "sidewalk": null, "source": null, "alt_name": null, "foot": null, "smoothness": null, "building": null, "service": null, "bridge": null, "layer": null, "brand:wikipedia": null, "cuisine": null, "takeaway": null, "bicycle": null, "leisure": null, "highway:source": null, "building:levels": null, "note": null, "footway": null, "mapillary": null, "survey:date": null, "tactile_paving": null, "turn:lanes": null, "box_id": 1, "provider": "osmnx" }, "geometry": { "type": "LineString", "coordinates": [ [ -49.267992287848152, -25.455663675157222 ], [ -49.2679759, -25.4556975 ], [ -49.2679417, -25.4557681 ] ] } }
]
}
