{
"type": "FeatureCollection",
"name": "curitiba_protoblocks",
"crs": { "type": "name", "properties": { "name": "urn:ogc:def:crs:EPSG::32722" } },
"features": [
{ "type": "Feature", "properties": { }, "geometry": { "type": "Polygon", "coordinates": [ [ [ 674208.3151, 7185216.076999999582767 ], [ 674203.7966, 7185227.546699999831617 ], [ 674263.9349, 7185251.802899999544024 ], [ 674288.29570000001695, 7185261.623200000263751 ], [ 674333.285999999963678, 7185279.772300000302494 ], [ 674369.2661, 7185294.282700000330806 ], [ 674450.237100000027567, 7185326.9528 ], [ 674455.121700000017881, 7185315.024000000208616 ], [ 674432.308599999989383, 7185305.88190000038594 ], [ 674308.788700000033714, 7185256.360399999655783 ], [ 674278.8064, 7185244.342000000178814 ], [ 674269.058300000033341, 7185240.436099999584258 ], [ 674208.3151, 7185216.076999999582767 ] ] ] } },
{ "type": "Feature", "properties": { }, "geometry": { "type": "Polygon", "coordinates": [ [ [ 674203.7966, 7185227.546699999831617 ], [ 674208.3151, 7185216.076999999582767 ], [ 674269.058300000033341, 7185240.436099999584258 ], [ 674278.8064, 7185244.342000000178814 ], [ 674308.788700000033714, 7185256.360399999655783 ], [ 674432.308599999989383, 7185305.88190000038594 ], [ 674455.121700000017881, 7185315.024000000208616 ], [ 674484.234799999976531, 7185326.698800000362098 ], [ 674553.726200000033714, 7185354.565499999560416 ], [ 674581.949499999987893, 7185365.875 ], [ 674603.387600000016391, 7185374.4698 ], [ 674629.386300000012852, 7185384.888600000180304 ], [ 674660.855899999965914, 7185397.50719999987632 ], [ 674678.8861, 7185404.728199999779463 ], [ 674690.4852, 7185409.396300000138581 ], [ 674693.747800000011921, 7185401.931200000457466 ], [ 674697.8702, 7185392.5049 ], [ 674727.781300000031479, 7185324.1146 ], [ 674735.031700000050478, 7185327.011300000362098 ], [ 674736.103600000031292, 7185327.440499999560416 ], [ 674872.507699999958277, 7185382.00829999987036 ], [ 674884.8345, 7185386.9326 ], [ 674882.395099999965169, 7185396.580699999816716 ], [ 674865.0037, 7185465.350999999791384 ], [ 674859.437900000018999, 7185484.42339999973774 ], [ 674879.964099999982864, 7185493.262400000356138 ], [ 674911.679299999959767, 7185506.929700000211596 ], [ 674915.13910000002943, 7185508.413499999791384 ], [ 674973.01966640597675, 7185456.651513761840761 ], [ 674969.524699999950826, 7185188.72759999986738 ], [ 672957.994599999976344, 7185214.826000000350177 ], [ 672986.56050000002142, 7187430.160699999891222 ], [ 673008.251697827829048, 7187429.879476839676499 ], [ 673121.325061100069433, 7187428.413497467525303 ], [ 673084.344700000016019, 7187279.75 ], [ 673063.1973, 7187194.751500000245869 ], [ 673045.8062, 7187124.848799999803305 ], [ 673044.2563, 7187118.565100000239909 ], [ 673014.290200000046752, 7187119.715900000184774 ], [ 673041.699799999943934, 7187108.3394 ], [ 673040.787600000039674, 7187104.6952 ], [ 673023.502800000016578, 7187035.2122 ], [ 673011.725100000039674, 7186987.88150000013411 ], [ 673010.005800000042655, 7186980.9353 ], [ 673034.347199999960139, 7186955.56180000025779 ], [ 673072.010499999974854, 7186916.290199999697506 ], [ 673068.0335999999661, 7186909.8163 ], [ 673061.6215, 7186899.407599999569356 ], [ 673027.8652, 7186844.550099999643862 ], [ 673000.29500000004191, 7186799.738599999807775 ], [ 673028.28159999998752, 7186726.281600000336766 ], [ 673077.335199999972247, 7186597.525899999774992 ], [ 673112.414600000018254, 7186505.4539 ], [ 673108.014700000057928, 7186503.61629999987781 ], [ 672994.365800000028685, 7186456.170599999837577 ], [ 673053.164100000052713, 7186315.512699999846518 ], [ 673104.573899999959394, 7186192.542500000447035 ], [ 673119.299699999974109, 7186157.311099999584258 ], [ 673124.6215, 7186145.621000000275671 ], [ 673130.407299999962561, 7186132.4737 ], [ 673160.762699999962933, 7186061.899299999698997 ], [ 672991.862500000046566, 7185991.3926 ], [ 673048.09340000001248, 7185856.993700000457466 ], [ 673151.957700000028126, 7185752.356999999843538 ], [ 673116.5133, 7185717.751000000163913 ], [ 673048.436699999962002, 7185651.272099999710917 ], [ 673012.8602, 7185616.5236 ], [ 672994.1017, 7185598.009600000455976 ], [ 672978.2315, 7185582.704400000162423 ], [ 673014.561499999952503, 7185544.878999999724329 ], [ 673049.74, 7185508.264700000174344 ], [ 673045.258099999977276, 7185503.94649999961257 ], [ 672961.873499999986961, 7185423.5176 ], [ 673027.5625, 7185356.5313 ], [ 673049.862199999974109, 7185333.776200000196695 ], [ 673069.1864, 7185336.119199999608099 ], [ 673173.686800000024959, 7185379.228199999779463 ], [ 673198.7881, 7185389.583700000308454 ], [ 673233.324999999953434, 7185403.8277000002563 ], [ 673296.958100000047125, 7185430.059299999848008 ], [ 673306.869399999966845, 7185434.163200000301003 ], [ 673380.749399999971502, 7185260.139000000432134 ], [ 673386.0109, 7185247.729500000365078 ], [ 673435.852700000046752, 7185268.555100000463426 ], [ 673448.727900000056252, 7185273.939000000245869 ], [ 673495.869500000029802, 7185293.636099999770522 ], [ 673603.1901, 7185338.466799999587238 ], [ 673658.515099999960512, 7185209.394100000150502 ], [ 673659.667200000025332, 7185206.698099999688566 ], [ 673696.409800000023097, 7185221.9095 ], [ 673703.606900000013411, 7185224.597 ], [ 673753.451099999947473, 7185244.79 ], [ 673759.772, 7185247.400100000202656 ], [ 673761.792999999946915, 7185238.787999999709427 ], [ 673763.632600000011735, 7185230.931699999608099 ], [ 673845.353699999977835, 7185264.204900000244379 ], [ 673883.055999999982305, 7185279.702399999834597 ], [ 673908.065300000016578, 7185289.913800000213087 ], [ 673968.402600000030361, 7185314.0247 ], [ 674128.072799999965355, 7185379.620199999772012 ], [ 674141.150000000023283, 7185385.034 ], [ 674142.643399999942631, 7185381.513799999840558 ], [ 674165.589599999948405, 7185327.3405 ], [ 674178.7524, 7185284.3618 ], [ 674203.7966, 7185227.546699999831617 ] ] ] } },
{ "type": "Feature", "properties": { }, "geometry": { "type": "Polygon", "coordinates": [ [ [ 674203.7966, 7185227.546699999831617 ], [ 674178.7524, 7185284.3618 ], [ 674165.589599999948405, 7185327.3405 ], [ 674142.643399999942631, 7185381.513799999840558 ], [ 674141.150000000023283, 7185385.034 ], [ 674214.242500000051223, 7185414.473199999891222 ], [ 674254.2487, 7185430.693099999800324 ], [ 674384.365600000019185, 7185483.818599999882281 ], [ 674435.724999999976717, 7185505.097400000318885 ], [ 674442.538199999951757, 7185504.543399999849498 ], [ 674460.080599999986589, 7185503.650500000454485 ], [ 674466.439699999988079, 7185502.216199999675155 ], [ 674472.982199999969453, 7185499.416799999773502 ], [ 674477.215899999951944, 7185496.215400000102818 ], [ 674479.76569999998901, 7185491.163599999621511 ], [ 674485.882899999967776, 7185474.23340000025928 ], [ 674488.380400000023656, 7185458.978900000452995 ], [ 674488.593, 7185455.220499999821186 ], [ 674489.486400000052527, 7185439.6102 ], [ 674489.530999999959022, 7185429.118200000375509 ], [ 674487.902499999967404, 7185424.575000000186265 ], [ 674484.695199999958277, 7185419.287899999879301 ], [ 674477.539100000052713, 7185414.3624 ], [ 674433.199499999987893, 7185396.792500000447035 ], [ 674424.486900000018068, 7185389.748999999836087 ], [ 674428.5431, 7185379.8695 ], [ 674450.237100000027567, 7185326.9528 ], [ 674369.2661, 7185294.282700000330806 ], [ 674333.285999999963678, 7185279.772300000302494 ], [ 674288.29570000001695, 7185261.623200000263751 ], [ 674263.9349, 7185251.802899999544024 ], [ 674203.7966, 7185227.546699999831617 ] ] ] } },
{ "type": "Feature", "properties": { }, "geometry": { "type": "Polygon", "coordinates": [ [ [ 674121.582999999984168, 7185395.003999999724329 ], [ 674055.926300000050105, 7185368.0049 ], [ 673962.066400000010617, 7185329.627999999560416 ], [ 673960.838499999954365, 7185332.67949999962002 ], [ 673917.051199999987148, 7185441.3744 ], [ 673907.402699999976903, 7185465.307400000281632 ], [ 673945.827599999960512, 7185481.393699999898672 ], [ 673975.594799999962561, 7185493.880900000222027 ], [ 673990.523999999975786, 7185500.145999999716878 ], [ 674063.005499999970198, 7185530.546699999831617 ], [ 674069.307000000029802, 7185533.1902 ], [ 674127.154899999964982, 7185400.349100000225008 ], [ 674128.2881, 7185397.753100000321865 ], [ 674121.582999999984168, 7185395.003999999724329 ] ] ] } },
{ "type": "Feature", "properties": { }, "geometry": { "type": "Polygon", "coordinates": [ [ [ 673962.066400000010617, 7185329.627999999560416 ], [ 674055.926300000050105, 7185368.0049 ], [ 674121.582999999984168, 7185395.003999999724329 ], [ 674128.2881, 7185397.753100000321865 ], [ 674135.475800000014715, 7185391.17879999987781 ], [ 674141.150000000023283, 7185385.034 ], [ 674128.072799999965355, 7185379.620199999772012 ], [ 673968.402600000030361, 7185314.0247 ], [ 673965.010200000018813, 7185322.366600000299513 ], [ 673962.066400000010617, 7185329.627999999560416 ] ] ] } },
{ "type": "Feature", "properties": { }, "geometry": { "type": "Polygon", "coordinates": [ [ [ 674141.150000000023283, 7185385.034 ], [ 674135.475800000014715, 7185391.17879999987781 ], [ 674128.2881, 7185397.753100000321865 ], [ 674235.581800000043586, 7185441.80379999987781 ], [ 674246.889899999951012, 7185447.318 ], [ 674256.669400000013411, 7185452.0877 ], [ 674278.4839, 7185461.010499999858439 ], [ 674312.545599999953993, 7185474.947800000198185 ], [ 674330.052000000025146, 7185482.120799999684095 ], [ 674337.8347, 7185484.955400000326335 ], [ 674377.971600000048056, 7185499.589100000448525 ], [ 674472.939099999959581, 7185538.62459999974817 ], [ 674491.599000000045635, 7185546.303000000305474 ], [ 674504.481999999959953, 7185551.453099999576807 ], [ 674598.76879999996163, 7185589.144999999552965 ], [ 674609.92249999998603, 7185593.58629999961704 ], [ 674613.302400000044145, 7185585.853799999691546 ], [ 674616.282, 7185579.04590000025928 ], [ 674603.87320000003092, 7185574.011599999852479 ], [ 674554.820799999986775, 7185553.800300000235438 ], [ 674510.9083999999566, 7185535.859400000423193 ], [ 674479.307099999976344, 7185523.18680000025779 ], [ 674435.724999999976717, 7185505.097400000318885 ], [ 674384.365600000019185, 7185483.818599999882281 ], [ 674254.2487, 7185430.693099999800324 ], [ 674214.242500000051223, 7185414.473199999891222 ], [ 674141.150000000023283, 7185385.034 ] ] ] } },
{ "type": "Feature", "properties": { }, "geometry": { "type": "Polygon", "coordinates": [ [ [ 674377.971600000048056, 7185499.589100000448525 ], [ 674337.8347, 7185484.955400000326335 ], [ 674330.052000000025146, 7185482.120799999684095 ], [ 674312.545599999953993, 7185474.947800000198185 ], [ 674278.4839, 7185461.010499999858439 ], [ 674256.669400000013411, 7185452.0877 ], [ 674246.889899999951012, 7185447.318 ], [ 674235.581800000043586, 7185441.80379999987781 ], [ 674234.185000000055879, 7185445.0126 ], [ 674215.627199999988079, 7185487.762299999594688 ], [ 674201.29839999997057, 7185520.7522 ], [ 674176.4695, 7185577.929999999701977 ], [ 674202.0492, 7185588.621000000275671 ], [ 674304.034899999969639, 7185631.255699999630451 ], [ 674321.260099999955855, 7185638.4545 ], [ 674345.526300000026822, 7185579.045699999667704 ], [ 674360.725499999942258, 7185541.834499999880791 ], [ 674376.567900000023656, 7185503.0417 ], [ 674377.971600000048056, 7185499.589100000448525 ] ] ] } },
{ "type": "Feature", "properties": { }, "geometry": { "type": "Polygon", "coordinates": [ [ [ 674424.486900000018068, 7185389.748999999836087 ], [ 674433.199499999987893, 7185396.792500000447035 ], [ 674477.539100000052713, 7185414.3624 ], [ 674484.695199999958277, 7185419.287899999879301 ], [ 674487.902499999967404, 7185424.575000000186265 ], [ 674489.530999999959022, 7185429.118200000375509 ], [ 674489.486400000052527, 7185439.6102 ], [ 674488.593, 7185455.220499999821186 ], [ 674488.380400000023656, 7185458.978900000452995 ], [ 674485.882899999967776, 7185474.23340000025928 ], [ 674479.76569999998901, 7185491.163599999621511 ], [ 674477.215899999951944, 7185496.215400000102818 ], [ 674472.982199999969453, 7185499.416799999773502 ], [ 674466.439699999988079, 7185502.216199999675155 ], [ 674460.080599999986589, 7185503.650500000454485 ], [ 674442.538199999951757, 7185504.543399999849498 ], [ 674435.724999999976717, 7185505.097400000318885 ], [ 674479.307099999976344, 7185523.18680000025779 ], [ 674510.9083999999566, 7185535.859400000423193 ], [ 674554.820799999986775, 7185553.800300000235438 ], [ 674603.87320000003092, 7185574.011599999852479 ], [ 674616.282, 7185579.04590000025928 ], [ 674617.473699999973178, 7185576.316200000233948 ], [ 674620.7659, 7185568.795199999585748 ], [ 674681.556499999947846, 7185429.797600000165403 ], [ 674685.1126, 7185421.686099999584258 ], [ 674674.34250000002794, 7185417.339499999769032 ], [ 674638.482899999944493, 7185402.872600000351667 ], [ 674584.42070000001695, 7185381.064799999818206 ], [ 674489.908500000019558, 7185342.943799999542534 ], [ 674450.237100000027567, 7185326.9528 ], [ 674428.5431, 7185379.8695 ], [ 674424.486900000018068, 7185389.748999999836087 ] ] ] } },
{ "type": "Feature", "properties": { }, "geometry": { "type": "Polygon", "coordinates": [ [ [ 673763.632600000011735, 7185230.931699999608099 ], [ 673761.792999999946915, 7185238.787999999709427 ], [ 673759.772, 7185247.400100000202656 ], [ 673826.103699999977835, 7185274.580299999564886 ], [ 673876.251200000056997, 7185294.8575 ], [ 673878.041199999977835, 7185295.5877 ], [ 673915.378099999972619, 7185310.823900000192225 ], [ 673962.066400000010617, 7185329.627999999560416 ], [ 673965.010200000018813, 7185322.366600000299513 ], [ 673968.402600000030361, 7185314.0247 ], [ 673908.065300000016578, 7185289.913800000213087 ], [ 673883.055999999982305, 7185279.702399999834597 ], [ 673845.353699999977835, 7185264.204900000244379 ], [ 673763.632600000011735, 7185230.931699999608099 ] ] ] } },
{ "type": "Feature", "properties": { }, "geometry": { "type": "Polygon", "coordinates": [ [ [ 673759.772, 7185247.400100000202656 ], [ 673753.451099999947473, 7185244.79 ], [ 673703.606900000013411, 7185224.597 ], [ 673696.409800000023097, 7185221.9095 ], [ 673659.667200000025332, 7185206.698099999688566 ], [ 673658.515099999960512, 7185209.394100000150502 ], [ 673603.1901, 7185338.466799999587238 ], [ 673643.646700000041164, 7185355.3695 ], [ 673698.162600000039674, 7185378.183299999684095 ], [ 673704.897800000035204, 7185380.932099999859929 ], [ 673721.476099999970756, 7185340.579699999652803 ], [ 673758.8554, 7185249.638799999840558 ], [ 673759.772, 7185247.400100000202656 ] ] ] } },
{ "type": "Feature", "properties": { }, "geometry": { "type": "Polygon", "coordinates": [ [ [ 673962.066400000010617, 7185329.627999999560416 ], [ 673915.378099999972619, 7185310.823900000192225 ], [ 673878.041199999977835, 7185295.5877 ], [ 673876.251200000056997, 7185294.8575 ], [ 673826.103699999977835, 7185274.580299999564886 ], [ 673759.772, 7185247.400100000202656 ], [ 673758.8554, 7185249.638799999840558 ], [ 673721.476099999970756, 7185340.579699999652803 ], [ 673704.897800000035204, 7185380.932099999859929 ], [ 673767.818699999945238, 7185407.2483 ], [ 673800.508000000030734, 7185420.905600000172853 ], [ 673815.537800000049174, 7185427.18059999961406 ], [ 673826.370099999941885, 7185431.704300000332296 ], [ 673854.589099999982864, 7185443.5027 ], [ 673907.402699999976903, 7185465.307400000281632 ], [ 673917.051199999987148, 7185441.3744 ], [ 673960.838499999954365, 7185332.67949999962002 ], [ 673962.066400000010617, 7185329.627999999560416 ] ] ] } },
{ "type": "Feature", "properties": { }, "geometry": { "type": "Polygon", "coordinates": [ [ [ 673907.402699999976903, 7185465.307400000281632 ], [ 673854.589099999982864, 7185443.5027 ], [ 673826.370099999941885, 7185431.704300000332296 ], [ 673815.537800000049174, 7185427.18059999961406 ], [ 673800.508000000030734, 7185420.905600000172853 ], [ 673767.818699999945238, 7185407.2483 ], [ 673704.897800000035204, 7185380.932099999859929 ], [ 673699.768099999986589, 7185393.406600000336766 ], [ 673726.035000000032596, 7185404.3997 ], [ 673742.399800000013784, 7185411.2336 ], [ 673793.770099999965169, 7185432.7029 ], [ 673809.669600000022911, 7185439.332299999892712 ], [ 673824.9018, 7185445.7045 ], [ 673838.697700000018813, 7185451.4638 ], [ 673902.374199999962002, 7185477.813900000415742 ], [ 673907.402699999976903, 7185465.307400000281632 ] ] ] } },
{ "type": "Feature", "properties": { }, "geometry": { "type": "Polygon", "coordinates": [ [ [ 673902.374199999962002, 7185477.813900000415742 ], [ 673838.697700000018813, 7185451.4638 ], [ 673824.9018, 7185445.7045 ], [ 673809.669600000022911, 7185439.332299999892712 ], [ 673793.770099999965169, 7185432.7029 ], [ 673789.335500000044703, 7185442.919499999843538 ], [ 673715.946699999971315, 7185611.8437 ], [ 673733.789699999964796, 7185619.389700000174344 ], [ 673793.956, 7185644.977099999785423 ], [ 673814.510499999974854, 7185653.7176 ], [ 673829.0161, 7185659.8887 ], [ 673843.567200000048615, 7185623.783300000242889 ], [ 673857.835100000025705, 7185588.346300000324845 ], [ 673902.374199999962002, 7185477.813900000415742 ] ] ] } },
{ "type": "Feature", "properties": { }, "geometry": { "type": "Polygon", "coordinates": [ [ [ 673793.770099999965169, 7185432.7029 ], [ 673742.399800000013784, 7185411.2336 ], [ 673726.035000000032596, 7185404.3997 ], [ 673699.768099999986589, 7185393.406600000336766 ], [ 673625.768099999986589, 7185573.46100000012666 ], [ 673638.584200000041164, 7185578.911899999715388 ], [ 673660.585100000025705, 7185588.276499999687076 ], [ 673681.685799999977462, 7185597.2538 ], [ 673693.713100000051782, 7185602.382500000298023 ], [ 673703.17090000002645, 7185606.403400000184774 ], [ 673715.946699999971315, 7185611.8437 ], [ 673789.335500000044703, 7185442.919499999843538 ], [ 673793.770099999965169, 7185432.7029 ] ] ] } },
{ "type": "Feature", "properties": { }, "geometry": { "type": "Polygon", "coordinates": [ [ [ 674063.005499999970198, 7185530.546699999831617 ], [ 673990.523999999975786, 7185500.145999999716878 ], [ 673975.594799999962561, 7185493.880900000222027 ], [ 673945.827599999960512, 7185481.393699999898672 ], [ 673907.402699999976903, 7185465.307400000281632 ], [ 673902.374199999962002, 7185477.813900000415742 ], [ 673970.4046, 7185506.322999999858439 ], [ 674002.083600000012666, 7185519.6162 ], [ 674057.653399999951944, 7185542.9134 ], [ 674063.92449999996461, 7185545.54619999974966 ], [ 674069.307000000029802, 7185533.1902 ], [ 674063.005499999970198, 7185530.546699999831617 ] ] ] } },
{ "type": "Feature", "properties": { }, "geometry": { "type": "Polygon", "coordinates": [ [ [ 673970.4046, 7185506.322999999858439 ], [ 673902.374199999962002, 7185477.813900000415742 ], [ 673857.835100000025705, 7185588.346300000324845 ], [ 673843.567200000048615, 7185623.783300000242889 ], [ 673829.0161, 7185659.8887 ], [ 673894.696499999961816, 7185687.874699999578297 ], [ 673966.804400000022724, 7185514.944500000216067 ], [ 673970.4046, 7185506.322999999858439 ] ] ] } },
{ "type": "Feature", "properties": { }, "geometry": { "type": "Polygon", "coordinates": [ [ [ 674057.653399999951944, 7185542.9134 ], [ 674002.083600000012666, 7185519.6162 ], [ 673970.4046, 7185506.322999999858439 ], [ 673966.804400000022724, 7185514.944500000216067 ], [ 673894.696499999961816, 7185687.874699999578297 ], [ 673970.946699999971315, 7185720.26549999974668 ], [ 673979.4438, 7185723.8777 ], [ 673985.189400000032037, 7185726.318 ], [ 673990.01500000001397, 7185715.232200000435114 ], [ 674063.92449999996461, 7185545.54619999974966 ], [ 674057.653399999951944, 7185542.9134 ] ] ] } },
{ "type": "Feature", "properties": { }, "geometry": { "type": "Polygon", "coordinates": [ [ [ 674235.581800000043586, 7185441.80379999987781 ], [ 674128.2881, 7185397.753100000321865 ], [ 674127.154899999964982, 7185400.349100000225008 ], [ 674069.307000000029802, 7185533.1902 ], [ 674121.45719999994617, 7185554.980600000359118 ], [ 674176.4695, 7185577.929999999701977 ], [ 674201.29839999997057, 7185520.7522 ], [ 674215.627199999988079, 7185487.762299999594688 ], [ 674234.185000000055879, 7185445.0126 ], [ 674235.581800000043586, 7185441.80379999987781 ] ] ] } },
{ "type": "Feature", "properties": { }, "geometry": { "type": "Polygon", "coordinates": [ [ [ 674176.4695, 7185577.929999999701977 ], [ 674121.45719999994617, 7185554.980600000359118 ], [ 674069.307000000029802, 7185533.1902 ], [ 674063.92449999996461, 7185545.54619999974966 ], [ 674099.133099999977276, 7185560.266900000162423 ], [ 674171.087399999960326, 7185590.308299999684095 ], [ 674176.4695, 7185577.929999999701977 ] ] ] } },
{ "type": "Feature", "properties": { }, "geometry": { "type": "Polygon", "coordinates": [ [ [ 674171.087399999960326, 7185590.308299999684095 ], [ 674099.133099999977276, 7185560.266900000162423 ], [ 674063.92449999996461, 7185545.54619999974966 ], [ 673990.01500000001397, 7185715.232200000435114 ], [ 673985.189400000032037, 7185726.318 ], [ 674089.117100000032224, 7185770.5356 ], [ 674096.047400000039488, 7185763.488300000317395 ], [ 674104.187599999946542, 7185744.260900000110269 ], [ 674171.087399999960326, 7185590.308299999684095 ] ] ] } },
{ "type": "Feature", "properties": { }, "geometry": { "type": "Polygon", "coordinates": [ [ [ 674171.087399999960326, 7185590.308299999684095 ], [ 674104.187599999946542, 7185744.260900000110269 ], [ 674096.047400000039488, 7185763.488300000317395 ], [ 674089.117100000032224, 7185770.5356 ], [ 674112.109900000039488, 7185780.307500000111759 ], [ 674177.103099999949336, 7185807.957700000144541 ], [ 674202.452999999979511, 7185818.740299999713898 ], [ 674232.304499999969266, 7185831.4364 ], [ 674240.913799999980256, 7185835.157700000330806 ], [ 674245.155099999974482, 7185824.788499999791384 ], [ 674267.9401, 7185769.010800000280142 ], [ 674316.161100000026636, 7185650.939899999648333 ], [ 674248.828100000042468, 7185622.799999999813735 ], [ 674171.087399999960326, 7185590.308299999684095 ] ] ] } },
{ "type": "Feature", "properties": { }, "geometry": { "type": "Polygon", "coordinates": [ [ [ 674377.971600000048056, 7185499.589100000448525 ], [ 674376.567900000023656, 7185503.0417 ], [ 674360.725499999942258, 7185541.834499999880791 ], [ 674345.526300000026822, 7185579.045699999667704 ], [ 674321.260099999955855, 7185638.4545 ], [ 674371.538599999970756, 7185659.3597999997437 ], [ 674403.621599999954924, 7185672.702200000174344 ], [ 674434.854900000034831, 7185685.690000000409782 ], [ 674537.1224, 7185728.219700000248849 ], [ 674548.9055, 7185733.096 ], [ 674552.6666, 7185724.494400000199676 ], [ 674606.708699999959208, 7185600.9512 ], [ 674608.5355, 7185596.772900000214577 ], [ 674609.92249999998603, 7185593.58629999961704 ], [ 674598.76879999996163, 7185589.144999999552965 ], [ 674504.481999999959953, 7185551.453099999576807 ], [ 674491.599000000045635, 7185546.303000000305474 ], [ 674472.939099999959581, 7185538.62459999974817 ], [ 674377.971600000048056, 7185499.589100000448525 ] ] ] } },
{ "type": "Feature", "properties": { }, "geometry": { "type": "Polygon", "coordinates": [ [ [ 674176.4695, 7185577.929999999701977 ], [ 674171.087399999960326, 7185590.308299999684095 ], [ 674248.828100000042468, 7185622.799999999813735 ], [ 674316.161100000026636, 7185650.939899999648333 ], [ 674321.260099999955855, 7185638.4545 ], [ 674304.034899999969639, 7185631.255699999630451 ], [ 674202.0492, 7185588.621000000275671 ], [ 674176.4695, 7185577.929999999701977 ] ] ] } },
{ "type": "Feature", "properties": { }, "geometry": { "type": "Polygon", "coordinates": [ [ [ 674321.260099999955855, 7185638.4545 ], [ 674316.161100000026636, 7185650.939899999648333 ], [ 674382.370299999951385, 7185678.495699999853969 ], [ 674429.746700000017881, 7185698.230999999679625 ], [ 674478.033500000019558, 7185718.330900000408292 ], [ 674534.483099999953993, 7185741.847500000149012 ], [ 674543.45429999998305, 7185745.552899999544024 ], [ 674548.9055, 7185733.096 ], [ 674537.1224, 7185728.219700000248849 ], [ 674434.854900000034831, 7185685.690000000409782 ], [ 674403.621599999954924, 7185672.702200000174344 ], [ 674371.538599999970756, 7185659.3597999997437 ], [ 674321.260099999955855, 7185638.4545 ] ] ] } },
{ "type": "Feature", "properties": { }, "geometry": { "type": "Polygon", "coordinates": [ [ [ 674429.746700000017881, 7185698.230999999679625 ], [ 674382.370299999951385, 7185678.495699999853969 ], [ 674316.161100000026636, 7185650.939899999648333 ], [ 674267.9401, 7185769.010800000280142 ], [ 674245.155099999974482, 7185824.788499999791384 ], [ 674240.913799999980256, 7185835.157700000330806 ], [ 674252.192099999985658, 7185839.8969 ], [ 674308.385099999955855, 7185863.7944 ], [ 674343.9118, 7185878.909099999815226 ], [ 674354.351299999980256, 7185883.348899999633431 ], [ 674361.7964, 7185886.509200000204146 ], [ 674450.441699999966659, 7185924.220200000330806 ], [ 674462.9852, 7185929.541000000201166 ], [ 674467.537800000049174, 7185919.1343 ], [ 674490.847399999969639, 7185865.8421 ], [ 674521.317700000014156, 7185796.182199999690056 ], [ 674529.230499999946915, 7185778.076500000432134 ], [ 674540.963299999944866, 7185751.257500000298023 ], [ 674543.45429999998305, 7185745.552899999544024 ], [ 674534.483099999953993, 7185741.847500000149012 ], [ 674478.033500000019558, 7185718.330900000408292 ], [ 674429.746700000017881, 7185698.230999999679625 ] ] ] } },
{ "type": "Feature", "properties": { }, "geometry": { "type": "Polygon", "coordinates": [ [ [ 673894.696499999961816, 7185687.874699999578297 ], [ 673829.0161, 7185659.8887 ], [ 673825.488200000021607, 7185668.664300000295043 ], [ 673821.9989, 7185677.3065 ], [ 673811.794600000022911, 7185702.63150000013411 ], [ 673806.531700000050478, 7185715.694799999706447 ], [ 673800.9473, 7185729.571100000292063 ], [ 673796.912299999967217, 7185739.582999999634922 ], [ 673788.871799999964423, 7185759.551099999807775 ], [ 673782.419600000022911, 7185775.55460000038147 ], [ 673768.033900000038557, 7185811.2478 ], [ 673831.415900000021793, 7185839.6074 ], [ 673894.696499999961816, 7185687.874699999578297 ] ] ] } },
{ "type": "Feature", "properties": { }, "geometry": { "type": "Polygon", "coordinates": [ [ [ 673979.4438, 7185723.8777 ], [ 673970.946699999971315, 7185720.26549999974668 ], [ 673894.696499999961816, 7185687.874699999578297 ], [ 673831.415900000021793, 7185839.6074 ], [ 673794.54929999995511, 7185929.079400000162423 ], [ 673790.998999999952503, 7185937.6891 ], [ 673798.858, 7185940.966199999675155 ], [ 673878.235299999942072, 7185972.3755 ], [ 673882.4351, 7185962.660500000230968 ], [ 673911.611200000043027, 7185895.345499999821186 ], [ 673918.88800000003539, 7185878.544599999673665 ], [ 673985.189400000032037, 7185726.318 ], [ 673979.4438, 7185723.8777 ] ] ] } },
{ "type": "Feature", "properties": { }, "geometry": { "type": "Polygon", "coordinates": [ [ [ 673782.419600000022911, 7185775.55460000038147 ], [ 673788.871799999964423, 7185759.551099999807775 ], [ 673796.912299999967217, 7185739.582999999634922 ], [ 673800.9473, 7185729.571100000292063 ], [ 673806.531700000050478, 7185715.694799999706447 ], [ 673811.794600000022911, 7185702.63150000013411 ], [ 673821.9989, 7185677.3065 ], [ 673825.488200000021607, 7185668.664300000295043 ], [ 673829.0161, 7185659.8887 ], [ 673814.510499999974854, 7185653.7176 ], [ 673793.956, 7185644.977099999785423 ], [ 673733.789699999964796, 7185619.389700000174344 ], [ 673715.946699999971315, 7185611.8437 ], [ 673703.17090000002645, 7185606.403400000184774 ], [ 673693.713100000051782, 7185602.382500000298023 ], [ 673681.685799999977462, 7185597.2538 ], [ 673660.585100000025705, 7185588.276499999687076 ], [ 673638.584200000041164, 7185578.911899999715388 ], [ 673625.768099999986589, 7185573.46100000012666 ], [ 673618.505200000014156, 7185570.364500000141561 ], [ 673606.093800000031479, 7185565.08559999987483 ], [ 673586.217199999955483, 7185556.623999999836087 ], [ 673529.773700000019744, 7185532.593999999575317 ], [ 673521.45050000003539, 7185529.1787 ], [ 673517.0856, 7185539.360999999567866 ], [ 673507.145099999965169, 7185562.555100000463426 ], [ 673454.102100000018254, 7185686.313 ], [ 673450.762499999953434, 7185693.3246 ], [ 673447.102700000046752, 7185698.9222999997437 ], [ 673443.074200000031851, 7185704.003999999724329 ], [ 673438.425700000021607, 7185708.6064 ], [ 673422.749500000034459, 7185722.358199999667704 ], [ 673413.369599999976344, 7185730.588899999856949 ], [ 673421.560300000011921, 7185738.526100000366569 ], [ 673426.368499999982305, 7185743.1722999997437 ], [ 673454.3933, 7185770.2736 ], [ 673466.984700000029989, 7185782.452200000174344 ], [ 673516.209200000041164, 7185830.0515 ], [ 673519.785099999979138, 7185833.517099999822676 ], [ 673523.360699999961071, 7185836.971699999645352 ], [ 673591.727500000037253, 7185903.067900000140071 ], [ 673593.571499999961816, 7185904.86089999973774 ], [ 673595.334000000031665, 7185906.566399999894202 ], [ 673691.982100000022911, 7186000.025700000114739 ], [ 673727.410900000017136, 7185912.0905 ], [ 673764.9055, 7185819.0323 ], [ 673768.033900000038557, 7185811.2478 ], [ 673782.419600000022911, 7185775.55460000038147 ] ] ] } },
{ "type": "Feature", "properties": { }, "geometry": { "type": "Polygon", "coordinates": [ [ [ 673831.415900000021793, 7185839.6074 ], [ 673768.033900000038557, 7185811.2478 ], [ 673764.9055, 7185819.0323 ], [ 673727.410900000017136, 7185912.0905 ], [ 673731.6984, 7185913.796500000171363 ], [ 673748.230899999965914, 7185920.329199999570847 ], [ 673780.744500000029802, 7185933.534599999897182 ], [ 673790.998999999952503, 7185937.6891 ], [ 673794.54929999995511, 7185929.079400000162423 ], [ 673831.415900000021793, 7185839.6074 ] ] ] } },
{ "type": "Feature", "properties": { }, "geometry": { "type": "Polygon", "coordinates": [ [ [ 674089.117100000032224, 7185770.5356 ], [ 673985.189400000032037, 7185726.318 ], [ 673918.88800000003539, 7185878.544599999673665 ], [ 673911.611200000043027, 7185895.345499999821186 ], [ 673882.4351, 7185962.660500000230968 ], [ 673878.235299999942072, 7185972.3755 ], [ 673888.841999999945983, 7185976.525399999693036 ], [ 673895.525400000042282, 7185979.130800000391901 ], [ 673906.241799999959767, 7185983.212799999862909 ], [ 673919.971000000019558, 7185988.441100000403821 ], [ 673932.2291, 7185993.489099999889731 ], [ 673944.6457, 7185998.346699999645352 ], [ 673966.212999999988824, 7186006.785799999721348 ], [ 674057.750299999956042, 7186042.589599999599159 ], [ 674142.270800000056624, 7186075.636699999682605 ], [ 674180.357599999988452, 7185983.422500000335276 ], [ 674208.5736, 7185914.324500000104308 ], [ 674236.6433, 7185845.604899999685585 ], [ 674240.913799999980256, 7185835.157700000330806 ], [ 674232.304499999969266, 7185831.4364 ], [ 674202.452999999979511, 7185818.740299999713898 ], [ 674177.103099999949336, 7185807.957700000144541 ], [ 674112.109900000039488, 7185780.307500000111759 ], [ 674089.117100000032224, 7185770.5356 ] ] ] } },
{ "type": "Feature", "properties": { }, "geometry": { "type": "Polygon", "coordinates": [ [ [ 673932.2291, 7185993.489099999889731 ], [ 673919.971000000019558, 7185988.441100000403821 ], [ 673906.241799999959767, 7185983.212799999862909 ], [ 673895.525400000042282, 7185979.130800000391901 ], [ 673888.841999999945983, 7185976.525399999693036 ], [ 673878.235299999942072, 7185972.3755 ], [ 673837.403599999961443, 7186065.632399999536574 ], [ 673834.502300000051036, 7186072.30599999986589 ], [ 673843.486599999945611, 7186076.244400000199676 ], [ 673927.826099999947473, 7186113.217000000178814 ], [ 673931.0636, 7186114.626299999654293 ], [ 673934.745800000033341, 7186116.196000000461936 ], [ 673964.759700000053272, 7186011.856499999761581 ], [ 673966.212999999988824, 7186006.785799999721348 ], [ 673944.6457, 7185998.346699999645352 ], [ 673932.2291, 7185993.489099999889731 ] ] ] } },
{ "type": "Feature", "properties": { }, "geometry": { "type": "Polygon", "coordinates": [ [ [ 673966.212999999988824, 7186006.785799999721348 ], [ 673964.759700000053272, 7186011.856499999761581 ], [ 673934.745800000033341, 7186116.196000000461936 ], [ 673940.897899999981746, 7186118.9413 ], [ 673990.413199999951757, 7186140.644500000402331 ], [ 674014.290799999958836, 7186151.114299999549985 ], [ 674097.0329, 7186187.397599999792874 ], [ 674142.270800000056624, 7186075.636699999682605 ], [ 674057.750299999956042, 7186042.589599999599159 ], [ 673966.212999999988824, 7186006.785799999721348 ] ] ] } },
{ "type": "Feature", "properties": { }, "geometry": { "type": "Polygon", "coordinates": [ [ [ 674690.4852, 7185409.396300000138581 ], [ 674678.8861, 7185404.728199999779463 ], [ 674660.855899999965914, 7185397.50719999987632 ], [ 674629.386300000012852, 7185384.888600000180304 ], [ 674603.387600000016391, 7185374.4698 ], [ 674581.949499999987893, 7185365.875 ], [ 674553.726200000033714, 7185354.565499999560416 ], [ 674484.234799999976531, 7185326.698800000362098 ], [ 674455.121700000017881, 7185315.024000000208616 ], [ 674450.237100000027567, 7185326.9528 ], [ 674489.908500000019558, 7185342.943799999542534 ], [ 674584.42070000001695, 7185381.064799999818206 ], [ 674638.482899999944493, 7185402.872600000351667 ], [ 674674.34250000002794, 7185417.339499999769032 ], [ 674685.1126, 7185421.686099999584258 ], [ 674690.4852, 7185409.396300000138581 ] ] ] } },
{ "type": "Feature", "properties": { }, "geometry": { "type": "Polygon", "coordinates": [ [ [ 674884.8345, 7185386.9326 ], [ 674872.507699999958277, 7185382.00829999987036 ], [ 674736.103600000031292, 7185327.440499999560416 ], [ 674735.031700000050478, 7185327.011300000362098 ], [ 674727.781300000031479, 7185324.1146 ], [ 674697.8702, 7185392.5049 ], [ 674693.747800000011921, 7185401.931200000457466 ], [ 674690.4852, 7185409.396300000138581 ], [ 674699.474000000045635, 7185412.912999999709427 ], [ 674727.341200000024401, 7185423.894500000402331 ], [ 674788.978400000021793, 7185447.996000000275671 ], [ 674803.50379999994766, 7185454.121399999596179 ], [ 674815.3127, 7185460.215800000354648 ], [ 674834.591999999945983, 7185473.7242 ], [ 674847.541100000031292, 7185479.305100000463426 ], [ 674859.437900000018999, 7185484.42339999973774 ], [ 674865.0037, 7185465.350999999791384 ], [ 674882.395099999965169, 7185396.580699999816716 ], [ 674884.8345, 7185386.9326 ] ] ] } },
{ "type": "Feature", "properties": { }, "geometry": { "type": "Polygon", "coordinates": [ [ [ 674690.4852, 7185409.396300000138581 ], [ 674685.1126, 7185421.686099999584258 ], [ 674693.937599999946542, 7185424.994400000199676 ], [ 674722.526399999973364, 7185435.767 ], [ 674792.333100000047125, 7185461.490299999713898 ], [ 674806.42249999998603, 7185465.80460000038147 ], [ 674834.591999999945983, 7185473.7242 ], [ 674815.3127, 7185460.215800000354648 ], [ 674803.50379999994766, 7185454.121399999596179 ], [ 674788.978400000021793, 7185447.996000000275671 ], [ 674727.341200000024401, 7185423.894500000402331 ], [ 674699.474000000045635, 7185412.912999999709427 ], [ 674690.4852, 7185409.396300000138581 ] ] ] } },
{ "type": "Feature", "properties": { }, "geometry": { "type": "Polygon", "coordinates": [ [ [ 674834.591999999945983, 7185473.7242 ], [ 674806.42249999998603, 7185465.80460000038147 ], [ 674792.333100000047125, 7185461.490299999713898 ], [ 674722.526399999973364, 7185435.767 ], [ 674693.937599999946542, 7185424.994400000199676 ], [ 674685.1126, 7185421.686099999584258 ], [ 674681.556499999947846, 7185429.797600000165403 ], [ 674620.7659, 7185568.795199999585748 ], [ 674617.473699999973178, 7185576.316200000233948 ], [ 674616.282, 7185579.04590000025928 ], [ 674626.284300000057556, 7185583.136599999852479 ], [ 674733.401900000055321, 7185626.5433 ], [ 674741.645400000037625, 7185629.981100000441074 ], [ 674743.65769999998156, 7185627.694799999706447 ], [ 674750.163500000024214, 7185620.530799999833107 ], [ 674786.336699999985285, 7185581.0515 ], [ 674822.8567, 7185541.17989999987185 ], [ 674833.9166, 7185528.394999999552965 ], [ 674839.828300000051968, 7185521.194299999624491 ], [ 674846.062000000034459, 7185512.46059999987483 ], [ 674850.7818, 7185504.112300000153482 ], [ 674856.115699999965727, 7185493.4847999997437 ], [ 674859.437900000018999, 7185484.42339999973774 ], [ 674847.541100000031292, 7185479.305100000463426 ], [ 674834.591999999945983, 7185473.7242 ] ] ] } },
{ "type": "Feature", "properties": { }, "geometry": { "type": "Polygon", "coordinates": [ [ [ 674973.01966640597675, 7185456.651513761840761 ], [ 674915.13910000002943, 7185508.413499999791384 ], [ 674933.682599999941885, 7185516.403 ], [ 674943.070700000040233, 7185520.446100000292063 ], [ 674947.1056, 7185509.724700000137091 ], [ 674949.118200000026263, 7185504.380699999630451 ], [ 674953.746999999973923, 7185494.46030000038445 ], [ 674957.525499999988824, 7185487.996500000357628 ], [ 674961.978400000021793, 7185481.557099999859929 ], [ 674966.4312, 7185475.8821 ], [ 674973.167347701732069, 7185467.97275298833847 ], [ 674973.01966640597675, 7185456.651513761840761 ] ] ] } },
{ "type": "Feature", "properties": { }, "geometry": { "type": "Polygon", "coordinates": [ [ [ 674973.167347701732069, 7185467.97275298833847 ], [ 674966.4312, 7185475.8821 ], [ 674961.978400000021793, 7185481.557099999859929 ], [ 674957.525499999988824, 7185487.996500000357628 ], [ 674953.746999999973923, 7185494.46030000038445 ], [ 674949.118200000026263, 7185504.380699999630451 ], [ 674947.1056, 7185509.724700000137091 ], [ 674943.070700000040233, 7185520.446100000292063 ], [ 674944.030099999974482, 7185550.035699999891222 ], [ 674944.260400000028312, 7185556.8904 ], [ 674944.478, 7185563.545800000429153 ], [ 674945.929299999959767, 7185608.484000000171363 ], [ 674946.344599999953061, 7185621.041799999773502 ], [ 674946.645800000056624, 7185630.244199999608099 ], [ 674947.699499999987893, 7185640.8438 ], [ 674947.554400000022724, 7185649.775000000372529 ], [ 674947.494500000029802, 7185653.66440000012517 ], [ 674957.673100000014529, 7185653.520600000396371 ], [ 674975.584568109712563, 7185653.276723581366241 ], [ 674973.167347701732069, 7185467.97275298833847 ] ] ] } },
{ "type": "Feature", "properties": { }, "geometry": { "type": "Polygon", "coordinates": [ [ [ 674915.13910000002943, 7185508.413499999791384 ], [ 674911.679299999959767, 7185506.929700000211596 ], [ 674879.964099999982864, 7185493.262400000356138 ], [ 674859.437900000018999, 7185484.42339999973774 ], [ 674856.115699999965727, 7185493.4847999997437 ], [ 674850.7818, 7185504.112300000153482 ], [ 674846.062000000034459, 7185512.46059999987483 ], [ 674839.828300000051968, 7185521.194299999624491 ], [ 674833.9166, 7185528.394999999552965 ], [ 674822.8567, 7185541.17989999987185 ], [ 674786.336699999985285, 7185581.0515 ], [ 674750.163500000024214, 7185620.530799999833107 ], [ 674743.65769999998156, 7185627.694799999706447 ], [ 674741.645400000037625, 7185629.981100000441074 ], [ 674751.826299999956973, 7185633.881 ], [ 674795.6396, 7185648.786899999715388 ], [ 674818.104999999981374, 7185652.803600000217557 ], [ 674831.807999999960884, 7185654.47510000038892 ], [ 674844.984799999976531, 7185655.1343 ], [ 674858.952599999960512, 7185655.506099999882281 ], [ 674860.246399999945424, 7185652.121299999766052 ], [ 674864.477900000056252, 7185641.042899999767542 ], [ 674871.442900000023656, 7185622.80530000012368 ], [ 674875.441100000054576, 7185612.3503 ], [ 674877.474200000055134, 7185607.028199999593198 ], [ 674881.657099999953061, 7185596.0833 ], [ 674896.812599999946542, 7185556.401399999856949 ], [ 674910.265800000051968, 7185521.1842 ], [ 674915.13910000002943, 7185508.413499999791384 ] ] ] } },
{ "type": "Feature", "properties": { }, "geometry": { "type": "Polygon", "coordinates": [ [ [ 674943.070700000040233, 7185520.446100000292063 ], [ 674933.682599999941885, 7185516.403 ], [ 674915.13910000002943, 7185508.413499999791384 ], [ 674910.265800000051968, 7185521.1842 ], [ 674896.812599999946542, 7185556.401399999856949 ], [ 674881.657099999953061, 7185596.0833 ], [ 674877.474200000055134, 7185607.028199999593198 ], [ 674875.441100000054576, 7185612.3503 ], [ 674871.442900000023656, 7185622.80530000012368 ], [ 674864.477900000056252, 7185641.042899999767542 ], [ 674860.246399999945424, 7185652.121299999766052 ], [ 674858.952599999960512, 7185655.506099999882281 ], [ 674866.1433, 7185655.3569 ], [ 674884.527499999967404, 7185654.973199999891222 ], [ 674910.333899999968708, 7185654.437199999578297 ], [ 674932.700599999981932, 7185653.9682 ], [ 674938.6544, 7185653.846199999563396 ], [ 674947.494500000029802, 7185653.66440000012517 ], [ 674947.554400000022724, 7185649.775000000372529 ], [ 674947.699499999987893, 7185640.8438 ], [ 674946.645800000056624, 7185630.244199999608099 ], [ 674946.344599999953061, 7185621.041799999773502 ], [ 674945.929299999959767, 7185608.484000000171363 ], [ 674944.478, 7185563.545800000429153 ], [ 674944.260400000028312, 7185556.8904 ], [ 674944.030099999974482, 7185550.035699999891222 ], [ 674943.070700000040233, 7185520.446100000292063 ] ] ] } },
{ "type": "Feature", "properties": { }, "geometry": { "type": "Polygon", "coordinates": [ [ [ 674858.952599999960512, 7185655.506099999882281 ], [ 674844.984799999976531, 7185655.1343 ], [ 674831.807999999960884, 7185654.47510000038892 ], [ 674818.104999999981374, 7185652.803600000217557 ], [ 674795.6396, 7185648.786899999715388 ], [ 674831.482899999944493, 7185665.801699999719858 ], [ 674838.8419, 7185669.295300000347197 ], [ 674851.169400000013411, 7185675.803899999707937 ], [ 674854.847599999979138, 7185666.261599999852479 ], [ 674858.952599999960512, 7185655.506099999882281 ] ] ] } },
{ "type": "Feature", "properties": { }, "geometry": { "type": "Polygon", "coordinates": [ [ [ 674616.282, 7185579.04590000025928 ], [ 674613.302400000044145, 7185585.853799999691546 ], [ 674609.92249999998603, 7185593.58629999961704 ], [ 674619.883999999961816, 7185597.63329999987036 ], [ 674658.749599999981001, 7185613.468100000172853 ], [ 674724.677299999981187, 7185640.99280000012368 ], [ 674732.503999999957159, 7185644.1036 ], [ 674737.464799999957904, 7185636.483300000429153 ], [ 674741.645400000037625, 7185629.981100000441074 ], [ 674733.401900000055321, 7185626.5433 ], [ 674626.284300000057556, 7185583.136599999852479 ], [ 674616.282, 7185579.04590000025928 ] ] ] } },
{ "type": "Feature", "properties": { }, "geometry": { "type": "Polygon", "coordinates": [ [ [ 674732.503999999957159, 7185644.1036 ], [ 674724.677299999981187, 7185640.99280000012368 ], [ 674658.749599999981001, 7185613.468100000172853 ], [ 674619.883999999961816, 7185597.63329999987036 ], [ 674609.92249999998603, 7185593.58629999961704 ], [ 674608.5355, 7185596.772900000214577 ], [ 674606.708699999959208, 7185600.9512 ], [ 674552.6666, 7185724.494400000199676 ], [ 674548.9055, 7185733.096 ], [ 674558.8687, 7185737.264899999834597 ], [ 674592.7119, 7185751.337299999780953 ], [ 674667.054099999950267, 7185782.253600000403821 ], [ 674678.028199999942444, 7185786.796900000423193 ], [ 674680.489599999971688, 7185780.372499999590218 ], [ 674720.927999999956228, 7185674.421500000171363 ], [ 674729.264700000057928, 7185652.5877 ], [ 674731.122699999948964, 7185647.722099999897182 ], [ 674732.503999999957159, 7185644.1036 ] ] ] } },
{ "type": "Feature", "properties": { }, "geometry": { "type": "Polygon", "coordinates": [ [ [ 674741.645400000037625, 7185629.981100000441074 ], [ 674737.464799999957904, 7185636.483300000429153 ], [ 674732.503999999957159, 7185644.1036 ], [ 674741.5196, 7185648.1184 ], [ 674831.227500000037253, 7185684.7939 ], [ 674845.469900000025518, 7185690.801099999807775 ], [ 674847.230699999956414, 7185686.191599999554455 ], [ 674849.069200000027195, 7185681.381699999794364 ], [ 674851.169400000013411, 7185675.803899999707937 ], [ 674838.8419, 7185669.295300000347197 ], [ 674831.482899999944493, 7185665.801699999719858 ], [ 674795.6396, 7185648.786899999715388 ], [ 674751.826299999956973, 7185633.881 ], [ 674741.645400000037625, 7185629.981100000441074 ] ] ] } },
{ "type": "Feature", "properties": { }, "geometry": { "type": "Polygon", "coordinates": [ [ [ 674845.469900000025518, 7185690.801099999807775 ], [ 674831.227500000037253, 7185684.7939 ], [ 674741.5196, 7185648.1184 ], [ 674732.503999999957159, 7185644.1036 ], [ 674731.122699999948964, 7185647.722099999897182 ], [ 674729.264700000057928, 7185652.5877 ], [ 674720.927999999956228, 7185674.421500000171363 ], [ 674680.489599999971688, 7185780.372499999590218 ], [ 674678.028199999942444, 7185786.796900000423193 ], [ 674685.745800000033341, 7185790.019999999552965 ], [ 674742.6507, 7185813.684899999760091 ], [ 674756.386300000012852, 7185819.388600000180304 ], [ 674767.724900000030175, 7185824.104399999603629 ], [ 674790.896599999978207, 7185833.662399999797344 ], [ 674811.072599999955855, 7185780.8646 ], [ 674843.6801, 7185695.488599999807775 ], [ 674844.283300000010058, 7185693.918600000441074 ], [ 674845.469900000025518, 7185690.801099999807775 ] ] ] } },
{ "type": "Feature", "properties": { }, "geometry": { "type": "Polygon", "coordinates": [ [ [ 674678.028199999942444, 7185786.796900000423193 ], [ 674673.154499999945983, 7185799.567499999888241 ], [ 674680.649699999950826, 7185802.704900000244379 ], [ 674721.098400000017136, 7185819.5493 ], [ 674742.713699999963865, 7185828.551599999889731 ], [ 674786.003600000054576, 7185846.488800000399351 ], [ 674790.896599999978207, 7185833.662399999797344 ], [ 674767.724900000030175, 7185824.104399999603629 ], [ 674756.386300000012852, 7185819.388600000180304 ], [ 674742.6507, 7185813.684899999760091 ], [ 674685.745800000033341, 7185790.019999999552965 ], [ 674678.028199999942444, 7185786.796900000423193 ] ] ] } },
{ "type": "Feature", "properties": { }, "geometry": { "type": "Polygon", "coordinates": [ [ [ 674673.154499999945983, 7185799.567499999888241 ], [ 674678.028199999942444, 7185786.796900000423193 ], [ 674667.054099999950267, 7185782.253600000403821 ], [ 674592.7119, 7185751.337299999780953 ], [ 674558.8687, 7185737.264899999834597 ], [ 674548.9055, 7185733.096 ], [ 674543.45429999998305, 7185745.552899999544024 ], [ 674553.569299999973737, 7185749.7972999997437 ], [ 674603.859199999948032, 7185770.734899999573827 ], [ 674662.261199999949895, 7185795.045300000347197 ], [ 674673.154499999945983, 7185799.567499999888241 ] ] ] } },
{ "type": "Feature", "properties": { }, "geometry": { "type": "Polygon", "coordinates": [ [ [ 674786.003600000054576, 7185846.488800000399351 ], [ 674742.713699999963865, 7185828.551599999889731 ], [ 674721.098400000017136, 7185819.5493 ], [ 674680.649699999950826, 7185802.704900000244379 ], [ 674673.154499999945983, 7185799.567499999888241 ], [ 674670.294499999959953, 7185807.060700000263751 ], [ 674653.134399999980815, 7185852.0197 ], [ 674636.7426, 7185894.9523 ], [ 674604.153500000014901, 7185980.338499999605119 ], [ 674600.018900000024587, 7185991.160699999891222 ], [ 674607.556699999957345, 7185994.4748 ], [ 674702.240600000019185, 7186036.138299999758601 ], [ 674711.933500000042841, 7186040.3881 ], [ 674715.562000000034459, 7186030.879700000397861 ], [ 674745.8946, 7185951.471800000406802 ], [ 674786.003600000054576, 7185846.488800000399351 ] ] ] } },
{ "type": "Feature", "properties": { }, "geometry": { "type": "Polygon", "coordinates": [ [ [ 674938.6544, 7185653.846199999563396 ], [ 674932.700599999981932, 7185653.9682 ], [ 674910.333899999968708, 7185654.437199999578297 ], [ 674884.527499999967404, 7185654.973199999891222 ], [ 674866.1433, 7185655.3569 ], [ 674858.952599999960512, 7185655.506099999882281 ], [ 674854.847599999979138, 7185666.261599999852479 ], [ 674851.169400000013411, 7185675.803899999707937 ], [ 674859.636300000012852, 7185679.393799999728799 ], [ 674922.111299999989569, 7185705.9211 ], [ 674928.504599999985658, 7185708.640599999576807 ], [ 674933.966999999945983, 7185710.951299999840558 ], [ 674936.932999999960884, 7185703.113199999555945 ], [ 674938.121799999964423, 7185700.161899999715388 ], [ 674947.121099999989383, 7185677.477300000376999 ], [ 674947.319499999983236, 7185664.922600000165403 ], [ 674947.494500000029802, 7185653.66440000012517 ], [ 674938.6544, 7185653.846199999563396 ] ] ] } },
{ "type": "Feature", "properties": { }, "geometry": { "type": "Polygon", "coordinates": [ [ [ 674975.584568109712563, 7185653.276723581366241 ], [ 674957.673100000014529, 7185653.520600000396371 ], [ 674947.494500000029802, 7185653.66440000012517 ], [ 674947.319499999983236, 7185664.922600000165403 ], [ 674947.121099999989383, 7185677.477300000376999 ], [ 674959.87879999994766, 7185677.621100000105798 ], [ 674975.900871351710521, 7185677.524511024355888 ], [ 674975.584568109712563, 7185653.276723581366241 ] ] ] } },
{ "type": "Feature", "properties": { }, "geometry": { "type": "Polygon", "coordinates": [ [ [ 674975.900871351710521, 7185677.524511024355888 ], [ 674959.87879999994766, 7185677.621100000105798 ], [ 674947.121099999989383, 7185677.477300000376999 ], [ 674948.7722, 7185684.512900000438094 ], [ 674949.532, 7185694.174599999561906 ], [ 674948.345500000054017, 7185703.474000000394881 ], [ 674947.251000000047497, 7185708.252100000157952 ], [ 674944.7707, 7185715.540900000371039 ], [ 674957.961800000048243, 7185721.140800000168383 ], [ 674976.572898219455965, 7185729.042050153948367 ], [ 674975.900871351710521, 7185677.524511024355888 ] ] ] } },
{ "type": "Feature", "properties": { }, "geometry": { "type": "Polygon", "coordinates": [ [ [ 674947.121099999989383, 7185677.477300000376999 ], [ 674938.121799999964423, 7185700.161899999715388 ], [ 674936.932999999960884, 7185703.113199999555945 ], [ 674933.966999999945983, 7185710.951299999840558 ], [ 674944.7707, 7185715.540900000371039 ], [ 674947.251000000047497, 7185708.252100000157952 ], [ 674948.345500000054017, 7185703.474000000394881 ], [ 674949.532, 7185694.174599999561906 ], [ 674948.7722, 7185684.512900000438094 ], [ 674947.121099999989383, 7185677.477300000376999 ] ] ] } },
{ "type": "Feature", "properties": { }, "geometry": { "type": "Polygon", "coordinates": [ [ [ 674933.966999999945983, 7185710.951299999840558 ], [ 674928.504599999985658, 7185708.640599999576807 ], [ 674922.111299999989569, 7185705.9211 ], [ 674859.636300000012852, 7185679.393799999728799 ], [ 674851.169400000013411, 7185675.803899999707937 ], [ 674849.069200000027195, 7185681.381699999794364 ], [ 674847.230699999956414, 7185686.191599999554455 ], [ 674845.469900000025518, 7185690.801099999807775 ], [ 674851.2635, 7185693.0521 ], [ 674915.933100000023842, 7185718.143899999558926 ], [ 674923.839799999957904, 7185721.20920000039041 ], [ 674928.875, 7185723.159900000318885 ], [ 674929.459200000041164, 7185721.667700000107288 ], [ 674933.966999999945983, 7185710.951299999840558 ] ] ] } },
{ "type": "Feature", "properties": { }, "geometry": { "type": "Polygon", "coordinates": [ [ [ 674923.839799999957904, 7185721.20920000039041 ], [ 674915.933100000023842, 7185718.143899999558926 ], [ 674851.2635, 7185693.0521 ], [ 674845.469900000025518, 7185690.801099999807775 ], [ 674844.283300000010058, 7185693.918600000441074 ], [ 674843.6801, 7185695.488599999807775 ], [ 674811.072599999955855, 7185780.8646 ], [ 674790.896599999978207, 7185833.662399999797344 ], [ 674811.076499999966472, 7185842.1404 ], [ 674865.888799999956973, 7185864.979100000113249 ], [ 674871.068199999979697, 7185867.182699999772012 ], [ 674872.198500000056811, 7185864.3761 ], [ 674926.302799999946728, 7185729.563699999824166 ], [ 674928.875, 7185723.159900000318885 ], [ 674923.839799999957904, 7185721.20920000039041 ] ] ] } },
{ "type": "Feature", "properties": { }, "geometry": { "type": "Polygon", "coordinates": [ [ [ 674944.7707, 7185715.540900000371039 ], [ 674933.966999999945983, 7185710.951299999840558 ], [ 674929.459200000041164, 7185721.667700000107288 ], [ 674928.875, 7185723.159900000318885 ], [ 674939.8151, 7185727.404299999587238 ], [ 674940.652200000011362, 7185725.255199999548495 ], [ 674944.7707, 7185715.540900000371039 ] ] ] } },
{ "type": "Feature", "properties": { }, "geometry": { "type": "Polygon", "coordinates": [ [ [ 674944.7707, 7185715.540900000371039 ], [ 674940.652200000011362, 7185725.255199999548495 ], [ 674939.8151, 7185727.404299999587238 ], [ 674949.309400000027381, 7185731.0915 ], [ 674952.959400000050664, 7185732.506299999542534 ], [ 674975.011599999968894, 7185741.07039999961853 ], [ 674976.738541320431978, 7185741.740240273997188 ], [ 674976.572898219455965, 7185729.042050153948367 ], [ 674957.961800000048243, 7185721.140800000168383 ], [ 674944.7707, 7185715.540900000371039 ] ] ] } },
{ "type": "Feature", "properties": { }, "geometry": { "type": "Polygon", "coordinates": [ [ [ 674939.8151, 7185727.404299999587238 ], [ 674928.875, 7185723.159900000318885 ], [ 674926.302799999946728, 7185729.563699999824166 ], [ 674872.198500000056811, 7185864.3761 ], [ 674871.068199999979697, 7185867.182699999772012 ], [ 674882.09050000004936, 7185871.559000000357628 ], [ 674883.4839, 7185868.0954 ], [ 674937.302799999946728, 7185733.7741 ], [ 674939.8151, 7185727.404299999587238 ] ] ] } },
{ "type": "Feature", "properties": { }, "geometry": { "type": "Polygon", "coordinates": [ [ [ 674673.154499999945983, 7185799.567499999888241 ], [ 674662.261199999949895, 7185795.045300000347197 ], [ 674603.859199999948032, 7185770.734899999573827 ], [ 674553.569299999973737, 7185749.7972999997437 ], [ 674543.45429999998305, 7185745.552899999544024 ], [ 674540.963299999944866, 7185751.257500000298023 ], [ 674529.230499999946915, 7185778.076500000432134 ], [ 674521.317700000014156, 7185796.182199999690056 ], [ 674490.847399999969639, 7185865.8421 ], [ 674467.537800000049174, 7185919.1343 ], [ 674462.9852, 7185929.541000000201166 ], [ 674475.027, 7185934.956899999640882 ], [ 674500.7903, 7185946.542299999855459 ], [ 674515.432599999941885, 7185953.120799999684095 ], [ 674524.013700000010431, 7185956.986399999819696 ], [ 674588.948500000056811, 7185986.186499999836087 ], [ 674600.018900000024587, 7185991.160699999891222 ], [ 674604.153500000014901, 7185980.338499999605119 ], [ 674636.7426, 7185894.9523 ], [ 674653.134399999980815, 7185852.0197 ], [ 674670.294499999959953, 7185807.060700000263751 ], [ 674673.154499999945983, 7185799.567499999888241 ] ] ] } },
{ "type": "Feature", "properties": { }, "geometry": { "type": "Polygon", "coordinates": [ [ [ 674976.738541320431978, 7185741.740240273997188 ], [ 674975.011599999968894, 7185741.07039999961853 ], [ 674952.959400000050664, 7185732.506299999542534 ], [ 674949.309400000027381, 7185731.0915 ], [ 674939.8151, 7185727.404299999587238 ], [ 674937.302799999946728, 7185733.7741 ], [ 674883.4839, 7185868.0954 ], [ 674882.09050000004936, 7185871.559000000357628 ], [ 674887.968600000021979, 7185874.108 ], [ 674939.027800000039861, 7185895.333499999716878 ], [ 674962.818300000042655, 7185905.259800000116229 ], [ 674978.3784030075185, 7185867.4519382417202 ], [ 674976.738541320431978, 7185741.740240273997188 ] ] ] } },
{ "type": "Feature", "properties": { }, "geometry": { "type": "Polygon", "coordinates": [ [ [ 674978.3784030075185, 7185867.4519382417202 ], [ 674962.818300000042655, 7185905.259800000116229 ], [ 674978.958964285091497, 7185911.957730743102729 ], [ 674978.3784030075185, 7185867.4519382417202 ] ] ] } },
{ "type": "Feature", "properties": { }, "geometry": { "type": "Polygon", "coordinates": [ [ [ 674811.076499999966472, 7185842.1404 ], [ 674790.896599999978207, 7185833.662399999797344 ], [ 674786.003600000054576, 7185846.488800000399351 ], [ 674823.469900000025518, 7185862.175200000405312 ], [ 674860.784100000048056, 7185877.763899999670684 ], [ 674865.933500000042841, 7185879.979000000283122 ], [ 674871.068199999979697, 7185867.182699999772012 ], [ 674865.888799999956973, 7185864.979100000113249 ], [ 674811.076499999966472, 7185842.1404 ] ] ] } },
{ "type": "Feature", "properties": { }, "geometry": { "type": "Polygon", "coordinates": [ [ [ 674882.09050000004936, 7185871.559000000357628 ], [ 674871.068199999979697, 7185867.182699999772012 ], [ 674865.933500000042841, 7185879.979000000283122 ], [ 674876.965699999942444, 7185884.344100000336766 ], [ 674882.09050000004936, 7185871.559000000357628 ] ] ] } },
{ "type": "Feature", "properties": { }, "geometry": { "type": "Polygon", "coordinates": [ [ [ 674882.09050000004936, 7185871.559000000357628 ], [ 674876.965699999942444, 7185884.344100000336766 ], [ 674883.683399999979883, 7185887.247700000181794 ], [ 674913.542299999971874, 7185899.676400000229478 ], [ 674957.562599999946542, 7185918.0356 ], [ 674962.818300000042655, 7185905.259800000116229 ], [ 674939.027800000039861, 7185895.333499999716878 ], [ 674887.968600000021979, 7185874.108 ], [ 674882.09050000004936, 7185871.559000000357628 ] ] ] } },
{ "type": "Feature", "properties": { }, "geometry": { "type": "Polygon", "coordinates": [ [ [ 674876.965699999942444, 7185884.344100000336766 ], [ 674865.933500000042841, 7185879.979000000283122 ], [ 674817.693399999989197, 7186000.168399999849498 ], [ 674788.11199999996461, 7186073.894399999640882 ], [ 674799.040900000021793, 7186078.80379999987781 ], [ 674822.034899999969639, 7186021.4381 ], [ 674876.965699999942444, 7185884.344100000336766 ] ] ] } },
{ "type": "Feature", "properties": { }, "geometry": { "type": "Polygon", "coordinates": [ [ [ 674865.933500000042841, 7185879.979000000283122 ], [ 674860.784100000048056, 7185877.763899999670684 ], [ 674823.469900000025518, 7185862.175200000405312 ], [ 674786.003600000054576, 7185846.488800000399351 ], [ 674745.8946, 7185951.471800000406802 ], [ 674715.562000000034459, 7186030.879700000397861 ], [ 674711.933500000042841, 7186040.3881 ], [ 674721.29280000005383, 7186044.5203 ], [ 674783.651199999963865, 7186072.02489999961108 ], [ 674788.11199999996461, 7186073.894399999640882 ], [ 674817.693399999989197, 7186000.168399999849498 ], [ 674865.933500000042841, 7185879.979000000283122 ] ] ] } },
{ "type": "Feature", "properties": { }, "geometry": { "type": "Polygon", "coordinates": [ [ [ 674957.562599999946542, 7185918.0356 ], [ 674913.542299999971874, 7185899.676400000229478 ], [ 674883.683399999979883, 7185887.247700000181794 ], [ 674876.965699999942444, 7185884.344100000336766 ], [ 674822.034899999969639, 7186021.4381 ], [ 674799.040900000021793, 7186078.80379999987781 ], [ 674877.25269999995362, 7186113.136300000362098 ], [ 674953.906100000021979, 7185926.923999999649823 ], [ 674957.562599999946542, 7185918.0356 ] ] ] } },
{ "type": "Feature", "properties": { }, "geometry": { "type": "Polygon", "coordinates": [ [ [ 674962.818300000042655, 7185905.259800000116229 ], [ 674957.562599999946542, 7185918.0356 ], [ 674979.155368034844287, 7185927.014030351303518 ], [ 674978.958964285091497, 7185911.957730743102729 ], [ 674962.818300000042655, 7185905.259800000116229 ] ] ] } },
{ "type": "Feature", "properties": { }, "geometry": { "type": "Polygon", "coordinates": [ [ [ 674979.155368034844287, 7185927.014030351303518 ], [ 674957.562599999946542, 7185918.0356 ], [ 674953.906100000021979, 7185926.923999999649823 ], [ 674877.25269999995362, 7186113.136300000362098 ], [ 674963.226600000052713, 7186150.956500000320375 ], [ 674981.547047782689333, 7186110.360055481083691 ], [ 674979.155368034844287, 7185927.014030351303518 ] ] ] } },
{ "type": "Feature", "properties": { }, "geometry": { "type": "Polygon", "coordinates": [ [ [ 674500.7903, 7185946.542299999855459 ], [ 674475.027, 7185934.956899999640882 ], [ 674462.9852, 7185929.541000000201166 ], [ 674459.468299999949522, 7185937.5855 ], [ 674450.2166000000434, 7185958.733 ], [ 674441.853899999987334, 7185977.852699999697506 ], [ 674440.584000000031665, 7185980.760700000450015 ], [ 674436.090100000030361, 7185991.044700000435114 ], [ 674421.855899999965914, 7186023.579300000332296 ], [ 674411.207000000053085, 7186047.924599999561906 ], [ 674404.04590000002645, 7186064.2922 ], [ 674400.753400000045076, 7186071.813 ], [ 674409.75289999996312, 7186075.35190000012517 ], [ 674425.76659999997355, 7186080.627600000239909 ], [ 674430.993099999963306, 7186081.811499999836087 ], [ 674436.584299999987707, 7186082.414599999785423 ], [ 674442.530200000037439, 7186082.448099999688566 ], [ 674451.25179999996908, 7186081.636699999682605 ], [ 674461.053599999984726, 7186080.3459 ], [ 674486.625600000028498, 7186076.434899999760091 ], [ 674502.004500000039116, 7186073.121799999848008 ], [ 674517.743999999947846, 7186068.142099999822676 ], [ 674545.790400000056252, 7186058.016900000162423 ], [ 674548.176100000040606, 7186051.947999999858439 ], [ 674549.8123, 7186047.805499999783933 ], [ 674550.931699999957345, 7186041.055100000463426 ], [ 674549.718100000056438, 7186032.839499999769032 ], [ 674546.17339999997057, 7186020.189500000327826 ], [ 674541.639700000057928, 7186007.3087 ], [ 674537.653799999970943, 7185998.641699999570847 ], [ 674515.432599999941885, 7185953.120799999684095 ], [ 674500.7903, 7185946.542299999855459 ] ] ] } },
{ "type": "Feature", "properties": { }, "geometry": { "type": "Polygon", "coordinates": [ [ [ 674450.2166000000434, 7185958.733 ], [ 674459.468299999949522, 7185937.5855 ], [ 674462.9852, 7185929.541000000201166 ], [ 674450.441699999966659, 7185924.220200000330806 ], [ 674361.7964, 7185886.509200000204146 ], [ 674354.351299999980256, 7185883.348899999633431 ], [ 674343.9118, 7185878.909099999815226 ], [ 674308.385099999955855, 7185863.7944 ], [ 674252.192099999985658, 7185839.8969 ], [ 674240.913799999980256, 7185835.157700000330806 ], [ 674236.6433, 7185845.604899999685585 ], [ 674208.5736, 7185914.324500000104308 ], [ 674180.357599999988452, 7185983.422500000335276 ], [ 674295.0958999999566, 7186029.448099999688566 ], [ 674390.984500000020489, 7186067.896300000138581 ], [ 674400.753400000045076, 7186071.813 ], [ 674404.04590000002645, 7186064.2922 ], [ 674411.207000000053085, 7186047.924599999561906 ], [ 674421.855899999965914, 7186023.579300000332296 ], [ 674436.090100000030361, 7185991.044700000435114 ], [ 674440.584000000031665, 7185980.760700000450015 ], [ 674441.853899999987334, 7185977.852699999697506 ], [ 674450.2166000000434, 7185958.733 ] ] ] } },
{ "type": "Feature", "properties": { }, "geometry": { "type": "Polygon", "coordinates": [ [ [ 674600.018900000024587, 7185991.160699999891222 ], [ 674588.948500000056811, 7185986.186499999836087 ], [ 674524.013700000010431, 7185956.986399999819696 ], [ 674515.432599999941885, 7185953.120799999684095 ], [ 674537.653799999970943, 7185998.641699999570847 ], [ 674541.639700000057928, 7186007.3087 ], [ 674546.17339999997057, 7186020.189500000327826 ], [ 674549.718100000056438, 7186032.839499999769032 ], [ 674550.931699999957345, 7186041.055100000463426 ], [ 674549.8123, 7186047.805499999783933 ], [ 674548.176100000040606, 7186051.947999999858439 ], [ 674545.790400000056252, 7186058.016900000162423 ], [ 674556.637600000016391, 7186054.341699999757111 ], [ 674563.458499999949709, 7186053.588200000114739 ], [ 674568.38800000003539, 7186055.1415 ], [ 674573.743000000016764, 7186060.012900000438094 ], [ 674579.84250000002794, 7186044.024600000120699 ], [ 674596.886500000022352, 7185999.377500000409782 ], [ 674600.018900000024587, 7185991.160699999891222 ] ] ] } },
{ "type": "Feature", "properties": { }, "geometry": { "type": "Polygon", "coordinates": [ [ [ 674600.018900000024587, 7185991.160699999891222 ], [ 674596.886500000022352, 7185999.377500000409782 ], [ 674579.84250000002794, 7186044.024600000120699 ], [ 674573.743000000016764, 7186060.012900000438094 ], [ 674579.4325, 7186065.854799999855459 ], [ 674583.100499999942258, 7186068.643199999816716 ], [ 674673.696, 7186103.779400000348687 ], [ 674686.0575, 7186108.238199999555945 ], [ 674688.906500000040978, 7186100.667600000277162 ], [ 674708.87879999994766, 7186048.382299999706447 ], [ 674711.933500000042841, 7186040.3881 ], [ 674702.240600000019185, 7186036.138299999758601 ], [ 674607.556699999957345, 7185994.4748 ], [ 674600.018900000024587, 7185991.160699999891222 ] ] ] } },
{ "type": "Feature", "properties": { }, "geometry": { "type": "Polygon", "coordinates": [ [ [ 674573.743000000016764, 7186060.012900000438094 ], [ 674568.38800000003539, 7186055.1415 ], [ 674563.458499999949709, 7186053.588200000114739 ], [ 674556.637600000016391, 7186054.341699999757111 ], [ 674545.790400000056252, 7186058.016900000162423 ], [ 674517.743999999947846, 7186068.142099999822676 ], [ 674502.004500000039116, 7186073.121799999848008 ], [ 674486.625600000028498, 7186076.434899999760091 ], [ 674461.053599999984726, 7186080.3459 ], [ 674451.25179999996908, 7186081.636699999682605 ], [ 674442.530200000037439, 7186082.448099999688566 ], [ 674436.584299999987707, 7186082.414599999785423 ], [ 674430.993099999963306, 7186081.811499999836087 ], [ 674425.76659999997355, 7186080.627600000239909 ], [ 674409.75289999996312, 7186075.35190000012517 ], [ 674400.753400000045076, 7186071.813 ], [ 674398.174400000018068, 7186077.7182 ], [ 674364.804499999969266, 7186154.27309999987483 ], [ 674359.347599999979138, 7186166.320000000298023 ], [ 674369.371599999954924, 7186170.5104 ], [ 674442.867500000051223, 7186201.206299999728799 ], [ 674497.266399999964051, 7186223.929999999701977 ], [ 674509.303399999975227, 7186228.958200000226498 ], [ 674511.81160000001546, 7186222.245199999772012 ], [ 674545.024500000057742, 7186135.2226 ], [ 674549.694099999964237, 7186122.986499999649823 ], [ 674569.686100000049919, 7186070.623599999584258 ], [ 674571.057900000014342, 7186067.0384 ], [ 674573.743000000016764, 7186060.012900000438094 ] ] ] } },
{ "type": "Feature", "properties": { }, "geometry": { "type": "Polygon", "coordinates": [ [ [ 674573.743000000016764, 7186060.012900000438094 ], [ 674571.057900000014342, 7186067.0384 ], [ 674569.686100000049919, 7186070.623599999584258 ], [ 674549.694099999964237, 7186122.986499999649823 ], [ 674545.024500000057742, 7186135.2226 ], [ 674551.153199999942444, 7186137.701999999582767 ], [ 674553.813100000028498, 7186138.786399999633431 ], [ 674646.726200000033714, 7186176.50719999987632 ], [ 674658.15480000001844, 7186181.166500000283122 ], [ 674661.287200000020675, 7186172.949699999764562 ], [ 674682.193899999954738, 7186118.237099999561906 ], [ 674686.0575, 7186108.238199999555945 ], [ 674673.696, 7186103.779400000348687 ], [ 674583.100499999942258, 7186068.643199999816716 ], [ 674579.4325, 7186065.854799999855459 ], [ 674573.743000000016764, 7186060.012900000438094 ] ] ] } },
{ "type": "Feature", "properties": { }, "geometry": { "type": "Polygon", "coordinates": [ [ [ 674788.11199999996461, 7186073.894399999640882 ], [ 674783.651199999963865, 7186072.02489999961108 ], [ 674721.29280000005383, 7186044.5203 ], [ 674711.933500000042841, 7186040.3881 ], [ 674708.87879999994766, 7186048.382299999706447 ], [ 674688.906500000040978, 7186100.667600000277162 ], [ 674686.0575, 7186108.238199999555945 ], [ 674692.12699999997858, 7186110.03139999974519 ], [ 674694.109799999976531, 7186110.880800000391901 ], [ 674757.454600000055507, 7186137.6414 ], [ 674761.8038, 7186139.434899999760091 ], [ 674788.11199999996461, 7186073.894399999640882 ] ] ] } },
{ "type": "Feature", "properties": { }, "geometry": { "type": "Polygon", "coordinates": [ [ [ 673386.0109, 7185247.729500000365078 ], [ 673380.749399999971502, 7185260.139000000432134 ], [ 673412.699499999987893, 7185273.485399999655783 ], [ 673456.260699999984354, 7185291.6891 ], [ 673490.668799999984913, 7185306.078099999576807 ], [ 673495.869500000029802, 7185293.636099999770522 ], [ 673448.727900000056252, 7185273.939000000245869 ], [ 673435.852700000046752, 7185268.555100000463426 ], [ 673386.0109, 7185247.729500000365078 ] ] ] } },
{ "type": "Feature", "properties": { }, "geometry": { "type": "Polygon", "coordinates": [ [ [ 673490.668799999984913, 7185306.078099999576807 ], [ 673456.260699999984354, 7185291.6891 ], [ 673412.699499999987893, 7185273.485399999655783 ], [ 673380.749399999971502, 7185260.139000000432134 ], [ 673306.869399999966845, 7185434.163200000301003 ], [ 673376.156500000040978, 7185462.747600000351667 ], [ 673418.036300000036135, 7185480.020399999804795 ], [ 673420.261000000056811, 7185474.696100000292063 ], [ 673442.039299999945797, 7185422.544599999673665 ], [ 673478.6679, 7185334.838200000114739 ], [ 673488.171199999982491, 7185312.0707 ], [ 673490.668799999984913, 7185306.078099999576807 ] ] ] } },
{ "type": "Feature", "properties": { }, "geometry": { "type": "Polygon", "coordinates": [ [ [ 673495.869500000029802, 7185293.636099999770522 ], [ 673490.668799999984913, 7185306.078099999576807 ], [ 673597.88820000004489, 7185350.854799999855459 ], [ 673603.1901, 7185338.466799999587238 ], [ 673495.869500000029802, 7185293.636099999770522 ] ] ] } },
{ "type": "Feature", "properties": { }, "geometry": { "type": "Polygon", "coordinates": [ [ [ 673597.88820000004489, 7185350.854799999855459 ], [ 673490.668799999984913, 7185306.078099999576807 ], [ 673488.171199999982491, 7185312.0707 ], [ 673478.6679, 7185334.838200000114739 ], [ 673442.039299999945797, 7185422.544599999673665 ], [ 673420.261000000056811, 7185474.696100000292063 ], [ 673418.036300000036135, 7185480.020399999804795 ], [ 673431.2415, 7185490.684399999678135 ], [ 673454.385099999955855, 7185500.533099999651313 ], [ 673463.923700000043027, 7185504.58629999961704 ], [ 673521.45050000003539, 7185529.1787 ], [ 673547.141399999964051, 7185469.2325 ], [ 673553.801100000040606, 7185453.713899999856949 ], [ 673597.88820000004489, 7185350.854799999855459 ] ] ] } },
{ "type": "Feature", "properties": { }, "geometry": { "type": "Polygon", "coordinates": [ [ [ 673597.88820000004489, 7185350.854799999855459 ], [ 673553.801100000040606, 7185453.713899999856949 ], [ 673547.141399999964051, 7185469.2325 ], [ 673521.45050000003539, 7185529.1787 ], [ 673529.773700000019744, 7185532.593999999575317 ], [ 673586.217199999955483, 7185556.623999999836087 ], [ 673606.093800000031479, 7185565.08559999987483 ], [ 673618.505200000014156, 7185570.364500000141561 ], [ 673625.768099999986589, 7185573.46100000012666 ], [ 673699.768099999986589, 7185393.406600000336766 ], [ 673692.992500000051223, 7185390.647199999541044 ], [ 673658.0675, 7185375.9994 ], [ 673597.88820000004489, 7185350.854799999855459 ] ] ] } },
{ "type": "Feature", "properties": { }, "geometry": { "type": "Polygon", "coordinates": [ [ [ 673418.036300000036135, 7185480.020399999804795 ], [ 673376.156500000040978, 7185462.747600000351667 ], [ 673306.869399999966845, 7185434.163200000301003 ], [ 673302.983800000045449, 7185443.297899999655783 ], [ 673371.872500000055879, 7185471.411000000312924 ], [ 673379.952700000023469, 7185474.707700000144541 ], [ 673414.406500000040978, 7185488.708599999547005 ], [ 673431.2415, 7185490.684399999678135 ], [ 673418.036300000036135, 7185480.020399999804795 ] ] ] } },
{ "type": "Feature", "properties": { }, "geometry": { "type": "Polygon", "coordinates": [ [ [ 673431.2415, 7185490.684399999678135 ], [ 673414.406500000040978, 7185488.708599999547005 ], [ 673379.952700000023469, 7185474.707700000144541 ], [ 673371.872500000055879, 7185471.411000000312924 ], [ 673302.983800000045449, 7185443.297899999655783 ], [ 673253.195799999986775, 7185560.5872 ], [ 673248.714799999957904, 7185571.1365 ], [ 673291.162499999976717, 7185612.110399999655783 ], [ 673320.787000000011176, 7185640.830900000408292 ], [ 673329.8027, 7185649.566200000233948 ], [ 673354.731099999975413, 7185673.738599999807775 ], [ 673413.369599999976344, 7185730.588899999856949 ], [ 673422.749500000034459, 7185722.358199999667704 ], [ 673438.425700000021607, 7185708.6064 ], [ 673443.074200000031851, 7185704.003999999724329 ], [ 673447.102700000046752, 7185698.9222999997437 ], [ 673450.762499999953434, 7185693.3246 ], [ 673454.102100000018254, 7185686.313 ], [ 673507.145099999965169, 7185562.555100000463426 ], [ 673517.0856, 7185539.360999999567866 ], [ 673521.45050000003539, 7185529.1787 ], [ 673463.923700000043027, 7185504.58629999961704 ], [ 673454.385099999955855, 7185500.533099999651313 ], [ 673431.2415, 7185490.684399999678135 ] ] ] } },
{ "type": "Feature", "properties": { }, "geometry": { "type": "Polygon", "coordinates": [ [ [ 673603.1901, 7185338.466799999587238 ], [ 673597.88820000004489, 7185350.854799999855459 ], [ 673658.0675, 7185375.9994 ], [ 673692.992500000051223, 7185390.647199999541044 ], [ 673699.768099999986589, 7185393.406600000336766 ], [ 673704.897800000035204, 7185380.932099999859929 ], [ 673698.162600000039674, 7185378.183299999684095 ], [ 673643.646700000041164, 7185355.3695 ], [ 673603.1901, 7185338.466799999587238 ] ] ] } },
{ "type": "Feature", "properties": { }, "geometry": { "type": "Polygon", "coordinates": [ [ [ 673306.869399999966845, 7185434.163200000301003 ], [ 673296.958100000047125, 7185430.059299999848008 ], [ 673233.324999999953434, 7185403.8277000002563 ], [ 673198.7881, 7185389.583700000308454 ], [ 673173.686800000024959, 7185379.228199999779463 ], [ 673165.954400000046007, 7185387.2714 ], [ 673229.180599999963306, 7185413.176199999637902 ], [ 673276.397, 7185432.429999999701977 ], [ 673302.983800000045449, 7185443.297899999655783 ], [ 673306.869399999966845, 7185434.163200000301003 ] ] ] } },
{ "type": "Feature", "properties": { }, "geometry": { "type": "Polygon", "coordinates": [ [ [ 673302.983800000045449, 7185443.297899999655783 ], [ 673276.397, 7185432.429999999701977 ], [ 673229.180599999963306, 7185413.176199999637902 ], [ 673165.954400000046007, 7185387.2714 ], [ 673114.497899999958463, 7185440.846900000236928 ], [ 673174.692700000014156, 7185499.1847 ], [ 673248.714799999957904, 7185571.1365 ], [ 673253.195799999986775, 7185560.5872 ], [ 673302.983800000045449, 7185443.297899999655783 ] ] ] } },
{ "type": "Feature", "properties": { }, "geometry": { "type": "Polygon", "coordinates": [ [ [ 673173.686800000024959, 7185379.228199999779463 ], [ 673069.1864, 7185336.119199999608099 ], [ 673049.862199999974109, 7185333.776200000196695 ], [ 673063.6152, 7185345.607900000177324 ], [ 673165.954400000046007, 7185387.2714 ], [ 673173.686800000024959, 7185379.228199999779463 ] ] ] } },
{ "type": "Feature", "properties": { }, "geometry": { "type": "Polygon", "coordinates": [ [ [ 673165.954400000046007, 7185387.2714 ], [ 673063.6152, 7185345.607900000177324 ], [ 673049.862199999974109, 7185333.776200000196695 ], [ 673027.5625, 7185356.5313 ], [ 673114.497899999958463, 7185440.846900000236928 ], [ 673165.954400000046007, 7185387.2714 ] ] ] } },
{ "type": "Feature", "properties": { }, "geometry": { "type": "Polygon", "coordinates": [ [ [ 672961.873499999986961, 7185423.5176 ], [ 673045.258099999977276, 7185503.94649999961257 ], [ 673049.74, 7185508.264700000174344 ], [ 673114.497899999958463, 7185440.846900000236928 ], [ 673027.5625, 7185356.5313 ], [ 672961.873499999986961, 7185423.5176 ] ] ] } },
{ "type": "Feature", "properties": { }, "geometry": { "type": "Polygon", "coordinates": [ [ [ 673048.09340000001248, 7185856.993700000457466 ], [ 673109.745, 7185883.119 ], [ 673207.197799999965355, 7185923.892699999734759 ], [ 673218.14159999997355, 7185928.4709 ], [ 673271.359199999948032, 7185870.928399999625981 ], [ 673218.0283, 7185816.878200000151992 ], [ 673206.59699999995064, 7185805.714700000360608 ], [ 673190.489500000025146, 7185789.9918 ], [ 673151.957700000028126, 7185752.356999999843538 ], [ 673048.09340000001248, 7185856.993700000457466 ] ] ] } },
{ "type": "Feature", "properties": { }, "geometry": { "type": "Polygon", "coordinates": [ [ [ 673218.14159999997355, 7185928.4709 ], [ 673207.197799999965355, 7185923.892699999734759 ], [ 673109.745, 7185883.119 ], [ 673048.09340000001248, 7185856.993700000457466 ], [ 672991.862500000046566, 7185991.3926 ], [ 673160.762699999962933, 7186061.899299999698997 ], [ 673196.850300000049174, 7185977.9677 ], [ 673211.685999999986961, 7185943.488099999725819 ], [ 673218.14159999997355, 7185928.4709 ] ] ] } },
{ "type": "Feature", "properties": { }, "geometry": { "type": "Polygon", "coordinates": [ [ [ 673151.957700000028126, 7185752.356999999843538 ], [ 673190.489500000025146, 7185789.9918 ], [ 673206.59699999995064, 7185805.714700000360608 ], [ 673218.0283, 7185816.878200000151992 ], [ 673271.359199999948032, 7185870.928399999625981 ], [ 673338.932999999960884, 7185804.149000000208616 ], [ 673365.811299999943003, 7185777.589700000360608 ], [ 673413.369599999976344, 7185730.588899999856949 ], [ 673354.731099999975413, 7185673.738599999807775 ], [ 673329.8027, 7185649.566200000233948 ], [ 673320.787000000011176, 7185640.830900000408292 ], [ 673291.162499999976717, 7185612.110399999655783 ], [ 673219.187200000043958, 7185684.629800000227988 ], [ 673151.957700000028126, 7185752.356999999843538 ] ] ] } },
{ "type": "Feature", "properties": { }, "geometry": { "type": "Polygon", "coordinates": [ [ [ 672978.2315, 7185582.704400000162423 ], [ 672994.1017, 7185598.009600000455976 ], [ 673012.8602, 7185616.5236 ], [ 673048.436699999962002, 7185651.272099999710917 ], [ 673116.5133, 7185717.751000000163913 ], [ 673151.957700000028126, 7185752.356999999843538 ], [ 673219.187200000043958, 7185684.629800000227988 ], [ 673291.162499999976717, 7185612.110399999655783 ], [ 673248.714799999957904, 7185571.1365 ], [ 673174.692700000014156, 7185499.1847 ], [ 673114.497899999958463, 7185440.846900000236928 ], [ 673049.74, 7185508.264700000174344 ], [ 673014.561499999952503, 7185544.878999999724329 ], [ 672978.2315, 7185582.704400000162423 ] ] ] } },
{ "type": "Feature", "properties": { }, "geometry": { "type": "Polygon", "coordinates": [ [ [ 673421.560300000011921, 7185738.526100000366569 ], [ 673413.369599999976344, 7185730.588899999856949 ], [ 673365.811299999943003, 7185777.589700000360608 ], [ 673338.932999999960884, 7185804.149000000208616 ], [ 673271.359199999948032, 7185870.928399999625981 ], [ 673218.14159999997355, 7185928.4709 ], [ 673230.572200000053272, 7185933.6612 ], [ 673277.525499999988824, 7185954.990199999883771 ], [ 673293.774899999960326, 7185938.073800000362098 ], [ 673301.842399999964982, 7185932.585400000214577 ], [ 673318.6997, 7185915.229100000113249 ], [ 673343.662400000030175, 7185889.093500000424683 ], [ 673347.362300000037067, 7185881.14670000039041 ], [ 673454.3933, 7185770.2736 ], [ 673426.368499999982305, 7185743.1722999997437 ], [ 673421.560300000011921, 7185738.526100000366569 ] ] ] } },
{ "type": "Feature", "properties": { }, "geometry": { "type": "Polygon", "coordinates": [ [ [ 673454.3933, 7185770.2736 ], [ 673347.362300000037067, 7185881.14670000039041 ], [ 673343.662400000030175, 7185889.093500000424683 ], [ 673318.6997, 7185915.229100000113249 ], [ 673301.842399999964982, 7185932.585400000214577 ], [ 673296.602199999964796, 7185941.227900000289083 ], [ 673295.121900000027381, 7185948.115799999795854 ], [ 673295.443399999989197, 7185951.978000000119209 ], [ 673295.693399999989197, 7185954.977099999785423 ], [ 673297.299400000018068, 7185960.152099999599159 ], [ 673299.923300000024028, 7185966.244699999690056 ], [ 673309.738499999977648, 7185976.897300000302494 ], [ 673315.595100000035018, 7185983.2582 ], [ 673327.196099999942817, 7185995.8597 ], [ 673335.633999999961816, 7186005.023400000296533 ], [ 673336.919699999969453, 7186006.424800000153482 ], [ 673341.7966, 7186011.712799999862909 ], [ 673348.488499999977648, 7186018.871600000187755 ], [ 673398.06160000001546, 7186071.6184 ], [ 673415.218499999959022, 7186089.8756 ], [ 673417.961699999985285, 7186092.742700000293553 ], [ 673465.260699999984354, 7186142.294700000435114 ], [ 673468.707700000028126, 7186145.90610000025481 ], [ 673485.061800000024959, 7186101.302799999713898 ], [ 673490.289100000052713, 7186089.336799999698997 ], [ 673503.383599999942817, 7186064.949699999764562 ], [ 673506.789699999964796, 7186059.953599999658763 ], [ 673511.289899999974295, 7186056.328099999576807 ], [ 673517.050500000012107, 7186056.043100000359118 ], [ 673521.925000000046566, 7186057.2429 ], [ 673552.246700000017881, 7186070.532700000330806 ], [ 673598.7561, 7186090.913599999621511 ], [ 673602.246000000042841, 7186093.948200000450015 ], [ 673604.180199999944307, 7186098.0444 ], [ 673604.60640000004787, 7186102.99100000038743 ], [ 673604.113499999977648, 7186107.661500000394881 ], [ 673602.875800000037998, 7186112.2972999997437 ], [ 673562.931300000054762, 7186207.436099999584258 ], [ 673660.825900000054389, 7186248.622100000269711 ], [ 673684.487100000027567, 7186191.8926 ], [ 673704.0307, 7186145.043100000359118 ], [ 673706.957700000028126, 7186138.014700000174344 ], [ 673710.6361, 7186129.192800000309944 ], [ 673732.540599999949336, 7186076.673700000159442 ], [ 673743.390200000023469, 7186050.653599999845028 ], [ 673749.829799999948591, 7186035.215300000272691 ], [ 673744.070399999967776, 7186031.7116 ], [ 673730.2193, 7186023.2829 ], [ 673716.814400000032037, 7186015.1255 ], [ 673701.949400000041351, 7186006.078499999828637 ], [ 673691.982100000022911, 7186000.025700000114739 ], [ 673595.334000000031665, 7185906.566399999894202 ], [ 673593.571499999961816, 7185904.86089999973774 ], [ 673591.727500000037253, 7185903.067900000140071 ], [ 673523.360699999961071, 7185836.971699999645352 ], [ 673519.785099999979138, 7185833.517099999822676 ], [ 673516.209200000041164, 7185830.0515 ], [ 673466.984700000029989, 7185782.452200000174344 ], [ 673454.3933, 7185770.2736 ] ] ] } },
{ "type": "Feature", "properties": { }, "geometry": { "type": "Polygon", "coordinates": [ [ [ 673230.572200000053272, 7185933.6612 ], [ 673218.14159999997355, 7185928.4709 ], [ 673211.685999999986961, 7185943.488099999725819 ], [ 673196.850300000049174, 7185977.9677 ], [ 673160.762699999962933, 7186061.899299999698997 ], [ 673174.215199999976903, 7186067.541899999603629 ], [ 673196.709799999953248, 7186076.934100000187755 ], [ 673264.841000000014901, 7186105.367999999783933 ], [ 673266.592199999955483, 7186100.7588 ], [ 673273.8996, 7186081.5872 ], [ 673336.934699999983422, 7186016.9271 ], [ 673341.7966, 7186011.712799999862909 ], [ 673336.919699999969453, 7186006.424800000153482 ], [ 673335.633999999961816, 7186005.023400000296533 ], [ 673327.196099999942817, 7185995.8597 ], [ 673315.595100000035018, 7185983.2582 ], [ 673309.738499999977648, 7185976.897300000302494 ], [ 673299.923300000024028, 7185966.244699999690056 ], [ 673294.979999999981374, 7185962.829900000244379 ], [ 673287.740899999975227, 7185959.245299999602139 ], [ 673277.525499999988824, 7185954.990199999883771 ], [ 673230.572200000053272, 7185933.6612 ] ] ] } },
{ "type": "Feature", "properties": { }, "geometry": { "type": "Polygon", "coordinates": [ [ [ 673301.842399999964982, 7185932.585400000214577 ], [ 673293.774899999960326, 7185938.073800000362098 ], [ 673277.525499999988824, 7185954.990199999883771 ], [ 673287.740899999975227, 7185959.245299999602139 ], [ 673294.979999999981374, 7185962.829900000244379 ], [ 673299.923300000024028, 7185966.244699999690056 ], [ 673297.299400000018068, 7185960.152099999599159 ], [ 673295.693399999989197, 7185954.977099999785423 ], [ 673295.443399999989197, 7185951.978000000119209 ], [ 673295.121900000027381, 7185948.115799999795854 ], [ 673296.602199999964796, 7185941.227900000289083 ], [ 673301.842399999964982, 7185932.585400000214577 ] ] ] } },
{ "type": "Feature", "properties": { }, "geometry": { "type": "Polygon", "coordinates": [ [ [ 673727.410900000017136, 7185912.0905 ], [ 673691.982100000022911, 7186000.025700000114739 ], [ 673701.949400000041351, 7186006.078499999828637 ], [ 673716.814400000032037, 7186015.1255 ], [ 673730.2193, 7186023.2829 ], [ 673744.070399999967776, 7186031.7116 ], [ 673749.829799999948591, 7186035.215300000272691 ], [ 673788.227199999964796, 7185944.261400000192225 ], [ 673790.998999999952503, 7185937.6891 ], [ 673780.744500000029802, 7185933.534599999897182 ], [ 673748.230899999965914, 7185920.329199999570847 ], [ 673731.6984, 7185913.796500000171363 ], [ 673727.410900000017136, 7185912.0905 ] ] ] } },
{ "type": "Feature", "properties": { }, "geometry": { "type": "Polygon", "coordinates": [ [ [ 674180.357599999988452, 7185983.422500000335276 ], [ 674142.270800000056624, 7186075.636699999682605 ], [ 674255.406100000021979, 7186122.902099999599159 ], [ 674346.9769, 7186161.151999999769032 ], [ 674359.347599999979138, 7186166.320000000298023 ], [ 674364.804499999969266, 7186154.27309999987483 ], [ 674398.174400000018068, 7186077.7182 ], [ 674400.753400000045076, 7186071.813 ], [ 674390.984500000020489, 7186067.896300000138581 ], [ 674295.0958999999566, 7186029.448099999688566 ], [ 674180.357599999988452, 7185983.422500000335276 ] ] ] } },
{ "type": "Feature", "properties": { }, "geometry": { "type": "Polygon", "coordinates": [ [ [ 674142.270800000056624, 7186075.636699999682605 ], [ 674097.0329, 7186187.397599999792874 ], [ 674158.993200000026263, 7186214.5334 ], [ 674236.544499999959953, 7186248.446000000461936 ], [ 674296.149300000048243, 7186274.648 ], [ 674309.474399999948218, 7186280.490600000135601 ], [ 674316.05980000004638, 7186265.471 ], [ 674357.721800000057556, 7186170.4956 ], [ 674359.347599999979138, 7186166.320000000298023 ], [ 674346.9769, 7186161.151999999769032 ], [ 674255.406100000021979, 7186122.902099999599159 ], [ 674142.270800000056624, 7186075.636699999682605 ] ] ] } },
{ "type": "Feature", "properties": { }, "geometry": { "type": "Polygon", "coordinates": [ [ [ 673878.235299999942072, 7185972.3755 ], [ 673798.858, 7185940.966199999675155 ], [ 673790.998999999952503, 7185937.6891 ], [ 673788.227199999964796, 7185944.261400000192225 ], [ 673749.829799999948591, 7186035.215300000272691 ], [ 673803.239399999962188, 7186058.608199999667704 ], [ 673834.502300000051036, 7186072.30599999986589 ], [ 673837.403599999961443, 7186065.632399999536574 ], [ 673878.235299999942072, 7185972.3755 ] ] ] } },
{ "type": "Feature", "properties": { }, "geometry": { "type": "Polygon", "coordinates": [ [ [ 673834.502300000051036, 7186072.30599999986589 ], [ 673803.239399999962188, 7186058.608199999667704 ], [ 673749.829799999948591, 7186035.215300000272691 ], [ 673743.390200000023469, 7186050.653599999845028 ], [ 673732.540599999949336, 7186076.673700000159442 ], [ 673710.6361, 7186129.192800000309944 ], [ 673706.957700000028126, 7186138.014700000174344 ], [ 673704.0307, 7186145.043100000359118 ], [ 673684.487100000027567, 7186191.8926 ], [ 673753.992300000041723, 7186257.1426 ], [ 673760.567200000048615, 7186242.046 ], [ 673771.909600000013597, 7186216.008399999700487 ], [ 673788.703499999945052, 7186177.458999999798834 ], [ 673790.911199999973178, 7186172.378600000403821 ], [ 673795.033999999985099, 7186162.919499999843538 ], [ 673799.371599999954924, 7186152.958999999798834 ], [ 673806.903700000024401, 7186135.65639999974519 ], [ 673813.556800000020303, 7186120.3926 ], [ 673834.502300000051036, 7186072.30599999986589 ] ] ] } },
{ "type": "Feature", "properties": { }, "geometry": { "type": "Polygon", "coordinates": [ [ [ 674097.0329, 7186187.397599999792874 ], [ 674061.0834, 7186275.406999999657273 ], [ 674058.587300000013784, 7186281.521599999628961 ], [ 674057.65480000001844, 7186288.7347 ], [ 674058.241200000047684, 7186307.5718 ], [ 674057.739900000044145, 7186316.230700000189245 ], [ 674056.492100000032224, 7186325.508600000292063 ], [ 674052.448500000056811, 7186342.610999999567866 ], [ 674048.567099999985658, 7186359.035500000230968 ], [ 674051.666699999943376, 7186374.627100000157952 ], [ 674052.376900000032037, 7186381.287200000137091 ], [ 674052.446099999942817, 7186385.850700000301003 ], [ 674047.790200000046752, 7186451.130699999630451 ], [ 674151.620299999951385, 7186457.172600000165403 ], [ 674179.722300000023097, 7186391.588100000284612 ], [ 674196.293500000028871, 7186350.681300000287592 ], [ 674197.931899999966845, 7186348.244900000281632 ], [ 674201.072599999955855, 7186346.841400000266731 ], [ 674204.698100000037812, 7186346.362300000153482 ], [ 674212.020299999974668, 7186349.33600000012666 ], [ 674216.055799999972805, 7186350.989699999801815 ], [ 674254.73030000005383, 7186366.706399999558926 ], [ 674260.282600000035018, 7186368.960799999535084 ], [ 674269.314099999959581, 7186372.632299999706447 ], [ 674274.380400000023656, 7186360.701299999840558 ], [ 674275.787499999976717, 7186357.503499999642372 ], [ 674306.299400000018068, 7186287.766099999658763 ], [ 674309.474399999948218, 7186280.490600000135601 ], [ 674296.149300000048243, 7186274.648 ], [ 674236.544499999959953, 7186248.446000000461936 ], [ 674158.993200000026263, 7186214.5334 ], [ 674097.0329, 7186187.397599999792874 ] ] ] } },
{ "type": "Feature", "properties": { }, "geometry": { "type": "Polygon", "coordinates": [ [ [ 674058.587300000013784, 7186281.521599999628961 ], [ 674061.0834, 7186275.406999999657273 ], [ 674097.0329, 7186187.397599999792874 ], [ 674014.290799999958836, 7186151.114299999549985 ], [ 673990.413199999951757, 7186140.644500000402331 ], [ 673940.897899999981746, 7186118.9413 ], [ 673934.745800000033341, 7186116.196000000461936 ], [ 673931.0636, 7186114.626299999654293 ], [ 673927.826099999947473, 7186113.217000000178814 ], [ 673843.486599999945611, 7186076.244400000199676 ], [ 673834.502300000051036, 7186072.30599999986589 ], [ 673813.556800000020303, 7186120.3926 ], [ 673806.903700000024401, 7186135.65639999974519 ], [ 673799.371599999954924, 7186152.958999999798834 ], [ 673795.033999999985099, 7186162.919499999843538 ], [ 673790.911199999973178, 7186172.378600000403821 ], [ 673788.703499999945052, 7186177.458999999798834 ], [ 673771.909600000013597, 7186216.008399999700487 ], [ 673760.567200000048615, 7186242.046 ], [ 673753.992300000041723, 7186257.1426 ], [ 673754.2818, 7186265.5142 ], [ 673756.376500000013039, 7186273.452600000426173 ], [ 673760.172999999951571, 7186280.7374 ], [ 673765.485600000014529, 7186287.01659999974072 ], [ 673772.069200000027195, 7186292.005300000309944 ], [ 673789.128999999957159, 7186295.717199999839067 ], [ 673796.392899999977089, 7186297.307 ], [ 673848.21750000002794, 7186307.75829999987036 ], [ 673854.383900000015274, 7186309.273699999786913 ], [ 673860.92180000001099, 7186311.51549999974668 ], [ 673865.978600000031292, 7186314.3525 ], [ 673870.503200000035577, 7186319.589499999769032 ], [ 673874.312999999965541, 7186326.342299999669194 ], [ 673883.08109999995213, 7186323.68059999961406 ], [ 673886.1949, 7186323.307900000363588 ], [ 673889.1187, 7186323.790699999779463 ], [ 673891.83109999995213, 7186325.051699999719858 ], [ 673946.16780000005383, 7186354.658200000412762 ], [ 673952.492699999944307, 7186357.534199999645352 ], [ 673957.819400000036694, 7186359.45920000039041 ], [ 673960.2317, 7186360.07050000037998 ], [ 673987.162800000049174, 7186366.268699999898672 ], [ 673989.702599999960512, 7186367.399000000208616 ], [ 673991.645600000047125, 7186369.057699999772012 ], [ 673993.027899999986403, 7186370.923100000247359 ], [ 673993.47019999998156, 7186373.9972 ], [ 673993.096800000057556, 7186376.228900000452995 ], [ 673991.834099999978207, 7186378.937400000169873 ], [ 673990.264399999985471, 7186381.239900000393391 ], [ 673970.086000000010245, 7186411.67960000038147 ], [ 674047.790200000046752, 7186451.130699999630451 ], [ 674052.446099999942817, 7186385.850700000301003 ], [ 674052.376900000032037, 7186381.287200000137091 ], [ 674051.666699999943376, 7186374.627100000157952 ], [ 674048.567099999985658, 7186359.035500000230968 ], [ 674046.868600000045262, 7186345.9847999997437 ], [ 674046.780200000037439, 7186341.499099999666214 ], [ 674046.870499999960884, 7186336.822800000198185 ], [ 674047.6141, 7186332.1047 ], [ 674049.663700000033714, 7186323.370400000363588 ], [ 674053.571800000034273, 7186306.67960000038147 ], [ 674057.65480000001844, 7186288.7347 ], [ 674058.587300000013784, 7186281.521599999628961 ] ] ] } },
{ "type": "Feature", "properties": { }, "geometry": { "type": "Polygon", "coordinates": [ [ [ 673753.992300000041723, 7186257.1426 ], [ 673745.023799999966286, 7186269.965900000184774 ], [ 673740.0516, 7186275.214999999850988 ], [ 673734.22199999995064, 7186279.50040000025183 ], [ 673737.466099999961443, 7186285.307799999602139 ], [ 673740.000400000018999, 7186291.456899999640882 ], [ 673740.26, 7186295.187 ], [ 673745.091200000024401, 7186291.479600000195205 ], [ 673748.040200000046752, 7186290.034400000236928 ], [ 673750.898399999947287, 7186289.3437 ], [ 673754.444999999948777, 7186288.987599999643862 ], [ 673759.165999999968335, 7186289.2034 ], [ 673772.069200000027195, 7186292.005300000309944 ], [ 673765.485600000014529, 7186287.01659999974072 ], [ 673760.172999999951571, 7186280.7374 ], [ 673756.376500000013039, 7186273.452600000426173 ], [ 673754.2818, 7186265.5142 ], [ 673753.992300000041723, 7186257.1426 ] ] ] } },
{ "type": "Feature", "properties": { }, "geometry": { "type": "Polygon", "coordinates": [ [ [ 673734.22199999995064, 7186279.50040000025183 ], [ 673740.0516, 7186275.214999999850988 ], [ 673745.023799999966286, 7186269.965900000184774 ], [ 673753.992300000041723, 7186257.1426 ], [ 673684.487100000027567, 7186191.8926 ], [ 673660.825900000054389, 7186248.622100000269711 ], [ 673729.741000000038184, 7186277.619699999690056 ], [ 673734.22199999995064, 7186279.50040000025183 ] ] ] } },
{ "type": "Feature", "properties": { }, "geometry": { "type": "Polygon", "coordinates": [ [ [ 673796.392899999977089, 7186297.307 ], [ 673789.128999999957159, 7186295.717199999839067 ], [ 673772.069200000027195, 7186292.005300000309944 ], [ 673759.165999999968335, 7186289.2034 ], [ 673754.444999999948777, 7186288.987599999643862 ], [ 673750.898399999947287, 7186289.3437 ], [ 673748.040200000046752, 7186290.034400000236928 ], [ 673745.091200000024401, 7186291.479600000195205 ], [ 673740.26, 7186295.187 ], [ 673737.864700000034645, 7186300.546799999661744 ], [ 673732.9375, 7186311.600499999709427 ], [ 673732.341200000024401, 7186312.937699999660254 ], [ 673726.905600000056438, 7186325.127999999560416 ], [ 673723.8652, 7186331.947499999776483 ], [ 673717.657400000025518, 7186345.8761 ], [ 673708.008000000030734, 7186367.504499999806285 ], [ 673704.55980000004638, 7186369.244199999608099 ], [ 673701.610699999961071, 7186371.464800000190735 ], [ 673688.911899999948218, 7186403.878899999894202 ], [ 673667.069600000046194, 7186459.709599999710917 ], [ 673662.648399999947287, 7186471.0005 ], [ 673691.3874, 7186481.6294 ], [ 673696.64379999996163, 7186483.566599999554455 ], [ 673706.143900000024587, 7186486.9222 ], [ 673738.710399999981746, 7186497.900399999693036 ], [ 673751.620299999951385, 7186501.97620000038296 ], [ 673764.90949999995064, 7186505.8256 ], [ 673772.458600000012666, 7186507.677699999883771 ], [ 673777.129100000020117, 7186508.6475 ], [ 673792.582700000028126, 7186511.826299999840558 ], [ 673813.981600000057369, 7186516.534400000236928 ], [ 673824.093600000021979, 7186518.973600000143051 ], [ 673853.23699999996461, 7186526.627899999730289 ], [ 673861.88710000005085, 7186525.718100000172853 ], [ 673866.672600000048988, 7186523.916799999773502 ], [ 673869.661500000045635, 7186520.1113 ], [ 673871.13820000004489, 7186515.284099999815226 ], [ 673871.692099999985658, 7186509.892699999734759 ], [ 673872.405299999983981, 7186487.3054 ], [ 673870.2474, 7186478.38190000038594 ], [ 673867.440900000045076, 7186466.763600000180304 ], [ 673852.84499999997206, 7186406.330799999646842 ], [ 673858.905099999974482, 7186384.1173 ], [ 673866.48320000001695, 7186356.3892 ], [ 673874.312999999965541, 7186326.342299999669194 ], [ 673870.503200000035577, 7186319.589499999769032 ], [ 673865.978600000031292, 7186314.3525 ], [ 673860.92180000001099, 7186311.51549999974668 ], [ 673854.383900000015274, 7186309.273699999786913 ], [ 673848.21750000002794, 7186307.75829999987036 ], [ 673796.392899999977089, 7186297.307 ] ] ] } },
{ "type": "Feature", "properties": { }, "geometry": { "type": "Polygon", "coordinates": [ [ [ 673740.26, 7186295.187 ], [ 673740.000400000018999, 7186291.456899999640882 ], [ 673737.466099999961443, 7186285.307799999602139 ], [ 673734.22199999995064, 7186279.50040000025183 ], [ 673729.741000000038184, 7186277.619699999690056 ], [ 673660.825900000054389, 7186248.622100000269711 ], [ 673624.586699999985285, 7186335.470700000412762 ], [ 673708.008000000030734, 7186367.504499999806285 ], [ 673717.657400000025518, 7186345.8761 ], [ 673723.8652, 7186331.947499999776483 ], [ 673726.905600000056438, 7186325.127999999560416 ], [ 673732.341200000024401, 7186312.937699999660254 ], [ 673732.9375, 7186311.600499999709427 ], [ 673737.864700000034645, 7186300.546799999661744 ], [ 673740.26, 7186295.187 ] ] ] } },
{ "type": "Feature", "properties": { }, "geometry": { "type": "Polygon", "coordinates": [ [ [ 674359.347599999979138, 7186166.320000000298023 ], [ 674357.721800000057556, 7186170.4956 ], [ 674316.05980000004638, 7186265.471 ], [ 674309.474399999948218, 7186280.490600000135601 ], [ 674319.511199999949895, 7186284.880199999548495 ], [ 674386.005600000033155, 7186314.027900000102818 ], [ 674452.4092, 7186343.1321 ], [ 674463.741999999969266, 7186348.1584 ], [ 674468.6938, 7186335.176300000399351 ], [ 674503.2210999999661, 7186244.7357 ], [ 674509.303399999975227, 7186228.958200000226498 ], [ 674497.266399999964051, 7186223.929999999701977 ], [ 674442.867500000051223, 7186201.206299999728799 ], [ 674369.371599999954924, 7186170.5104 ], [ 674359.347599999979138, 7186166.320000000298023 ] ] ] } },
{ "type": "Feature", "properties": { }, "geometry": { "type": "Polygon", "coordinates": [ [ [ 674463.741999999969266, 7186348.1584 ], [ 674452.4092, 7186343.1321 ], [ 674386.005600000033155, 7186314.027900000102818 ], [ 674319.511199999949895, 7186284.880199999548495 ], [ 674309.474399999948218, 7186280.490600000135601 ], [ 674306.299400000018068, 7186287.766099999658763 ], [ 674275.787499999976717, 7186357.503499999642372 ], [ 674274.380400000023656, 7186360.701299999840558 ], [ 674269.314099999959581, 7186372.632299999706447 ], [ 674278.12320000003092, 7186376.218100000172853 ], [ 674317.070799999986775, 7186392.041899999603629 ], [ 674333.060599999967963, 7186398.547799999825656 ], [ 674350.102100000018254, 7186405.472 ], [ 674421.636599999968894, 7186434.553999999538064 ], [ 674429.515099999960512, 7186437.752999999560416 ], [ 674432.532, 7186429.925499999895692 ], [ 674434.876500000013039, 7186423.768500000238419 ], [ 674459.451699999975972, 7186359.403599999845028 ], [ 674463.741999999969266, 7186348.1584 ] ] ] } },
{ "type": "Feature", "properties": { }, "geometry": { "type": "Polygon", "coordinates": [ [ [ 674269.314099999959581, 7186372.632299999706447 ], [ 674260.282600000035018, 7186368.960799999535084 ], [ 674254.73030000005383, 7186366.706399999558926 ], [ 674216.055799999972805, 7186350.989699999801815 ], [ 674212.020299999974668, 7186349.33600000012666 ], [ 674204.698100000037812, 7186346.362300000153482 ], [ 674201.072599999955855, 7186346.841400000266731 ], [ 674197.931899999966845, 7186348.244900000281632 ], [ 674196.293500000028871, 7186350.681300000287592 ], [ 674179.722300000023097, 7186391.588100000284612 ], [ 674151.620299999951385, 7186457.172600000165403 ], [ 674159.090699999942444, 7186457.6074 ], [ 674166.953800000017509, 7186458.070299999788404 ], [ 674229.74730000004638, 7186461.719600000418723 ], [ 674243.04480000003241, 7186463.097900000400841 ], [ 674256.816400000010617, 7186465.345200000330806 ], [ 674268.370299999951385, 7186468.806699999608099 ], [ 674285.671699999948032, 7186476.370199999772012 ], [ 674292.147099999943748, 7186479.199799999594688 ], [ 674296.254900000058115, 7186480.996500000357628 ], [ 674306.989900000044145, 7186485.687300000339746 ], [ 674310.490600000019185, 7186487.214999999850988 ], [ 674316.6422, 7186489.904699999839067 ], [ 674326.638599999947473, 7186494.272699999623001 ], [ 674337.778399999951944, 7186499.146499999798834 ], [ 674340.195500000030734, 7186500.1233 ], [ 674359.298900000052527, 7186508.549499999731779 ], [ 674375.275000000023283, 7186515.531899999827147 ], [ 674386.829600000055507, 7186520.588700000196695 ], [ 674396.2291, 7186524.6985 ], [ 674399.142100000055507, 7186517.382000000216067 ], [ 674399.2783, 7186517.025700000114739 ], [ 674401.224200000055134, 7186511.9375 ], [ 674406.234500000020489, 7186498.799599999561906 ], [ 674413.239500000025146, 7186480.462100000120699 ], [ 674413.560599999967963, 7186479.627000000327826 ], [ 674421.577000000048429, 7186458.6064 ], [ 674427.025499999988824, 7186444.354899999685585 ], [ 674429.515099999960512, 7186437.752999999560416 ], [ 674421.636599999968894, 7186434.553999999538064 ], [ 674350.102100000018254, 7186405.472 ], [ 674333.060599999967963, 7186398.547799999825656 ], [ 674317.070799999986775, 7186392.041899999603629 ], [ 674278.12320000003092, 7186376.218100000172853 ], [ 674269.314099999959581, 7186372.632299999706447 ] ] ] } },
{ "type": "Feature", "properties": { }, "geometry": { "type": "Polygon", "coordinates": [ [ [ 674243.04480000003241, 7186463.097900000400841 ], [ 674229.74730000004638, 7186461.719600000418723 ], [ 674166.953800000017509, 7186458.070299999788404 ], [ 674159.090699999942444, 7186457.6074 ], [ 674151.620299999951385, 7186457.172600000165403 ], [ 674141.41870000003837, 7186482.708200000226498 ], [ 674138.680599999963306, 7186489.557099999859929 ], [ 674137.004500000039116, 7186498.386300000362098 ], [ 674126.4144, 7186596.314399999566376 ], [ 674134.179600000032224, 7186594.651499999687076 ], [ 674278.216699999989942, 7186563.855000000447035 ], [ 674380.598499999963678, 7186541.973799999803305 ], [ 674390.570799999986775, 7186539.838899999856949 ], [ 674395.357399999978952, 7186527.2911 ], [ 674396.2291, 7186524.6985 ], [ 674386.829600000055507, 7186520.588700000196695 ], [ 674375.275000000023283, 7186515.531899999827147 ], [ 674359.298900000052527, 7186508.549499999731779 ], [ 674340.195500000030734, 7186500.1233 ], [ 674337.778399999951944, 7186499.146499999798834 ], [ 674326.638599999947473, 7186494.272699999623001 ], [ 674316.6422, 7186489.904699999839067 ], [ 674310.490600000019185, 7186487.214999999850988 ], [ 674306.989900000044145, 7186485.687300000339746 ], [ 674296.254900000058115, 7186480.996500000357628 ], [ 674292.147099999943748, 7186479.199799999594688 ], [ 674285.671699999948032, 7186476.370199999772012 ], [ 674268.370299999951385, 7186468.806699999608099 ], [ 674256.816400000010617, 7186465.345200000330806 ], [ 674243.04480000003241, 7186463.097900000400841 ] ] ] } },
{ "type": "Feature", "properties": { }, "geometry": { "type": "Polygon", "coordinates": [ [ [ 674151.620299999951385, 7186457.172600000165403 ], [ 674047.790200000046752, 7186451.130699999630451 ], [ 674043.980699999956414, 7186490.1656 ], [ 674041.907400000025518, 7186518.786299999803305 ], [ 674034.837000000057742, 7186615.882000000216067 ], [ 674126.4144, 7186596.314399999566376 ], [ 674137.004500000039116, 7186498.386300000362098 ], [ 674138.680599999963306, 7186489.557099999859929 ], [ 674141.41870000003837, 7186482.708200000226498 ], [ 674151.620299999951385, 7186457.172600000165403 ] ] ] } },
{ "type": "Feature", "properties": { }, "geometry": { "type": "Polygon", "coordinates": [ [ [ 674048.567099999985658, 7186359.035500000230968 ], [ 674052.448500000056811, 7186342.610999999567866 ], [ 674056.492100000032224, 7186325.508600000292063 ], [ 674057.739900000044145, 7186316.230700000189245 ], [ 674058.241200000047684, 7186307.5718 ], [ 674057.65480000001844, 7186288.7347 ], [ 674053.571800000034273, 7186306.67960000038147 ], [ 674049.663700000033714, 7186323.370400000363588 ], [ 674047.6141, 7186332.1047 ], [ 674046.870499999960884, 7186336.822800000198185 ], [ 674046.780200000037439, 7186341.499099999666214 ], [ 674046.868600000045262, 7186345.9847999997437 ], [ 674048.567099999985658, 7186359.035500000230968 ] ] ] } },
{ "type": "Feature", "properties": { }, "geometry": { "type": "Polygon", "coordinates": [ [ [ 673993.027899999986403, 7186370.923100000247359 ], [ 673991.645600000047125, 7186369.057699999772012 ], [ 673989.702599999960512, 7186367.399000000208616 ], [ 673987.162800000049174, 7186366.268699999898672 ], [ 673960.2317, 7186360.07050000037998 ], [ 673957.819400000036694, 7186359.45920000039041 ], [ 673952.492699999944307, 7186357.534199999645352 ], [ 673946.16780000005383, 7186354.658200000412762 ], [ 673891.83109999995213, 7186325.051699999719858 ], [ 673889.1187, 7186323.790699999779463 ], [ 673886.1949, 7186323.307900000363588 ], [ 673883.08109999995213, 7186323.68059999961406 ], [ 673874.312999999965541, 7186326.342299999669194 ], [ 673879.839000000036322, 7186353.73450000025332 ], [ 673881.637899999972433, 7186359.028900000266731 ], [ 673884.7008, 7186364.816499999724329 ], [ 673888.323300000047311, 7186368.757799999788404 ], [ 673893.634300000034273, 7186372.577499999664724 ], [ 673970.086000000010245, 7186411.67960000038147 ], [ 673990.264399999985471, 7186381.239900000393391 ], [ 673991.834099999978207, 7186378.937400000169873 ], [ 673993.096800000057556, 7186376.228900000452995 ], [ 673993.47019999998156, 7186373.9972 ], [ 673993.027899999986403, 7186370.923100000247359 ] ] ] } },
{ "type": "Feature", "properties": { }, "geometry": { "type": "Polygon", "coordinates": [ [ [ 673970.086000000010245, 7186411.67960000038147 ], [ 673893.634300000034273, 7186372.577499999664724 ], [ 673888.323300000047311, 7186368.757799999788404 ], [ 673884.7008, 7186364.816499999724329 ], [ 673881.637899999972433, 7186359.028900000266731 ], [ 673879.839000000036322, 7186353.73450000025332 ], [ 673874.312999999965541, 7186326.342299999669194 ], [ 673866.48320000001695, 7186356.3892 ], [ 673858.905099999974482, 7186384.1173 ], [ 673852.84499999997206, 7186406.330799999646842 ], [ 673867.440900000045076, 7186466.763600000180304 ], [ 673870.2474, 7186478.38190000038594 ], [ 673872.405299999983981, 7186487.3054 ], [ 673871.692099999985658, 7186509.892699999734759 ], [ 673871.13820000004489, 7186515.284099999815226 ], [ 673869.661500000045635, 7186520.1113 ], [ 673866.672600000048988, 7186523.916799999773502 ], [ 673861.88710000005085, 7186525.718100000172853 ], [ 673853.23699999996461, 7186526.627899999730289 ], [ 673863.957599999965169, 7186531.773400000296533 ], [ 673870.913199999951757, 7186535.959599999710917 ], [ 673876.787499999976717, 7186540.547600000165403 ], [ 673880.625299999956042, 7186545.5718 ], [ 673884.6925, 7186552.0 ], [ 673883.435300000011921, 7186538.832899999804795 ], [ 673880.430399999953806, 7186508.0291 ], [ 673880.486000000033528, 7186502.998700000345707 ], [ 673881.574200000031851, 7186499.2511 ], [ 673884.637499999953434, 7186494.2039 ], [ 673894.687599999946542, 7186484.102900000289083 ], [ 673914.12230000004638, 7186464.56319999974221 ], [ 673935.8432, 7186442.888899999670684 ], [ 673948.6849, 7186430.070600000210106 ], [ 673970.086000000010245, 7186411.67960000038147 ] ] ] } },
{ "type": "Feature", "properties": { }, "geometry": { "type": "Polygon", "coordinates": [ [ [ 674047.790200000046752, 7186451.130699999630451 ], [ 673970.086000000010245, 7186411.67960000038147 ], [ 673948.6849, 7186430.070600000210106 ], [ 673935.8432, 7186442.888899999670684 ], [ 673914.12230000004638, 7186464.56319999974221 ], [ 673894.687599999946542, 7186484.102900000289083 ], [ 673884.637499999953434, 7186494.2039 ], [ 673881.574200000031851, 7186499.2511 ], [ 673880.486000000033528, 7186502.998700000345707 ], [ 673880.430399999953806, 7186508.0291 ], [ 673883.435300000011921, 7186538.832899999804795 ], [ 673884.6925, 7186552.0 ], [ 673888.888799999956973, 7186569.937199999578297 ], [ 673906.088800000026822, 7186643.42 ], [ 673953.031199999968521, 7186633.372499999590218 ], [ 674034.837000000057742, 7186615.882000000216067 ], [ 674041.907400000025518, 7186518.786299999803305 ], [ 674043.980699999956414, 7186490.1656 ], [ 674047.790200000046752, 7186451.130699999630451 ] ] ] } },
{ "type": "Feature", "properties": { }, "geometry": { "type": "Polygon", "coordinates": [ [ [ 674034.837000000057742, 7186615.882000000216067 ], [ 674027.15769999998156, 7186722.6683 ], [ 674116.4536, 7186701.656899999827147 ], [ 674126.4144, 7186596.314399999566376 ], [ 674034.837000000057742, 7186615.882000000216067 ] ] ] } },
{ "type": "Feature", "properties": { }, "geometry": { "type": "Polygon", "coordinates": [ [ [ 674027.15769999998156, 7186722.6683 ], [ 674034.837000000057742, 7186615.882000000216067 ], [ 673953.031199999968521, 7186633.372499999590218 ], [ 673906.088800000026822, 7186643.42 ], [ 673929.956800000043586, 7186745.443300000391901 ], [ 674027.15769999998156, 7186722.6683 ] ] ] } },
{ "type": "Feature", "properties": { }, "geometry": { "type": "Polygon", "coordinates": [ [ [ 674134.179600000032224, 7186594.651499999687076 ], [ 674126.4144, 7186596.314399999566376 ], [ 674116.4536, 7186701.656899999827147 ], [ 674125.1594, 7186699.605200000107288 ], [ 674343.038399999961257, 7186648.439799999818206 ], [ 674349.517600000021048, 7186646.915300000458956 ], [ 674390.570799999986775, 7186539.838899999856949 ], [ 674380.598499999963678, 7186541.973799999803305 ], [ 674278.216699999989942, 7186563.855000000447035 ], [ 674134.179600000032224, 7186594.651499999687076 ] ] ] } },
{ "type": "Feature", "properties": { }, "geometry": { "type": "Polygon", "coordinates": [ [ [ 673929.956800000043586, 7186745.443300000391901 ], [ 673906.088800000026822, 7186643.42 ], [ 673808.3406, 7186664.295699999667704 ], [ 673804.528199999942444, 7186665.1096 ], [ 673827.300000000046566, 7186769.551199999637902 ], [ 673852.094200000050478, 7186763.735000000335276 ], [ 673929.956800000043586, 7186745.443300000391901 ] ] ] } },
{ "type": "Feature", "properties": { }, "geometry": { "type": "Polygon", "coordinates": [ [ [ 674027.15769999998156, 7186722.6683 ], [ 673929.956800000043586, 7186745.443300000391901 ], [ 673946.616200000047684, 7186815.9972 ], [ 673954.793300000019372, 7186816.6113 ], [ 673960.787099999957718, 7186816.433899999596179 ], [ 673999.896700000041164, 7186806.676099999807775 ], [ 674005.723600000026636, 7186805.259999999776483 ], [ 674009.473099999944679, 7186805.02309999987483 ], [ 674012.871000000042841, 7186805.599399999715388 ], [ 674015.410099999979138, 7186806.6743 ], [ 674018.0257, 7186808.989099999889731 ], [ 674019.790700000012293, 7186811.658300000242889 ], [ 674027.15769999998156, 7186722.6683 ] ] ] } },
{ "type": "Feature", "properties": { }, "geometry": { "type": "Polygon", "coordinates": [ [ [ 674125.1594, 7186699.605200000107288 ], [ 674116.4536, 7186701.656899999827147 ], [ 674109.1348, 7186774.937 ], [ 674100.046100000035949, 7186866.1097 ], [ 674098.84519999998156, 7186872.805700000375509 ], [ 674094.671699999948032, 7186891.53830000013113 ], [ 674093.621700000017881, 7186897.456799999810755 ], [ 674093.280999999959022, 7186904.540400000289083 ], [ 674093.3099, 7186909.093299999833107 ], [ 674102.006199999945238, 7186947.389899999834597 ], [ 674118.854500000015832, 7186966.514499999582767 ], [ 674121.689099999959581, 7186970.2001 ], [ 674123.290799999958836, 7186972.6831 ], [ 674128.979599999962375, 7186984.662700000219047 ], [ 674133.489199999952689, 7186991.827399999834597 ], [ 674138.069999999948777, 7186996.720099999569356 ], [ 674144.141300000017509, 7187001.7374 ], [ 674150.401700000045821, 7187005.035199999809265 ], [ 674159.229900000034831, 7187007.7456 ], [ 674165.734900000039488, 7187009.744 ], [ 674171.435999999986961, 7187012.583599999547005 ], [ 674180.336200000019744, 7187019.292500000447035 ], [ 674189.940599999972619, 7187025.992200000211596 ], [ 674196.87699999997858, 7187020.14130000025034 ], [ 674206.4632, 7187012.261900000274181 ], [ 674355.663199999951757, 7186886.7977 ], [ 674361.085500000044703, 7186881.354100000113249 ], [ 674366.675000000046566, 7186874.833800000138581 ], [ 674371.942099999985658, 7186866.733300000429153 ], [ 674377.734199999948032, 7186854.903699999675155 ], [ 674382.118800000054762, 7186843.158800000324845 ], [ 674386.223899999982677, 7186831.572599999606609 ], [ 674403.990299999946728, 7186778.895600000396371 ], [ 674436.5991, 7186683.1404 ], [ 674439.8236, 7186675.7977 ], [ 674444.175000000046566, 7186667.698099999688566 ], [ 674448.88820000004489, 7186661.111499999649823 ], [ 674457.645099999965169, 7186651.381400000303984 ], [ 674460.546199999982491, 7186648.574 ], [ 674466.87300000002142, 7186642.287700000219047 ], [ 674458.239599999971688, 7186638.300900000147521 ], [ 674449.246999999973923, 7186634.540300000458956 ], [ 674438.609900000039488, 7186631.975499999709427 ], [ 674429.6766, 7186631.2275 ], [ 674415.2733, 7186631.481200000271201 ], [ 674349.517600000021048, 7186646.915300000458956 ], [ 674343.038399999961257, 7186648.439799999818206 ], [ 674125.1594, 7186699.605200000107288 ] ] ] } },
{ "type": "Feature", "properties": { }, "geometry": { "type": "Polygon", "coordinates": [ [ [ 674116.4536, 7186701.656899999827147 ], [ 674027.15769999998156, 7186722.6683 ], [ 674019.790700000012293, 7186811.658300000242889 ], [ 674019.438300000037998, 7186818.620199999772012 ], [ 674020.0146, 7186825.03830000013113 ], [ 674027.452599999960512, 7186856.3163 ], [ 674032.456, 7186877.511199999600649 ], [ 674038.8837, 7186885.969399999827147 ], [ 674044.4131, 7186891.869 ], [ 674062.022, 7186908.369199999608099 ], [ 674071.748099999967963, 7186917.482599999755621 ], [ 674084.152800000039861, 7186929.109299999661744 ], [ 674102.006199999945238, 7186947.389899999834597 ], [ 674093.3099, 7186909.093299999833107 ], [ 674093.280999999959022, 7186904.540400000289083 ], [ 674093.621700000017881, 7186897.456799999810755 ], [ 674094.671699999948032, 7186891.53830000013113 ], [ 674098.84519999998156, 7186872.805700000375509 ], [ 674100.046100000035949, 7186866.1097 ], [ 674109.1348, 7186774.937 ], [ 674116.4536, 7186701.656899999827147 ] ] ] } },
{ "type": "Feature", "properties": { }, "geometry": { "type": "Polygon", "coordinates": [ [ [ 673415.218499999959022, 7186089.8756 ], [ 673398.06160000001546, 7186071.6184 ], [ 673348.488499999977648, 7186018.871600000187755 ], [ 673341.7966, 7186011.712799999862909 ], [ 673336.934699999983422, 7186016.9271 ], [ 673273.8996, 7186081.5872 ], [ 673266.592199999955483, 7186100.7588 ], [ 673264.841000000014901, 7186105.367999999783933 ], [ 673336.651700000045821, 7186135.14989999961108 ], [ 673362.018099999986589, 7186145.667899999767542 ], [ 673415.218499999959022, 7186089.8756 ] ] ] } },
{ "type": "Feature", "properties": { }, "geometry": { "type": "Polygon", "coordinates": [ [ [ 673604.60640000004787, 7186102.99100000038743 ], [ 673604.180199999944307, 7186098.0444 ], [ 673602.246000000042841, 7186093.948200000450015 ], [ 673598.7561, 7186090.913599999621511 ], [ 673552.246700000017881, 7186070.532700000330806 ], [ 673521.925000000046566, 7186057.2429 ], [ 673517.050500000012107, 7186056.043100000359118 ], [ 673511.289899999974295, 7186056.328099999576807 ], [ 673506.789699999964796, 7186059.953599999658763 ], [ 673503.383599999942817, 7186064.949699999764562 ], [ 673490.289100000052713, 7186089.336799999698997 ], [ 673485.061800000024959, 7186101.302799999713898 ], [ 673468.707700000028126, 7186145.90610000025481 ], [ 673460.662000000011176, 7186167.86809999961406 ], [ 673468.757300000055693, 7186169.192499999888241 ], [ 673477.008400000049733, 7186171.667100000195205 ], [ 673505.912299999967217, 7186183.446399999782443 ], [ 673562.931300000054762, 7186207.436099999584258 ], [ 673602.875800000037998, 7186112.2972999997437 ], [ 673604.113499999977648, 7186107.661500000394881 ], [ 673604.60640000004787, 7186102.99100000038743 ] ] ] } },
{ "type": "Feature", "properties": { }, "geometry": { "type": "Polygon", "coordinates": [ [ [ 673264.841000000014901, 7186105.367999999783933 ], [ 673234.278399999951944, 7186185.572499999776483 ], [ 673299.993200000026263, 7186210.691700000315905 ], [ 673357.17449999996461, 7186150.749099999666214 ], [ 673362.018099999986589, 7186145.667899999767542 ], [ 673336.651700000045821, 7186135.14989999961108 ], [ 673264.841000000014901, 7186105.367999999783933 ] ] ] } },
{ "type": "Feature", "properties": { }, "geometry": { "type": "Polygon", "coordinates": [ [ [ 673234.278399999951944, 7186185.572499999776483 ], [ 673264.841000000014901, 7186105.367999999783933 ], [ 673196.709799999953248, 7186076.934100000187755 ], [ 673174.215199999976903, 7186067.541899999603629 ], [ 673160.762699999962933, 7186061.899299999698997 ], [ 673130.407299999962561, 7186132.4737 ], [ 673124.6215, 7186145.621000000275671 ], [ 673139.546199999982491, 7186149.184000000357628 ], [ 673234.278399999951944, 7186185.572499999776483 ] ] ] } },
{ "type": "Feature", "properties": { }, "geometry": { "type": "Polygon", "coordinates": [ [ [ 673460.662000000011176, 7186167.86809999961406 ], [ 673419.64000000001397, 7186162.637699999846518 ], [ 673404.809299999964423, 7186160.137299999594688 ], [ 673391.402600000030361, 7186156.49959999974817 ], [ 673377.04480000003241, 7186151.666600000113249 ], [ 673362.018099999986589, 7186145.667899999767542 ], [ 673357.17449999996461, 7186150.749099999666214 ], [ 673299.993200000026263, 7186210.691700000315905 ], [ 673317.091099999961443, 7186217.372700000181794 ], [ 673427.030099999974482, 7186259.590200000442564 ], [ 673460.662000000011176, 7186167.86809999961406 ] ] ] } },
{ "type": "Feature", "properties": { }, "geometry": { "type": "Polygon", "coordinates": [ [ [ 673362.018099999986589, 7186145.667899999767542 ], [ 673377.04480000003241, 7186151.666600000113249 ], [ 673391.402600000030361, 7186156.49959999974817 ], [ 673404.809299999964423, 7186160.137299999594688 ], [ 673419.64000000001397, 7186162.637699999846518 ], [ 673460.662000000011176, 7186167.86809999961406 ], [ 673468.707700000028126, 7186145.90610000025481 ], [ 673465.260699999984354, 7186142.294700000435114 ], [ 673417.961699999985285, 7186092.742700000293553 ], [ 673415.218499999959022, 7186089.8756 ], [ 673362.018099999986589, 7186145.667899999767542 ] ] ] } },
{ "type": "Feature", "properties": { }, "geometry": { "type": "Polygon", "coordinates": [ [ [ 673624.586699999985285, 7186335.470700000412762 ], [ 673660.825900000054389, 7186248.622100000269711 ], [ 673562.931300000054762, 7186207.436099999584258 ], [ 673525.171300000045449, 7186297.295300000347197 ], [ 673546.433300000033341, 7186305.451000000350177 ], [ 673624.586699999985285, 7186335.470700000412762 ] ] ] } },
{ "type": "Feature", "properties": { }, "geometry": { "type": "Polygon", "coordinates": [ [ [ 673562.931300000054762, 7186207.436099999584258 ], [ 673505.912299999967217, 7186183.446399999782443 ], [ 673477.008400000049733, 7186171.667100000195205 ], [ 673468.757300000055693, 7186169.192499999888241 ], [ 673460.662000000011176, 7186167.86809999961406 ], [ 673427.030099999974482, 7186259.590200000442564 ], [ 673483.2132, 7186281.175800000317395 ], [ 673525.171300000045449, 7186297.295300000347197 ], [ 673562.931300000054762, 7186207.436099999584258 ] ] ] } },
{ "type": "Feature", "properties": { }, "geometry": { "type": "Polygon", "coordinates": [ [ [ 673427.030099999974482, 7186259.590200000442564 ], [ 673317.091099999961443, 7186217.372700000181794 ], [ 673299.993200000026263, 7186210.691700000315905 ], [ 673295.675500000012107, 7186215.212100000120699 ], [ 673256.558599999989383, 7186256.231599999591708 ], [ 673300.972700000042096, 7186274.823800000362098 ], [ 673408.304499999969266, 7186310.6606 ], [ 673427.030099999974482, 7186259.590200000442564 ] ] ] } },
{ "type": "Feature", "properties": { }, "geometry": { "type": "Polygon", "coordinates": [ [ [ 673525.171300000045449, 7186297.295300000347197 ], [ 673483.2132, 7186281.175800000317395 ], [ 673427.030099999974482, 7186259.590200000442564 ], [ 673408.304499999969266, 7186310.6606 ], [ 673411.194099999964237, 7186311.620299999602139 ], [ 673463.086200000019744, 7186328.885499999858439 ], [ 673505.925599999958649, 7186343.132399999536574 ], [ 673525.171300000045449, 7186297.295300000347197 ] ] ] } },
{ "type": "Feature", "properties": { }, "geometry": { "type": "Polygon", "coordinates": [ [ [ 673607.385, 7186376.7615 ], [ 673508.784899999969639, 7186344.081500000320375 ], [ 673505.925599999958649, 7186343.132399999536574 ], [ 673460.73789999994915, 7186450.7023 ], [ 673480.146900000050664, 7186457.142799999564886 ], [ 673519.924600000027567, 7186470.321399999782443 ], [ 673528.961299999966286, 7186472.852300000376999 ], [ 673537.411500000045635, 7186474.371500000357628 ], [ 673545.304699999978766, 7186474.8344 ], [ 673552.754399999976158, 7186474.450000000186265 ], [ 673567.697599999955855, 7186471.932199999690056 ], [ 673571.49710000003688, 7186462.818799999542534 ], [ 673583.167000000015832, 7186434.827399999834597 ], [ 673607.385, 7186376.7615 ] ] ] } },
{ "type": "Feature", "properties": { }, "geometry": { "type": "Polygon", "coordinates": [ [ [ 673505.925599999958649, 7186343.132399999536574 ], [ 673508.784899999969639, 7186344.081500000320375 ], [ 673607.385, 7186376.7615 ], [ 673624.586699999985285, 7186335.470700000412762 ], [ 673546.433300000033341, 7186305.451000000350177 ], [ 673525.171300000045449, 7186297.295300000347197 ], [ 673505.925599999958649, 7186343.132399999536574 ] ] ] } },
{ "type": "Feature", "properties": { }, "geometry": { "type": "Polygon", "coordinates": [ [ [ 673505.925599999958649, 7186343.132399999536574 ], [ 673463.086200000019744, 7186328.885499999858439 ], [ 673411.194099999964237, 7186311.620299999602139 ], [ 673408.304499999969266, 7186310.6606 ], [ 673370.085199999972247, 7186414.9051 ], [ 673368.209599999943748, 7186420.014399999752641 ], [ 673460.73789999994915, 7186450.7023 ], [ 673505.925599999958649, 7186343.132399999536574 ] ] ] } },
{ "type": "Feature", "properties": { }, "geometry": { "type": "Polygon", "coordinates": [ [ [ 673408.304499999969266, 7186310.6606 ], [ 673300.972700000042096, 7186274.823800000362098 ], [ 673298.370600000023842, 7186281.3273 ], [ 673257.555500000016764, 7186383.267400000244379 ], [ 673291.069299999973737, 7186394.422600000165403 ], [ 673368.209599999943748, 7186420.014399999752641 ], [ 673370.085199999972247, 7186414.9051 ], [ 673408.304499999969266, 7186310.6606 ] ] ] } },
{ "type": "Feature", "properties": { }, "geometry": { "type": "Polygon", "coordinates": [ [ [ 673300.972700000042096, 7186274.823800000362098 ], [ 673256.558599999989383, 7186256.231599999591708 ], [ 673218.526599999982864, 7186240.271200000308454 ], [ 673214.146799999987707, 7186238.433299999684095 ], [ 673170.0194, 7186354.241899999789894 ], [ 673257.555500000016764, 7186383.267400000244379 ], [ 673298.370600000023842, 7186281.3273 ], [ 673300.972700000042096, 7186274.823800000362098 ] ] ] } },
{ "type": "Feature", "properties": { }, "geometry": { "type": "Polygon", "coordinates": [ [ [ 673214.146799999987707, 7186238.433299999684095 ], [ 673218.526599999982864, 7186240.271200000308454 ], [ 673256.558599999989383, 7186256.231599999591708 ], [ 673295.675500000012107, 7186215.212100000120699 ], [ 673299.993200000026263, 7186210.691700000315905 ], [ 673234.278399999951944, 7186185.572499999776483 ], [ 673214.146799999987707, 7186238.433299999684095 ] ] ] } },
{ "type": "Feature", "properties": { }, "geometry": { "type": "Polygon", "coordinates": [ [ [ 673214.146799999987707, 7186238.433299999684095 ], [ 673104.573899999959394, 7186192.542500000447035 ], [ 673053.164100000052713, 7186315.512699999846518 ], [ 673170.0194, 7186354.241899999789894 ], [ 673214.146799999987707, 7186238.433299999684095 ] ] ] } },
{ "type": "Feature", "properties": { }, "geometry": { "type": "Polygon", "coordinates": [ [ [ 673104.573899999959394, 7186192.542500000447035 ], [ 673214.146799999987707, 7186238.433299999684095 ], [ 673234.278399999951944, 7186185.572499999776483 ], [ 673139.546199999982491, 7186149.184000000357628 ], [ 673124.6215, 7186145.621000000275671 ], [ 673119.299699999974109, 7186157.311099999584258 ], [ 673104.573899999959394, 7186192.542500000447035 ] ] ] } },
{ "type": "Feature", "properties": { }, "geometry": { "type": "Polygon", "coordinates": [ [ [ 673708.008000000030734, 7186367.504499999806285 ], [ 673624.586699999985285, 7186335.470700000412762 ], [ 673607.385, 7186376.7615 ], [ 673583.167000000015832, 7186434.827399999834597 ], [ 673571.49710000003688, 7186462.818799999542534 ], [ 673567.697599999955855, 7186471.932199999690056 ], [ 673580.600899999961257, 7186469.75800000037998 ], [ 673604.044699999969453, 7186463.80460000038147 ], [ 673610.898000000044703, 7186462.419700000435114 ], [ 673619.593100000056438, 7186461.099600000306964 ], [ 673626.631900000036694, 7186460.842400000430644 ], [ 673633.693899999954738, 7186461.592899999581277 ], [ 673642.01879999996163, 7186463.534699999727309 ], [ 673649.910799999954179, 7186466.235399999655783 ], [ 673662.648399999947287, 7186471.0005 ], [ 673667.069600000046194, 7186459.709599999710917 ], [ 673688.911899999948218, 7186403.878899999894202 ], [ 673701.610699999961071, 7186371.464800000190735 ], [ 673704.55980000004638, 7186369.244199999608099 ], [ 673708.008000000030734, 7186367.504499999806285 ] ] ] } },
{ "type": "Feature", "properties": { }, "geometry": { "type": "Polygon", "coordinates": [ [ [ 673257.555500000016764, 7186383.267400000244379 ], [ 673170.0194, 7186354.241899999789894 ], [ 673112.414600000018254, 7186505.4539 ], [ 673191.602300000027753, 7186538.442900000140071 ], [ 673194.879500000039116, 7186539.8076 ], [ 673254.933899999945424, 7186389.815399999730289 ], [ 673257.555500000016764, 7186383.267400000244379 ] ] ] } },
{ "type": "Feature", "properties": { }, "geometry": { "type": "Polygon", "coordinates": [ [ [ 673170.0194, 7186354.241899999789894 ], [ 673053.164100000052713, 7186315.512699999846518 ], [ 672994.365800000028685, 7186456.170599999837577 ], [ 673108.014700000057928, 7186503.61629999987781 ], [ 673112.414600000018254, 7186505.4539 ], [ 673170.0194, 7186354.241899999789894 ] ] ] } },
{ "type": "Feature", "properties": { }, "geometry": { "type": "Polygon", "coordinates": [ [ [ 673291.069299999973737, 7186394.422600000165403 ], [ 673257.555500000016764, 7186383.267400000244379 ], [ 673254.933899999945424, 7186389.815399999730289 ], [ 673194.879500000039116, 7186539.8076 ], [ 673158.243999999947846, 7186631.323800000362098 ], [ 673201.0529, 7186649.405299999751151 ], [ 673294.3726, 7186624.447800000198185 ], [ 673298.663599999970756, 7186623.295599999837577 ], [ 673298.352199999964796, 7186615.544700000435114 ], [ 673299.436800000024959, 7186607.60950000025332 ], [ 673368.209599999943748, 7186420.014399999752641 ], [ 673291.069299999973737, 7186394.422600000165403 ] ] ] } },
{ "type": "Feature", "properties": { }, "geometry": { "type": "Polygon", "coordinates": [ [ [ 673460.73789999994915, 7186450.7023 ], [ 673368.209599999943748, 7186420.014399999752641 ], [ 673299.436800000024959, 7186607.60950000025332 ], [ 673298.352199999964796, 7186615.544700000435114 ], [ 673298.663599999970756, 7186623.295599999837577 ], [ 673304.598800000036135, 7186621.712299999780953 ], [ 673346.145400000037625, 7186610.595499999821186 ], [ 673399.582500000018626, 7186596.311599999666214 ], [ 673402.715399999986403, 7186588.848500000312924 ], [ 673404.969900000025518, 7186583.479500000365078 ], [ 673460.73789999994915, 7186450.7023 ] ] ] } },
{ "type": "Feature", "properties": { }, "geometry": { "type": "Polygon", "coordinates": [ [ [ 673298.663599999970756, 7186623.295599999837577 ], [ 673301.276300000026822, 7186632.412700000219047 ], [ 673305.195799999986775, 7186646.121600000187755 ], [ 673318.34499999997206, 7186692.0828 ], [ 673320.161199999973178, 7186698.7286 ], [ 673322.308599999989383, 7186706.090200000442564 ], [ 673374.377199999988079, 7186682.4074 ], [ 673422.274899999960326, 7186660.617200000211596 ], [ 673439.337500000023283, 7186652.85219999961555 ], [ 673447.3188, 7186649.225999999791384 ], [ 673494.916199999977835, 7186627.5724 ], [ 673502.362199999974109, 7186624.5625 ], [ 673508.254599999985658, 7186622.769100000150502 ], [ 673514.640499999979511, 7186621.0247 ], [ 673527.422299999976531, 7186617.535799999721348 ], [ 673533.6459, 7186613.356300000101328 ], [ 673536.998299999977462, 7186609.645899999886751 ], [ 673532.849000000045635, 7186590.633399999700487 ], [ 673529.544699999969453, 7186575.509600000455976 ], [ 673528.881599999964237, 7186570.9095 ], [ 673529.462599999969825, 7186566.049599999561906 ], [ 673523.2210999999661, 7186564.956000000238419 ], [ 673517.931300000054762, 7186565.102 ], [ 673512.95250000001397, 7186565.963999999687076 ], [ 673432.276100000017323, 7186587.557900000363588 ], [ 673399.582500000018626, 7186596.311599999666214 ], [ 673346.145400000037625, 7186610.595499999821186 ], [ 673304.598800000036135, 7186621.712299999780953 ], [ 673298.663599999970756, 7186623.295599999837577 ] ] ] } },
{ "type": "Feature", "properties": { }, "geometry": { "type": "Polygon", "coordinates": [ [ [ 673322.308599999989383, 7186706.090200000442564 ], [ 673320.161199999973178, 7186698.7286 ], [ 673318.34499999997206, 7186692.0828 ], [ 673305.195799999986775, 7186646.121600000187755 ], [ 673301.276300000026822, 7186632.412700000219047 ], [ 673298.663599999970756, 7186623.295599999837577 ], [ 673294.3726, 7186624.447800000198185 ], [ 673201.0529, 7186649.405299999751151 ], [ 673196.516700000036508, 7186654.161100000143051 ], [ 673105.0366, 7186749.985600000247359 ], [ 673099.329000000027008, 7186755.963999999687076 ], [ 673166.588600000017323, 7186783.667600000277162 ], [ 673177.370299999951385, 7186788.103900000452995 ], [ 673184.998799999943003, 7186790.642099999822676 ], [ 673187.825100000016391, 7186791.191399999894202 ], [ 673193.408999999985099, 7186785.160500000230968 ], [ 673209.631599999964237, 7186767.635300000198185 ], [ 673214.977100000018254, 7186762.4369 ], [ 673219.6827, 7186758.332499999552965 ], [ 673226.170200000051409, 7186753.540400000289083 ], [ 673231.824999999953434, 7186749.711799999698997 ], [ 673240.053500000038184, 7186744.963600000366569 ], [ 673247.117699999944307, 7186741.205400000326335 ], [ 673254.753299999982119, 7186737.284699999727309 ], [ 673259.280999999959022, 7186734.988400000147521 ], [ 673272.4203, 7186728.780899999663234 ], [ 673297.92449999996461, 7186717.173499999567866 ], [ 673322.308599999989383, 7186706.090200000442564 ] ] ] } },
{ "type": "Feature", "properties": { }, "geometry": { "type": "Polygon", "coordinates": [ [ [ 673480.146900000050664, 7186457.142799999564886 ], [ 673460.73789999994915, 7186450.7023 ], [ 673404.969900000025518, 7186583.479500000365078 ], [ 673402.715399999986403, 7186588.848500000312924 ], [ 673399.582500000018626, 7186596.311599999666214 ], [ 673432.276100000017323, 7186587.557900000363588 ], [ 673512.95250000001397, 7186565.963999999687076 ], [ 673517.931300000054762, 7186565.102 ], [ 673523.2210999999661, 7186564.956000000238419 ], [ 673529.462599999969825, 7186566.049599999561906 ], [ 673558.119500000029802, 7186494.89809999987483 ], [ 673564.647299999953248, 7186479.2483 ], [ 673567.697599999955855, 7186471.932199999690056 ], [ 673552.754399999976158, 7186474.450000000186265 ], [ 673545.304699999978766, 7186474.8344 ], [ 673537.411500000045635, 7186474.371500000357628 ], [ 673528.961299999966286, 7186472.852300000376999 ], [ 673519.924600000027567, 7186470.321399999782443 ], [ 673480.146900000050664, 7186457.142799999564886 ] ] ] } },
{ "type": "Feature", "properties": { }, "geometry": { "type": "Polygon", "coordinates": [ [ [ 673567.697599999955855, 7186471.932199999690056 ], [ 673564.647299999953248, 7186479.2483 ], [ 673558.119500000029802, 7186494.89809999987483 ], [ 673529.462599999969825, 7186566.049599999561906 ], [ 673528.881599999964237, 7186570.9095 ], [ 673529.544699999969453, 7186575.509600000455976 ], [ 673532.849000000045635, 7186590.633399999700487 ], [ 673536.998299999977462, 7186609.645899999886751 ], [ 673541.57909999997355, 7186611.4589 ], [ 673545.940300000016578, 7186612.6212 ], [ 673550.460399999981746, 7186612.075199999846518 ], [ 673564.779899999964982, 7186608.466699999757111 ], [ 673573.349399999948218, 7186606.760499999858439 ], [ 673576.91780000005383, 7186606.525999999605119 ], [ 673580.98120000003837, 7186607.226800000295043 ], [ 673584.426100000040606, 7186608.3344 ], [ 673586.941800000029616, 7186610.717000000178814 ], [ 673589.100300000049174, 7186614.256299999542534 ], [ 673590.2916, 7186617.6864 ], [ 673593.76320000004489, 7186633.295400000177324 ], [ 673596.668300000019372, 7186646.330500000156462 ], [ 673602.775799999944866, 7186674.390999999828637 ], [ 673603.169, 7186678.340900000184774 ], [ 673602.987700000056066, 7186682.209699999541044 ], [ 673599.631500000017695, 7186708.952399999834597 ], [ 673638.196600000024773, 7186700.66509999986738 ], [ 673631.550799999968149, 7186670.672899999655783 ], [ 673625.321800000034273, 7186642.558600000105798 ], [ 673616.324999999953434, 7186601.917100000195205 ], [ 673615.982700000051409, 7186597.235299999825656 ], [ 673616.3221, 7186591.591900000348687 ], [ 673617.501599999959581, 7186586.336500000208616 ], [ 673639.003600000054576, 7186531.385499999858439 ], [ 673657.6187, 7186484.249099999666214 ], [ 673662.648399999947287, 7186471.0005 ], [ 673649.910799999954179, 7186466.235399999655783 ], [ 673642.01879999996163, 7186463.534699999727309 ], [ 673633.693899999954738, 7186461.592899999581277 ], [ 673626.631900000036694, 7186460.842400000430644 ], [ 673619.593100000056438, 7186461.099600000306964 ], [ 673610.898000000044703, 7186462.419700000435114 ], [ 673604.044699999969453, 7186463.80460000038147 ], [ 673580.600899999961257, 7186469.75800000037998 ], [ 673567.697599999955855, 7186471.932199999690056 ] ] ] } },
{ "type": "Feature", "properties": { }, "geometry": { "type": "Polygon", "coordinates": [ [ [ 673853.23699999996461, 7186526.627899999730289 ], [ 673824.093600000021979, 7186518.973600000143051 ], [ 673813.981600000057369, 7186516.534400000236928 ], [ 673792.582700000028126, 7186511.826299999840558 ], [ 673777.129100000020117, 7186508.6475 ], [ 673772.458600000012666, 7186507.677699999883771 ], [ 673764.90949999995064, 7186505.8256 ], [ 673751.620299999951385, 7186501.97620000038296 ], [ 673738.710399999981746, 7186497.900399999693036 ], [ 673706.143900000024587, 7186486.9222 ], [ 673696.64379999996163, 7186483.566599999554455 ], [ 673691.3874, 7186481.6294 ], [ 673662.648399999947287, 7186471.0005 ], [ 673657.6187, 7186484.249099999666214 ], [ 673639.003600000054576, 7186531.385499999858439 ], [ 673617.501599999959581, 7186586.336500000208616 ], [ 673616.3221, 7186591.591900000348687 ], [ 673615.982700000051409, 7186597.235299999825656 ], [ 673616.324999999953434, 7186601.917100000195205 ], [ 673625.321800000034273, 7186642.558600000105798 ], [ 673631.550799999968149, 7186670.672899999655783 ], [ 673638.196600000024773, 7186700.66509999986738 ], [ 673690.226099999970756, 7186689.544599999673665 ], [ 673745.32550000003539, 7186677.7637 ], [ 673783.40949999995064, 7186669.626199999824166 ], [ 673791.395400000037625, 7186667.916400000452995 ], [ 673799.592199999955483, 7186666.170599999837577 ], [ 673804.528199999942444, 7186665.1096 ], [ 673808.3406, 7186664.295699999667704 ], [ 673906.088800000026822, 7186643.42 ], [ 673888.888799999956973, 7186569.937199999578297 ], [ 673884.6925, 7186552.0 ], [ 673880.625299999956042, 7186545.5718 ], [ 673876.787499999976717, 7186540.547600000165403 ], [ 673870.913199999951757, 7186535.959599999710917 ], [ 673863.957599999965169, 7186531.773400000296533 ], [ 673853.23699999996461, 7186526.627899999730289 ] ] ] } },
{ "type": "Feature", "properties": { }, "geometry": { "type": "Polygon", "coordinates": [ [ [ 673194.879500000039116, 7186539.8076 ], [ 673191.602300000027753, 7186538.442900000140071 ], [ 673112.414600000018254, 7186505.4539 ], [ 673077.335199999972247, 7186597.525899999774992 ], [ 673082.969200000050478, 7186599.8794 ], [ 673158.243999999947846, 7186631.323800000362098 ], [ 673194.879500000039116, 7186539.8076 ] ] ] } },
{ "type": "Feature", "properties": { }, "geometry": { "type": "Polygon", "coordinates": [ [ [ 673077.335199999972247, 7186597.525899999774992 ], [ 673028.28159999998752, 7186726.281600000336766 ], [ 673099.329000000027008, 7186755.963999999687076 ], [ 673105.0366, 7186749.985600000247359 ], [ 673196.516700000036508, 7186654.161100000143051 ], [ 673201.0529, 7186649.405299999751151 ], [ 673158.243999999947846, 7186631.323800000362098 ], [ 673082.969200000050478, 7186599.8794 ], [ 673077.335199999972247, 7186597.525899999774992 ] ] ] } },
{ "type": "Feature", "properties": { }, "geometry": { "type": "Polygon", "coordinates": [ [ [ 673028.28159999998752, 7186726.281600000336766 ], [ 673000.29500000004191, 7186799.738599999807775 ], [ 673027.8652, 7186844.550099999643862 ], [ 673061.6215, 7186899.407599999569356 ], [ 673068.0335999999661, 7186909.8163 ], [ 673072.010499999974854, 7186916.290199999697506 ], [ 673075.126200000056997, 7186912.9265 ], [ 673171.312400000053458, 7186809.0318 ], [ 673177.930399999953806, 7186801.8783 ], [ 673187.825100000016391, 7186791.191399999894202 ], [ 673184.998799999943003, 7186790.642099999822676 ], [ 673177.370299999951385, 7186788.103900000452995 ], [ 673166.588600000017323, 7186783.667600000277162 ], [ 673099.329000000027008, 7186755.963999999687076 ], [ 673028.28159999998752, 7186726.281600000336766 ] ] ] } },
{ "type": "Feature", "properties": { }, "geometry": { "type": "Polygon", "coordinates": [ [ [ 674799.040900000021793, 7186078.80379999987781 ], [ 674788.11199999996461, 7186073.894399999640882 ], [ 674761.8038, 7186139.434899999760091 ], [ 674732.884100000024773, 7186211.490299999713898 ], [ 674744.049699999974109, 7186216.03110000025481 ], [ 674799.040900000021793, 7186078.80379999987781 ] ] ] } },
{ "type": "Feature", "properties": { }, "geometry": { "type": "Polygon", "coordinates": [ [ [ 674877.25269999995362, 7186113.136300000362098 ], [ 674799.040900000021793, 7186078.80379999987781 ], [ 674744.049699999974109, 7186216.03110000025481 ], [ 674787.113600000040606, 7186233.517099999822676 ], [ 674821.89469999994617, 7186247.643400000408292 ], [ 674874.7563, 7186119.195600000210106 ], [ 674877.25269999995362, 7186113.136300000362098 ] ] ] } },
{ "type": "Feature", "properties": { }, "geometry": { "type": "Polygon", "coordinates": [ [ [ 674963.226600000052713, 7186150.956500000320375 ], [ 674877.25269999995362, 7186113.136300000362098 ], [ 674874.7563, 7186119.195600000210106 ], [ 674821.89469999994617, 7186247.643400000408292 ], [ 674904.452999999979511, 7186281.165699999779463 ], [ 674944.404899999964982, 7186192.669300000183284 ], [ 674963.226600000052713, 7186150.956500000320375 ] ] ] } },
{ "type": "Feature", "properties": { }, "geometry": { "type": "Polygon", "coordinates": [ [ [ 674963.226600000052713, 7186150.956500000320375 ], [ 674982.185392894898541, 7186159.295553260482848 ], [ 674981.547047782689333, 7186110.360055481083691 ], [ 674963.226600000052713, 7186150.956500000320375 ] ] ] } },
{ "type": "Feature", "properties": { }, "geometry": { "type": "Polygon", "coordinates": [ [ [ 674982.185392894898541, 7186159.295553260482848 ], [ 674963.226600000052713, 7186150.956500000320375 ], [ 674944.404899999964982, 7186192.669300000183284 ], [ 674904.452999999979511, 7186281.165699999779463 ], [ 674984.197585246991366, 7186313.550097534433007 ], [ 674982.185392894898541, 7186159.295553260482848 ] ] ] } },
{ "type": "Feature", "properties": { }, "geometry": { "type": "Polygon", "coordinates": [ [ [ 674774.9704, 7186361.644500000402331 ], [ 674819.398399999947287, 7186253.713700000196695 ], [ 674821.89469999994617, 7186247.643400000408292 ], [ 674787.113600000040606, 7186233.517099999822676 ], [ 674744.049699999974109, 7186216.03110000025481 ], [ 674716.992100000032224, 7186283.553299999795854 ], [ 674698.82999999995809, 7186328.868700000457466 ], [ 674700.9041000000434, 7186329.772300000302494 ], [ 674708.936899999971502, 7186333.223899999633431 ], [ 674774.9704, 7186361.644500000402331 ] ] ] } },
{ "type": "Feature", "properties": { }, "geometry": { "type": "Polygon", "coordinates": [ [ [ 674821.89469999994617, 7186247.643400000408292 ], [ 674819.398399999947287, 7186253.713700000196695 ], [ 674774.9704, 7186361.644500000402331 ], [ 674852.972500000032596, 7186395.204400000162423 ], [ 674904.452999999979511, 7186281.165699999779463 ], [ 674821.89469999994617, 7186247.643400000408292 ] ] ] } },
{ "type": "Feature", "properties": { }, "geometry": { "type": "Polygon", "coordinates": [ [ [ 674545.024500000057742, 7186135.2226 ], [ 674511.81160000001546, 7186222.245199999772012 ], [ 674509.303399999975227, 7186228.958200000226498 ], [ 674503.2210999999661, 7186244.7357 ], [ 674511.708499999949709, 7186248.347699999809265 ], [ 674607.282299999962561, 7186289.4797 ], [ 674615.416899999952875, 7186293.029699999839067 ], [ 674618.646900000050664, 7186284.579 ], [ 674653.650200000032783, 7186192.935200000181794 ], [ 674658.15480000001844, 7186181.166500000283122 ], [ 674646.726200000033714, 7186176.50719999987632 ], [ 674553.813100000028498, 7186138.786399999633431 ], [ 674551.153199999942444, 7186137.701999999582767 ], [ 674545.024500000057742, 7186135.2226 ] ] ] } },
{ "type": "Feature", "properties": { }, "geometry": { "type": "Polygon", "coordinates": [ [ [ 674658.15480000001844, 7186181.166500000283122 ], [ 674653.650200000032783, 7186192.935200000181794 ], [ 674618.646900000050664, 7186284.579 ], [ 674615.416899999952875, 7186293.029699999839067 ], [ 674625.563500000047497, 7186297.35120000038296 ], [ 674683.523200000054203, 7186322.287899999879301 ], [ 674687.701200000010431, 7186324.061499999836087 ], [ 674715.93929999996908, 7186253.699 ], [ 674732.884100000024773, 7186211.490299999713898 ], [ 674728.656700000050478, 7186209.783900000154972 ], [ 674668.955899999942631, 7186185.534799999557436 ], [ 674658.15480000001844, 7186181.166500000283122 ] ] ] } },
{ "type": "Feature", "properties": { }, "geometry": { "type": "Polygon", "coordinates": [ [ [ 674761.8038, 7186139.434899999760091 ], [ 674757.454600000055507, 7186137.6414 ], [ 674694.109799999976531, 7186110.880800000391901 ], [ 674692.12699999997858, 7186110.03139999974519 ], [ 674686.0575, 7186108.238199999555945 ], [ 674682.193899999954738, 7186118.237099999561906 ], [ 674661.287200000020675, 7186172.949699999764562 ], [ 674658.15480000001844, 7186181.166500000283122 ], [ 674668.955899999942631, 7186185.534799999557436 ], [ 674728.656700000050478, 7186209.783900000154972 ], [ 674732.884100000024773, 7186211.490299999713898 ], [ 674761.8038, 7186139.434899999760091 ] ] ] } },
{ "type": "Feature", "properties": { }, "geometry": { "type": "Polygon", "coordinates": [ [ [ 674744.049699999974109, 7186216.03110000025481 ], [ 674732.884100000024773, 7186211.490299999713898 ], [ 674715.93929999996908, 7186253.699 ], [ 674687.701200000010431, 7186324.061499999836087 ], [ 674698.82999999995809, 7186328.868700000457466 ], [ 674716.992100000032224, 7186283.553299999795854 ], [ 674744.049699999974109, 7186216.03110000025481 ] ] ] } },
{ "type": "Feature", "properties": { }, "geometry": { "type": "Polygon", "coordinates": [ [ [ 674698.82999999995809, 7186328.868700000457466 ], [ 674687.701200000010431, 7186324.061499999836087 ], [ 674656.86089999997057, 7186400.894399999640882 ], [ 674650.147299999953248, 7186417.63300000037998 ], [ 674647.711099999956787, 7186423.691399999894202 ], [ 674645.986400000052527, 7186427.990199999883771 ], [ 674655.392800000030547, 7186437.262400000356138 ], [ 674657.614300000015646, 7186431.716400000266731 ], [ 674658.6374, 7186429.1661 ], [ 674680.989500000025146, 7186373.393299999646842 ], [ 674698.82999999995809, 7186328.868700000457466 ] ] ] } },
{ "type": "Feature", "properties": { }, "geometry": { "type": "Polygon", "coordinates": [ [ [ 674687.701200000010431, 7186324.061499999836087 ], [ 674683.523200000054203, 7186322.287899999879301 ], [ 674625.563500000047497, 7186297.35120000038296 ], [ 674615.416899999952875, 7186293.029699999839067 ], [ 674611.7977, 7186302.493700000457466 ], [ 674581.823300000047311, 7186380.954800000414252 ], [ 674575.59699999995064, 7186397.2659 ], [ 674587.70629999996163, 7186402.426099999807775 ], [ 674642.697700000018813, 7186426.526399999856949 ], [ 674645.986400000052527, 7186427.990199999883771 ], [ 674647.711099999956787, 7186423.691399999894202 ], [ 674650.147299999953248, 7186417.63300000037998 ], [ 674656.86089999997057, 7186400.894399999640882 ], [ 674687.701200000010431, 7186324.061499999836087 ] ] ] } },
{ "type": "Feature", "properties": { }, "geometry": { "type": "Polygon", "coordinates": [ [ [ 674984.197585246991366, 7186313.550097534433007 ], [ 674904.452999999979511, 7186281.165699999779463 ], [ 674852.972500000032596, 7186395.204400000162423 ], [ 674944.795099999988452, 7186434.721199999563396 ], [ 674984.583685469464399, 7186343.148517292924225 ], [ 674984.197585246991366, 7186313.550097534433007 ] ] ] } },
{ "type": "Feature", "properties": { }, "geometry": { "type": "Polygon", "coordinates": [ [ [ 674852.972500000032596, 7186395.204400000162423 ], [ 674804.629900000058115, 7186502.299999999813735 ], [ 674897.795099999988452, 7186542.8964 ], [ 674941.005600000033155, 7186443.456299999728799 ], [ 674944.795099999988452, 7186434.721199999563396 ], [ 674852.972500000032596, 7186395.204400000162423 ] ] ] } },
{ "type": "Feature", "properties": { }, "geometry": { "type": "Polygon", "coordinates": [ [ [ 674804.629900000058115, 7186502.299999999813735 ], [ 674852.972500000032596, 7186395.204400000162423 ], [ 674774.9704, 7186361.644500000402331 ], [ 674772.766399999964051, 7186366.99100000038743 ], [ 674730.395499999984168, 7186469.942599999718368 ], [ 674804.629900000058115, 7186502.299999999813735 ] ] ] } },
{ "type": "Feature", "properties": { }, "geometry": { "type": "Polygon", "coordinates": [ [ [ 674804.629900000058115, 7186502.299999999813735 ], [ 674770.337700000032783, 7186578.258600000292063 ], [ 674786.04680000001099, 7186584.800800000317395 ], [ 674837.770299999974668, 7186605.863099999725819 ], [ 674865.426100000040606, 7186617.412200000137091 ], [ 674894.093100000056438, 7186551.408699999563396 ], [ 674897.795099999988452, 7186542.8964 ], [ 674804.629900000058115, 7186502.299999999813735 ] ] ] } },
{ "type": "Feature", "properties": { }, "geometry": { "type": "Polygon", "coordinates": [ [ [ 674770.337700000032783, 7186578.258600000292063 ], [ 674804.629900000058115, 7186502.299999999813735 ], [ 674730.395499999984168, 7186469.942599999718368 ], [ 674726.914100000052713, 7186478.396599999628961 ], [ 674698.00379999994766, 7186548.169499999843538 ], [ 674714.865899999975227, 7186555.184299999848008 ], [ 674770.337700000032783, 7186578.258600000292063 ] ] ] } },
{ "type": "Feature", "properties": { }, "geometry": { "type": "Polygon", "coordinates": [ [ [ 674770.337700000032783, 7186578.258600000292063 ], [ 674741.892899999977089, 7186641.289800000376999 ], [ 674729.060399999958463, 7186670.2281 ], [ 674758.78449999995064, 7186683.002299999818206 ], [ 674768.3959, 7186687.142400000244379 ], [ 674780.222799999988638, 7186692.217400000430644 ], [ 674796.562000000034459, 7186699.238900000229478 ], [ 674803.4216, 7186702.196100000292063 ], [ 674825.51749999995809, 7186711.690700000151992 ], [ 674838.56539999996312, 7186679.22649999987334 ], [ 674865.426100000040606, 7186617.412200000137091 ], [ 674837.770299999974668, 7186605.863099999725819 ], [ 674786.04680000001099, 7186584.800800000317395 ], [ 674770.337700000032783, 7186578.258600000292063 ] ] ] } },
{ "type": "Feature", "properties": { }, "geometry": { "type": "Polygon", "coordinates": [ [ [ 674729.060399999958463, 7186670.2281 ], [ 674741.892899999977089, 7186641.289800000376999 ], [ 674770.337700000032783, 7186578.258600000292063 ], [ 674714.865899999975227, 7186555.184299999848008 ], [ 674698.00379999994766, 7186548.169499999843538 ], [ 674692.76410000002943, 7186545.988800000399351 ], [ 674660.951899999985471, 7186532.754200000315905 ], [ 674622.798199999961071, 7186517.707600000314415 ], [ 674599.774800000013784, 7186576.048100000247359 ], [ 674590.294, 7186599.713499999605119 ], [ 674586.974900000030175, 7186608.287200000137091 ], [ 674653.934299999964423, 7186637.4276 ], [ 674665.640499999979511, 7186642.5154 ], [ 674729.060399999958463, 7186670.2281 ] ] ] } },
{ "type": "Feature", "properties": { }, "geometry": { "type": "Polygon", "coordinates": [ [ [ 674865.426100000040606, 7186617.412200000137091 ], [ 674838.56539999996312, 7186679.22649999987334 ], [ 674825.51749999995809, 7186711.690700000151992 ], [ 674990.324399977107532, 7186783.231344997882843 ], [ 674988.828744985745288, 7186668.574523619376123 ], [ 674865.426100000040606, 7186617.412200000137091 ] ] ] } },
{ "type": "Feature", "properties": { }, "geometry": { "type": "Polygon", "coordinates": [ [ [ 674897.795099999988452, 7186542.8964 ], [ 674894.093100000056438, 7186551.408699999563396 ], [ 674865.426100000040606, 7186617.412200000137091 ], [ 674988.828744985745288, 7186668.574523619376123 ], [ 674987.700547704123892, 7186582.086988101713359 ], [ 674966.162000000011176, 7186572.70380000025034 ], [ 674897.795099999988452, 7186542.8964 ] ] ] } },
{ "type": "Feature", "properties": { }, "geometry": { "type": "Polygon", "coordinates": [ [ [ 674944.795099999988452, 7186434.721199999563396 ], [ 674941.005600000033155, 7186443.456299999728799 ], [ 674897.795099999988452, 7186542.8964 ], [ 674966.162000000011176, 7186572.70380000025034 ], [ 674987.700547704123892, 7186582.086988101713359 ], [ 674986.009513972676359, 7186452.452444295398891 ], [ 674980.336400000029244, 7186450.0115 ], [ 674944.795099999988452, 7186434.721199999563396 ] ] ] } },
{ "type": "Feature", "properties": { }, "geometry": { "type": "Polygon", "coordinates": [ [ [ 674984.583685469464399, 7186343.148517292924225 ], [ 674944.795099999988452, 7186434.721199999563396 ], [ 674980.336400000029244, 7186450.0115 ], [ 674986.009513972676359, 7186452.452444295398891 ], [ 674984.583685469464399, 7186343.148517292924225 ] ] ] } },
{ "type": "Feature", "properties": { }, "geometry": { "type": "Polygon", "coordinates": [ [ [ 674774.9704, 7186361.644500000402331 ], [ 674708.936899999971502, 7186333.223899999633431 ], [ 674700.9041000000434, 7186329.772300000302494 ], [ 674698.82999999995809, 7186328.868700000457466 ], [ 674680.989500000025146, 7186373.393299999646842 ], [ 674658.6374, 7186429.1661 ], [ 674657.614300000015646, 7186431.716400000266731 ], [ 674655.392800000030547, 7186437.262400000356138 ], [ 674663.223800000036135, 7186440.672399999573827 ], [ 674730.395499999984168, 7186469.942599999718368 ], [ 674772.766399999964051, 7186366.99100000038743 ], [ 674774.9704, 7186361.644500000402331 ] ] ] } },
{ "type": "Feature", "properties": { }, "geometry": { "type": "Polygon", "coordinates": [ [ [ 674730.395499999984168, 7186469.942599999718368 ], [ 674663.223800000036135, 7186440.672399999573827 ], [ 674655.392800000030547, 7186437.262400000356138 ], [ 674650.832900000037625, 7186448.6552 ], [ 674634.395000000018626, 7186489.671699999831617 ], [ 674622.798199999961071, 7186517.707600000314415 ], [ 674660.951899999985471, 7186532.754200000315905 ], [ 674692.76410000002943, 7186545.988800000399351 ], [ 674698.00379999994766, 7186548.169499999843538 ], [ 674726.914100000052713, 7186478.396599999628961 ], [ 674730.395499999984168, 7186469.942599999718368 ] ] ] } },
{ "type": "Feature", "properties": { }, "geometry": { "type": "Polygon", "coordinates": [ [ [ 674615.416899999952875, 7186293.029699999839067 ], [ 674607.282299999962561, 7186289.4797 ], [ 674511.708499999949709, 7186248.347699999809265 ], [ 674503.2210999999661, 7186244.7357 ], [ 674468.6938, 7186335.176300000399351 ], [ 674463.741999999969266, 7186348.1584 ], [ 674474.6888, 7186352.890599999576807 ], [ 674564.546300000045449, 7186392.280399999581277 ], [ 674575.59699999995064, 7186397.2659 ], [ 674581.823300000047311, 7186380.954800000414252 ], [ 674611.7977, 7186302.493700000457466 ], [ 674615.416899999952875, 7186293.029699999839067 ] ] ] } },
{ "type": "Feature", "properties": { }, "geometry": { "type": "Polygon", "coordinates": [ [ [ 674575.59699999995064, 7186397.2659 ], [ 674564.546300000045449, 7186392.280399999581277 ], [ 674474.6888, 7186352.890599999576807 ], [ 674463.741999999969266, 7186348.1584 ], [ 674459.451699999975972, 7186359.403599999845028 ], [ 674434.876500000013039, 7186423.768500000238419 ], [ 674432.532, 7186429.925499999895692 ], [ 674429.515099999960512, 7186437.752999999560416 ], [ 674436.5921, 7186440.43059999961406 ], [ 674441.859500000020489, 7186442.4227 ], [ 674481.416300000040792, 7186458.64809999987483 ], [ 674534.851400000043213, 7186480.664099999703467 ], [ 674542.51679999998305, 7186483.710699999704957 ], [ 674548.24910000001546, 7186468.857200000435114 ], [ 674571.287099999957718, 7186408.544700000435114 ], [ 674575.59699999995064, 7186397.2659 ] ] ] } },
{ "type": "Feature", "properties": { }, "geometry": { "type": "Polygon", "coordinates": [ [ [ 674645.986400000052527, 7186427.990199999883771 ], [ 674642.697700000018813, 7186426.526399999856949 ], [ 674587.70629999996163, 7186402.426099999807775 ], [ 674575.59699999995064, 7186397.2659 ], [ 674571.287099999957718, 7186408.544700000435114 ], [ 674548.24910000001546, 7186468.857200000435114 ], [ 674542.51679999998305, 7186483.710699999704957 ], [ 674554.672299999976531, 7186488.548999999649823 ], [ 674608.6631, 7186511.499200000427663 ], [ 674611.889399999985471, 7186512.808799999766052 ], [ 674639.41890000004787, 7186444.3613 ], [ 674645.986400000052527, 7186427.990199999883771 ] ] ] } },
{ "type": "Feature", "properties": { }, "geometry": { "type": "Polygon", "coordinates": [ [ [ 674645.986400000052527, 7186427.990199999883771 ], [ 674639.41890000004787, 7186444.3613 ], [ 674611.889399999985471, 7186512.808799999766052 ], [ 674622.798199999961071, 7186517.707600000314415 ], [ 674634.395000000018626, 7186489.671699999831617 ], [ 674650.832900000037625, 7186448.6552 ], [ 674655.392800000030547, 7186437.262400000356138 ], [ 674645.986400000052527, 7186427.990199999883771 ] ] ] } },
{ "type": "Feature", "properties": { }, "geometry": { "type": "Polygon", "coordinates": [ [ [ 674622.798199999961071, 7186517.707600000314415 ], [ 674611.889399999985471, 7186512.808799999766052 ], [ 674592.772600000025705, 7186560.573699999600649 ], [ 674578.945199999958277, 7186595.030899999663234 ], [ 674575.400299999979325, 7186603.252999999560416 ], [ 674586.974900000030175, 7186608.287200000137091 ], [ 674590.294, 7186599.713499999605119 ], [ 674599.774800000013784, 7186576.048100000247359 ], [ 674622.798199999961071, 7186517.707600000314415 ] ] ] } },
{ "type": "Feature", "properties": { }, "geometry": { "type": "Polygon", "coordinates": [ [ [ 674542.51679999998305, 7186483.710699999704957 ], [ 674534.851400000043213, 7186480.664099999703467 ], [ 674481.416300000040792, 7186458.64809999987483 ], [ 674441.859500000020489, 7186442.4227 ], [ 674436.5921, 7186440.43059999961406 ], [ 674429.515099999960512, 7186437.752999999560416 ], [ 674427.025499999988824, 7186444.354899999685585 ], [ 674421.577000000048429, 7186458.6064 ], [ 674413.560599999967963, 7186479.627000000327826 ], [ 674413.239500000025146, 7186480.462100000120699 ], [ 674406.234500000020489, 7186498.799599999561906 ], [ 674401.224200000055134, 7186511.9375 ], [ 674399.2783, 7186517.025700000114739 ], [ 674399.142100000055507, 7186517.382000000216067 ], [ 674396.2291, 7186524.6985 ], [ 674406.033300000010058, 7186528.9803 ], [ 674499.495800000033341, 7186570.1074 ], [ 674508.167000000015832, 7186573.905299999751151 ], [ 674513.04929999995511, 7186560.990600000135601 ], [ 674536.457399999955669, 7186499.709499999880791 ], [ 674540.397800000035204, 7186489.410500000230968 ], [ 674542.51679999998305, 7186483.710699999704957 ] ] ] } },
{ "type": "Feature", "properties": { }, "geometry": { "type": "Polygon", "coordinates": [ [ [ 674542.51679999998305, 7186483.710699999704957 ], [ 674540.397800000035204, 7186489.410500000230968 ], [ 674536.457399999955669, 7186499.709499999880791 ], [ 674513.04929999995511, 7186560.990600000135601 ], [ 674508.167000000015832, 7186573.905299999751151 ], [ 674518.902299999957904, 7186578.606999999843538 ], [ 674570.514700000057928, 7186601.222699999809265 ], [ 674575.400299999979325, 7186603.252999999560416 ], [ 674578.945199999958277, 7186595.030899999663234 ], [ 674592.772600000025705, 7186560.573699999600649 ], [ 674611.889399999985471, 7186512.808799999766052 ], [ 674608.6631, 7186511.499200000427663 ], [ 674554.672299999976531, 7186488.548999999649823 ], [ 674542.51679999998305, 7186483.710699999704957 ] ] ] } },
{ "type": "Feature", "properties": { }, "geometry": { "type": "Polygon", "coordinates": [ [ [ 674396.2291, 7186524.6985 ], [ 674395.357399999978952, 7186527.2911 ], [ 674390.570799999986775, 7186539.838899999856949 ], [ 674349.517600000021048, 7186646.915300000458956 ], [ 674415.2733, 7186631.481200000271201 ], [ 674429.6766, 7186631.2275 ], [ 674438.609900000039488, 7186631.975499999709427 ], [ 674449.246999999973923, 7186634.540300000458956 ], [ 674458.239599999971688, 7186638.300900000147521 ], [ 674466.87300000002142, 7186642.287700000219047 ], [ 674473.0366, 7186638.928299999795854 ], [ 674477.073100000037812, 7186636.00650000013411 ], [ 674490.331699999980628, 7186620.456899999640882 ], [ 674493.104700000025332, 7186613.208700000308454 ], [ 674496.461299999966286, 7186604.423999999649823 ], [ 674501.831600000034086, 7186590.35080000013113 ], [ 674505.187999999965541, 7186581.555100000463426 ], [ 674508.167000000015832, 7186573.905299999751151 ], [ 674499.495800000033341, 7186570.1074 ], [ 674406.033300000010058, 7186528.9803 ], [ 674396.2291, 7186524.6985 ] ] ] } },
{ "type": "Feature", "properties": { }, "geometry": { "type": "Polygon", "coordinates": [ [ [ 674575.400299999979325, 7186603.252999999560416 ], [ 674570.514700000057928, 7186601.222699999809265 ], [ 674518.902299999957904, 7186578.606999999843538 ], [ 674508.167000000015832, 7186573.905299999751151 ], [ 674505.187999999965541, 7186581.555100000463426 ], [ 674501.831600000034086, 7186590.35080000013113 ], [ 674496.461299999966286, 7186604.423999999649823 ], [ 674493.104700000025332, 7186613.208700000308454 ], [ 674490.331699999980628, 7186620.456899999640882 ], [ 674477.073100000037812, 7186636.00650000013411 ], [ 674473.0366, 7186638.928299999795854 ], [ 674466.87300000002142, 7186642.287700000219047 ], [ 674481.491000000038184, 7186648.490000000223517 ], [ 674491.205500000040047, 7186645.870900000445545 ], [ 674503.342399999964982, 7186643.076399999670684 ], [ 674512.729999999981374, 7186640.849299999885261 ], [ 674527.623400000040419, 7186637.287700000219047 ], [ 674540.378600000054576, 7186633.310700000263751 ], [ 674548.031399999978021, 7186629.965099999681115 ], [ 674555.087399999960326, 7186626.383600000292063 ], [ 674560.682799999951385, 7186622.654799999669194 ], [ 674565.9656, 7186618.099299999885261 ], [ 674569.211800000048243, 7186614.7445 ], [ 674572.285000000032596, 7186610.472500000149012 ], [ 674574.281199999968521, 7186606.159099999815226 ], [ 674575.400299999979325, 7186603.252999999560416 ] ] ] } },
{ "type": "Feature", "properties": { }, "geometry": { "type": "Polygon", "coordinates": [ [ [ 674586.974900000030175, 7186608.287200000137091 ], [ 674575.400299999979325, 7186603.252999999560416 ], [ 674574.281199999968521, 7186606.159099999815226 ], [ 674572.285000000032596, 7186610.472500000149012 ], [ 674569.211800000048243, 7186614.7445 ], [ 674565.9656, 7186618.099299999885261 ], [ 674560.682799999951385, 7186622.654799999669194 ], [ 674555.087399999960326, 7186626.383600000292063 ], [ 674548.031399999978021, 7186629.965099999681115 ], [ 674540.378600000054576, 7186633.310700000263751 ], [ 674527.623400000040419, 7186637.287700000219047 ], [ 674512.729999999981374, 7186640.849299999885261 ], [ 674503.342399999964982, 7186643.076399999670684 ], [ 674491.205500000040047, 7186645.870900000445545 ], [ 674481.491000000038184, 7186648.490000000223517 ], [ 674497.050700000021607, 7186655.1563 ], [ 674497.900600000051782, 7186655.521999999880791 ], [ 674557.661100000026636, 7186681.144899999722838 ], [ 674561.568300000042655, 7186671.378100000321865 ], [ 674564.491799999959767, 7186664.105700000189245 ], [ 674575.4536, 7186636.7319 ], [ 674584.067700000014156, 7186615.260200000368059 ], [ 674586.974900000030175, 7186608.287200000137091 ] ] ] } },
{ "type": "Feature", "properties": { }, "geometry": { "type": "Polygon", "coordinates": [ [ [ 674729.060399999958463, 7186670.2281 ], [ 674665.640499999979511, 7186642.5154 ], [ 674653.934299999964423, 7186637.4276 ], [ 674586.974900000030175, 7186608.287200000137091 ], [ 674584.067700000014156, 7186615.260200000368059 ], [ 674575.4536, 7186636.7319 ], [ 674564.491799999959767, 7186664.105700000189245 ], [ 674561.568300000042655, 7186671.378100000321865 ], [ 674557.661100000026636, 7186681.144899999722838 ], [ 674610.461400000029244, 7186703.778199999593198 ], [ 674696.941499999957159, 7186740.862599999643862 ], [ 674729.060399999958463, 7186670.2281 ] ] ] } },
{ "type": "Feature", "properties": { }, "geometry": { "type": "Polygon", "coordinates": [ [ [ 674825.51749999995809, 7186711.690700000151992 ], [ 674803.4216, 7186702.196100000292063 ], [ 674796.562000000034459, 7186699.238900000229478 ], [ 674780.222799999988638, 7186692.217400000430644 ], [ 674768.3959, 7186687.142400000244379 ], [ 674758.78449999995064, 7186683.002299999818206 ], [ 674729.060399999958463, 7186670.2281 ], [ 674696.941499999957159, 7186740.862599999643862 ], [ 674793.751599999959581, 7186782.3651 ], [ 674807.77800000004936, 7186750.087600000202656 ], [ 674818.717199999955483, 7186726.414099999703467 ], [ 674825.51749999995809, 7186711.690700000151992 ] ] ] } },
{ "type": "Feature", "properties": { }, "geometry": { "type": "Polygon", "coordinates": [ [ [ 674991.418630037456751, 7186867.114955383352935 ], [ 674901.306699999957345, 7186828.4797 ], [ 674878.4131, 7186881.301799999549985 ], [ 674860.8665, 7186918.28940000012517 ], [ 674837.165599999949336, 7186970.955799999646842 ], [ 674822.341000000014901, 7187003.7643 ], [ 674773.798700000043027, 7187111.194500000216067 ], [ 674746.2317, 7187172.197800000198185 ], [ 674742.046199999982491, 7187181.458700000308454 ], [ 674814.040599999949336, 7187252.4101 ], [ 674820.98140000004787, 7187259.2659 ], [ 674827.422299999976531, 7187264.821000000461936 ], [ 674832.803399999975227, 7187268.562 ], [ 674838.884399999980815, 7187271.972500000149012 ], [ 674844.424899999983609, 7187272.509600000455976 ], [ 674847.787200000020675, 7187271.889700000174344 ], [ 674850.9839, 7187270.90639999974519 ], [ 674856.7269, 7187267.685200000181794 ], [ 674859.5333999999566, 7187263.782200000248849 ], [ 674882.4889, 7187202.5175 ], [ 674893.192799999960698, 7187175.4348 ], [ 674895.919899999978952, 7187168.530500000342727 ], [ 674896.689400000032037, 7187166.592799999751151 ], [ 674904.627499999944121, 7187146.525700000114739 ], [ 674917.210899999947287, 7187114.676799999549985 ], [ 674927.778399999951944, 7187087.939299999736249 ], [ 674949.312599999946542, 7187033.462000000290573 ], [ 674953.491200000047684, 7187022.916000000201166 ], [ 674983.323100000037812, 7186947.447200000286102 ], [ 674992.174341495730914, 7186925.047750170342624 ], [ 674991.418630037456751, 7186867.114955383352935 ] ] ] } },
{ "type": "Feature", "properties": { }, "geometry": { "type": "Polygon", "coordinates": [ [ [ 674901.306699999957345, 7186828.4797 ], [ 674991.418630037456751, 7186867.114955383352935 ], [ 674990.324399977107532, 7186783.231344997882843 ], [ 674825.51749999995809, 7186711.690700000151992 ], [ 674818.717199999955483, 7186726.414099999703467 ], [ 674807.77800000004936, 7186750.087600000202656 ], [ 674793.751599999959581, 7186782.3651 ], [ 674901.306699999957345, 7186828.4797 ] ] ] } },
{ "type": "Feature", "properties": { }, "geometry": { "type": "Polygon", "coordinates": [ [ [ 674901.306699999957345, 7186828.4797 ], [ 674793.751599999959581, 7186782.3651 ], [ 674755.911300000036135, 7186869.459599999710917 ], [ 674721.205599999986589, 7186949.3119 ], [ 674717.1618, 7186958.626299999654293 ], [ 674708.165400000056252, 7186979.327499999664724 ], [ 674656.834000000031665, 7187097.4622 ], [ 674729.163999999989755, 7187168.76410000026226 ], [ 674742.046199999982491, 7187181.458700000308454 ], [ 674746.2317, 7187172.197800000198185 ], [ 674773.798700000043027, 7187111.194500000216067 ], [ 674822.341000000014901, 7187003.7643 ], [ 674837.165599999949336, 7186970.955799999646842 ], [ 674860.8665, 7186918.28940000012517 ], [ 674878.4131, 7186881.301799999549985 ], [ 674901.306699999957345, 7186828.4797 ] ] ] } },
{ "type": "Feature", "properties": { }, "geometry": { "type": "Polygon", "coordinates": [ [ [ 674793.751599999959581, 7186782.3651 ], [ 674696.941499999957159, 7186740.862599999643862 ], [ 674581.415999999968335, 7186996.7642 ], [ 674586.7548, 7187001.137299999594688 ], [ 674590.402099999948405, 7187003.095099999569356 ], [ 674595.811100000049919, 7187003.589700000360608 ], [ 674602.982700000051409, 7187001.912100000306964 ], [ 674680.034300000057556, 7186967.629200000315905 ], [ 674714.7439, 7186952.18790000025183 ], [ 674721.205599999986589, 7186949.3119 ], [ 674755.911300000036135, 7186869.459599999710917 ], [ 674793.751599999959581, 7186782.3651 ] ] ] } },
{ "type": "Feature", "properties": { }, "geometry": { "type": "Polygon", "coordinates": [ [ [ 674696.941499999957159, 7186740.862599999643862 ], [ 674610.461400000029244, 7186703.778199999593198 ], [ 674557.661100000026636, 7186681.144899999722838 ], [ 674497.900600000051782, 7186655.521999999880791 ], [ 674497.050700000021607, 7186655.1563 ], [ 674481.491000000038184, 7186648.490000000223517 ], [ 674471.690500000026077, 7186652.229100000113249 ], [ 674465.065700000035577, 7186656.4918 ], [ 674460.3416000000434, 7186660.685600000433624 ], [ 674454.149300000048243, 7186667.2582 ], [ 674449.820500000030734, 7186674.005900000222027 ], [ 674446.418399999965914, 7186680.0658 ], [ 674443.496900000027381, 7186686.728799999691546 ], [ 674392.364199999952689, 7186836.478199999779463 ], [ 674491.29280000005383, 7186934.157100000418723 ], [ 674573.182200000039302, 7187015.007000000216067 ], [ 674581.415999999968335, 7186996.7642 ], [ 674696.941499999957159, 7186740.862599999643862 ] ] ] } },
{ "type": "Feature", "properties": { }, "geometry": { "type": "Polygon", "coordinates": [ [ [ 674581.415999999968335, 7186996.7642 ], [ 674573.182200000039302, 7187015.007000000216067 ], [ 674656.834000000031665, 7187097.4622 ], [ 674708.165400000056252, 7186979.327499999664724 ], [ 674717.1618, 7186958.626299999654293 ], [ 674721.205599999986589, 7186949.3119 ], [ 674714.7439, 7186952.18790000025183 ], [ 674680.034300000057556, 7186967.629200000315905 ], [ 674602.982700000051409, 7187001.912100000306964 ], [ 674595.811100000049919, 7187003.589700000360608 ], [ 674590.402099999948405, 7187003.095099999569356 ], [ 674586.7548, 7187001.137299999594688 ], [ 674581.415999999968335, 7186996.7642 ] ] ] } },
{ "type": "Feature", "properties": { }, "geometry": { "type": "Polygon", "coordinates": [ [ [ 674481.491000000038184, 7186648.490000000223517 ], [ 674466.87300000002142, 7186642.287700000219047 ], [ 674460.546199999982491, 7186648.574 ], [ 674457.645099999965169, 7186651.381400000303984 ], [ 674448.88820000004489, 7186661.111499999649823 ], [ 674444.175000000046566, 7186667.698099999688566 ], [ 674439.8236, 7186675.7977 ], [ 674436.5991, 7186683.1404 ], [ 674403.990299999946728, 7186778.895600000396371 ], [ 674386.223899999982677, 7186831.572599999606609 ], [ 674382.118800000054762, 7186843.158800000324845 ], [ 674377.734199999948032, 7186854.903699999675155 ], [ 674371.942099999985658, 7186866.733300000429153 ], [ 674366.675000000046566, 7186874.833800000138581 ], [ 674361.085500000044703, 7186881.354100000113249 ], [ 674355.663199999951757, 7186886.7977 ], [ 674206.4632, 7187012.261900000274181 ], [ 674196.87699999997858, 7187020.14130000025034 ], [ 674189.940599999972619, 7187025.992200000211596 ], [ 674195.258599999942817, 7187030.321399999782443 ], [ 674202.025099999969825, 7187024.561300000175834 ], [ 674209.998299999977462, 7187017.976800000295043 ], [ 674216.069400000036694, 7187012.901600000448525 ], [ 674361.49730000004638, 7186892.1393 ], [ 674367.633799999952316, 7186885.911000000312924 ], [ 674371.964000000036322, 7186880.802899999544024 ], [ 674377.149300000048243, 7186873.379300000146031 ], [ 674382.338299999944866, 7186863.9172 ], [ 674385.901900000055321, 7186855.562 ], [ 674392.364199999952689, 7186836.478199999779463 ], [ 674443.496900000027381, 7186686.728799999691546 ], [ 674446.418399999965914, 7186680.0658 ], [ 674449.820500000030734, 7186674.005900000222027 ], [ 674454.149300000048243, 7186667.2582 ], [ 674460.3416000000434, 7186660.685600000433624 ], [ 674465.065700000035577, 7186656.4918 ], [ 674471.690500000026077, 7186652.229100000113249 ], [ 674481.491000000038184, 7186648.490000000223517 ] ] ] } },
{ "type": "Feature", "properties": { }, "geometry": { "type": "Polygon", "coordinates": [ [ [ 674573.182200000039302, 7187015.007000000216067 ], [ 674462.023500000010245, 7187064.7111 ], [ 674464.511399999959394, 7187069.575500000268221 ], [ 674518.761799999978393, 7187175.767400000244379 ], [ 674523.0464, 7187173.340900000184774 ], [ 674600.406399999978021, 7187129.4271 ], [ 674651.151300000026822, 7187100.682500000111759 ], [ 674656.834000000031665, 7187097.4622 ], [ 674573.182200000039302, 7187015.007000000216067 ] ] ] } },
{ "type": "Feature", "properties": { }, "geometry": { "type": "Polygon", "coordinates": [ [ [ 674462.023500000010245, 7187064.7111 ], [ 674573.182200000039302, 7187015.007000000216067 ], [ 674491.29280000005383, 7186934.157100000418723 ], [ 674392.364199999952689, 7186836.478199999779463 ], [ 674385.901900000055321, 7186855.562 ], [ 674382.338299999944866, 7186863.9172 ], [ 674377.149300000048243, 7186873.379300000146031 ], [ 674371.964000000036322, 7186880.802899999544024 ], [ 674367.633799999952316, 7186885.911000000312924 ], [ 674361.49730000004638, 7186892.1393 ], [ 674216.069400000036694, 7187012.901600000448525 ], [ 674209.998299999977462, 7187017.976800000295043 ], [ 674318.098099999944679, 7187111.483099999837577 ], [ 674324.466999999945983, 7187118.479600000195205 ], [ 674327.714000000036322, 7187124.475200000219047 ], [ 674329.755, 7187123.595700000412762 ], [ 674348.6642, 7187115.462100000120699 ], [ 674462.023500000010245, 7187064.7111 ] ] ] } },
{ "type": "Feature", "properties": { }, "geometry": { "type": "Polygon", "coordinates": [ [ [ 674462.023500000010245, 7187064.7111 ], [ 674348.6642, 7187115.462100000120699 ], [ 674329.755, 7187123.595700000412762 ], [ 674327.714000000036322, 7187124.475200000219047 ], [ 674349.427000000025146, 7187168.751199999824166 ], [ 674371.787200000020675, 7187215.588999999687076 ], [ 674408.511300000012852, 7187305.5351 ], [ 674414.132100000046194, 7187316.119699999690056 ], [ 674420.706600000034086, 7187325.772300000302494 ], [ 674428.071499999961816, 7187334.306800000369549 ], [ 674472.056800000020303, 7187385.283699999563396 ], [ 674474.772600000025705, 7187384.461799999698997 ], [ 674478.560999999986961, 7187383.3268 ], [ 674605.316400000010617, 7187345.185399999842048 ], [ 674603.138099999981932, 7187340.926300000399351 ], [ 674568.0577, 7187272.263299999758601 ], [ 674518.761799999978393, 7187175.767400000244379 ], [ 674464.511399999959394, 7187069.575500000268221 ], [ 674462.023500000010245, 7187064.7111 ] ] ] } },
{ "type": "Feature", "properties": { }, "geometry": { "type": "Polygon", "coordinates": [ [ [ 674518.761799999978393, 7187175.767400000244379 ], [ 674568.0577, 7187272.263299999758601 ], [ 674572.4046, 7187269.991100000217557 ], [ 674649.658999999985099, 7187229.523900000378489 ], [ 674655.704600000055507, 7187226.354299999773502 ], [ 674604.298100000014529, 7187136.245199999772012 ], [ 674600.406399999978021, 7187129.4271 ], [ 674523.0464, 7187173.340900000184774 ], [ 674518.761799999978393, 7187175.767400000244379 ] ] ] } },
{ "type": "Feature", "properties": { }, "geometry": { "type": "Polygon", "coordinates": [ [ [ 674656.834000000031665, 7187097.4622 ], [ 674651.151300000026822, 7187100.682500000111759 ], [ 674600.406399999978021, 7187129.4271 ], [ 674604.298100000014529, 7187136.245199999772012 ], [ 674655.704600000055507, 7187226.354299999773502 ], [ 674660.031700000050478, 7187224.104399999603629 ], [ 674742.046199999982491, 7187181.458700000308454 ], [ 674729.163999999989755, 7187168.76410000026226 ], [ 674656.834000000031665, 7187097.4622 ] ] ] } },
{ "type": "Feature", "properties": { }, "geometry": { "type": "Polygon", "coordinates": [ [ [ 674953.491200000047684, 7187022.916000000201166 ], [ 674949.312599999946542, 7187033.462000000290573 ], [ 674927.778399999951944, 7187087.939299999736249 ], [ 674917.210899999947287, 7187114.676799999549985 ], [ 674904.627499999944121, 7187146.525700000114739 ], [ 674896.689400000032037, 7187166.592799999751151 ], [ 674895.919899999978952, 7187168.530500000342727 ], [ 674893.192799999960698, 7187175.4348 ], [ 674882.4889, 7187202.5175 ], [ 674859.5333999999566, 7187263.782200000248849 ], [ 674856.7269, 7187267.685200000181794 ], [ 674871.249199999962002, 7187282.6848 ], [ 674900.931100000045262, 7187309.861600000411272 ], [ 674904.321800000034273, 7187312.963700000196695 ], [ 674934.914299999945797, 7187342.067300000227988 ], [ 674959.985499999951571, 7187365.925099999643862 ], [ 674993.963065369753167, 7187404.135023687034845 ], [ 674998.423100000014529, 7187404.077200000174344 ], [ 674993.713018810958602, 7187043.002660298720002 ], [ 674953.491200000047684, 7187022.916000000201166 ] ] ] } },
{ "type": "Feature", "properties": { }, "geometry": { "type": "Polygon", "coordinates": [ [ [ 674992.174341495730914, 7186925.047750170342624 ], [ 674983.323100000037812, 7186947.447200000286102 ], [ 674953.491200000047684, 7187022.916000000201166 ], [ 674993.713018810958602, 7187043.002660298720002 ], [ 674992.174341495730914, 7186925.047750170342624 ] ] ] } },
{ "type": "Feature", "properties": { }, "geometry": { "type": "Polygon", "coordinates": [ [ [ 674856.7269, 7187267.685200000181794 ], [ 674850.9839, 7187270.90639999974519 ], [ 674847.787200000020675, 7187271.889700000174344 ], [ 674844.424899999983609, 7187272.509600000455976 ], [ 674838.884399999980815, 7187271.972500000149012 ], [ 674833.222900000051595, 7187278.372100000269711 ], [ 674832.506199999945238, 7187278.957600000314415 ], [ 674827.857399999978952, 7187282.77379999961704 ], [ 674822.291500000050291, 7187285.6935 ], [ 674815.905200000037439, 7187288.191800000146031 ], [ 674707.6986, 7187317.4858 ], [ 674605.316400000010617, 7187345.185399999842048 ], [ 674478.560999999986961, 7187383.3268 ], [ 674474.772600000025705, 7187384.461799999698997 ], [ 674472.056800000020303, 7187385.283699999563396 ], [ 674493.543265809887089, 7187410.622892114333808 ], [ 674642.033043916104361, 7187408.697744180448353 ], [ 674790.987376012722962, 7187406.766573373228312 ], [ 674796.184699999983422, 7187402.436499999836087 ], [ 674842.708499999949709, 7187363.941599999554455 ], [ 674896.756999999983236, 7187319.222 ], [ 674904.321800000034273, 7187312.963700000196695 ], [ 674900.931100000045262, 7187309.861600000411272 ], [ 674871.249199999962002, 7187282.6848 ], [ 674856.7269, 7187267.685200000181794 ] ] ] } },
{ "type": "Feature", "properties": { }, "geometry": { "type": "Polygon", "coordinates": [ [ [ 674993.963065369753167, 7187404.135023687034845 ], [ 674959.985499999951571, 7187365.925099999643862 ], [ 674934.914299999945797, 7187342.067300000227988 ], [ 674904.321800000034273, 7187312.963700000196695 ], [ 674896.756999999983236, 7187319.222 ], [ 674842.708499999949709, 7187363.941599999554455 ], [ 674796.184699999983422, 7187402.436499999836087 ], [ 674798.138700000010431, 7187406.465800000354648 ], [ 674798.239539988455363, 7187406.672550143674016 ], [ 674993.963065369753167, 7187404.135023687034845 ] ] ] } },
{ "type": "Feature", "properties": { }, "geometry": { "type": "Polygon", "coordinates": [ [ [ 674838.884399999980815, 7187271.972500000149012 ], [ 674832.803399999975227, 7187268.562 ], [ 674827.422299999976531, 7187264.821000000461936 ], [ 674820.98140000004787, 7187259.2659 ], [ 674814.040599999949336, 7187252.4101 ], [ 674742.046199999982491, 7187181.458700000308454 ], [ 674660.031700000050478, 7187224.104399999603629 ], [ 674655.704600000055507, 7187226.354299999773502 ], [ 674704.990800000028685, 7187312.735100000165403 ], [ 674707.6986, 7187317.4858 ], [ 674815.905200000037439, 7187288.191800000146031 ], [ 674822.291500000050291, 7187285.6935 ], [ 674827.857399999978952, 7187282.77379999961704 ], [ 674832.506199999945238, 7187278.957600000314415 ], [ 674833.222900000051595, 7187278.372100000269711 ], [ 674838.884399999980815, 7187271.972500000149012 ] ] ] } },
{ "type": "Feature", "properties": { }, "geometry": { "type": "Polygon", "coordinates": [ [ [ 674327.714000000036322, 7187124.475200000219047 ], [ 674324.466999999945983, 7187118.479600000195205 ], [ 674318.098099999944679, 7187111.483099999837577 ], [ 674209.998299999977462, 7187017.976800000295043 ], [ 674202.025099999969825, 7187024.561300000175834 ], [ 674195.258599999942817, 7187030.321399999782443 ], [ 674206.5146, 7187039.470200000330806 ], [ 674304.770000000018626, 7187124.839800000190735 ], [ 674311.064000000013039, 7187132.269299999810755 ], [ 674316.705599999986589, 7187141.369099999777973 ], [ 674322.251200000056997, 7187152.3756 ], [ 674349.53000000002794, 7187209.197800000198185 ], [ 674394.910799999954179, 7187318.839999999850988 ], [ 674397.8748, 7187324.728500000201166 ], [ 674399.954000000027008, 7187328.33530000038445 ], [ 674402.983499999972992, 7187333.07079999987036 ], [ 674406.727700000046752, 7187337.830199999734759 ], [ 674417.258999999961816, 7187348.472799999639392 ], [ 674459.970100000035018, 7187396.630199999548495 ], [ 674466.320500000030734, 7187403.737599999643862 ], [ 674472.751659953733906, 7187410.892452198080719 ], [ 674493.543265809887089, 7187410.622892114333808 ], [ 674472.056800000020303, 7187385.283699999563396 ], [ 674428.071499999961816, 7187334.306800000369549 ], [ 674420.706600000034086, 7187325.772300000302494 ], [ 674414.132100000046194, 7187316.119699999690056 ], [ 674408.511300000012852, 7187305.5351 ], [ 674371.787200000020675, 7187215.588999999687076 ], [ 674349.427000000025146, 7187168.751199999824166 ], [ 674327.714000000036322, 7187124.475200000219047 ] ] ] } },
{ "type": "Feature", "properties": { }, "geometry": { "type": "Polygon", "coordinates": [ [ [ 674311.064000000013039, 7187132.269299999810755 ], [ 674304.770000000018626, 7187124.839800000190735 ], [ 674206.5146, 7187039.470200000330806 ], [ 674195.258599999942817, 7187030.321399999782443 ], [ 674190.142299999948591, 7187034.553299999795854 ], [ 674148.092199999955483, 7187072.04619999974966 ], [ 674142.760499999974854, 7187079.061700000427663 ], [ 674139.192400000058115, 7187087.084499999880791 ], [ 674134.98430000001099, 7187100.832299999892712 ], [ 674147.6753, 7187160.081899999640882 ], [ 674149.345699999947101, 7187167.8596 ], [ 674194.34499999997206, 7187214.148900000378489 ], [ 674201.61089999997057, 7187215.849399999715388 ], [ 674205.117100000032224, 7187216.23589999973774 ], [ 674208.799099999945611, 7187215.4348 ], [ 674212.279699999955483, 7187213.849700000137091 ], [ 674216.632300000055693, 7187205.816599999554455 ], [ 674222.807099999976344, 7187197.095099999569356 ], [ 674230.0159, 7187188.969600000418723 ], [ 674237.9913, 7187182.551199999637902 ], [ 674308.471400000038557, 7187134.053399999625981 ], [ 674311.064000000013039, 7187132.269299999810755 ] ] ] } },
{ "type": "Feature", "properties": { }, "geometry": { "type": "Polygon", "coordinates": [ [ [ 674212.279699999955483, 7187213.849700000137091 ], [ 674208.799099999945611, 7187215.4348 ], [ 674205.117100000032224, 7187216.23589999973774 ], [ 674201.61089999997057, 7187215.849399999715388 ], [ 674194.34499999997206, 7187214.148900000378489 ], [ 674198.607399999978952, 7187219.311599999666214 ], [ 674200.8347, 7187222.706000000238419 ], [ 674202.1457, 7187225.2703 ], [ 674208.822000000043772, 7187238.898900000378489 ], [ 674207.812799999956042, 7187230.91330000013113 ], [ 674208.454400000046007, 7187224.534699999727309 ], [ 674210.7069, 7187218.246100000105798 ], [ 674212.279699999955483, 7187213.849700000137091 ] ] ] } },
{ "type": "Feature", "properties": { }, "geometry": { "type": "Polygon", "coordinates": [ [ [ 674212.279699999955483, 7187213.849700000137091 ], [ 674210.7069, 7187218.246100000105798 ], [ 674208.454400000046007, 7187224.534699999727309 ], [ 674207.812799999956042, 7187230.91330000013113 ], [ 674208.822000000043772, 7187238.898900000378489 ], [ 674230.943899999954738, 7187318.5658 ], [ 674235.260600000037812, 7187334.108300000429153 ], [ 674257.362589912605472, 7187413.68493952229619 ], [ 674472.751659953733906, 7187410.892452198080719 ], [ 674466.320500000030734, 7187403.737599999643862 ], [ 674459.970100000035018, 7187396.630199999548495 ], [ 674417.258999999961816, 7187348.472799999639392 ], [ 674406.727700000046752, 7187337.830199999734759 ], [ 674402.983499999972992, 7187333.07079999987036 ], [ 674399.954000000027008, 7187328.33530000038445 ], [ 674397.8748, 7187324.728500000201166 ], [ 674394.910799999954179, 7187318.839999999850988 ], [ 674349.53000000002794, 7187209.197800000198185 ], [ 674322.251200000056997, 7187152.3756 ], [ 674316.705599999986589, 7187141.369099999777973 ], [ 674311.064000000013039, 7187132.269299999810755 ], [ 674308.471400000038557, 7187134.053399999625981 ], [ 674237.9913, 7187182.551199999637902 ], [ 674230.0159, 7187188.969600000418723 ], [ 674222.807099999976344, 7187197.095099999569356 ], [ 674216.632300000055693, 7187205.816599999554455 ], [ 674212.279699999955483, 7187213.849700000137091 ] ] ] } },
{ "type": "Feature", "properties": { }, "geometry": { "type": "Polygon", "coordinates": [ [ [ 674707.6986, 7187317.4858 ], [ 674704.990800000028685, 7187312.735100000165403 ], [ 674655.704600000055507, 7187226.354299999773502 ], [ 674649.658999999985099, 7187229.523900000378489 ], [ 674572.4046, 7187269.991100000217557 ], [ 674568.0577, 7187272.263299999758601 ], [ 674603.138099999981932, 7187340.926300000399351 ], [ 674605.316400000010617, 7187345.185399999842048 ], [ 674707.6986, 7187317.4858 ] ] ] } },
{ "type": "Feature", "properties": { }, "geometry": { "type": "Polygon", "coordinates": [ [ [ 674796.184699999983422, 7187402.436499999836087 ], [ 674790.987376012722962, 7187406.766573373228312 ], [ 674798.239539988455363, 7187406.672550143674016 ], [ 674798.138700000010431, 7187406.465800000354648 ], [ 674796.184699999983422, 7187402.436499999836087 ] ] ] } },
{ "type": "Feature", "properties": { }, "geometry": { "type": "Polygon", "coordinates": [ [ [ 673827.300000000046566, 7186769.551199999637902 ], [ 673804.528199999942444, 7186665.1096 ], [ 673799.592199999955483, 7186666.170599999837577 ], [ 673791.395400000037625, 7186667.916400000452995 ], [ 673783.40949999995064, 7186669.626199999824166 ], [ 673745.32550000003539, 7186677.7637 ], [ 673690.226099999970756, 7186689.544599999673665 ], [ 673638.196600000024773, 7186700.66509999986738 ], [ 673653.442999999970198, 7186769.442900000140071 ], [ 673662.065500000026077, 7186808.349899999797344 ], [ 673814.421500000054948, 7186772.576399999670684 ], [ 673827.300000000046566, 7186769.551199999637902 ] ] ] } },
{ "type": "Feature", "properties": { }, "geometry": { "type": "Polygon", "coordinates": [ [ [ 673827.300000000046566, 7186769.551199999637902 ], [ 673842.118400000035763, 7186837.824699999764562 ], [ 673934.504599999985658, 7186816.87430000025779 ], [ 673941.17090000002645, 7186815.801900000311434 ], [ 673946.616200000047684, 7186815.9972 ], [ 673929.956800000043586, 7186745.443300000391901 ], [ 673852.094200000050478, 7186763.735000000335276 ], [ 673827.300000000046566, 7186769.551199999637902 ] ] ] } },
{ "type": "Feature", "properties": { }, "geometry": { "type": "Polygon", "coordinates": [ [ [ 673842.118400000035763, 7186837.824699999764562 ], [ 673827.300000000046566, 7186769.551199999637902 ], [ 673814.421500000054948, 7186772.576399999670684 ], [ 673662.065500000026077, 7186808.349899999797344 ], [ 673677.398000000044703, 7186877.547500000335276 ], [ 673720.644199999980628, 7186867.116600000299513 ], [ 673834.205399999977089, 7186839.733099999837577 ], [ 673842.118400000035763, 7186837.824699999764562 ] ] ] } },
{ "type": "Feature", "properties": { }, "geometry": { "type": "Polygon", "coordinates": [ [ [ 674019.790700000012293, 7186811.658300000242889 ], [ 674018.0257, 7186808.989099999889731 ], [ 674015.410099999979138, 7186806.6743 ], [ 674012.871000000042841, 7186805.599399999715388 ], [ 674009.473099999944679, 7186805.02309999987483 ], [ 674005.723600000026636, 7186805.259999999776483 ], [ 673999.896700000041164, 7186806.676099999807775 ], [ 673960.787099999957718, 7186816.433899999596179 ], [ 673954.793300000019372, 7186816.6113 ], [ 673946.616200000047684, 7186815.9972 ], [ 673949.138599999947473, 7186827.419700000435114 ], [ 673971.440900000045076, 7186922.705400000326335 ], [ 673972.229500000015832, 7186926.107300000265241 ], [ 673974.711099999956787, 7186936.71059999987483 ], [ 673981.092399999964982, 7186935.376000000163913 ], [ 673989.981900000013411, 7186933.510300000198185 ], [ 673997.32640000001993, 7186931.9748 ], [ 674013.038599999970756, 7186928.680100000463426 ], [ 674030.507899999967776, 7186925.107800000347197 ], [ 674035.923199999961071, 7186921.43709999974817 ], [ 674038.634399999980815, 7186918.709800000302494 ], [ 674039.604199999943376, 7186915.916500000283122 ], [ 674039.799600000027567, 7186912.368800000287592 ], [ 674035.521199999959208, 7186894.321899999864399 ], [ 674032.456, 7186877.511199999600649 ], [ 674027.452599999960512, 7186856.3163 ], [ 674020.0146, 7186825.03830000013113 ], [ 674019.438300000037998, 7186818.620199999772012 ], [ 674019.790700000012293, 7186811.658300000242889 ] ] ] } },
{ "type": "Feature", "properties": { }, "geometry": { "type": "Polygon", "coordinates": [ [ [ 673946.616200000047684, 7186815.9972 ], [ 673941.17090000002645, 7186815.801900000311434 ], [ 673934.504599999985658, 7186816.87430000025779 ], [ 673842.118400000035763, 7186837.824699999764562 ], [ 673867.354999999981374, 7186953.091400000266731 ], [ 673910.069000000017695, 7186945.0598 ], [ 673958.25269999995362, 7186935.9934 ], [ 673974.711099999956787, 7186936.71059999987483 ], [ 673972.229500000015832, 7186926.107300000265241 ], [ 673971.440900000045076, 7186922.705400000326335 ], [ 673949.138599999947473, 7186827.419700000435114 ], [ 673946.616200000047684, 7186815.9972 ] ] ] } },
{ "type": "Feature", "properties": { }, "geometry": { "type": "Polygon", "coordinates": [ [ [ 674032.456, 7186877.511199999600649 ], [ 674035.521199999959208, 7186894.321899999864399 ], [ 674039.799600000027567, 7186912.368800000287592 ], [ 674039.604199999943376, 7186915.916500000283122 ], [ 674038.634399999980815, 7186918.709800000302494 ], [ 674035.923199999961071, 7186921.43709999974817 ], [ 674030.507899999967776, 7186925.107800000347197 ], [ 674044.340899999951944, 7186924.308000000193715 ], [ 674056.703800000017509, 7186924.1809 ], [ 674070.773999999975786, 7186926.147599999792874 ], [ 674084.152800000039861, 7186929.109299999661744 ], [ 674071.748099999967963, 7186917.482599999755621 ], [ 674062.022, 7186908.369199999608099 ], [ 674044.4131, 7186891.869 ], [ 674038.8837, 7186885.969399999827147 ], [ 674032.456, 7186877.511199999600649 ] ] ] } },
{ "type": "Feature", "properties": { }, "geometry": { "type": "Polygon", "coordinates": [ [ [ 674030.507899999967776, 7186925.107800000347197 ], [ 674013.038599999970756, 7186928.680100000463426 ], [ 673997.32640000001993, 7186931.9748 ], [ 673989.981900000013411, 7186933.510300000198185 ], [ 673993.891300000017509, 7186950.254700000397861 ], [ 674005.416699999943376, 7186999.5932 ], [ 674020.031300000031479, 7187062.152599999681115 ], [ 674032.981000000028871, 7187118.119800000451505 ], [ 674091.527499999967404, 7187105.151800000108778 ], [ 674106.550599999958649, 7187093.701000000350177 ], [ 674122.2513, 7187082.529500000178814 ], [ 674129.889899999951012, 7187076.514399999752641 ], [ 674128.528599999961443, 7187070.848799999803305 ], [ 674116.363600000040606, 7187014.129300000146031 ], [ 674111.67359999998007, 7186992.2878 ], [ 674108.900099999969825, 7186979.3618 ], [ 674102.006199999945238, 7186947.389899999834597 ], [ 674084.152800000039861, 7186929.109299999661744 ], [ 674070.773999999975786, 7186926.147599999792874 ], [ 674056.703800000017509, 7186924.1809 ], [ 674044.340899999951944, 7186924.308000000193715 ], [ 674030.507899999967776, 7186925.107800000347197 ] ] ] } },
{ "type": "Feature", "properties": { }, "geometry": { "type": "Polygon", "coordinates": [ [ [ 674128.979599999962375, 7186984.662700000219047 ], [ 674123.290799999958836, 7186972.6831 ], [ 674121.689099999959581, 7186970.2001 ], [ 674118.854500000015832, 7186966.514499999582767 ], [ 674102.006199999945238, 7186947.389899999834597 ], [ 674108.900099999969825, 7186979.3618 ], [ 674111.67359999998007, 7186992.2878 ], [ 674116.363600000040606, 7187014.129300000146031 ], [ 674128.528599999961443, 7187070.848799999803305 ], [ 674129.889899999951012, 7187076.514399999752641 ], [ 674181.382499999948777, 7187033.2379 ], [ 674182.626500000013039, 7187032.191499999724329 ], [ 674189.940599999972619, 7187025.992200000211596 ], [ 674180.336200000019744, 7187019.292500000447035 ], [ 674171.435999999986961, 7187012.583599999547005 ], [ 674165.734900000039488, 7187009.744 ], [ 674159.229900000034831, 7187007.7456 ], [ 674150.401700000045821, 7187005.035199999809265 ], [ 674144.141300000017509, 7187001.7374 ], [ 674138.069999999948777, 7186996.720099999569356 ], [ 674133.489199999952689, 7186991.827399999834597 ], [ 674128.979599999962375, 7186984.662700000219047 ] ] ] } },
{ "type": "Feature", "properties": { }, "geometry": { "type": "Polygon", "coordinates": [ [ [ 673989.981900000013411, 7186933.510300000198185 ], [ 673981.092399999964982, 7186935.376000000163913 ], [ 673984.876900000032037, 7186951.800699999555945 ], [ 674022.771900000050664, 7187120.645200000144541 ], [ 674032.981000000028871, 7187118.119800000451505 ], [ 674020.031300000031479, 7187062.152599999681115 ], [ 674005.416699999943376, 7186999.5932 ], [ 673993.891300000017509, 7186950.254700000397861 ], [ 673989.981900000013411, 7186933.510300000198185 ] ] ] } },
{ "type": "Feature", "properties": { }, "geometry": { "type": "Polygon", "coordinates": [ [ [ 673981.092399999964982, 7186935.376000000163913 ], [ 673974.711099999956787, 7186936.71059999987483 ], [ 673978.3197, 7186952.760900000110269 ], [ 673986.635800000047311, 7186989.688699999824166 ], [ 673997.119900000048801, 7187036.3043 ], [ 674006.41890000004787, 7187077.6508 ], [ 674015.922799999942072, 7187122.373599999584258 ], [ 674022.771900000050664, 7187120.645200000144541 ], [ 673984.876900000032037, 7186951.800699999555945 ], [ 673981.092399999964982, 7186935.376000000163913 ] ] ] } },
{ "type": "Feature", "properties": { }, "geometry": { "type": "Polygon", "coordinates": [ [ [ 673974.711099999956787, 7186936.71059999987483 ], [ 673958.25269999995362, 7186935.9934 ], [ 673910.069000000017695, 7186945.0598 ], [ 673867.354999999981374, 7186953.091400000266731 ], [ 673868.413399999961257, 7186957.907999999821186 ], [ 673869.482599999988452, 7186962.779699999839067 ], [ 673911.905099999974482, 7186954.763000000268221 ], [ 673959.727100000018254, 7186945.73450000025332 ], [ 673974.711099999956787, 7186936.71059999987483 ] ] ] } },
{ "type": "Feature", "properties": { }, "geometry": { "type": "Polygon", "coordinates": [ [ [ 673974.711099999956787, 7186936.71059999987483 ], [ 673959.727100000018254, 7186945.73450000025332 ], [ 673911.905099999974482, 7186954.763000000268221 ], [ 673869.482599999988452, 7186962.779699999839067 ], [ 673891.1531, 7187062.139499999582767 ], [ 673908.486599999945611, 7187147.4413 ], [ 674000.859900000039488, 7187126.103000000119209 ], [ 674015.922799999942072, 7187122.373599999584258 ], [ 674006.41890000004787, 7187077.6508 ], [ 673997.119900000048801, 7187036.3043 ], [ 673986.635800000047311, 7186989.688699999824166 ], [ 673978.3197, 7186952.760900000110269 ], [ 673974.711099999956787, 7186936.71059999987483 ] ] ] } },
{ "type": "Feature", "properties": { }, "geometry": { "type": "Polygon", "coordinates": [ [ [ 674015.922799999942072, 7187122.373599999584258 ], [ 674000.859900000039488, 7187126.103000000119209 ], [ 674026.471200000029057, 7187235.227099999785423 ], [ 674044.793599999975413, 7187313.691599999554455 ], [ 674055.42429999995511, 7187359.175200000405312 ], [ 674057.682400000048801, 7187368.828599999658763 ], [ 674063.605100000044331, 7187394.1771 ], [ 674068.734057687572204, 7187416.130480444990098 ], [ 674082.53390250809025, 7187415.95156750548631 ], [ 674077.021199999959208, 7187391.443900000303984 ], [ 674071.46909999998752, 7187366.744300000369549 ], [ 674071.159600000013597, 7187365.37459999974817 ], [ 674051.2269, 7187276.794099999591708 ], [ 674041.031199999968521, 7187231.49309999961406 ], [ 674015.922799999942072, 7187122.373599999584258 ] ] ] } },
{ "type": "Feature", "properties": { }, "geometry": { "type": "Polygon", "coordinates": [ [ [ 674026.471200000029057, 7187235.227099999785423 ], [ 674000.859900000039488, 7187126.103000000119209 ], [ 673908.486599999945611, 7187147.4413 ], [ 673904.13710000005085, 7187196.874800000339746 ], [ 673900.5307, 7187239.219499999657273 ], [ 673899.150999999954365, 7187255.411999999545515 ], [ 673898.072999999974854, 7187268.498700000345707 ], [ 673910.556800000020303, 7187265.2571 ], [ 674013.074799999943934, 7187238.691100000403821 ], [ 674026.471200000029057, 7187235.227099999785423 ] ] ] } },
{ "type": "Feature", "properties": { }, "geometry": { "type": "Polygon", "coordinates": [ [ [ 674026.471200000029057, 7187235.227099999785423 ], [ 674013.074799999943934, 7187238.691100000403821 ], [ 673910.556800000020303, 7187265.2571 ], [ 673898.072999999974854, 7187268.498700000345707 ], [ 673897.651399999973364, 7187273.2347 ], [ 673897.229900000034831, 7187277.970700000412762 ], [ 673885.542307522147894, 7187418.505534295924008 ], [ 674068.734057687572204, 7187416.130480444990098 ], [ 674063.605100000044331, 7187394.1771 ], [ 674057.682400000048801, 7187368.828599999658763 ], [ 674055.42429999995511, 7187359.175200000405312 ], [ 674044.793599999975413, 7187313.691599999554455 ], [ 674026.471200000029057, 7187235.227099999785423 ] ] ] } },
{ "type": "Feature", "properties": { }, "geometry": { "type": "Polygon", "coordinates": [ [ [ 674032.981000000028871, 7187118.119800000451505 ], [ 674022.771900000050664, 7187120.645200000144541 ], [ 674048.822000000043772, 7187229.453300000168383 ], [ 674051.487399999983609, 7187241.0291 ], [ 674063.385099999955855, 7187292.667100000195205 ], [ 674079.6226, 7187363.182 ], [ 674081.669499999959953, 7187372.062599999830127 ], [ 674091.838100000051782, 7187369.504499999806285 ], [ 674089.761199999949895, 7187360.6354 ], [ 674075.82750000001397, 7187300.969700000248849 ], [ 674058.5281, 7187226.92339999973774 ], [ 674032.981000000028871, 7187118.119800000451505 ] ] ] } },
{ "type": "Feature", "properties": { }, "geometry": { "type": "Polygon", "coordinates": [ [ [ 674091.527499999967404, 7187105.151800000108778 ], [ 674032.981000000028871, 7187118.119800000451505 ], [ 674058.5281, 7187226.92339999973774 ], [ 674075.82750000001397, 7187300.969700000248849 ], [ 674089.761199999949895, 7187360.6354 ], [ 674091.838100000051782, 7187369.504499999806285 ], [ 674132.902400000020862, 7187359.067499999888241 ], [ 674142.207500000018626, 7187355.866899999789894 ], [ 674149.635699999984354, 7187351.46100000012666 ], [ 674156.010699999984354, 7187344.9748 ], [ 674160.897800000035204, 7187335.4835 ], [ 674162.5096, 7187325.558400000445545 ], [ 674163.017, 7187314.262699999846518 ], [ 674160.969599999953061, 7187231.709599999710917 ], [ 674159.811899999971502, 7187220.801199999637902 ], [ 674157.9377, 7187208.949300000444055 ], [ 674155.57929999998305, 7187197.003899999894202 ], [ 674149.345699999947101, 7187167.8596 ], [ 674147.6753, 7187160.081899999640882 ], [ 674134.98430000001099, 7187100.832299999892712 ], [ 674130.975499999942258, 7187098.92339999973774 ], [ 674126.244500000029802, 7187097.9655 ], [ 674122.4658, 7187098.280500000342727 ], [ 674117.402600000030361, 7187099.631299999542534 ], [ 674091.527499999967404, 7187105.151800000108778 ] ] ] } },
{ "type": "Feature", "properties": { }, "geometry": { "type": "Polygon", "coordinates": [ [ [ 674195.258599999942817, 7187030.321399999782443 ], [ 674189.940599999972619, 7187025.992200000211596 ], [ 674182.626500000013039, 7187032.191499999724329 ], [ 674181.382499999948777, 7187033.2379 ], [ 674129.889899999951012, 7187076.514399999752641 ], [ 674134.98430000001099, 7187100.832299999892712 ], [ 674139.192400000058115, 7187087.084499999880791 ], [ 674142.760499999974854, 7187079.061700000427663 ], [ 674148.092199999955483, 7187072.04619999974966 ], [ 674190.142299999948591, 7187034.553299999795854 ], [ 674195.258599999942817, 7187030.321399999782443 ] ] ] } },
{ "type": "Feature", "properties": { }, "geometry": { "type": "Polygon", "coordinates": [ [ [ 674129.889899999951012, 7187076.514399999752641 ], [ 674122.2513, 7187082.529500000178814 ], [ 674106.550599999958649, 7187093.701000000350177 ], [ 674091.527499999967404, 7187105.151800000108778 ], [ 674117.402600000030361, 7187099.631299999542534 ], [ 674122.4658, 7187098.280500000342727 ], [ 674126.244500000029802, 7187097.9655 ], [ 674130.975499999942258, 7187098.92339999973774 ], [ 674134.98430000001099, 7187100.832299999892712 ], [ 674129.889899999951012, 7187076.514399999752641 ] ] ] } },
{ "type": "Feature", "properties": { }, "geometry": { "type": "Polygon", "coordinates": [ [ [ 674194.34499999997206, 7187214.148900000378489 ], [ 674149.345699999947101, 7187167.8596 ], [ 674155.57929999998305, 7187197.003899999894202 ], [ 674157.9377, 7187208.949300000444055 ], [ 674159.811899999971502, 7187220.801199999637902 ], [ 674160.969599999953061, 7187231.709599999710917 ], [ 674163.017, 7187314.262699999846518 ], [ 674162.5096, 7187325.558400000445545 ], [ 674160.897800000035204, 7187335.4835 ], [ 674156.010699999984354, 7187344.9748 ], [ 674149.635699999984354, 7187351.46100000012666 ], [ 674142.207500000018626, 7187355.866899999789894 ], [ 674132.902400000020862, 7187359.067499999888241 ], [ 674091.838100000051782, 7187369.504499999806285 ], [ 674093.489300000015646, 7187376.573400000110269 ], [ 674096.0675, 7187387.629599999636412 ], [ 674102.624904922675341, 7187415.691090641543269 ], [ 674257.362589912605472, 7187413.68493952229619 ], [ 674235.260600000037812, 7187334.108300000429153 ], [ 674230.943899999954738, 7187318.5658 ], [ 674208.822000000043772, 7187238.898900000378489 ], [ 674202.1457, 7187225.2703 ], [ 674200.8347, 7187222.706000000238419 ], [ 674198.607399999978952, 7187219.311599999666214 ], [ 674194.34499999997206, 7187214.148900000378489 ] ] ] } },
{ "type": "Feature", "properties": { }, "geometry": { "type": "Polygon", "coordinates": [ [ [ 674022.771900000050664, 7187120.645200000144541 ], [ 674015.922799999942072, 7187122.373599999584258 ], [ 674041.031199999968521, 7187231.49309999961406 ], [ 674051.2269, 7187276.794099999591708 ], [ 674071.159600000013597, 7187365.37459999974817 ], [ 674071.46909999998752, 7187366.744300000369549 ], [ 674077.021199999959208, 7187391.443900000303984 ], [ 674082.53390250809025, 7187415.95156750548631 ], [ 674091.753519008634612, 7187415.832036545500159 ], [ 674085.731299999984913, 7187389.680200000293553 ], [ 674081.669499999959953, 7187372.062599999830127 ], [ 674079.6226, 7187363.182 ], [ 674063.385099999955855, 7187292.667100000195205 ], [ 674051.487399999983609, 7187241.0291 ], [ 674048.822000000043772, 7187229.453300000168383 ], [ 674022.771900000050664, 7187120.645200000144541 ] ] ] } },
{ "type": "Feature", "properties": { }, "geometry": { "type": "Polygon", "coordinates": [ [ [ 673885.542307522147894, 7187418.505534295924008 ], [ 673897.229900000034831, 7187277.970700000412762 ], [ 673897.651399999973364, 7187273.2347 ], [ 673898.072999999974854, 7187268.498700000345707 ], [ 673890.141399999964051, 7187270.551300000399351 ], [ 673818.777699999976903, 7187289.046400000341237 ], [ 673803.546199999982491, 7187292.988300000317395 ], [ 673771.29859999998007, 7187301.3492 ], [ 673797.508873848128133, 7187419.646874696947634 ], [ 673885.542307522147894, 7187418.505534295924008 ] ] ] } },
{ "type": "Feature", "properties": { }, "geometry": { "type": "Polygon", "coordinates": [ [ [ 674091.838100000051782, 7187369.504499999806285 ], [ 674081.669499999959953, 7187372.062599999830127 ], [ 674085.731299999984913, 7187389.680200000293553 ], [ 674091.753519008634612, 7187415.832036545500159 ], [ 674102.624904922675341, 7187415.691090641543269 ], [ 674096.0675, 7187387.629599999636412 ], [ 674093.489300000015646, 7187376.573400000110269 ], [ 674091.838100000051782, 7187369.504499999806285 ] ] ] } },
{ "type": "Feature", "properties": { }, "geometry": { "type": "Polygon", "coordinates": [ [ [ 673584.426100000040606, 7186608.3344 ], [ 673580.98120000003837, 7186607.226800000295043 ], [ 673576.91780000005383, 7186606.525999999605119 ], [ 673573.349399999948218, 7186606.760499999858439 ], [ 673564.779899999964982, 7186608.466699999757111 ], [ 673550.460399999981746, 7186612.075199999846518 ], [ 673545.940300000016578, 7186612.6212 ], [ 673541.57909999997355, 7186611.4589 ], [ 673536.998299999977462, 7186609.645899999886751 ], [ 673533.6459, 7186613.356300000101328 ], [ 673527.422299999976531, 7186617.535799999721348 ], [ 673514.640499999979511, 7186621.0247 ], [ 673508.254599999985658, 7186622.769100000150502 ], [ 673502.362199999974109, 7186624.5625 ], [ 673494.916199999977835, 7186627.5724 ], [ 673447.3188, 7186649.225999999791384 ], [ 673439.337500000023283, 7186652.85219999961555 ], [ 673422.274899999960326, 7186660.617200000211596 ], [ 673442.418300000019372, 7186742.5263 ], [ 673546.8421, 7186720.447999999858439 ], [ 673599.631500000017695, 7186708.952399999834597 ], [ 673602.987700000056066, 7186682.209699999541044 ], [ 673603.169, 7186678.340900000184774 ], [ 673602.775799999944866, 7186674.390999999828637 ], [ 673596.668300000019372, 7186646.330500000156462 ], [ 673593.76320000004489, 7186633.295400000177324 ], [ 673590.2916, 7186617.6864 ], [ 673589.100300000049174, 7186614.256299999542534 ], [ 673586.941800000029616, 7186610.717000000178814 ], [ 673584.426100000040606, 7186608.3344 ] ] ] } },
{ "type": "Feature", "properties": { }, "geometry": { "type": "Polygon", "coordinates": [ [ [ 673322.308599999989383, 7186706.090200000442564 ], [ 673297.92449999996461, 7186717.173499999567866 ], [ 673272.4203, 7186728.780899999663234 ], [ 673259.280999999959022, 7186734.988400000147521 ], [ 673254.753299999982119, 7186737.284699999727309 ], [ 673247.117699999944307, 7186741.205400000326335 ], [ 673240.053500000038184, 7186744.963600000366569 ], [ 673231.824999999953434, 7186749.711799999698997 ], [ 673226.170200000051409, 7186753.540400000289083 ], [ 673219.6827, 7186758.332499999552965 ], [ 673214.977100000018254, 7186762.4369 ], [ 673209.631599999964237, 7186767.635300000198185 ], [ 673193.408999999985099, 7186785.160500000230968 ], [ 673187.825100000016391, 7186791.191399999894202 ], [ 673193.551499999943189, 7186792.3043 ], [ 673200.9083999999566, 7186792.508399999700487 ], [ 673207.651500000036322, 7186791.933899999596179 ], [ 673216.297400000039488, 7186790.681200000457466 ], [ 673222.800500000012107, 7186789.434000000357628 ], [ 673291.99730000004638, 7186774.692300000227988 ], [ 673442.418300000019372, 7186742.5263 ], [ 673422.274899999960326, 7186660.617200000211596 ], [ 673374.377199999988079, 7186682.4074 ], [ 673322.308599999989383, 7186706.090200000442564 ] ] ] } },
{ "type": "Feature", "properties": { }, "geometry": { "type": "Polygon", "coordinates": [ [ [ 673207.651500000036322, 7186791.933899999596179 ], [ 673200.9083999999566, 7186792.508399999700487 ], [ 673193.551499999943189, 7186792.3043 ], [ 673187.825100000016391, 7186791.191399999894202 ], [ 673177.930399999953806, 7186801.8783 ], [ 673171.312400000053458, 7186809.0318 ], [ 673176.229399999952875, 7186816.623599999584258 ], [ 673183.454200000036508, 7186827.642099999822676 ], [ 673206.4974, 7186915.286000000312924 ], [ 673338.766399999964051, 7186884.3306 ], [ 673291.99730000004638, 7186774.692300000227988 ], [ 673222.800500000012107, 7186789.434000000357628 ], [ 673216.297400000039488, 7186790.681200000457466 ], [ 673207.651500000036322, 7186791.933899999596179 ] ] ] } },
{ "type": "Feature", "properties": { }, "geometry": { "type": "Polygon", "coordinates": [ [ [ 673638.196600000024773, 7186700.66509999986738 ], [ 673599.631500000017695, 7186708.952399999834597 ], [ 673584.8641, 7186826.4764 ], [ 673662.065500000026077, 7186808.349899999797344 ], [ 673653.442999999970198, 7186769.442900000140071 ], [ 673638.196600000024773, 7186700.66509999986738 ] ] ] } },
{ "type": "Feature", "properties": { }, "geometry": { "type": "Polygon", "coordinates": [ [ [ 673677.398000000044703, 7186877.547500000335276 ], [ 673662.065500000026077, 7186808.349899999797344 ], [ 673584.8641, 7186826.4764 ], [ 673575.360100000048988, 7186902.15500000026077 ], [ 673672.533799999975599, 7186878.718299999833107 ], [ 673677.398000000044703, 7186877.547500000335276 ] ] ] } },
{ "type": "Feature", "properties": { }, "geometry": { "type": "Polygon", "coordinates": [ [ [ 673677.398000000044703, 7186877.547500000335276 ], [ 673701.064999999944121, 7186984.3596 ], [ 673775.533700000029057, 7186970.355899999849498 ], [ 673867.354999999981374, 7186953.091400000266731 ], [ 673842.118400000035763, 7186837.824699999764562 ], [ 673834.205399999977089, 7186839.733099999837577 ], [ 673720.644199999980628, 7186867.116600000299513 ], [ 673677.398000000044703, 7186877.547500000335276 ] ] ] } },
{ "type": "Feature", "properties": { }, "geometry": { "type": "Polygon", "coordinates": [ [ [ 673701.064999999944121, 7186984.3596 ], [ 673677.398000000044703, 7186877.547500000335276 ], [ 673672.533799999975599, 7186878.718299999833107 ], [ 673575.360100000048988, 7186902.15500000026077 ], [ 673570.342799999983981, 7186942.0472 ], [ 673561.750699999975041, 7187010.4687 ], [ 673701.064999999944121, 7186984.3596 ] ] ] } },
{ "type": "Feature", "properties": { }, "geometry": { "type": "Polygon", "coordinates": [ [ [ 673701.064999999944121, 7186984.3596 ], [ 673703.2341, 7186994.158200000412762 ], [ 673777.280799999949522, 7186980.182099999859929 ], [ 673869.482599999988452, 7186962.779699999839067 ], [ 673868.413399999961257, 7186957.907999999821186 ], [ 673867.354999999981374, 7186953.091400000266731 ], [ 673775.533700000029057, 7186970.355899999849498 ], [ 673701.064999999944121, 7186984.3596 ] ] ] } },
{ "type": "Feature", "properties": { }, "geometry": { "type": "Polygon", "coordinates": [ [ [ 673703.2341, 7186994.158200000412762 ], [ 673701.064999999944121, 7186984.3596 ], [ 673561.750699999975041, 7187010.4687 ], [ 673560.409300000057556, 7187021.099299999885261 ], [ 673598.807999999960884, 7187013.877899999730289 ], [ 673703.2341, 7186994.158200000412762 ] ] ] } },
{ "type": "Feature", "properties": { }, "geometry": { "type": "Polygon", "coordinates": [ [ [ 673584.8641, 7186826.4764 ], [ 673599.631500000017695, 7186708.952399999834597 ], [ 673546.8421, 7186720.447999999858439 ], [ 673442.418300000019372, 7186742.5263 ], [ 673467.23679999995511, 7186845.9671 ], [ 673469.097399999969639, 7186853.697999999858439 ], [ 673584.8641, 7186826.4764 ] ] ] } },
{ "type": "Feature", "properties": { }, "geometry": { "type": "Polygon", "coordinates": [ [ [ 673442.418300000019372, 7186742.5263 ], [ 673291.99730000004638, 7186774.692300000227988 ], [ 673338.766399999964051, 7186884.3306 ], [ 673469.097399999969639, 7186853.697999999858439 ], [ 673467.23679999995511, 7186845.9671 ], [ 673442.418300000019372, 7186742.5263 ] ] ] } },
{ "type": "Feature", "properties": { }, "geometry": { "type": "Polygon", "coordinates": [ [ [ 673469.097399999969639, 7186853.697999999858439 ], [ 673484.2927, 7186917.0258 ], [ 673485.898399999947287, 7186923.7187 ], [ 673569.894199999980628, 7186903.47759999986738 ], [ 673575.360100000048988, 7186902.15500000026077 ], [ 673584.8641, 7186826.4764 ], [ 673469.097399999969639, 7186853.697999999858439 ] ] ] } },
{ "type": "Feature", "properties": { }, "geometry": { "type": "Polygon", "coordinates": [ [ [ 673485.898399999947287, 7186923.7187 ], [ 673484.2927, 7186917.0258 ], [ 673469.097399999969639, 7186853.697999999858439 ], [ 673338.766399999964051, 7186884.3306 ], [ 673367.75269999995362, 7186952.210900000296533 ], [ 673485.898399999947287, 7186923.7187 ] ] ] } },
{ "type": "Feature", "properties": { }, "geometry": { "type": "Polygon", "coordinates": [ [ [ 673485.898399999947287, 7186923.7187 ], [ 673506.708499999949709, 7187010.449300000444055 ], [ 673509.090399999986403, 7187020.36710000038147 ], [ 673561.750699999975041, 7187010.4687 ], [ 673570.342799999983981, 7186942.0472 ], [ 673575.360100000048988, 7186902.15500000026077 ], [ 673569.894199999980628, 7186903.47759999986738 ], [ 673485.898399999947287, 7186923.7187 ] ] ] } },
{ "type": "Feature", "properties": { }, "geometry": { "type": "Polygon", "coordinates": [ [ [ 673509.090399999986403, 7187020.36710000038147 ], [ 673506.708499999949709, 7187010.449300000444055 ], [ 673485.898399999947287, 7186923.7187 ], [ 673367.75269999995362, 7186952.210900000296533 ], [ 673401.513700000010431, 7187031.4293 ], [ 673405.217700000037439, 7187040.122399999760091 ], [ 673414.509700000053272, 7187038.251899999566376 ], [ 673509.090399999986403, 7187020.36710000038147 ] ] ] } },
{ "type": "Feature", "properties": { }, "geometry": { "type": "Polygon", "coordinates": [ [ [ 673338.766399999964051, 7186884.3306 ], [ 673206.4974, 7186915.286000000312924 ], [ 673208.396799999987707, 7186922.9167 ], [ 673224.342399999964982, 7186986.78899999987334 ], [ 673359.759300000034273, 7186954.142099999822676 ], [ 673367.75269999995362, 7186952.210900000296533 ], [ 673338.766399999964051, 7186884.3306 ] ] ] } },
{ "type": "Feature", "properties": { }, "geometry": { "type": "Polygon", "coordinates": [ [ [ 673206.4974, 7186915.286000000312924 ], [ 673108.863699999987148, 7186938.226599999703467 ], [ 673110.136500000022352, 7186943.306300000287592 ], [ 673126.906500000040978, 7187010.2812 ], [ 673224.342399999964982, 7186986.78899999987334 ], [ 673208.396799999987707, 7186922.9167 ], [ 673206.4974, 7186915.286000000312924 ] ] ] } },
{ "type": "Feature", "properties": { }, "geometry": { "type": "Polygon", "coordinates": [ [ [ 673108.863699999987148, 7186938.226599999703467 ], [ 673206.4974, 7186915.286000000312924 ], [ 673183.454200000036508, 7186827.642099999822676 ], [ 673176.229399999952875, 7186816.623599999584258 ], [ 673171.312400000053458, 7186809.0318 ], [ 673075.126200000056997, 7186912.9265 ], [ 673072.010499999974854, 7186916.290199999697506 ], [ 673034.347199999960139, 7186955.56180000025779 ], [ 673093.07570000004489, 7186941.897900000214577 ], [ 673108.863699999987148, 7186938.226599999703467 ] ] ] } },
{ "type": "Feature", "properties": { }, "geometry": { "type": "Polygon", "coordinates": [ [ [ 673405.217700000037439, 7187040.122399999760091 ], [ 673401.513700000010431, 7187031.4293 ], [ 673367.75269999995362, 7186952.210900000296533 ], [ 673359.759300000034273, 7186954.142099999822676 ], [ 673224.342399999964982, 7186986.78899999987334 ], [ 673225.636700000031851, 7186991.9682 ], [ 673245.116700000013225, 7187070.097199999727309 ], [ 673405.217700000037439, 7187040.122399999760091 ] ] ] } },
{ "type": "Feature", "properties": { }, "geometry": { "type": "Polygon", "coordinates": [ [ [ 673405.217700000037439, 7187040.122399999760091 ], [ 673409.357399999978952, 7187049.829 ], [ 673418.839099999982864, 7187047.845300000160933 ], [ 673511.442999999970198, 7187030.362700000405312 ], [ 673509.090399999986403, 7187020.36710000038147 ], [ 673414.509700000053272, 7187038.251899999566376 ], [ 673405.217700000037439, 7187040.122399999760091 ] ] ] } },
{ "type": "Feature", "properties": { }, "geometry": { "type": "Polygon", "coordinates": [ [ [ 673409.357399999978952, 7187049.829 ], [ 673405.217700000037439, 7187040.122399999760091 ], [ 673245.116700000013225, 7187070.097199999727309 ], [ 673247.70140000001993, 7187080.15639999974519 ], [ 673260.849000000045635, 7187077.682300000451505 ], [ 673409.357399999978952, 7187049.829 ] ] ] } },
{ "type": "Feature", "properties": { }, "geometry": { "type": "Polygon", "coordinates": [ [ [ 673023.502800000016578, 7187035.2122 ], [ 673120.4375, 7187011.838100000284612 ], [ 673126.906500000040978, 7187010.2812 ], [ 673110.136500000022352, 7186943.306300000287592 ], [ 673108.863699999987148, 7186938.226599999703467 ], [ 673093.07570000004489, 7186941.897900000214577 ], [ 673034.347199999960139, 7186955.56180000025779 ], [ 673010.005800000042655, 7186980.9353 ], [ 673011.725100000039674, 7186987.88150000013411 ], [ 673023.502800000016578, 7187035.2122 ] ] ] } },
{ "type": "Feature", "properties": { }, "geometry": { "type": "Polygon", "coordinates": [ [ [ 673126.906500000040978, 7187010.2812 ], [ 673120.4375, 7187011.838100000284612 ], [ 673023.502800000016578, 7187035.2122 ], [ 673040.787600000039674, 7187104.6952 ], [ 673041.699799999943934, 7187108.3394 ], [ 673146.5198, 7187088.641200000420213 ], [ 673145.384100000024773, 7187084.058299999684095 ], [ 673126.906500000040978, 7187010.2812 ] ] ] } },
{ "type": "Feature", "properties": { }, "geometry": { "type": "Polygon", "coordinates": [ [ [ 673224.342399999964982, 7186986.78899999987334 ], [ 673126.906500000040978, 7187010.2812 ], [ 673145.384100000024773, 7187084.058299999684095 ], [ 673146.5198, 7187088.641200000420213 ], [ 673245.116700000013225, 7187070.097199999727309 ], [ 673225.636700000031851, 7186991.9682 ], [ 673224.342399999964982, 7186986.78899999987334 ] ] ] } },
{ "type": "Feature", "properties": { }, "geometry": { "type": "Polygon", "coordinates": [ [ [ 673509.090399999986403, 7187020.36710000038147 ], [ 673511.442999999970198, 7187030.362700000405312 ], [ 673560.409300000057556, 7187021.099299999885261 ], [ 673561.750699999975041, 7187010.4687 ], [ 673509.090399999986403, 7187020.36710000038147 ] ] ] } },
{ "type": "Feature", "properties": { }, "geometry": { "type": "Polygon", "coordinates": [ [ [ 673511.442999999970198, 7187030.362700000405312 ], [ 673418.839099999982864, 7187047.845300000160933 ], [ 673409.357399999978952, 7187049.829 ], [ 673446.510499999974854, 7187136.924599999561906 ], [ 673460.030099999974482, 7187167.116100000217557 ], [ 673495.8125, 7187190.948800000362098 ], [ 673526.773799999966286, 7187210.722500000149012 ], [ 673535.853400000021793, 7187216.532100000418723 ], [ 673560.409300000057556, 7187021.099299999885261 ], [ 673511.442999999970198, 7187030.362700000405312 ] ] ] } },
{ "type": "Feature", "properties": { }, "geometry": { "type": "Polygon", "coordinates": [ [ [ 673460.030099999974482, 7187167.116100000217557 ], [ 673446.510499999974854, 7187136.924599999561906 ], [ 673444.8589, 7187146.141200000420213 ], [ 673443.0712, 7187151.825400000438094 ], [ 673440.063300000037998, 7187156.517300000414252 ], [ 673435.271700000041164, 7187161.764000000432134 ], [ 673442.20629999996163, 7187161.973399999551475 ], [ 673447.012499999953434, 7187162.531700000166893 ], [ 673452.6481, 7187164.209300000220537 ], [ 673460.030099999974482, 7187167.116100000217557 ] ] ] } },
{ "type": "Feature", "properties": { }, "geometry": { "type": "Polygon", "coordinates": [ [ [ 673526.773799999966286, 7187210.722500000149012 ], [ 673495.8125, 7187190.948800000362098 ], [ 673460.030099999974482, 7187167.116100000217557 ], [ 673452.6481, 7187164.209300000220537 ], [ 673447.012499999953434, 7187162.531700000166893 ], [ 673442.20629999996163, 7187161.973399999551475 ], [ 673435.271700000041164, 7187161.764000000432134 ], [ 673418.732100000022911, 7187188.256 ], [ 673417.076099999947473, 7187190.903 ], [ 673411.98030000005383, 7187199.078300000168383 ], [ 673315.757499999948777, 7187353.216099999845028 ], [ 673286.206200000015087, 7187400.559600000269711 ], [ 673270.023016248480417, 7187426.485650549642742 ], [ 673419.450899187591858, 7187424.548340225592256 ], [ 673462.799400000018068, 7187356.4567 ], [ 673463.223400000017136, 7187355.786600000225008 ], [ 673470.7964, 7187343.889999999664724 ], [ 673501.778700000024401, 7187295.2314 ], [ 673515.56429999996908, 7187271.278599999845028 ], [ 673518.781399999978021, 7187264.866899999789894 ], [ 673520.821, 7187259.212600000202656 ], [ 673522.767, 7187250.97829999960959 ], [ 673525.848699999973178, 7187228.6595 ], [ 673526.32570000004489, 7187221.197499999776483 ], [ 673526.773799999966286, 7187210.722500000149012 ] ] ] } },
{ "type": "Feature", "properties": { }, "geometry": { "type": "Polygon", "coordinates": [ [ [ 673446.510499999974854, 7187136.924599999561906 ], [ 673409.357399999978952, 7187049.829 ], [ 673260.849000000045635, 7187077.682300000451505 ], [ 673261.730100000044331, 7187083.586799999698997 ], [ 673262.581400000024587, 7187086.400899999774992 ], [ 673263.710700000054203, 7187088.158800000324845 ], [ 673265.4939, 7187089.9084 ], [ 673408.856099999975413, 7187185.425599999725819 ], [ 673417.076099999947473, 7187190.903 ], [ 673418.732100000022911, 7187188.256 ], [ 673435.271700000041164, 7187161.764000000432134 ], [ 673440.063300000037998, 7187156.517300000414252 ], [ 673443.0712, 7187151.825400000438094 ], [ 673444.8589, 7187146.141200000420213 ], [ 673446.510499999974854, 7187136.924599999561906 ] ] ] } },
{ "type": "Feature", "properties": { }, "geometry": { "type": "Polygon", "coordinates": [ [ [ 673519.708800000022165, 7187366.943599999882281 ], [ 673518.497699999948964, 7187356.534300000406802 ], [ 673518.680199999944307, 7187347.303600000217557 ], [ 673523.281399999978021, 7187301.655899999663234 ], [ 673535.853400000021793, 7187216.532100000418723 ], [ 673526.773799999966286, 7187210.722500000149012 ], [ 673526.32570000004489, 7187221.197499999776483 ], [ 673525.848699999973178, 7187228.6595 ], [ 673522.767, 7187250.97829999960959 ], [ 673520.821, 7187259.212600000202656 ], [ 673518.781399999978021, 7187264.866899999789894 ], [ 673515.56429999996908, 7187271.278599999845028 ], [ 673501.778700000024401, 7187295.2314 ], [ 673470.7964, 7187343.889999999664724 ], [ 673463.223400000017136, 7187355.786600000225008 ], [ 673462.799400000018068, 7187356.4567 ], [ 673419.450899187591858, 7187424.548340225592256 ], [ 673524.650619821157306, 7187423.184441462159157 ], [ 673521.678399999975227, 7187384.654799999669194 ], [ 673519.708800000022165, 7187366.943599999882281 ] ] ] } },
{ "type": "Feature", "properties": { }, "geometry": { "type": "Polygon", "coordinates": [ [ [ 673535.853400000021793, 7187216.532100000418723 ], [ 673523.281399999978021, 7187301.655899999663234 ], [ 673518.680199999944307, 7187347.303600000217557 ], [ 673518.497699999948964, 7187356.534300000406802 ], [ 673519.708800000022165, 7187366.943599999882281 ], [ 673528.978699999977835, 7187364.1206 ], [ 673655.543599999975413, 7187331.330500000156462 ], [ 673677.884500000043772, 7187325.546500000171363 ], [ 673771.29859999998007, 7187301.3492 ], [ 673770.251599999959581, 7187296.63219999987632 ], [ 673744.724500000011176, 7187181.424599999561906 ], [ 673552.714200000045821, 7187226.561700000427663 ], [ 673547.182400000048801, 7187226.6886 ], [ 673542.560199999948964, 7187224.023 ], [ 673535.853400000021793, 7187216.532100000418723 ] ] ] } },
{ "type": "Feature", "properties": { }, "geometry": { "type": "Polygon", "coordinates": [ [ [ 673560.409300000057556, 7187021.099299999885261 ], [ 673535.853400000021793, 7187216.532100000418723 ], [ 673542.560199999948964, 7187224.023 ], [ 673547.182400000048801, 7187226.6886 ], [ 673552.714200000045821, 7187226.561700000427663 ], [ 673744.724500000011176, 7187181.424599999561906 ], [ 673703.2341, 7186994.158200000412762 ], [ 673598.807999999960884, 7187013.877899999730289 ], [ 673560.409300000057556, 7187021.099299999885261 ] ] ] } },
{ "type": "Feature", "properties": { }, "geometry": { "type": "Polygon", "coordinates": [ [ [ 673411.98030000005383, 7187199.078300000168383 ], [ 673417.076099999947473, 7187190.903 ], [ 673408.856099999975413, 7187185.425599999725819 ], [ 673265.4939, 7187089.9084 ], [ 673260.822700000018813, 7187091.231599999591708 ], [ 673260.1248, 7187091.717000000178814 ], [ 673257.67180000001099, 7187093.4216 ], [ 673255.329799999948591, 7187095.9222999997437 ], [ 673252.70250000001397, 7187100.487300000153482 ], [ 673285.0945, 7187230.319299999624491 ], [ 673411.98030000005383, 7187199.078300000168383 ] ] ] } },
{ "type": "Feature", "properties": { }, "geometry": { "type": "Polygon", "coordinates": [ [ [ 673869.482599999988452, 7186962.779699999839067 ], [ 673777.280799999949522, 7186980.182099999859929 ], [ 673703.2341, 7186994.158200000412762 ], [ 673744.724500000011176, 7187181.424599999561906 ], [ 673908.486599999945611, 7187147.4413 ], [ 673891.1531, 7187062.139499999582767 ], [ 673869.482599999988452, 7186962.779699999839067 ] ] ] } },
{ "type": "Feature", "properties": { }, "geometry": { "type": "Polygon", "coordinates": [ [ [ 673898.072999999974854, 7187268.498700000345707 ], [ 673899.150999999954365, 7187255.411999999545515 ], [ 673900.5307, 7187239.219499999657273 ], [ 673904.13710000005085, 7187196.874800000339746 ], [ 673908.486599999945611, 7187147.4413 ], [ 673744.724500000011176, 7187181.424599999561906 ], [ 673770.251599999959581, 7187296.63219999987632 ], [ 673771.29859999998007, 7187301.3492 ], [ 673803.546199999982491, 7187292.988300000317395 ], [ 673818.777699999976903, 7187289.046400000341237 ], [ 673890.141399999964051, 7187270.551300000399351 ], [ 673898.072999999974854, 7187268.498700000345707 ] ] ] } },
{ "type": "Feature", "properties": { }, "geometry": { "type": "Polygon", "coordinates": [ [ [ 673797.508873848128133, 7187419.646874696947634 ], [ 673771.29859999998007, 7187301.3492 ], [ 673677.884500000043772, 7187325.546500000171363 ], [ 673655.543599999975413, 7187331.330500000156462 ], [ 673528.978699999977835, 7187364.1206 ], [ 673519.708800000022165, 7187366.943599999882281 ], [ 673521.678399999975227, 7187384.654799999669194 ], [ 673524.650619821157306, 7187423.184441462159157 ], [ 673797.508873848128133, 7187419.646874696947634 ] ] ] } },
{ "type": "Feature", "properties": { }, "geometry": { "type": "Polygon", "coordinates": [ [ [ 673247.70140000001993, 7187080.15639999974519 ], [ 673149.1555, 7187098.766200000420213 ], [ 673150.741200000047684, 7187105.481499999761581 ], [ 673166.715899999951944, 7187169.275899999774992 ], [ 673183.543799999984913, 7187186.130800000391901 ], [ 673187.871700000017881, 7187190.949400000274181 ], [ 673191.709599999943748, 7187196.771499999798834 ], [ 673194.18570000003092, 7187202.31209999974817 ], [ 673195.939400000032037, 7187208.017 ], [ 673204.762899999972433, 7187243.886199999600649 ], [ 673206.136599999968894, 7187249.762199999764562 ], [ 673285.0945, 7187230.319299999624491 ], [ 673252.70250000001397, 7187100.487300000153482 ], [ 673250.196899999980815, 7187090.316399999894202 ], [ 673247.70140000001993, 7187080.15639999974519 ] ] ] } },
{ "type": "Feature", "properties": { }, "geometry": { "type": "Polygon", "coordinates": [ [ [ 673149.1555, 7187098.766200000420213 ], [ 673247.70140000001993, 7187080.15639999974519 ], [ 673245.116700000013225, 7187070.097199999727309 ], [ 673146.5198, 7187088.641200000420213 ], [ 673149.1555, 7187098.766200000420213 ] ] ] } },
{ "type": "Feature", "properties": { }, "geometry": { "type": "Polygon", "coordinates": [ [ [ 673149.1555, 7187098.766200000420213 ], [ 673146.5198, 7187088.641200000420213 ], [ 673041.699799999943934, 7187108.3394 ], [ 673044.2563, 7187118.565100000239909 ], [ 673149.1555, 7187098.766200000420213 ] ] ] } },
{ "type": "Feature", "properties": { }, "geometry": { "type": "Polygon", "coordinates": [ [ [ 673260.849000000045635, 7187077.682300000451505 ], [ 673247.70140000001993, 7187080.15639999974519 ], [ 673250.196899999980815, 7187090.316399999894202 ], [ 673252.70250000001397, 7187100.487300000153482 ], [ 673255.329799999948591, 7187095.9222999997437 ], [ 673257.67180000001099, 7187093.4216 ], [ 673260.1248, 7187091.717000000178814 ], [ 673260.822700000018813, 7187091.231599999591708 ], [ 673265.4939, 7187089.9084 ], [ 673263.710700000054203, 7187088.158800000324845 ], [ 673262.581400000024587, 7187086.400899999774992 ], [ 673261.730100000044331, 7187083.586799999698997 ], [ 673260.849000000045635, 7187077.682300000451505 ] ] ] } },
{ "type": "Feature", "properties": { }, "geometry": { "type": "Polygon", "coordinates": [ [ [ 673315.757499999948777, 7187353.216099999845028 ], [ 673286.473699999973178, 7187235.840699999593198 ], [ 673285.0945, 7187230.319299999624491 ], [ 673206.136599999968894, 7187249.762199999764562 ], [ 673207.564000000013039, 7187255.903400000184774 ], [ 673244.585300000035204, 7187408.453099999576807 ], [ 673245.148599999956787, 7187410.7834 ], [ 673276.367399999988265, 7187402.957700000144541 ], [ 673286.206200000015087, 7187400.559600000269711 ], [ 673315.757499999948777, 7187353.216099999845028 ] ] ] } },
{ "type": "Feature", "properties": { }, "geometry": { "type": "Polygon", "coordinates": [ [ [ 673285.0945, 7187230.319299999624491 ], [ 673286.473699999973178, 7187235.840699999593198 ], [ 673315.757499999948777, 7187353.216099999845028 ], [ 673411.98030000005383, 7187199.078300000168383 ], [ 673285.0945, 7187230.319299999624491 ] ] ] } },
{ "type": "Feature", "properties": { }, "geometry": { "type": "Polygon", "coordinates": [ [ [ 673149.1555, 7187098.766200000420213 ], [ 673044.2563, 7187118.565100000239909 ], [ 673045.8062, 7187124.848799999803305 ], [ 673063.1973, 7187194.751500000245869 ], [ 673066.125699999975041, 7187194.026800000108778 ], [ 673157.398999999975786, 7187171.567499999888241 ], [ 673166.715899999951944, 7187169.275899999774992 ], [ 673150.741200000047684, 7187105.481499999761581 ], [ 673149.1555, 7187098.766200000420213 ] ] ] } },
{ "type": "Feature", "properties": { }, "geometry": { "type": "Polygon", "coordinates": [ [ [ 673044.2563, 7187118.565100000239909 ], [ 673041.699799999943934, 7187108.3394 ], [ 673014.290200000046752, 7187119.715900000184774 ], [ 673044.2563, 7187118.565100000239909 ] ] ] } },
{ "type": "Feature", "properties": { }, "geometry": { "type": "Polygon", "coordinates": [ [ [ 673166.715899999951944, 7187169.275899999774992 ], [ 673157.398999999975786, 7187171.567499999888241 ], [ 673066.125699999975041, 7187194.026800000108778 ], [ 673063.1973, 7187194.751500000245869 ], [ 673084.344700000016019, 7187279.75 ], [ 673086.821899999980815, 7187279.142 ], [ 673206.136599999968894, 7187249.762199999764562 ], [ 673204.762899999972433, 7187243.886199999600649 ], [ 673195.939400000032037, 7187208.017 ], [ 673194.18570000003092, 7187202.31209999974817 ], [ 673191.709599999943748, 7187196.771499999798834 ], [ 673187.871700000017881, 7187190.949400000274181 ], [ 673183.543799999984913, 7187186.130800000391901 ], [ 673166.715899999951944, 7187169.275899999774992 ] ] ] } },
{ "type": "Feature", "properties": { }, "geometry": { "type": "Polygon", "coordinates": [ [ [ 673245.148599999956787, 7187410.7834 ], [ 673244.585300000035204, 7187408.453099999576807 ], [ 673207.564000000013039, 7187255.903400000184774 ], [ 673206.136599999968894, 7187249.762199999764562 ], [ 673086.821899999980815, 7187279.142 ], [ 673084.344700000016019, 7187279.75 ], [ 673121.325061100069433, 7187428.413497467525303 ], [ 673177.827597888070159, 7187427.680950464680791 ], [ 673186.802999999956228, 7187425.428899999707937 ], [ 673210.149300000048243, 7187419.566200000233948 ], [ 673245.148599999956787, 7187410.7834 ] ] ] } },
{ "type": "Feature", "properties": { }, "geometry": { "type": "Polygon", "coordinates": [ [ [ 673270.023016248480417, 7187426.485650549642742 ], [ 673286.206200000015087, 7187400.559600000269711 ], [ 673276.367399999988265, 7187402.957700000144541 ], [ 673245.148599999956787, 7187410.7834 ], [ 673210.149300000048243, 7187419.566200000233948 ], [ 673186.802999999956228, 7187425.428899999707937 ], [ 673177.827597888070159, 7187427.680950464680791 ], [ 673270.023016248480417, 7187426.485650549642742 ] ] ] } }
]
}
